# [csmmod_rdinput] messages reinitialized.
# MESLOG:[csmmod_rdinput] messages reinitialized.
# Input  file unit is: 5
# Input  file name is:stdin
# Output file unit is: 6
# Output file name is:stdout
# Error  file unit is: 6
# Error  file name is:stderr
# Log    file unit is: 6
# Log    file name is:stdlog
# MESLOG:[csm_rdinput] molecule_init called with debug.
[molecule] Nrec=  11 Format=nscxyz
  c                1    6    0.00000000D+00   0.00000000D+00   0.00000000D+00
  h                2    1    0.10000000D+01   0.00000000D+00   0.10000000D+01
  he               3    2    0.99500000D+00   0.99500000D-01   0.10000000D+01
  h                4    1    0.30900000D+00   0.95110000D+00   0.10000000D+01
  he               5    2    0.21280000D+00   0.97710000D+00   0.10000000D+01
  h                6    1   -0.80900000D+00   0.58780000D+00   0.10000000D+01
  he               7    2   -0.86350000D+00   0.50440000D+00   0.10000000D+01
  h                8    1   -0.80900000D+00  -0.58780000D+00   0.10000000D+01
  he               9    2   -0.74650000D+00  -0.66540000D+00   0.10000000D+01
  h               10    1    0.30900000D+00  -0.95110000D+00   0.10000000D+01
  he              11    2    0.40210000D+00  -0.91560000D+00   0.10000000D+01
# Molecule moved to the center of mass
# Shift Vector is:       -0.00000504       0.00000000       0.37798361
# Inertia Tensor: (Before Diagonalization)
# Up Diagonal Columnwise
#    0.33004600D+01   0.34544299D-04   0.33002501D+01   0.16001621D-04  -0.00000000D+00   0.42004670D+01
# Inertia Tensor: (Full Matrix)
# 1,1 - 1,3           0.33004600D+01   0.34544299D-04   0.16001621D-04
# 2,1 - 2,3           0.34544299D-04   0.33002501D+01  -0.00000000D+00
# 3,1 - 3,3           0.16001621D-04  -0.00000000D+00   0.42004670D+01
# Inertia Tensor
# Inertia EigenValues:     0.33002446D+01   0.33004656D+01   0.42004670D+01
# Eigen Vectors:
# 1,1 - 1,3          -0.15829918D+00  -0.98739119D+00   0.17779440D-04
# 2,1 - 2,3           0.98739119D+00  -0.15829918D+00   0.68225586D-09
# 3,1 - 3,3           0.28137971D-05   0.17555370D-04   0.10000000D+01
# Molecule Rotated to match inertia axes
[molecule] Nrec=  11 Format=nscxyz
  c                1    6   -0.35174663D-05  -0.21943276D-04  -0.71428571D+00
  h                2    1   -0.15829988D+00  -0.98739558D+00   0.28573207D+00
  he               3    2   -0.59262965D-01  -0.99820939D+00   0.28573198D+00
  h                4    1    0.89019261D+00  -0.45566662D+00   0.28571978D+00
  he               5    2    0.93109317D+00  -0.36479536D+00   0.28571807D+00
  h                6    1    0.70845188D+00   0.70574683D+00   0.28569990D+00
  he               7    2    0.63473076D+00   0.77276180D+00   0.28569893D+00
  h                8    1   -0.45232521D+00   0.89184335D+00   0.28569990D+00
  he               9    2   -0.53884047D+00   0.84241541D+00   0.28570101D+00
  h               10    1   -0.98802291D+00  -0.15454992D+00   0.28571978D+00
  he              11    2   -0.96770818D+00  -0.25209566D+00   0.28572143D+00
# Initial Integrals follow ...
# INT: Number of electrons from integrated RHO:     20.99999010983
# INT: \int \rho \rho dr:      32.37847110706
# INT: \int \rho \tilde{\rho} dr/ng:      32.37847108813
# INT: \int \rho \tilde{\rho}m dr/ng:      25.90277686671
#  DEBUG     \int rr  =     32.37847110706
#  DEBUG     \int rr~ =     32.37847108813
#  DEBUG     \int rr~ =     32.37847108813
#  DEBUG     CSM value =      0.00000000058
#  DEBUG     CSM value =      0.00000000058
# Number of electrons =     20.99999010983
# Initial rho^2 value =     32.37847110706
#  Initial rrii value =      9.44688976095
#  Initial rrij value =     22.93158134611
#  Initial imj  value =     32.37847108813
#  Initial impj value =     25.90277686671
#  Initial CSM  value =      0.00000000058
#  Initial CSM% value =      0.00000005847
[molecule] Nrec=  11 Format=nscxyz
  c                1    6   -0.35174663D-05  -0.21943276D-04  -0.71428571D+00
  h                2    1   -0.15829988D+00  -0.98739558D+00   0.28573207D+00
  he               3    2   -0.59262965D-01  -0.99820939D+00   0.28573198D+00
  h                4    1    0.89019261D+00  -0.45566662D+00   0.28571978D+00
  he               5    2    0.93109317D+00  -0.36479536D+00   0.28571807D+00
  h                6    1    0.70845188D+00   0.70574683D+00   0.28569990D+00
  he               7    2    0.63473076D+00   0.77276180D+00   0.28569893D+00
  h                8    1   -0.45232521D+00   0.89184335D+00   0.28569990D+00
  he               9    2   -0.53884047D+00   0.84241541D+00   0.28570101D+00
  h               10    1   -0.98802291D+00  -0.15454992D+00   0.28571978D+00
  he              11    2   -0.96770818D+00  -0.25209566D+00   0.28572143D+00
# Request Simplex: Run it with internal procedure. NOT IMPLEMENTED!
# Request for Simplex: Initial Coordinates.
[molecule] Nrec=  11 Format=nscxyz
  c                1    6   -0.35174663D-05  -0.21943276D-04  -0.71428571D+00
  h                2    1   -0.15829988D+00  -0.98739558D+00   0.28573207D+00
  he               3    2   -0.59262965D-01  -0.99820939D+00   0.28573198D+00
  h                4    1    0.89019261D+00  -0.45566662D+00   0.28571978D+00
  he               5    2    0.93109317D+00  -0.36479536D+00   0.28571807D+00
  h                6    1    0.70845188D+00   0.70574683D+00   0.28569990D+00
  he               7    2    0.63473076D+00   0.77276180D+00   0.28569893D+00
  h                8    1   -0.45232521D+00   0.89184335D+00   0.28569990D+00
  he               9    2   -0.53884047D+00   0.84241541D+00   0.28570101D+00
  h               10    1   -0.98802291D+00  -0.15454992D+00   0.28571978D+00
  he              11    2   -0.96770818D+00  -0.25209566D+00   0.28572143D+00
# Minimization at step:     0 with Value:     0.0054Tol(Act/Req):0.2000E+01/0.1000E-04
# With parameters(tra.):     0.1429E-01    0.1429E-01    0.1429E-01
# With parameters(rot.):     0.1429E-01    0.1429E-01    0.1429E-01
# Minimization at step:     1 with Value:     0.0037Tol(Act/Req):0.2000E+01/0.1000E-04
# With parameters(tra.):     0.7143E-02    0.1548E-01    0.1548E-01
# With parameters(rot.):     0.1548E-01    0.1548E-01    0.1548E-01
# Minimization at step:     2 with Value:     0.0019Tol(Act/Req):0.2000E+01/0.1000E-04
# With parameters(tra.):     0.8929E-02   -0.5655E-02    0.1935E-01
# With parameters(rot.):     0.1935E-01    0.1935E-01    0.1935E-01
# Minimization at step:     3 with Value:     0.0015Tol(Act/Req):0.2000E+01/0.1000E-04
# With parameters(tra.):     0.5506E-02   -0.6820E-02    0.2026E-01
# With parameters(rot.):     0.2026E-01    0.2026E-01    0.2026E-01
# Minimization at step:     4 with Value:     0.0011Tol(Act/Req):0.2000E+01/0.1000E-04
# With parameters(tra.):     0.4923E-02   -0.3396E-02    0.1969E-01
# With parameters(rot.):     0.1969E-01    0.1969E-01    0.1969E-01
# Minimization at step:     5 with Value:     0.0008Tol(Act/Req):0.2000E+01/0.1000E-04
# With parameters(tra.):     0.5333E-02   -0.3679E-02    0.2134E-01
# With parameters(rot.):     0.1300E-01    0.2134E-01    0.2134E-01
# Minimization at step:     6 with Value:     0.0005Tol(Act/Req):0.2000E+01/0.1000E-04
# With parameters(tra.):     0.5778E-02   -0.3985E-02    0.2311E-01
# With parameters(rot.):     0.1409E-01    0.1478E-01    0.2311E-01
# Minimization at step:     7 with Value:     0.0004Tol(Act/Req):0.2000E+01/0.1000E-04
# With parameters(tra.):     0.4089E-02   -0.4332E-02    0.2381E-01
# With parameters(rot.):     0.1403E-01    0.1478E-01    0.2381E-01
# Minimization at step:     8 with Value:     0.0003Tol(Act/Req):0.2000E+01/0.1000E-04
# With parameters(tra.):     0.3006E-02    0.5711E-03    0.2399E-01
# With parameters(rot.):     0.1176E-01    0.1270E-01    0.2399E-01
# Minimization at step:     9 with Value:     0.0003Tol(Act/Req):0.2000E+01/0.1000E-04
# With parameters(tra.):     0.3051E-02    0.1422E-02    0.2815E-01
# With parameters(rot.):    -0.2037E-02    0.1311E-01    0.2815E-01
# Minimization at step:    10 with Value:     0.0002Tol(Act/Req):0.2000E+01/0.1000E-04
# With parameters(tra.):     0.3036E-02    0.2314E-02    0.3208E-01
# With parameters(rot.):    -0.4442E-02    0.2855E-02    0.3208E-01
# Minimization at step:    11 with Value:     0.0001Tol(Act/Req):0.2000E+01/0.1000E-04
# With parameters(tra.):     0.3024E-02    0.2175E-02    0.3136E-01
# With parameters(rot.):    -0.1193E-02    0.1899E-02    0.3136E-01
# Minimization at step:    12 with Value:     0.0001Tol(Act/Req):0.2000E+01/0.1000E-04
# With parameters(tra.):     0.2091E-02    0.2544E-02    0.3234E-01
# With parameters(rot.):    -0.2489E-02    0.8265E-03    0.3234E-01
# Minimization at step:    13 with Value:     0.0001Tol(Act/Req):0.2000E+01/0.1000E-04
# With parameters(tra.):     0.2195E-02    0.1892E-02    0.3301E-01
# With parameters(rot.):    -0.3299E-02    0.1837E-03    0.3301E-01
# Minimization at step:    14 with Value:     0.0000Tol(Act/Req):0.2000E+01/0.1000E-04
# With parameters(tra.):     0.1992E-02    0.1340E-02    0.3128E-01
# With parameters(rot.):    -0.1810E-02    0.4642E-02    0.3128E-01
# Minimization at step:    15 with Value:     0.0000Tol(Act/Req):0.2000E+01/0.1000E-04
# With parameters(tra.):     0.1900E-02    0.1201E-02    0.3091E-01
# With parameters(rot.):    -0.2374E-03    0.4393E-02    0.3091E-01
# Minimization at step:    16 with Value:     0.0000Tol(Act/Req):0.2000E+01/0.1000E-04
# With parameters(tra.):     0.4524E-03    0.1419E-02    0.3202E-01
# With parameters(rot.):    -0.1619E-02    0.3675E-02    0.3202E-01
# Minimization at step:    17 with Value:     0.0000Tol(Act/Req):0.2000E+01/0.1000E-04
# With parameters(tra.):     0.1731E-03    0.3219E-03    0.3278E-01
# With parameters(rot.):    -0.2413E-02    0.3584E-02    0.3278E-01
# Minimization at step:    18 with Value:     0.0000Tol(Act/Req):0.1999E+01/0.1000E-04
# With parameters(tra.):    -0.2980E-03    0.3501E-03    0.3443E-01
# With parameters(rot.):    -0.3607E-02    0.2592E-03    0.3443E-01
# Minimization at step:    19 with Value:     0.0000Tol(Act/Req):0.1999E+01/0.1000E-04
# With parameters(tra.):    -0.1215E-02   -0.2112E-03    0.3488E-01
# With parameters(rot.):    -0.1584E-02   -0.1617E-02    0.3488E-01
# Minimization at step:    20 with Value:     0.0000Tol(Act/Req):0.1999E+01/0.1000E-04
# With parameters(tra.):    -0.1050E-02   -0.4265E-03    0.3337E-01
# With parameters(rot.):     0.2839E-03    0.1082E-02    0.3337E-01
# Minimization at step:    21 with Value:     0.0000Tol(Act/Req):0.1999E+01/0.1000E-04
# With parameters(tra.):    -0.8066E-03   -0.3041E-03    0.3313E-01
# With parameters(rot.):    -0.6621E-04    0.1776E-02    0.3313E-01
# Minimization at step:    22 with Value:     0.0000Tol(Act/Req):0.1999E+01/0.1000E-04
# With parameters(tra.):    -0.8699E-03   -0.1120E-03    0.3420E-01
# With parameters(rot.):    -0.1554E-02   -0.7466E-04    0.3420E-01
# Minimization at step:    23 with Value:     0.0000Tol(Act/Req):0.1999E+01/0.1000E-04
# With parameters(tra.):    -0.4768E-03   -0.6037E-03    0.3419E-01
# With parameters(rot.):    -0.8474E-03   -0.6534E-03    0.3419E-01
# Minimization at step:    24 with Value:     0.0000Tol(Act/Req):0.1998E+01/0.1000E-04
# With parameters(tra.):    -0.4996E-03   -0.2865E-03    0.3417E-01
# With parameters(rot.):    -0.5873E-04   -0.1667E-02    0.3417E-01
# Minimization at step:    25 with Value:     0.0000Tol(Act/Req):0.1998E+01/0.1000E-04
# With parameters(tra.):     0.8884E-04   -0.3582E-04    0.3404E-01
# With parameters(rot.):    -0.7565E-03   -0.1427E-02    0.3404E-01
# Minimization at step:    26 with Value:     0.0000Tol(Act/Req):0.1997E+01/0.1000E-04
# With parameters(tra.):     0.4506E-03   -0.1385E-03    0.3328E-01
# With parameters(rot.):     0.5017E-03   -0.6437E-03    0.3328E-01
# Minimization at step:    27 with Value:     0.0000Tol(Act/Req):0.1997E+01/0.1000E-04
# With parameters(tra.):     0.3337E-03   -0.2097E-03    0.3324E-01
# With parameters(rot.):     0.7810E-03   -0.6384E-03    0.3324E-01
# Minimization at step:    28 with Value:     0.0000Tol(Act/Req):0.1996E+01/0.1000E-04
# With parameters(tra.):     0.2335E-03   -0.1900E-03    0.3343E-01
# With parameters(rot.):     0.4897E-03   -0.8338E-03    0.3343E-01
# Minimization at step:    29 with Value:     0.0000Tol(Act/Req):0.1995E+01/0.1000E-04
# With parameters(tra.):     0.2145E-03    0.1593E-03    0.3325E-01
# With parameters(rot.):     0.4704E-03   -0.5895E-03    0.3325E-01
# Minimization at step:    30 with Value:     0.0000Tol(Act/Req):0.1991E+01/0.1000E-04
# With parameters(tra.):     0.4044E-03    0.1121E-03    0.3303E-01
# With parameters(rot.):     0.2084E-03    0.1867E-03    0.3303E-01
# Minimization at step:    31 with Value:     0.0000Tol(Act/Req):0.1991E+01/0.1000E-04
# With parameters(tra.):     0.1941E-03    0.7696E-04    0.3289E-01
# With parameters(rot.):     0.5761E-03    0.4722E-03    0.3289E-01
# Minimization at step:    32 with Value:     0.0000Tol(Act/Req):0.1988E+01/0.1000E-04
# With parameters(tra.):     0.3392E-04    0.1733E-03    0.3304E-01
# With parameters(rot.):     0.1608E-03    0.5056E-03    0.3304E-01
# Minimization at step:    33 with Value:     0.0000Tol(Act/Req):0.1985E+01/0.1000E-04
# With parameters(tra.):     0.7316E-04    0.1901E-03    0.3309E-01
# With parameters(rot.):     0.3428E-04    0.4370E-03    0.3309E-01
# Minimization at step:    34 with Value:     0.0000Tol(Act/Req):0.1983E+01/0.1000E-04
# With parameters(tra.):     0.4731E-04    0.2318E-04    0.3314E-01
# With parameters(rot.):    -0.6513E-04    0.5715E-03    0.3314E-01
# Minimization at step:    35 with Value:     0.0000Tol(Act/Req):0.1960E+01/0.1000E-04
# With parameters(tra.):    -0.1410E-04    0.2363E-04    0.3319E-01
# With parameters(rot.):    -0.4425E-04    0.4742E-03    0.3319E-01
# Minimization at step:    36 with Value:     0.0000Tol(Act/Req):0.1960E+01/0.1000E-04
# With parameters(tra.):     0.3530E-04    0.1770E-05    0.3331E-01
# With parameters(rot.):    -0.3235E-03    0.3494E-03    0.3331E-01
# Minimization at step:    37 with Value:     0.0000Tol(Act/Req):0.1954E+01/0.1000E-04
# With parameters(tra.):     0.6211E-04   -0.2858E-04    0.3331E-01
# With parameters(rot.):    -0.2946E-03    0.3309E-03    0.3331E-01
# Minimization at step:    38 with Value:     0.0000Tol(Act/Req):0.1949E+01/0.1000E-04
# With parameters(tra.):     0.3176E-04   -0.1977E-04    0.3322E-01
# With parameters(rot.):    -0.7799E-04    0.4198E-03    0.3322E-01
# Minimization at step:    39 with Value:     0.0000Tol(Act/Req):0.1940E+01/0.1000E-04
# With parameters(tra.):     0.4381E-04    0.7720E-04    0.3321E-01
# With parameters(rot.):    -0.1601E-04    0.2796E-03    0.3321E-01
# Minimization at step:    40 with Value:     0.0000Tol(Act/Req):0.1925E+01/0.1000E-04
# With parameters(tra.):    -0.3383E-04    0.9126E-04    0.3328E-01
# With parameters(rot.):     0.2237E-04    0.8494E-04    0.3328E-01
# Minimization at step:    41 with Value:     0.0000Tol(Act/Req):0.1867E+01/0.1000E-04
# With parameters(tra.):    -0.4331E-04    0.6819E-04    0.3329E-01
# With parameters(rot.):     0.1007E-04    0.1038E-03    0.3329E-01
# Minimization at step:    42 with Value:     0.0000Tol(Act/Req):0.1860E+01/0.1000E-04
# With parameters(tra.):    -0.2946E-04    0.4687E-04    0.3328E-01
# With parameters(rot.):     0.1295E-03    0.1914E-04    0.3328E-01
# Minimization at step:    43 with Value:     0.0000Tol(Act/Req):0.1786E+01/0.1000E-04
# With parameters(tra.):    -0.2950E-04    0.5095E-04    0.3330E-01
# With parameters(rot.):     0.1107E-03   -0.2907E-04    0.3330E-01
# Minimization at step:    44 with Value:     0.0000Tol(Act/Req):0.1760E+01/0.1000E-04
# With parameters(tra.):     0.2370E-04    0.2814E-04    0.3326E-01
# With parameters(rot.):     0.1146E-03    0.6266E-04    0.3326E-01
# Minimization at step:    45 with Value:     0.0000Tol(Act/Req):0.1711E+01/0.1000E-04
# With parameters(tra.):     0.2623E-04   -0.1648E-04    0.3326E-01
# With parameters(rot.):     0.1223E-03    0.8065E-04    0.3326E-01
# Minimization at step:    46 with Value:     0.0000Tol(Act/Req):0.1627E+01/0.1000E-04
# With parameters(tra.):    -0.1304E-04   -0.1053E-04    0.3330E-01
# With parameters(rot.):     0.1213E-03    0.1634E-04    0.3330E-01
# Minimization at step:    47 with Value:     0.0000Tol(Act/Req):0.1593E+01/0.1000E-04
# With parameters(tra.):    -0.1680E-04   -0.1544E-04    0.3331E-01
# With parameters(rot.):     0.3890E-04    0.7184E-04    0.3331E-01
# Minimization at step:    48 with Value:     0.0000Tol(Act/Req):0.1525E+01/0.1000E-04
# With parameters(tra.):    -0.1369E-04   -0.2591E-04    0.3334E-01
# With parameters(rot.):    -0.7276E-05    0.2475E-04    0.3334E-01
# Minimization at step:    49 with Value:     0.0000Tol(Act/Req):0.1346E+01/0.1000E-04
# With parameters(tra.):    -0.1249E-04   -0.2555E-04    0.3334E-01
# With parameters(rot.):     0.9474E-05    0.6950E-05    0.3334E-01
# Minimization at step:    50 with Value:     0.0000Tol(Act/Req):0.1241E+01/0.1000E-04
# With parameters(tra.):    -0.2344E-04   -0.5510E-05    0.3336E-01
# With parameters(rot.):    -0.2257E-04   -0.2046E-04    0.3336E-01
# Minimization at step:    51 with Value:     0.0000Tol(Act/Req):0.9253E+00/0.1000E-04
# With parameters(tra.):    -0.1776E-04   -0.6085E-05    0.3336E-01
# With parameters(rot.):    -0.3439E-04   -0.1281E-04    0.3336E-01
# Minimization at step:    52 with Value:     0.0000Tol(Act/Req):0.9250E+00/0.1000E-04
# With parameters(tra.):    -0.1760E-04   -0.4285E-05    0.3336E-01
# With parameters(rot.):    -0.2967E-04   -0.2336E-04    0.3336E-01
# Minimization at step:    53 with Value:     0.0000Tol(Act/Req):0.6631E+00/0.1000E-04
# With parameters(tra.):    -0.1844E-04   -0.7380E-06    0.3335E-01
# With parameters(rot.):    -0.2384E-04   -0.1952E-04    0.3335E-01
# Minimization at step:    54 with Value:     0.0000Tol(Act/Req):0.6083E+00/0.1000E-04
# With parameters(tra.):    -0.1172E-04   -0.9566E-05    0.3335E-01
# With parameters(rot.):    -0.8141E-05   -0.5578E-05    0.3335E-01
# Minimization at step:    55 with Value:     0.0000Tol(Act/Req):0.3984E+00/0.1000E-04
# With parameters(tra.):    -0.8380E-05   -0.1014E-04    0.3334E-01
# With parameters(rot.):    -0.1187E-04   -0.1150E-05    0.3334E-01
# Minimization at step:    56 with Value:     0.0000Tol(Act/Req):0.3945E+00/0.1000E-04
# With parameters(tra.):    -0.4985E-05   -0.8496E-05    0.3334E-01
# With parameters(rot.):     0.3508E-05   -0.1484E-04    0.3334E-01
# Minimization at step:    57 with Value:     0.0000Tol(Act/Req):0.3252E+00/0.1000E-04
# With parameters(tra.):    -0.4285E-05   -0.7370E-05    0.3334E-01
# With parameters(rot.):     0.8702E-05   -0.1253E-04    0.3334E-01
# Minimization at step:    58 with Value:     0.0000Tol(Act/Req):0.2473E+00/0.1000E-04
# With parameters(tra.):    -0.5075E-05   -0.7687E-05    0.3334E-01
# With parameters(rot.):     0.5291E-05   -0.8915E-05    0.3334E-01
# Minimization at step:    59 with Value:     0.0000Tol(Act/Req):0.2347E+00/0.1000E-04
# With parameters(tra.):    -0.7341E-05   -0.1176E-05    0.3334E-01
# With parameters(rot.):    -0.6990E-06   -0.1932E-04    0.3334E-01
# Minimization at step:    60 with Value:     0.0000Tol(Act/Req):0.1728E+00/0.1000E-04
# With parameters(tra.):    -0.3101E-06    0.6586E-06    0.3334E-01
# With parameters(rot.):    -0.4427E-05   -0.1652E-04    0.3334E-01
# Minimization at step:    61 with Value:     0.0000Tol(Act/Req):0.1364E+00/0.1000E-04
# With parameters(tra.):     0.8422E-06   -0.8165E-06    0.3334E-01
# With parameters(rot.):    -0.3240E-05   -0.1369E-04    0.3334E-01
# Minimization at step:    62 with Value:     0.0000Tol(Act/Req):0.1247E+00/0.1000E-04
# With parameters(tra.):     0.1619E-05    0.2930E-06    0.3334E-01
# With parameters(rot.):    -0.1638E-05   -0.1263E-04    0.3334E-01
# Minimization at step:    63 with Value:     0.0000Tol(Act/Req):0.1192E+00/0.1000E-04
# With parameters(tra.):     0.2236E-07   -0.1960E-06    0.3334E-01
# With parameters(rot.):    -0.4735E-06   -0.1301E-04    0.3334E-01
# Minimization at step:    64 with Value:     0.0000Tol(Act/Req):0.4493E-01/0.1000E-04
# With parameters(tra.):     0.1407E-06    0.1665E-05    0.3334E-01
# With parameters(rot.):    -0.9216E-05   -0.7139E-05    0.3334E-01
# Minimization at step:    65 with Value:     0.0000Tol(Act/Req):0.3794E-01/0.1000E-04
# With parameters(tra.):     0.6583E-06    0.1135E-05    0.3334E-01
# With parameters(rot.):    -0.9121E-05   -0.5176E-05    0.3334E-01
# Minimization at step:    66 with Value:     0.0000Tol(Act/Req):0.3224E-01/0.1000E-04
# With parameters(tra.):     0.1892E-05    0.3634E-05    0.3333E-01
# With parameters(rot.):    -0.8411E-05   -0.5741E-06    0.3333E-01
# Minimization at step:    67 with Value:     0.0000Tol(Act/Req):0.2180E-01/0.1000E-04
# With parameters(tra.):    -0.3570E-07    0.3858E-05    0.3333E-01
# With parameters(rot.):    -0.8650E-05    0.1971E-05    0.3333E-01
# Minimization at step:    68 with Value:     0.0000Tol(Act/Req):0.1094E-01/0.1000E-04
# With parameters(tra.):    -0.5048E-06    0.3252E-05    0.3334E-01
# With parameters(rot.):    -0.8847E-05    0.1032E-05    0.3334E-01
# Minimization at step:    69 with Value:     0.0000Tol(Act/Req):0.1308E-01/0.1000E-04
# With parameters(tra.):    -0.3429E-06    0.3163E-05    0.3333E-01
# With parameters(rot.):    -0.8776E-05    0.2531E-05    0.3333E-01
# Minimization at step:    70 with Value:     0.0000Tol(Act/Req):0.1277E-01/0.1000E-04
# With parameters(tra.):    -0.4128E-06    0.2823E-05    0.3333E-01
# With parameters(rot.):    -0.6554E-05    0.1871E-05    0.3333E-01
# Minimization at step:    71 with Value:     0.0000Tol(Act/Req):0.1277E-01/0.1000E-04
# With parameters(tra.):    -0.5504E-06    0.3763E-05    0.4445E-01
# With parameters(rot.):    -0.8738E-05    0.2494E-05    0.1111E-01
# Minimization at step:    72 with Value:     0.0000Tol(Act/Req):0.1277E-01/0.1000E-04
# With parameters(tra.):    -0.7338E-06    0.5018E-05    0.5926E-01
# With parameters(rot.):    -0.1165E-04    0.3325E-05    0.1482E-01
# Minimization at step:    73 with Value:     0.0000Tol(Act/Req):0.1060E-01/0.1000E-04
# With parameters(tra.):    -0.7950E-06    0.5436E-05    0.5587E-01
# With parameters(rot.):    -0.1262E-04    0.3603E-05    0.1605E-01
# Minimization at step:    74 with Value:     0.0000Tol(Act/Req):0.7691E-02/0.1000E-04
# With parameters(tra.):     0.2372E-06    0.5813E-05    0.6338E-01
# With parameters(rot.):    -0.1379E-04    0.2450E-05    0.1029E-01
# Minimization at step:    75 with Value:     0.0000Tol(Act/Req):0.5140E-02/0.1000E-04
# With parameters(tra.):    -0.4537E-06    0.5454E-05    0.7339E-01
# With parameters(rot.):    -0.1583E-04    0.1046E-05    0.2610E-02
# Minimization at step:    76 with Value:     0.0000Tol(Act/Req):0.4536E-02/0.1000E-04
# With parameters(tra.):    -0.3820E-06    0.5600E-05    0.7673E-01
# With parameters(rot.):    -0.1638E-04    0.1672E-05    0.4889E-04
# Minimization at step:    77 with Value:     0.0000Tol(Act/Req):0.4134E-02/0.1000E-04
# With parameters(tra.):    -0.2033E-06    0.5702E-05    0.7450E-01
# With parameters(rot.):    -0.1592E-04    0.2075E-05    0.1756E-02
# Minimization at step:    78 with Value:     0.0000Tol(Act/Req):0.3430E-02/0.1000E-04
# With parameters(tra.):     0.6691E-07    0.4932E-05    0.6720E-01
# With parameters(rot.):    -0.1480E-04    0.1139E-05   -0.4288E-02
# Minimization at step:    79 with Value:     0.0000Tol(Act/Req):0.3207E-02/0.1000E-04
# With parameters(tra.):     0.1907E-06    0.5434E-05    0.6494E-01
# With parameters(rot.):    -0.1680E-04    0.9387E-06   -0.7520E-02
# Minimization at step:    80 with Value:     0.0000Tol(Act/Req):0.1507E-02/0.1000E-04
# With parameters(tra.):    -0.7126E-07    0.5308E-05    0.6320E-01
# With parameters(rot.):    -0.1676E-04    0.1101E-05   -0.7564E-02
# Minimization at step:    81 with Value:     0.0000Tol(Act/Req):0.1133E-02/0.1000E-04
# With parameters(tra.):     0.3065E-08    0.5201E-05    0.6198E-01
# With parameters(rot.):    -0.1688E-04    0.8289E-06   -0.3565E-02
# Minimization at step:    82 with Value:     0.0000Tol(Act/Req):0.9590E-03/0.1000E-04
# With parameters(tra.):     0.2069E-06    0.5321E-05    0.6330E-01
# With parameters(rot.):    -0.1784E-04    0.1557E-05   -0.8309E-02
# Minimization at step:    83 with Value:     0.0000Tol(Act/Req):0.9186E-03/0.1000E-04
# With parameters(tra.):     0.7011E-06    0.5398E-05    0.5512E-01
# With parameters(rot.):    -0.1755E-04    0.2190E-05   -0.8251E-02
# Minimization at step:    84 with Value:     0.0000Tol(Act/Req):0.1186E-02/0.1000E-04
# With parameters(tra.):     0.7089E-06    0.5565E-05    0.5533E-01
# With parameters(rot.):    -0.1796E-04    0.2434E-05   -0.7574E-02
# Minimization at step:    85 with Value:     0.0000Tol(Act/Req):0.1135E-02/0.1000E-04
# With parameters(tra.):     0.7674E-06    0.5624E-05    0.5716E-01
# With parameters(rot.):    -0.1780E-04    0.2150E-05   -0.1098E-01
# Minimization at step:    86 with Value:     0.0000Tol(Act/Req):0.9603E-03/0.1000E-04
# With parameters(tra.):     0.8772E-06    0.5353E-05    0.5607E-01
# With parameters(rot.):    -0.1680E-04    0.2688E-05   -0.9983E-02
# Minimization at step:    87 with Value:     0.0000Tol(Act/Req):0.8049E-03/0.1000E-04
# With parameters(tra.):     0.4417E-06    0.5261E-05    0.6457E-01
# With parameters(rot.):    -0.1684E-04    0.2220E-05   -0.1062E-01
# Minimization at step:    88 with Value:     0.0000Tol(Act/Req):0.5832E-03/0.1000E-04
# With parameters(tra.):     0.3535E-06    0.5194E-05    0.6381E-01
# With parameters(rot.):    -0.1683E-04    0.2395E-05   -0.1089E-01
# Minimization at step:    89 with Value:     0.0000Tol(Act/Req):0.5703E-03/0.1000E-04
# With parameters(tra.):     0.4550E-06    0.5211E-05    0.6163E-01
# With parameters(rot.):    -0.1682E-04    0.2526E-05   -0.1076E-01
# Minimization at step:    90 with Value:     0.0000Tol(Act/Req):0.3210E-03/0.1000E-04
# With parameters(tra.):     0.7543E-06    0.5002E-05    0.5908E-01
# With parameters(rot.):    -0.1704E-04    0.2548E-05   -0.5159E-02
# Minimization at step:    91 with Value:     0.0000Tol(Act/Req):0.4309E-03/0.1000E-04
# With parameters(tra.):     0.7166E-06    0.5040E-05    0.5960E-01
# With parameters(rot.):    -0.1731E-04    0.2402E-05   -0.5007E-02
# Minimization at step:    92 with Value:     0.0000Tol(Act/Req):0.3511E-03/0.1000E-04
# With parameters(tra.):     0.7507E-06    0.4866E-05    0.5748E-01
# With parameters(rot.):    -0.1650E-04    0.2198E-05   -0.7430E-03
# Minimization at step:    93 with Value:     0.0000Tol(Act/Req):0.2987E-03/0.1000E-04
# With parameters(tra.):     0.7785E-06    0.4832E-05    0.5843E-01
# With parameters(rot.):    -0.1631E-04    0.2060E-05   -0.1594E-02
# Minimization at step:    94 with Value:     0.0000Tol(Act/Req):0.2901E-03/0.1000E-04
# With parameters(tra.):     0.7057E-06    0.4871E-05    0.5901E-01
# With parameters(rot.):    -0.1619E-04    0.2014E-05   -0.2697E-02
# Minimization at step:    95 with Value:     0.0000Tol(Act/Req):0.1753E-03/0.1000E-04
# With parameters(tra.):     0.6690E-06    0.5002E-05    0.6098E-01
# With parameters(rot.):    -0.1673E-04    0.2121E-05   -0.6384E-02
# Minimization at step:    96 with Value:     0.0000Tol(Act/Req):0.1675E-03/0.1000E-04
# With parameters(tra.):     0.7376E-06    0.4993E-05    0.5983E-01
# With parameters(rot.):    -0.1671E-04    0.2153E-05   -0.5951E-02
# Minimization at step:    97 with Value:     0.0000Tol(Act/Req):0.1248E-03/0.1000E-04
# With parameters(tra.):     0.6892E-06    0.4793E-05    0.5698E-01
# With parameters(rot.):    -0.1665E-04    0.2421E-05   -0.4856E-02
# Minimization at step:    98 with Value:     0.0000Tol(Act/Req):0.5518E-04/0.1000E-04
# With parameters(tra.):     0.6914E-06    0.4812E-05    0.5723E-01
# With parameters(rot.):    -0.1674E-04    0.2542E-05   -0.4291E-02
# Minimization at step:    99 with Value:     0.0000Tol(Act/Req):0.4077E-04/0.1000E-04
# With parameters(tra.):     0.7234E-06    0.4661E-05    0.5467E-01
# With parameters(rot.):    -0.1640E-04    0.2611E-05   -0.1136E-02
# Minimization at step:   100 with Value:     0.0000Tol(Act/Req):0.5930E-04/0.1000E-04
# With parameters(tra.):     0.7383E-06    0.4700E-05    0.5518E-01
# With parameters(rot.):    -0.1639E-04    0.2560E-05   -0.1100E-02
# Minimization at step:   101 with Value:     0.0000Tol(Act/Req):0.5716E-04/0.1000E-04
# With parameters(tra.):     0.7316E-06    0.4741E-05    0.5587E-01
# With parameters(rot.):    -0.1648E-04    0.2538E-05   -0.1886E-02
# Minimization at step:   102 with Value:     0.0000Tol(Act/Req):0.5938E-04/0.1000E-04
# With parameters(tra.):     0.6973E-06    0.4750E-05    0.5590E-01
# With parameters(rot.):    -0.1644E-04    0.2559E-05   -0.2370E-02
# Minimization at step:   103 with Value:     0.0000Tol(Act/Req):0.5833E-04/0.1000E-04
# With parameters(tra.):     0.6769E-06    0.4745E-05    0.5585E-01
# With parameters(rot.):    -0.1651E-04    0.2499E-05   -0.2074E-02
# Minimization at step:   104 with Value:     0.0000Tol(Act/Req):0.5700E-04/0.1000E-04
# With parameters(tra.):     0.6824E-06    0.4721E-05    0.5611E-01
# With parameters(rot.):    -0.1643E-04    0.2467E-05   -0.2540E-02
# Minimization at step:   105 with Value:     0.0000Tol(Act/Req):0.2952E-04/0.1000E-04
# With parameters(tra.):     0.7714E-06    0.4639E-05    0.5345E-01
# With parameters(rot.):    -0.1634E-04    0.2593E-05   -0.1038E-02
# Minimization at step:   106 with Value:     0.0000Tol(Act/Req):0.6835E-05/0.1000E-04
# With parameters(tra.):     0.7792E-06    0.4635E-05    0.5326E-01
# With parameters(rot.):    -0.1635E-04    0.2658E-05   -0.4842E-03
# CSM Simplex Values from input minimization.
# Final Number of Simplex optim. Steps:   106
# Final CSM Simplex Value is:      0.00000000051
[molecule] Nrec=  11 Format=nscxyz
  c                1    6   -0.73319808D-06  -0.31898148D-05  -0.61144893D+00
  h                2    1   -0.15454039D+00  -0.98798840D+00   0.38855243D+00
  he               3    2   -0.55463032D-01  -0.99842521D+00   0.38855239D+00
  h                4    1    0.89192085D+00  -0.45227290D+00   0.38855117D+00
  he               5    2    0.93247526D+00  -0.36124665D+00   0.38855103D+00
  h                6    1    0.70576129D+00   0.70844046D+00   0.38854977D+00
  he               7    2    0.63178566D+00   0.77517437D+00   0.38854972D+00
  h                8    1   -0.45571564D+00   0.89011791D+00   0.38855016D+00
  he               9    2   -0.54204216D+00   0.84036107D+00   0.38855027D+00
  h               10    1   -0.98742708D+00  -0.15830654D+00   0.38855180D+00
  he              11    2   -0.96674125D+00  -0.25577426D+00   0.38855192D+00
# Coordinates rotated along X. New coordinates:
[molecule] Nrec=  11 Format=nscxyz
  c                1    6   -0.35174663D-05  -0.71428571D+00   0.21943276D-04
  h                2    1   -0.15829988D+00   0.28573207D+00   0.98739558D+00
  he               3    2   -0.59262965D-01   0.28573198D+00   0.99820939D+00
  h                4    1    0.89019261D+00   0.28571978D+00   0.45566662D+00
  he               5    2    0.93109317D+00   0.28571807D+00   0.36479536D+00
  h                6    1    0.70845188D+00   0.28569990D+00  -0.70574683D+00
  he               7    2    0.63473076D+00   0.28569893D+00  -0.77276180D+00
  h                8    1   -0.45232521D+00   0.28569990D+00  -0.89184335D+00
  he               9    2   -0.53884047D+00   0.28570101D+00  -0.84241541D+00
  h               10    1   -0.98802291D+00   0.28571978D+00   0.15454992D+00
  he              11    2   -0.96770818D+00   0.28572143D+00   0.25209566D+00
# Minimization at step:     0 with Value:     0.0054Tol(Act/Req):0.2000E+01/0.1000E-04
# With parameters(tra.):     0.1429E-01    0.1429E-01    0.1429E-01
# With parameters(rot.):     0.1429E-01    0.1429E-01    0.1429E-01
# Minimization at step:     1 with Value:     0.0037Tol(Act/Req):0.2000E+01/0.1000E-04
# With parameters(tra.):     0.7143E-02    0.1548E-01    0.1548E-01
# With parameters(rot.):     0.1548E-01    0.1548E-01    0.1548E-01
# Minimization at step:     2 with Value:     0.0019Tol(Act/Req):0.2000E+01/0.1000E-04
# With parameters(tra.):     0.8929E-02   -0.5655E-02    0.1935E-01
# With parameters(rot.):     0.1935E-01    0.1935E-01    0.1935E-01
# Minimization at step:     3 with Value:     0.0015Tol(Act/Req):0.2000E+01/0.1000E-04
# With parameters(tra.):     0.5506E-02   -0.6820E-02    0.2026E-01
# With parameters(rot.):     0.2026E-01    0.2026E-01    0.2026E-01
# Minimization at step:     4 with Value:     0.0011Tol(Act/Req):0.2000E+01/0.1000E-04
# With parameters(tra.):     0.4923E-02   -0.3396E-02    0.1969E-01
# With parameters(rot.):     0.1969E-01    0.1969E-01    0.1969E-01
# Minimization at step:     5 with Value:     0.0008Tol(Act/Req):0.2000E+01/0.1000E-04
# With parameters(tra.):     0.5333E-02   -0.3679E-02    0.2134E-01
# With parameters(rot.):     0.1300E-01    0.2134E-01    0.2134E-01
# Minimization at step:     6 with Value:     0.0005Tol(Act/Req):0.2000E+01/0.1000E-04
# With parameters(tra.):     0.5778E-02   -0.3985E-02    0.2311E-01
# With parameters(rot.):     0.1409E-01    0.1478E-01    0.2311E-01
# Minimization at step:     7 with Value:     0.0004Tol(Act/Req):0.2000E+01/0.1000E-04
# With parameters(tra.):     0.4089E-02   -0.4332E-02    0.2381E-01
# With parameters(rot.):     0.1403E-01    0.1478E-01    0.2381E-01
# Minimization at step:     8 with Value:     0.0003Tol(Act/Req):0.2000E+01/0.1000E-04
# With parameters(tra.):     0.3006E-02    0.5711E-03    0.2399E-01
# With parameters(rot.):     0.1176E-01    0.1270E-01    0.2399E-01
# Minimization at step:     9 with Value:     0.0003Tol(Act/Req):0.2000E+01/0.1000E-04
# With parameters(tra.):     0.3051E-02    0.1422E-02    0.2815E-01
# With parameters(rot.):    -0.2037E-02    0.1311E-01    0.2815E-01
# Minimization at step:    10 with Value:     0.0002Tol(Act/Req):0.2000E+01/0.1000E-04
# With parameters(tra.):     0.3036E-02    0.2314E-02    0.3208E-01
# With parameters(rot.):    -0.4442E-02    0.2855E-02    0.3208E-01
# Minimization at step:    11 with Value:     0.0001Tol(Act/Req):0.2000E+01/0.1000E-04
# With parameters(tra.):     0.3024E-02    0.2175E-02    0.3136E-01
# With parameters(rot.):    -0.1193E-02    0.1899E-02    0.3136E-01
# Minimization at step:    12 with Value:     0.0001Tol(Act/Req):0.2000E+01/0.1000E-04
# With parameters(tra.):     0.2091E-02    0.2544E-02    0.3234E-01
# With parameters(rot.):    -0.2489E-02    0.8265E-03    0.3234E-01
# Minimization at step:    13 with Value:     0.0001Tol(Act/Req):0.2000E+01/0.1000E-04
# With parameters(tra.):     0.2195E-02    0.1892E-02    0.3301E-01
# With parameters(rot.):    -0.3299E-02    0.1837E-03    0.3301E-01
# Minimization at step:    14 with Value:     0.0000Tol(Act/Req):0.2000E+01/0.1000E-04
# With parameters(tra.):     0.1992E-02    0.1340E-02    0.3128E-01
# With parameters(rot.):    -0.1810E-02    0.4642E-02    0.3128E-01
# Minimization at step:    15 with Value:     0.0000Tol(Act/Req):0.2000E+01/0.1000E-04
# With parameters(tra.):     0.1900E-02    0.1201E-02    0.3091E-01
# With parameters(rot.):    -0.2374E-03    0.4393E-02    0.3091E-01
# Minimization at step:    16 with Value:     0.0000Tol(Act/Req):0.2000E+01/0.1000E-04
# With parameters(tra.):     0.4524E-03    0.1419E-02    0.3202E-01
# With parameters(rot.):    -0.1619E-02    0.3675E-02    0.3202E-01
# Minimization at step:    17 with Value:     0.0000Tol(Act/Req):0.2000E+01/0.1000E-04
# With parameters(tra.):     0.1731E-03    0.3219E-03    0.3278E-01
# With parameters(rot.):    -0.2413E-02    0.3584E-02    0.3278E-01
# Minimization at step:    18 with Value:     0.0000Tol(Act/Req):0.1999E+01/0.1000E-04
# With parameters(tra.):    -0.2980E-03    0.3501E-03    0.3443E-01
# With parameters(rot.):    -0.3607E-02    0.2592E-03    0.3443E-01
# Minimization at step:    19 with Value:     0.0000Tol(Act/Req):0.1999E+01/0.1000E-04
# With parameters(tra.):    -0.1215E-02   -0.2112E-03    0.3488E-01
# With parameters(rot.):    -0.1584E-02   -0.1617E-02    0.3488E-01
# Minimization at step:    20 with Value:     0.0000Tol(Act/Req):0.1999E+01/0.1000E-04
# With parameters(tra.):    -0.1050E-02   -0.4265E-03    0.3337E-01
# With parameters(rot.):     0.2839E-03    0.1082E-02    0.3337E-01
# Minimization at step:    21 with Value:     0.0000Tol(Act/Req):0.1999E+01/0.1000E-04
# With parameters(tra.):    -0.8066E-03   -0.3041E-03    0.3313E-01
# With parameters(rot.):    -0.6621E-04    0.1776E-02    0.3313E-01
# Minimization at step:    22 with Value:     0.0000Tol(Act/Req):0.1999E+01/0.1000E-04
# With parameters(tra.):    -0.8699E-03   -0.1120E-03    0.3420E-01
# With parameters(rot.):    -0.1554E-02   -0.7466E-04    0.3420E-01
# Minimization at step:    23 with Value:     0.0000Tol(Act/Req):0.1999E+01/0.1000E-04
# With parameters(tra.):    -0.4768E-03   -0.6037E-03    0.3419E-01
# With parameters(rot.):    -0.8474E-03   -0.6534E-03    0.3419E-01
# Minimization at step:    24 with Value:     0.0000Tol(Act/Req):0.1998E+01/0.1000E-04
# With parameters(tra.):    -0.4996E-03   -0.2865E-03    0.3417E-01
# With parameters(rot.):    -0.5873E-04   -0.1667E-02    0.3417E-01
# Minimization at step:    25 with Value:     0.0000Tol(Act/Req):0.1998E+01/0.1000E-04
# With parameters(tra.):     0.8884E-04   -0.3582E-04    0.3404E-01
# With parameters(rot.):    -0.7565E-03   -0.1427E-02    0.3404E-01
# Minimization at step:    26 with Value:     0.0000Tol(Act/Req):0.1997E+01/0.1000E-04
# With parameters(tra.):     0.4506E-03   -0.1385E-03    0.3328E-01
# With parameters(rot.):     0.5017E-03   -0.6437E-03    0.3328E-01
# Minimization at step:    27 with Value:     0.0000Tol(Act/Req):0.1997E+01/0.1000E-04
# With parameters(tra.):     0.3337E-03   -0.2097E-03    0.3324E-01
# With parameters(rot.):     0.7810E-03   -0.6384E-03    0.3324E-01
# Minimization at step:    28 with Value:     0.0000Tol(Act/Req):0.1996E+01/0.1000E-04
# With parameters(tra.):     0.2335E-03   -0.1900E-03    0.3343E-01
# With parameters(rot.):     0.4897E-03   -0.8338E-03    0.3343E-01
# Minimization at step:    29 with Value:     0.0000Tol(Act/Req):0.1995E+01/0.1000E-04
# With parameters(tra.):     0.2145E-03    0.1593E-03    0.3325E-01
# With parameters(rot.):     0.4704E-03   -0.5895E-03    0.3325E-01
# Minimization at step:    30 with Value:     0.0000Tol(Act/Req):0.1991E+01/0.1000E-04
# With parameters(tra.):     0.4044E-03    0.1121E-03    0.3303E-01
# With parameters(rot.):     0.2084E-03    0.1867E-03    0.3303E-01
# Minimization at step:    31 with Value:     0.0000Tol(Act/Req):0.1991E+01/0.1000E-04
# With parameters(tra.):     0.1941E-03    0.7696E-04    0.3289E-01
# With parameters(rot.):     0.5761E-03    0.4722E-03    0.3289E-01
# Minimization at step:    32 with Value:     0.0000Tol(Act/Req):0.1988E+01/0.1000E-04
# With parameters(tra.):     0.3392E-04    0.1733E-03    0.3304E-01
# With parameters(rot.):     0.1608E-03    0.5056E-03    0.3304E-01
# Minimization at step:    33 with Value:     0.0000Tol(Act/Req):0.1985E+01/0.1000E-04
# With parameters(tra.):     0.7316E-04    0.1901E-03    0.3309E-01
# With parameters(rot.):     0.3428E-04    0.4370E-03    0.3309E-01
# Minimization at step:    34 with Value:     0.0000Tol(Act/Req):0.1983E+01/0.1000E-04
# With parameters(tra.):     0.4731E-04    0.2318E-04    0.3314E-01
# With parameters(rot.):    -0.6513E-04    0.5715E-03    0.3314E-01
# Minimization at step:    35 with Value:     0.0000Tol(Act/Req):0.1960E+01/0.1000E-04
# With parameters(tra.):    -0.1410E-04    0.2363E-04    0.3319E-01
# With parameters(rot.):    -0.4425E-04    0.4742E-03    0.3319E-01
# Minimization at step:    36 with Value:     0.0000Tol(Act/Req):0.1960E+01/0.1000E-04
# With parameters(tra.):     0.3530E-04    0.1770E-05    0.3331E-01
# With parameters(rot.):    -0.3235E-03    0.3494E-03    0.3331E-01
# Minimization at step:    37 with Value:     0.0000Tol(Act/Req):0.1954E+01/0.1000E-04
# With parameters(tra.):     0.6211E-04   -0.2858E-04    0.3331E-01
# With parameters(rot.):    -0.2946E-03    0.3309E-03    0.3331E-01
# Minimization at step:    38 with Value:     0.0000Tol(Act/Req):0.1949E+01/0.1000E-04
# With parameters(tra.):     0.3176E-04   -0.1977E-04    0.3322E-01
# With parameters(rot.):    -0.7799E-04    0.4198E-03    0.3322E-01
# Minimization at step:    39 with Value:     0.0000Tol(Act/Req):0.1940E+01/0.1000E-04
# With parameters(tra.):     0.4381E-04    0.7720E-04    0.3321E-01
# With parameters(rot.):    -0.1601E-04    0.2796E-03    0.3321E-01
# Minimization at step:    40 with Value:     0.0000Tol(Act/Req):0.1925E+01/0.1000E-04
# With parameters(tra.):    -0.3383E-04    0.9126E-04    0.3328E-01
# With parameters(rot.):     0.2237E-04    0.8494E-04    0.3328E-01
# Minimization at step:    41 with Value:     0.0000Tol(Act/Req):0.1867E+01/0.1000E-04
# With parameters(tra.):    -0.4331E-04    0.6819E-04    0.3329E-01
# With parameters(rot.):     0.1007E-04    0.1038E-03    0.3329E-01
# Minimization at step:    42 with Value:     0.0000Tol(Act/Req):0.1860E+01/0.1000E-04
# With parameters(tra.):    -0.2946E-04    0.4687E-04    0.3328E-01
# With parameters(rot.):     0.1295E-03    0.1914E-04    0.3328E-01
# Minimization at step:    43 with Value:     0.0000Tol(Act/Req):0.1786E+01/0.1000E-04
# With parameters(tra.):    -0.2950E-04    0.5095E-04    0.3330E-01
# With parameters(rot.):     0.1107E-03   -0.2907E-04    0.3330E-01
# Minimization at step:    44 with Value:     0.0000Tol(Act/Req):0.1760E+01/0.1000E-04
# With parameters(tra.):     0.2370E-04    0.2814E-04    0.3326E-01
# With parameters(rot.):     0.1146E-03    0.6266E-04    0.3326E-01
# Minimization at step:    45 with Value:     0.0000Tol(Act/Req):0.1711E+01/0.1000E-04
# With parameters(tra.):     0.2623E-04   -0.1648E-04    0.3326E-01
# With parameters(rot.):     0.1223E-03    0.8065E-04    0.3326E-01
# Minimization at step:    46 with Value:     0.0000Tol(Act/Req):0.1627E+01/0.1000E-04
# With parameters(tra.):    -0.1304E-04   -0.1053E-04    0.3330E-01
# With parameters(rot.):     0.1213E-03    0.1634E-04    0.3330E-01
# Minimization at step:    47 with Value:     0.0000Tol(Act/Req):0.1593E+01/0.1000E-04
# With parameters(tra.):    -0.1680E-04   -0.1544E-04    0.3331E-01
# With parameters(rot.):     0.3890E-04    0.7184E-04    0.3331E-01
# Minimization at step:    48 with Value:     0.0000Tol(Act/Req):0.1525E+01/0.1000E-04
# With parameters(tra.):    -0.1369E-04   -0.2591E-04    0.3334E-01
# With parameters(rot.):    -0.7276E-05    0.2475E-04    0.3334E-01
# Minimization at step:    49 with Value:     0.0000Tol(Act/Req):0.1346E+01/0.1000E-04
# With parameters(tra.):    -0.1249E-04   -0.2555E-04    0.3334E-01
# With parameters(rot.):     0.9474E-05    0.6950E-05    0.3334E-01
# Minimization at step:    50 with Value:     0.0000Tol(Act/Req):0.1241E+01/0.1000E-04
# With parameters(tra.):    -0.2344E-04   -0.5510E-05    0.3336E-01
# With parameters(rot.):    -0.2257E-04   -0.2046E-04    0.3336E-01
# Minimization at step:    51 with Value:     0.0000Tol(Act/Req):0.9253E+00/0.1000E-04
# With parameters(tra.):    -0.1776E-04   -0.6085E-05    0.3336E-01
# With parameters(rot.):    -0.3439E-04   -0.1281E-04    0.3336E-01
# Minimization at step:    52 with Value:     0.0000Tol(Act/Req):0.9250E+00/0.1000E-04
# With parameters(tra.):    -0.1760E-04   -0.4285E-05    0.3336E-01
# With parameters(rot.):    -0.2967E-04   -0.2336E-04    0.3336E-01
# Minimization at step:    53 with Value:     0.0000Tol(Act/Req):0.6631E+00/0.1000E-04
# With parameters(tra.):    -0.1844E-04   -0.7380E-06    0.3335E-01
# With parameters(rot.):    -0.2384E-04   -0.1952E-04    0.3335E-01
# Minimization at step:    54 with Value:     0.0000Tol(Act/Req):0.6083E+00/0.1000E-04
# With parameters(tra.):    -0.1172E-04   -0.9566E-05    0.3335E-01
# With parameters(rot.):    -0.8141E-05   -0.5578E-05    0.3335E-01
# Minimization at step:    55 with Value:     0.0000Tol(Act/Req):0.3984E+00/0.1000E-04
# With parameters(tra.):    -0.8380E-05   -0.1014E-04    0.3334E-01
# With parameters(rot.):    -0.1187E-04   -0.1150E-05    0.3334E-01
# Minimization at step:    56 with Value:     0.0000Tol(Act/Req):0.3945E+00/0.1000E-04
# With parameters(tra.):    -0.4985E-05   -0.8496E-05    0.3334E-01
# With parameters(rot.):     0.3508E-05   -0.1484E-04    0.3334E-01
# Minimization at step:    57 with Value:     0.0000Tol(Act/Req):0.3252E+00/0.1000E-04
# With parameters(tra.):    -0.4285E-05   -0.7370E-05    0.3334E-01
# With parameters(rot.):     0.8702E-05   -0.1253E-04    0.3334E-01
# Minimization at step:    58 with Value:     0.0000Tol(Act/Req):0.2473E+00/0.1000E-04
# With parameters(tra.):    -0.5075E-05   -0.7687E-05    0.3334E-01
# With parameters(rot.):     0.5291E-05   -0.8915E-05    0.3334E-01
# Minimization at step:    59 with Value:     0.0000Tol(Act/Req):0.2347E+00/0.1000E-04
# With parameters(tra.):    -0.7341E-05   -0.1176E-05    0.3334E-01
# With parameters(rot.):    -0.6990E-06   -0.1932E-04    0.3334E-01
# Minimization at step:    60 with Value:     0.0000Tol(Act/Req):0.1728E+00/0.1000E-04
# With parameters(tra.):    -0.3101E-06    0.6586E-06    0.3334E-01
# With parameters(rot.):    -0.4427E-05   -0.1652E-04    0.3334E-01
# Minimization at step:    61 with Value:     0.0000Tol(Act/Req):0.1364E+00/0.1000E-04
# With parameters(tra.):     0.8422E-06   -0.8165E-06    0.3334E-01
# With parameters(rot.):    -0.3240E-05   -0.1369E-04    0.3334E-01
# Minimization at step:    62 with Value:     0.0000Tol(Act/Req):0.1247E+00/0.1000E-04
# With parameters(tra.):     0.1619E-05    0.2930E-06    0.3334E-01
# With parameters(rot.):    -0.1638E-05   -0.1263E-04    0.3334E-01
# Minimization at step:    63 with Value:     0.0000Tol(Act/Req):0.1192E+00/0.1000E-04
# With parameters(tra.):     0.2236E-07   -0.1960E-06    0.3334E-01
# With parameters(rot.):    -0.4735E-06   -0.1301E-04    0.3334E-01
# Minimization at step:    64 with Value:     0.0000Tol(Act/Req):0.4493E-01/0.1000E-04
# With parameters(tra.):     0.1407E-06    0.1665E-05    0.3334E-01
# With parameters(rot.):    -0.9216E-05   -0.7139E-05    0.3334E-01
# Minimization at step:    65 with Value:     0.0000Tol(Act/Req):0.3794E-01/0.1000E-04
# With parameters(tra.):     0.6583E-06    0.1135E-05    0.3334E-01
# With parameters(rot.):    -0.9121E-05   -0.5176E-05    0.3334E-01
# Minimization at step:    66 with Value:     0.0000Tol(Act/Req):0.3224E-01/0.1000E-04
# With parameters(tra.):     0.1892E-05    0.3634E-05    0.3333E-01
# With parameters(rot.):    -0.8411E-05   -0.5741E-06    0.3333E-01
# Minimization at step:    67 with Value:     0.0000Tol(Act/Req):0.2180E-01/0.1000E-04
# With parameters(tra.):    -0.3570E-07    0.3858E-05    0.3333E-01
# With parameters(rot.):    -0.8650E-05    0.1971E-05    0.3333E-01
# Minimization at step:    68 with Value:     0.0000Tol(Act/Req):0.1094E-01/0.1000E-04
# With parameters(tra.):    -0.5048E-06    0.3252E-05    0.3334E-01
# With parameters(rot.):    -0.8847E-05    0.1032E-05    0.3334E-01
# Minimization at step:    69 with Value:     0.0000Tol(Act/Req):0.1308E-01/0.1000E-04
# With parameters(tra.):    -0.3429E-06    0.3163E-05    0.3333E-01
# With parameters(rot.):    -0.8776E-05    0.2531E-05    0.3333E-01
# Minimization at step:    70 with Value:     0.0000Tol(Act/Req):0.1277E-01/0.1000E-04
# With parameters(tra.):    -0.4128E-06    0.2823E-05    0.3333E-01
# With parameters(rot.):    -0.6554E-05    0.1871E-05    0.3333E-01
# Minimization at step:    71 with Value:     0.0000Tol(Act/Req):0.1277E-01/0.1000E-04
# With parameters(tra.):    -0.5504E-06    0.3763E-05    0.4445E-01
# With parameters(rot.):    -0.8738E-05    0.2494E-05    0.1111E-01
# Minimization at step:    72 with Value:     0.0000Tol(Act/Req):0.1277E-01/0.1000E-04
# With parameters(tra.):    -0.7338E-06    0.5018E-05    0.5926E-01
# With parameters(rot.):    -0.1165E-04    0.3325E-05    0.1482E-01
# Minimization at step:    73 with Value:     0.0000Tol(Act/Req):0.1060E-01/0.1000E-04
# With parameters(tra.):    -0.7950E-06    0.5436E-05    0.5587E-01
# With parameters(rot.):    -0.1262E-04    0.3603E-05    0.1605E-01
# Minimization at step:    74 with Value:     0.0000Tol(Act/Req):0.7691E-02/0.1000E-04
# With parameters(tra.):     0.2372E-06    0.5813E-05    0.6338E-01
# With parameters(rot.):    -0.1379E-04    0.2450E-05    0.1029E-01
# Minimization at step:    75 with Value:     0.0000Tol(Act/Req):0.5140E-02/0.1000E-04
# With parameters(tra.):    -0.4537E-06    0.5454E-05    0.7339E-01
# With parameters(rot.):    -0.1583E-04    0.1046E-05    0.2610E-02
# Minimization at step:    76 with Value:     0.0000Tol(Act/Req):0.4536E-02/0.1000E-04
# With parameters(tra.):    -0.3820E-06    0.5600E-05    0.7673E-01
# With parameters(rot.):    -0.1638E-04    0.1672E-05    0.4889E-04
# Minimization at step:    77 with Value:     0.0000Tol(Act/Req):0.4134E-02/0.1000E-04
# With parameters(tra.):    -0.2033E-06    0.5702E-05    0.7450E-01
# With parameters(rot.):    -0.1592E-04    0.2075E-05    0.1756E-02
# Minimization at step:    78 with Value:     0.0000Tol(Act/Req):0.3430E-02/0.1000E-04
# With parameters(tra.):     0.6691E-07    0.4932E-05    0.6720E-01
# With parameters(rot.):    -0.1480E-04    0.1139E-05   -0.4288E-02
# Minimization at step:    79 with Value:     0.0000Tol(Act/Req):0.3207E-02/0.1000E-04
# With parameters(tra.):     0.1907E-06    0.5434E-05    0.6494E-01
# With parameters(rot.):    -0.1680E-04    0.9387E-06   -0.7520E-02
# Minimization at step:    80 with Value:     0.0000Tol(Act/Req):0.1507E-02/0.1000E-04
# With parameters(tra.):    -0.7126E-07    0.5308E-05    0.6320E-01
# With parameters(rot.):    -0.1676E-04    0.1101E-05   -0.7564E-02
# Minimization at step:    81 with Value:     0.0000Tol(Act/Req):0.1133E-02/0.1000E-04
# With parameters(tra.):     0.3065E-08    0.5201E-05    0.6198E-01
# With parameters(rot.):    -0.1688E-04    0.8289E-06   -0.3565E-02
# Minimization at step:    82 with Value:     0.0000Tol(Act/Req):0.9590E-03/0.1000E-04
# With parameters(tra.):     0.2069E-06    0.5321E-05    0.6330E-01
# With parameters(rot.):    -0.1784E-04    0.1557E-05   -0.8309E-02
# Minimization at step:    83 with Value:     0.0000Tol(Act/Req):0.9186E-03/0.1000E-04
# With parameters(tra.):     0.7011E-06    0.5398E-05    0.5512E-01
# With parameters(rot.):    -0.1755E-04    0.2190E-05   -0.8251E-02
# Minimization at step:    84 with Value:     0.0000Tol(Act/Req):0.1186E-02/0.1000E-04
# With parameters(tra.):     0.7089E-06    0.5565E-05    0.5533E-01
# With parameters(rot.):    -0.1796E-04    0.2434E-05   -0.7574E-02
# Minimization at step:    85 with Value:     0.0000Tol(Act/Req):0.1135E-02/0.1000E-04
# With parameters(tra.):     0.7674E-06    0.5624E-05    0.5716E-01
# With parameters(rot.):    -0.1780E-04    0.2150E-05   -0.1098E-01
# Minimization at step:    86 with Value:     0.0000Tol(Act/Req):0.9603E-03/0.1000E-04
# With parameters(tra.):     0.8772E-06    0.5353E-05    0.5607E-01
# With parameters(rot.):    -0.1680E-04    0.2688E-05   -0.9983E-02
# Minimization at step:    87 with Value:     0.0000Tol(Act/Req):0.8049E-03/0.1000E-04
# With parameters(tra.):     0.4417E-06    0.5261E-05    0.6457E-01
# With parameters(rot.):    -0.1684E-04    0.2220E-05   -0.1062E-01
# Minimization at step:    88 with Value:     0.0000Tol(Act/Req):0.5832E-03/0.1000E-04
# With parameters(tra.):     0.3535E-06    0.5194E-05    0.6381E-01
# With parameters(rot.):    -0.1683E-04    0.2395E-05   -0.1089E-01
# Minimization at step:    89 with Value:     0.0000Tol(Act/Req):0.5703E-03/0.1000E-04
# With parameters(tra.):     0.4550E-06    0.5211E-05    0.6163E-01
# With parameters(rot.):    -0.1682E-04    0.2526E-05   -0.1076E-01
# Minimization at step:    90 with Value:     0.0000Tol(Act/Req):0.3210E-03/0.1000E-04
# With parameters(tra.):     0.7543E-06    0.5002E-05    0.5908E-01
# With parameters(rot.):    -0.1704E-04    0.2548E-05   -0.5159E-02
# Minimization at step:    91 with Value:     0.0000Tol(Act/Req):0.4309E-03/0.1000E-04
# With parameters(tra.):     0.7166E-06    0.5040E-05    0.5960E-01
# With parameters(rot.):    -0.1731E-04    0.2402E-05   -0.5007E-02
# Minimization at step:    92 with Value:     0.0000Tol(Act/Req):0.3511E-03/0.1000E-04
# With parameters(tra.):     0.7507E-06    0.4866E-05    0.5748E-01
# With parameters(rot.):    -0.1650E-04    0.2198E-05   -0.7430E-03
# Minimization at step:    93 with Value:     0.0000Tol(Act/Req):0.2987E-03/0.1000E-04
# With parameters(tra.):     0.7785E-06    0.4832E-05    0.5843E-01
# With parameters(rot.):    -0.1631E-04    0.2060E-05   -0.1594E-02
# Minimization at step:    94 with Value:     0.0000Tol(Act/Req):0.2901E-03/0.1000E-04
# With parameters(tra.):     0.7057E-06    0.4871E-05    0.5901E-01
# With parameters(rot.):    -0.1619E-04    0.2014E-05   -0.2697E-02
# Minimization at step:    95 with Value:     0.0000Tol(Act/Req):0.1753E-03/0.1000E-04
# With parameters(tra.):     0.6690E-06    0.5002E-05    0.6098E-01
# With parameters(rot.):    -0.1673E-04    0.2121E-05   -0.6384E-02
# Minimization at step:    96 with Value:     0.0000Tol(Act/Req):0.1675E-03/0.1000E-04
# With parameters(tra.):     0.7376E-06    0.4993E-05    0.5983E-01
# With parameters(rot.):    -0.1671E-04    0.2153E-05   -0.5951E-02
# Minimization at step:    97 with Value:     0.0000Tol(Act/Req):0.1248E-03/0.1000E-04
# With parameters(tra.):     0.6892E-06    0.4793E-05    0.5698E-01
# With parameters(rot.):    -0.1665E-04    0.2421E-05   -0.4856E-02
# Minimization at step:    98 with Value:     0.0000Tol(Act/Req):0.5518E-04/0.1000E-04
# With parameters(tra.):     0.6914E-06    0.4812E-05    0.5723E-01
# With parameters(rot.):    -0.1674E-04    0.2542E-05   -0.4291E-02
# Minimization at step:    99 with Value:     0.0000Tol(Act/Req):0.4077E-04/0.1000E-04
# With parameters(tra.):     0.7234E-06    0.4661E-05    0.5467E-01
# With parameters(rot.):    -0.1640E-04    0.2611E-05   -0.1136E-02
# Minimization at step:   100 with Value:     0.0000Tol(Act/Req):0.5930E-04/0.1000E-04
# With parameters(tra.):     0.7383E-06    0.4700E-05    0.5518E-01
# With parameters(rot.):    -0.1639E-04    0.2560E-05   -0.1100E-02
# Minimization at step:   101 with Value:     0.0000Tol(Act/Req):0.5716E-04/0.1000E-04
# With parameters(tra.):     0.7316E-06    0.4741E-05    0.5587E-01
# With parameters(rot.):    -0.1648E-04    0.2538E-05   -0.1886E-02
# Minimization at step:   102 with Value:     0.0000Tol(Act/Req):0.5938E-04/0.1000E-04
# With parameters(tra.):     0.6973E-06    0.4750E-05    0.5590E-01
# With parameters(rot.):    -0.1644E-04    0.2559E-05   -0.2370E-02
# Minimization at step:   103 with Value:     0.0000Tol(Act/Req):0.5833E-04/0.1000E-04
# With parameters(tra.):     0.6769E-06    0.4745E-05    0.5585E-01
# With parameters(rot.):    -0.1651E-04    0.2499E-05   -0.2074E-02
# Minimization at step:   104 with Value:     0.0000Tol(Act/Req):0.5700E-04/0.1000E-04
# With parameters(tra.):     0.6824E-06    0.4721E-05    0.5611E-01
# With parameters(rot.):    -0.1643E-04    0.2467E-05   -0.2540E-02
# Minimization at step:   105 with Value:     0.0000Tol(Act/Req):0.2952E-04/0.1000E-04
# With parameters(tra.):     0.7714E-06    0.4639E-05    0.5345E-01
# With parameters(rot.):    -0.1634E-04    0.2593E-05   -0.1038E-02
# Minimization at step:   106 with Value:     0.0000Tol(Act/Req):0.6835E-05/0.1000E-04
# With parameters(tra.):     0.7792E-06    0.4635E-05    0.5326E-01
# With parameters(rot.):    -0.1635E-04    0.2658E-05   -0.4842E-03
# CSM Values after x minimization.
# Final Number of optim. Steps:   106
#      Before min is:      0.07389971013
# Final CSM Value is:      0.00000000051
# Coordinates rotated along Y.
[molecule] Nrec=  11 Format=nscxyz
  c                1    6    0.71428571D+00  -0.21943276D-04  -0.35174663D-05
  h                2    1   -0.28573207D+00  -0.98739558D+00  -0.15829988D+00
  he               3    2   -0.28573198D+00  -0.99820939D+00  -0.59262965D-01
  h                4    1   -0.28571978D+00  -0.45566662D+00   0.89019261D+00
  he               5    2   -0.28571807D+00  -0.36479536D+00   0.93109317D+00
  h                6    1   -0.28569990D+00   0.70574683D+00   0.70845188D+00
  he               7    2   -0.28569893D+00   0.77276180D+00   0.63473076D+00
  h                8    1   -0.28569990D+00   0.89184335D+00  -0.45232521D+00
  he               9    2   -0.28570101D+00   0.84241541D+00  -0.53884047D+00
  h               10    1   -0.28571978D+00  -0.15454992D+00  -0.98802291D+00
  he              11    2   -0.28572143D+00  -0.25209566D+00  -0.96770818D+00
# Minimization at step:     0 with Value:     0.0054Tol(Act/Req):0.2000E+01/0.1000E-04
# With parameters(tra.):     0.1429E-01    0.1429E-01    0.1429E-01
# With parameters(rot.):     0.1429E-01    0.1429E-01    0.1429E-01
# Minimization at step:     1 with Value:     0.0037Tol(Act/Req):0.2000E+01/0.1000E-04
# With parameters(tra.):     0.7143E-02    0.1548E-01    0.1548E-01
# With parameters(rot.):     0.1548E-01    0.1548E-01    0.1548E-01
# Minimization at step:     2 with Value:     0.0019Tol(Act/Req):0.2000E+01/0.1000E-04
# With parameters(tra.):     0.8929E-02   -0.5655E-02    0.1935E-01
# With parameters(rot.):     0.1935E-01    0.1935E-01    0.1935E-01
# Minimization at step:     3 with Value:     0.0015Tol(Act/Req):0.2000E+01/0.1000E-04
# With parameters(tra.):     0.5506E-02   -0.6820E-02    0.2026E-01
# With parameters(rot.):     0.2026E-01    0.2026E-01    0.2026E-01
# Minimization at step:     4 with Value:     0.0011Tol(Act/Req):0.2000E+01/0.1000E-04
# With parameters(tra.):     0.4923E-02   -0.3396E-02    0.1969E-01
# With parameters(rot.):     0.1969E-01    0.1969E-01    0.1969E-01
# Minimization at step:     5 with Value:     0.0008Tol(Act/Req):0.2000E+01/0.1000E-04
# With parameters(tra.):     0.5333E-02   -0.3679E-02    0.2134E-01
# With parameters(rot.):     0.1300E-01    0.2134E-01    0.2134E-01
# Minimization at step:     6 with Value:     0.0005Tol(Act/Req):0.2000E+01/0.1000E-04
# With parameters(tra.):     0.5778E-02   -0.3985E-02    0.2311E-01
# With parameters(rot.):     0.1409E-01    0.1478E-01    0.2311E-01
# Minimization at step:     7 with Value:     0.0004Tol(Act/Req):0.2000E+01/0.1000E-04
# With parameters(tra.):     0.4089E-02   -0.4332E-02    0.2381E-01
# With parameters(rot.):     0.1403E-01    0.1478E-01    0.2381E-01
# Minimization at step:     8 with Value:     0.0003Tol(Act/Req):0.2000E+01/0.1000E-04
# With parameters(tra.):     0.3006E-02    0.5711E-03    0.2399E-01
# With parameters(rot.):     0.1176E-01    0.1270E-01    0.2399E-01
# Minimization at step:     9 with Value:     0.0003Tol(Act/Req):0.2000E+01/0.1000E-04
# With parameters(tra.):     0.3051E-02    0.1422E-02    0.2815E-01
# With parameters(rot.):    -0.2037E-02    0.1311E-01    0.2815E-01
# Minimization at step:    10 with Value:     0.0002Tol(Act/Req):0.2000E+01/0.1000E-04
# With parameters(tra.):     0.3036E-02    0.2314E-02    0.3208E-01
# With parameters(rot.):    -0.4442E-02    0.2855E-02    0.3208E-01
# Minimization at step:    11 with Value:     0.0001Tol(Act/Req):0.2000E+01/0.1000E-04
# With parameters(tra.):     0.3024E-02    0.2175E-02    0.3136E-01
# With parameters(rot.):    -0.1193E-02    0.1899E-02    0.3136E-01
# Minimization at step:    12 with Value:     0.0001Tol(Act/Req):0.2000E+01/0.1000E-04
# With parameters(tra.):     0.2091E-02    0.2544E-02    0.3234E-01
# With parameters(rot.):    -0.2489E-02    0.8265E-03    0.3234E-01
# Minimization at step:    13 with Value:     0.0001Tol(Act/Req):0.2000E+01/0.1000E-04
# With parameters(tra.):     0.2195E-02    0.1892E-02    0.3301E-01
# With parameters(rot.):    -0.3299E-02    0.1837E-03    0.3301E-01
# Minimization at step:    14 with Value:     0.0000Tol(Act/Req):0.2000E+01/0.1000E-04
# With parameters(tra.):     0.1992E-02    0.1340E-02    0.3128E-01
# With parameters(rot.):    -0.1810E-02    0.4642E-02    0.3128E-01
# Minimization at step:    15 with Value:     0.0000Tol(Act/Req):0.2000E+01/0.1000E-04
# With parameters(tra.):     0.1900E-02    0.1201E-02    0.3091E-01
# With parameters(rot.):    -0.2374E-03    0.4393E-02    0.3091E-01
# Minimization at step:    16 with Value:     0.0000Tol(Act/Req):0.2000E+01/0.1000E-04
# With parameters(tra.):     0.4524E-03    0.1419E-02    0.3202E-01
# With parameters(rot.):    -0.1619E-02    0.3675E-02    0.3202E-01
# Minimization at step:    17 with Value:     0.0000Tol(Act/Req):0.2000E+01/0.1000E-04
# With parameters(tra.):     0.1731E-03    0.3219E-03    0.3278E-01
# With parameters(rot.):    -0.2413E-02    0.3584E-02    0.3278E-01
# Minimization at step:    18 with Value:     0.0000Tol(Act/Req):0.1999E+01/0.1000E-04
# With parameters(tra.):    -0.2980E-03    0.3501E-03    0.3443E-01
# With parameters(rot.):    -0.3607E-02    0.2592E-03    0.3443E-01
# Minimization at step:    19 with Value:     0.0000Tol(Act/Req):0.1999E+01/0.1000E-04
# With parameters(tra.):    -0.1215E-02   -0.2112E-03    0.3488E-01
# With parameters(rot.):    -0.1584E-02   -0.1617E-02    0.3488E-01
# Minimization at step:    20 with Value:     0.0000Tol(Act/Req):0.1999E+01/0.1000E-04
# With parameters(tra.):    -0.1050E-02   -0.4265E-03    0.3337E-01
# With parameters(rot.):     0.2839E-03    0.1082E-02    0.3337E-01
# Minimization at step:    21 with Value:     0.0000Tol(Act/Req):0.1999E+01/0.1000E-04
# With parameters(tra.):    -0.8066E-03   -0.3041E-03    0.3313E-01
# With parameters(rot.):    -0.6621E-04    0.1776E-02    0.3313E-01
# Minimization at step:    22 with Value:     0.0000Tol(Act/Req):0.1999E+01/0.1000E-04
# With parameters(tra.):    -0.8699E-03   -0.1120E-03    0.3420E-01
# With parameters(rot.):    -0.1554E-02   -0.7466E-04    0.3420E-01
# Minimization at step:    23 with Value:     0.0000Tol(Act/Req):0.1999E+01/0.1000E-04
# With parameters(tra.):    -0.4768E-03   -0.6037E-03    0.3419E-01
# With parameters(rot.):    -0.8474E-03   -0.6534E-03    0.3419E-01
# Minimization at step:    24 with Value:     0.0000Tol(Act/Req):0.1998E+01/0.1000E-04
# With parameters(tra.):    -0.4996E-03   -0.2865E-03    0.3417E-01
# With parameters(rot.):    -0.5873E-04   -0.1667E-02    0.3417E-01
# Minimization at step:    25 with Value:     0.0000Tol(Act/Req):0.1998E+01/0.1000E-04
# With parameters(tra.):     0.8884E-04   -0.3582E-04    0.3404E-01
# With parameters(rot.):    -0.7565E-03   -0.1427E-02    0.3404E-01
# Minimization at step:    26 with Value:     0.0000Tol(Act/Req):0.1997E+01/0.1000E-04
# With parameters(tra.):     0.4506E-03   -0.1385E-03    0.3328E-01
# With parameters(rot.):     0.5017E-03   -0.6437E-03    0.3328E-01
# Minimization at step:    27 with Value:     0.0000Tol(Act/Req):0.1997E+01/0.1000E-04
# With parameters(tra.):     0.3337E-03   -0.2097E-03    0.3324E-01
# With parameters(rot.):     0.7810E-03   -0.6384E-03    0.3324E-01
# Minimization at step:    28 with Value:     0.0000Tol(Act/Req):0.1996E+01/0.1000E-04
# With parameters(tra.):     0.2335E-03   -0.1900E-03    0.3343E-01
# With parameters(rot.):     0.4897E-03   -0.8338E-03    0.3343E-01
# Minimization at step:    29 with Value:     0.0000Tol(Act/Req):0.1995E+01/0.1000E-04
# With parameters(tra.):     0.2145E-03    0.1593E-03    0.3325E-01
# With parameters(rot.):     0.4704E-03   -0.5895E-03    0.3325E-01
# Minimization at step:    30 with Value:     0.0000Tol(Act/Req):0.1991E+01/0.1000E-04
# With parameters(tra.):     0.4044E-03    0.1121E-03    0.3303E-01
# With parameters(rot.):     0.2084E-03    0.1867E-03    0.3303E-01
# Minimization at step:    31 with Value:     0.0000Tol(Act/Req):0.1991E+01/0.1000E-04
# With parameters(tra.):     0.1941E-03    0.7696E-04    0.3289E-01
# With parameters(rot.):     0.5761E-03    0.4722E-03    0.3289E-01
# Minimization at step:    32 with Value:     0.0000Tol(Act/Req):0.1988E+01/0.1000E-04
# With parameters(tra.):     0.3392E-04    0.1733E-03    0.3304E-01
# With parameters(rot.):     0.1608E-03    0.5056E-03    0.3304E-01
# Minimization at step:    33 with Value:     0.0000Tol(Act/Req):0.1985E+01/0.1000E-04
# With parameters(tra.):     0.7316E-04    0.1901E-03    0.3309E-01
# With parameters(rot.):     0.3428E-04    0.4370E-03    0.3309E-01
# Minimization at step:    34 with Value:     0.0000Tol(Act/Req):0.1983E+01/0.1000E-04
# With parameters(tra.):     0.4731E-04    0.2318E-04    0.3314E-01
# With parameters(rot.):    -0.6513E-04    0.5715E-03    0.3314E-01
# Minimization at step:    35 with Value:     0.0000Tol(Act/Req):0.1960E+01/0.1000E-04
# With parameters(tra.):    -0.1410E-04    0.2363E-04    0.3319E-01
# With parameters(rot.):    -0.4425E-04    0.4742E-03    0.3319E-01
# Minimization at step:    36 with Value:     0.0000Tol(Act/Req):0.1960E+01/0.1000E-04
# With parameters(tra.):     0.3530E-04    0.1770E-05    0.3331E-01
# With parameters(rot.):    -0.3235E-03    0.3494E-03    0.3331E-01
# Minimization at step:    37 with Value:     0.0000Tol(Act/Req):0.1954E+01/0.1000E-04
# With parameters(tra.):     0.6211E-04   -0.2858E-04    0.3331E-01
# With parameters(rot.):    -0.2946E-03    0.3309E-03    0.3331E-01
# Minimization at step:    38 with Value:     0.0000Tol(Act/Req):0.1949E+01/0.1000E-04
# With parameters(tra.):     0.3176E-04   -0.1977E-04    0.3322E-01
# With parameters(rot.):    -0.7799E-04    0.4198E-03    0.3322E-01
# Minimization at step:    39 with Value:     0.0000Tol(Act/Req):0.1940E+01/0.1000E-04
# With parameters(tra.):     0.4381E-04    0.7720E-04    0.3321E-01
# With parameters(rot.):    -0.1601E-04    0.2796E-03    0.3321E-01
# Minimization at step:    40 with Value:     0.0000Tol(Act/Req):0.1925E+01/0.1000E-04
# With parameters(tra.):    -0.3383E-04    0.9126E-04    0.3328E-01
# With parameters(rot.):     0.2237E-04    0.8494E-04    0.3328E-01
# Minimization at step:    41 with Value:     0.0000Tol(Act/Req):0.1867E+01/0.1000E-04
# With parameters(tra.):    -0.4331E-04    0.6819E-04    0.3329E-01
# With parameters(rot.):     0.1007E-04    0.1038E-03    0.3329E-01
# Minimization at step:    42 with Value:     0.0000Tol(Act/Req):0.1860E+01/0.1000E-04
# With parameters(tra.):    -0.2946E-04    0.4687E-04    0.3328E-01
# With parameters(rot.):     0.1295E-03    0.1914E-04    0.3328E-01
# Minimization at step:    43 with Value:     0.0000Tol(Act/Req):0.1786E+01/0.1000E-04
# With parameters(tra.):    -0.2950E-04    0.5095E-04    0.3330E-01
# With parameters(rot.):     0.1107E-03   -0.2907E-04    0.3330E-01
# Minimization at step:    44 with Value:     0.0000Tol(Act/Req):0.1760E+01/0.1000E-04
# With parameters(tra.):     0.2370E-04    0.2814E-04    0.3326E-01
# With parameters(rot.):     0.1146E-03    0.6266E-04    0.3326E-01
# Minimization at step:    45 with Value:     0.0000Tol(Act/Req):0.1711E+01/0.1000E-04
# With parameters(tra.):     0.2623E-04   -0.1648E-04    0.3326E-01
# With parameters(rot.):     0.1223E-03    0.8065E-04    0.3326E-01
# Minimization at step:    46 with Value:     0.0000Tol(Act/Req):0.1627E+01/0.1000E-04
# With parameters(tra.):    -0.1304E-04   -0.1053E-04    0.3330E-01
# With parameters(rot.):     0.1213E-03    0.1634E-04    0.3330E-01
# Minimization at step:    47 with Value:     0.0000Tol(Act/Req):0.1593E+01/0.1000E-04
# With parameters(tra.):    -0.1680E-04   -0.1544E-04    0.3331E-01
# With parameters(rot.):     0.3890E-04    0.7184E-04    0.3331E-01
# Minimization at step:    48 with Value:     0.0000Tol(Act/Req):0.1525E+01/0.1000E-04
# With parameters(tra.):    -0.1369E-04   -0.2591E-04    0.3334E-01
# With parameters(rot.):    -0.7276E-05    0.2475E-04    0.3334E-01
# Minimization at step:    49 with Value:     0.0000Tol(Act/Req):0.1346E+01/0.1000E-04
# With parameters(tra.):    -0.1249E-04   -0.2555E-04    0.3334E-01
# With parameters(rot.):     0.9474E-05    0.6950E-05    0.3334E-01
# Minimization at step:    50 with Value:     0.0000Tol(Act/Req):0.1241E+01/0.1000E-04
# With parameters(tra.):    -0.2344E-04   -0.5510E-05    0.3336E-01
# With parameters(rot.):    -0.2257E-04   -0.2046E-04    0.3336E-01
# Minimization at step:    51 with Value:     0.0000Tol(Act/Req):0.9253E+00/0.1000E-04
# With parameters(tra.):    -0.1776E-04   -0.6085E-05    0.3336E-01
# With parameters(rot.):    -0.3439E-04   -0.1281E-04    0.3336E-01
# Minimization at step:    52 with Value:     0.0000Tol(Act/Req):0.9250E+00/0.1000E-04
# With parameters(tra.):    -0.1760E-04   -0.4285E-05    0.3336E-01
# With parameters(rot.):    -0.2967E-04   -0.2336E-04    0.3336E-01
# Minimization at step:    53 with Value:     0.0000Tol(Act/Req):0.6631E+00/0.1000E-04
# With parameters(tra.):    -0.1844E-04   -0.7380E-06    0.3335E-01
# With parameters(rot.):    -0.2384E-04   -0.1952E-04    0.3335E-01
# Minimization at step:    54 with Value:     0.0000Tol(Act/Req):0.6083E+00/0.1000E-04
# With parameters(tra.):    -0.1172E-04   -0.9566E-05    0.3335E-01
# With parameters(rot.):    -0.8141E-05   -0.5578E-05    0.3335E-01
# Minimization at step:    55 with Value:     0.0000Tol(Act/Req):0.3984E+00/0.1000E-04
# With parameters(tra.):    -0.8380E-05   -0.1014E-04    0.3334E-01
# With parameters(rot.):    -0.1187E-04   -0.1150E-05    0.3334E-01
# Minimization at step:    56 with Value:     0.0000Tol(Act/Req):0.3945E+00/0.1000E-04
# With parameters(tra.):    -0.4985E-05   -0.8496E-05    0.3334E-01
# With parameters(rot.):     0.3508E-05   -0.1484E-04    0.3334E-01
# Minimization at step:    57 with Value:     0.0000Tol(Act/Req):0.3252E+00/0.1000E-04
# With parameters(tra.):    -0.4285E-05   -0.7370E-05    0.3334E-01
# With parameters(rot.):     0.8702E-05   -0.1253E-04    0.3334E-01
# Minimization at step:    58 with Value:     0.0000Tol(Act/Req):0.2473E+00/0.1000E-04
# With parameters(tra.):    -0.5075E-05   -0.7687E-05    0.3334E-01
# With parameters(rot.):     0.5291E-05   -0.8915E-05    0.3334E-01
# Minimization at step:    59 with Value:     0.0000Tol(Act/Req):0.2347E+00/0.1000E-04
# With parameters(tra.):    -0.7341E-05   -0.1176E-05    0.3334E-01
# With parameters(rot.):    -0.6990E-06   -0.1932E-04    0.3334E-01
# Minimization at step:    60 with Value:     0.0000Tol(Act/Req):0.1728E+00/0.1000E-04
# With parameters(tra.):    -0.3101E-06    0.6586E-06    0.3334E-01
# With parameters(rot.):    -0.4427E-05   -0.1652E-04    0.3334E-01
# Minimization at step:    61 with Value:     0.0000Tol(Act/Req):0.1364E+00/0.1000E-04
# With parameters(tra.):     0.8422E-06   -0.8165E-06    0.3334E-01
# With parameters(rot.):    -0.3240E-05   -0.1369E-04    0.3334E-01
# Minimization at step:    62 with Value:     0.0000Tol(Act/Req):0.1247E+00/0.1000E-04
# With parameters(tra.):     0.1619E-05    0.2930E-06    0.3334E-01
# With parameters(rot.):    -0.1638E-05   -0.1263E-04    0.3334E-01
# Minimization at step:    63 with Value:     0.0000Tol(Act/Req):0.1192E+00/0.1000E-04
# With parameters(tra.):     0.2236E-07   -0.1960E-06    0.3334E-01
# With parameters(rot.):    -0.4735E-06   -0.1301E-04    0.3334E-01
# Minimization at step:    64 with Value:     0.0000Tol(Act/Req):0.4493E-01/0.1000E-04
# With parameters(tra.):     0.1407E-06    0.1665E-05    0.3334E-01
# With parameters(rot.):    -0.9216E-05   -0.7139E-05    0.3334E-01
# Minimization at step:    65 with Value:     0.0000Tol(Act/Req):0.3794E-01/0.1000E-04
# With parameters(tra.):     0.6583E-06    0.1135E-05    0.3334E-01
# With parameters(rot.):    -0.9121E-05   -0.5176E-05    0.3334E-01
# Minimization at step:    66 with Value:     0.0000Tol(Act/Req):0.3224E-01/0.1000E-04
# With parameters(tra.):     0.1892E-05    0.3634E-05    0.3333E-01
# With parameters(rot.):    -0.8411E-05   -0.5741E-06    0.3333E-01
# Minimization at step:    67 with Value:     0.0000Tol(Act/Req):0.2180E-01/0.1000E-04
# With parameters(tra.):    -0.3570E-07    0.3858E-05    0.3333E-01
# With parameters(rot.):    -0.8650E-05    0.1971E-05    0.3333E-01
# Minimization at step:    68 with Value:     0.0000Tol(Act/Req):0.1094E-01/0.1000E-04
# With parameters(tra.):    -0.5048E-06    0.3252E-05    0.3334E-01
# With parameters(rot.):    -0.8847E-05    0.1032E-05    0.3334E-01
# Minimization at step:    69 with Value:     0.0000Tol(Act/Req):0.1308E-01/0.1000E-04
# With parameters(tra.):    -0.3429E-06    0.3163E-05    0.3333E-01
# With parameters(rot.):    -0.8776E-05    0.2531E-05    0.3333E-01
# Minimization at step:    70 with Value:     0.0000Tol(Act/Req):0.1277E-01/0.1000E-04
# With parameters(tra.):    -0.4128E-06    0.2823E-05    0.3333E-01
# With parameters(rot.):    -0.6554E-05    0.1871E-05    0.3333E-01
# Minimization at step:    71 with Value:     0.0000Tol(Act/Req):0.1277E-01/0.1000E-04
# With parameters(tra.):    -0.5504E-06    0.3763E-05    0.4445E-01
# With parameters(rot.):    -0.8738E-05    0.2494E-05    0.1111E-01
# Minimization at step:    72 with Value:     0.0000Tol(Act/Req):0.1277E-01/0.1000E-04
# With parameters(tra.):    -0.7338E-06    0.5018E-05    0.5926E-01
# With parameters(rot.):    -0.1165E-04    0.3325E-05    0.1482E-01
# Minimization at step:    73 with Value:     0.0000Tol(Act/Req):0.1060E-01/0.1000E-04
# With parameters(tra.):    -0.7950E-06    0.5436E-05    0.5587E-01
# With parameters(rot.):    -0.1262E-04    0.3603E-05    0.1605E-01
# Minimization at step:    74 with Value:     0.0000Tol(Act/Req):0.7691E-02/0.1000E-04
# With parameters(tra.):     0.2372E-06    0.5813E-05    0.6338E-01
# With parameters(rot.):    -0.1379E-04    0.2450E-05    0.1029E-01
# Minimization at step:    75 with Value:     0.0000Tol(Act/Req):0.5140E-02/0.1000E-04
# With parameters(tra.):    -0.4537E-06    0.5454E-05    0.7339E-01
# With parameters(rot.):    -0.1583E-04    0.1046E-05    0.2610E-02
# Minimization at step:    76 with Value:     0.0000Tol(Act/Req):0.4536E-02/0.1000E-04
# With parameters(tra.):    -0.3820E-06    0.5600E-05    0.7673E-01
# With parameters(rot.):    -0.1638E-04    0.1672E-05    0.4889E-04
# Minimization at step:    77 with Value:     0.0000Tol(Act/Req):0.4134E-02/0.1000E-04
# With parameters(tra.):    -0.2033E-06    0.5702E-05    0.7450E-01
# With parameters(rot.):    -0.1592E-04    0.2075E-05    0.1756E-02
# Minimization at step:    78 with Value:     0.0000Tol(Act/Req):0.3430E-02/0.1000E-04
# With parameters(tra.):     0.6691E-07    0.4932E-05    0.6720E-01
# With parameters(rot.):    -0.1480E-04    0.1139E-05   -0.4288E-02
# Minimization at step:    79 with Value:     0.0000Tol(Act/Req):0.3207E-02/0.1000E-04
# With parameters(tra.):     0.1907E-06    0.5434E-05    0.6494E-01
# With parameters(rot.):    -0.1680E-04    0.9387E-06   -0.7520E-02
# Minimization at step:    80 with Value:     0.0000Tol(Act/Req):0.1507E-02/0.1000E-04
# With parameters(tra.):    -0.7126E-07    0.5308E-05    0.6320E-01
# With parameters(rot.):    -0.1676E-04    0.1101E-05   -0.7564E-02
# Minimization at step:    81 with Value:     0.0000Tol(Act/Req):0.1133E-02/0.1000E-04
# With parameters(tra.):     0.3065E-08    0.5201E-05    0.6198E-01
# With parameters(rot.):    -0.1688E-04    0.8289E-06   -0.3565E-02
# Minimization at step:    82 with Value:     0.0000Tol(Act/Req):0.9590E-03/0.1000E-04
# With parameters(tra.):     0.2069E-06    0.5321E-05    0.6330E-01
# With parameters(rot.):    -0.1784E-04    0.1557E-05   -0.8309E-02
# Minimization at step:    83 with Value:     0.0000Tol(Act/Req):0.9186E-03/0.1000E-04
# With parameters(tra.):     0.7011E-06    0.5398E-05    0.5512E-01
# With parameters(rot.):    -0.1755E-04    0.2190E-05   -0.8251E-02
# Minimization at step:    84 with Value:     0.0000Tol(Act/Req):0.1186E-02/0.1000E-04
# With parameters(tra.):     0.7089E-06    0.5565E-05    0.5533E-01
# With parameters(rot.):    -0.1796E-04    0.2434E-05   -0.7574E-02
# Minimization at step:    85 with Value:     0.0000Tol(Act/Req):0.1135E-02/0.1000E-04
# With parameters(tra.):     0.7674E-06    0.5624E-05    0.5716E-01
# With parameters(rot.):    -0.1780E-04    0.2150E-05   -0.1098E-01
# Minimization at step:    86 with Value:     0.0000Tol(Act/Req):0.9603E-03/0.1000E-04
# With parameters(tra.):     0.8772E-06    0.5353E-05    0.5607E-01
# With parameters(rot.):    -0.1680E-04    0.2688E-05   -0.9983E-02
# Minimization at step:    87 with Value:     0.0000Tol(Act/Req):0.8049E-03/0.1000E-04
# With parameters(tra.):     0.4417E-06    0.5261E-05    0.6457E-01
# With parameters(rot.):    -0.1684E-04    0.2220E-05   -0.1062E-01
# Minimization at step:    88 with Value:     0.0000Tol(Act/Req):0.5832E-03/0.1000E-04
# With parameters(tra.):     0.3535E-06    0.5194E-05    0.6381E-01
# With parameters(rot.):    -0.1683E-04    0.2395E-05   -0.1089E-01
# Minimization at step:    89 with Value:     0.0000Tol(Act/Req):0.5703E-03/0.1000E-04
# With parameters(tra.):     0.4550E-06    0.5211E-05    0.6163E-01
# With parameters(rot.):    -0.1682E-04    0.2526E-05   -0.1076E-01
# Minimization at step:    90 with Value:     0.0000Tol(Act/Req):0.3210E-03/0.1000E-04
# With parameters(tra.):     0.7543E-06    0.5002E-05    0.5908E-01
# With parameters(rot.):    -0.1704E-04    0.2548E-05   -0.5159E-02
# Minimization at step:    91 with Value:     0.0000Tol(Act/Req):0.4309E-03/0.1000E-04
# With parameters(tra.):     0.7166E-06    0.5040E-05    0.5960E-01
# With parameters(rot.):    -0.1731E-04    0.2402E-05   -0.5007E-02
# Minimization at step:    92 with Value:     0.0000Tol(Act/Req):0.3511E-03/0.1000E-04
# With parameters(tra.):     0.7507E-06    0.4866E-05    0.5748E-01
# With parameters(rot.):    -0.1650E-04    0.2198E-05   -0.7430E-03
# Minimization at step:    93 with Value:     0.0000Tol(Act/Req):0.2987E-03/0.1000E-04
# With parameters(tra.):     0.7785E-06    0.4832E-05    0.5843E-01
# With parameters(rot.):    -0.1631E-04    0.2060E-05   -0.1594E-02
# Minimization at step:    94 with Value:     0.0000Tol(Act/Req):0.2901E-03/0.1000E-04
# With parameters(tra.):     0.7057E-06    0.4871E-05    0.5901E-01
# With parameters(rot.):    -0.1619E-04    0.2014E-05   -0.2697E-02
# Minimization at step:    95 with Value:     0.0000Tol(Act/Req):0.1753E-03/0.1000E-04
# With parameters(tra.):     0.6690E-06    0.5002E-05    0.6098E-01
# With parameters(rot.):    -0.1673E-04    0.2121E-05   -0.6384E-02
# Minimization at step:    96 with Value:     0.0000Tol(Act/Req):0.1675E-03/0.1000E-04
# With parameters(tra.):     0.7376E-06    0.4993E-05    0.5983E-01
# With parameters(rot.):    -0.1671E-04    0.2153E-05   -0.5951E-02
# Minimization at step:    97 with Value:     0.0000Tol(Act/Req):0.1248E-03/0.1000E-04
# With parameters(tra.):     0.6892E-06    0.4793E-05    0.5698E-01
# With parameters(rot.):    -0.1665E-04    0.2421E-05   -0.4856E-02
# Minimization at step:    98 with Value:     0.0000Tol(Act/Req):0.5518E-04/0.1000E-04
# With parameters(tra.):     0.6914E-06    0.4812E-05    0.5723E-01
# With parameters(rot.):    -0.1674E-04    0.2542E-05   -0.4291E-02
# Minimization at step:    99 with Value:     0.0000Tol(Act/Req):0.4077E-04/0.1000E-04
# With parameters(tra.):     0.7234E-06    0.4661E-05    0.5467E-01
# With parameters(rot.):    -0.1640E-04    0.2611E-05   -0.1136E-02
# Minimization at step:   100 with Value:     0.0000Tol(Act/Req):0.5930E-04/0.1000E-04
# With parameters(tra.):     0.7383E-06    0.4700E-05    0.5518E-01
# With parameters(rot.):    -0.1639E-04    0.2560E-05   -0.1100E-02
# Minimization at step:   101 with Value:     0.0000Tol(Act/Req):0.5716E-04/0.1000E-04
# With parameters(tra.):     0.7316E-06    0.4741E-05    0.5587E-01
# With parameters(rot.):    -0.1648E-04    0.2538E-05   -0.1886E-02
# Minimization at step:   102 with Value:     0.0000Tol(Act/Req):0.5938E-04/0.1000E-04
# With parameters(tra.):     0.6973E-06    0.4750E-05    0.5590E-01
# With parameters(rot.):    -0.1644E-04    0.2559E-05   -0.2370E-02
# Minimization at step:   103 with Value:     0.0000Tol(Act/Req):0.5833E-04/0.1000E-04
# With parameters(tra.):     0.6769E-06    0.4745E-05    0.5585E-01
# With parameters(rot.):    -0.1651E-04    0.2499E-05   -0.2074E-02
# Minimization at step:   104 with Value:     0.0000Tol(Act/Req):0.5700E-04/0.1000E-04
# With parameters(tra.):     0.6824E-06    0.4721E-05    0.5611E-01
# With parameters(rot.):    -0.1643E-04    0.2467E-05   -0.2540E-02
# Minimization at step:   105 with Value:     0.0000Tol(Act/Req):0.2952E-04/0.1000E-04
# With parameters(tra.):     0.7714E-06    0.4639E-05    0.5345E-01
# With parameters(rot.):    -0.1634E-04    0.2593E-05   -0.1038E-02
# Minimization at step:   106 with Value:     0.0000Tol(Act/Req):0.6835E-05/0.1000E-04
# With parameters(tra.):     0.7792E-06    0.4635E-05    0.5326E-01
# With parameters(rot.):    -0.1635E-04    0.2658E-05   -0.4842E-03
# CSM Values after y minimization.
# Final Number of optim. Steps:   106
#      Before min is:      0.07386579136
# Final CSM Value is:      0.00000000051
# Coordinates rotated along Z.
[molecule] Nrec=  11 Format=nscxyz
  c                1    6   -0.21943276D-04   0.35174663D-05  -0.71428571D+00
  h                2    1   -0.98739558D+00   0.15829988D+00   0.28573207D+00
  he               3    2   -0.99820939D+00   0.59262965D-01   0.28573198D+00
  h                4    1   -0.45566662D+00  -0.89019261D+00   0.28571978D+00
  he               5    2   -0.36479536D+00  -0.93109317D+00   0.28571807D+00
  h                6    1    0.70574683D+00  -0.70845188D+00   0.28569990D+00
  he               7    2    0.77276180D+00  -0.63473076D+00   0.28569893D+00
  h                8    1    0.89184335D+00   0.45232521D+00   0.28569990D+00
  he               9    2    0.84241541D+00   0.53884047D+00   0.28570101D+00
  h               10    1   -0.15454992D+00   0.98802291D+00   0.28571978D+00
  he              11    2   -0.25209566D+00   0.96770818D+00   0.28572143D+00
# Minimization at step:     0 with Value:     0.0054Tol(Act/Req):0.2000E+01/0.1000E-04
# With parameters(tra.):     0.1429E-01    0.1429E-01    0.1429E-01
# With parameters(rot.):     0.1429E-01    0.1429E-01    0.1429E-01
# Minimization at step:     1 with Value:     0.0037Tol(Act/Req):0.2000E+01/0.1000E-04
# With parameters(tra.):     0.7143E-02    0.1548E-01    0.1548E-01
# With parameters(rot.):     0.1548E-01    0.1548E-01    0.1548E-01
# Minimization at step:     2 with Value:     0.0019Tol(Act/Req):0.2000E+01/0.1000E-04
# With parameters(tra.):     0.8929E-02   -0.5655E-02    0.1935E-01
# With parameters(rot.):     0.1935E-01    0.1935E-01    0.1935E-01
# Minimization at step:     3 with Value:     0.0015Tol(Act/Req):0.2000E+01/0.1000E-04
# With parameters(tra.):     0.5506E-02   -0.6820E-02    0.2026E-01
# With parameters(rot.):     0.2026E-01    0.2026E-01    0.2026E-01
# Minimization at step:     4 with Value:     0.0011Tol(Act/Req):0.2000E+01/0.1000E-04
# With parameters(tra.):     0.4923E-02   -0.3396E-02    0.1969E-01
# With parameters(rot.):     0.1969E-01    0.1969E-01    0.1969E-01
# Minimization at step:     5 with Value:     0.0008Tol(Act/Req):0.2000E+01/0.1000E-04
# With parameters(tra.):     0.5333E-02   -0.3679E-02    0.2134E-01
# With parameters(rot.):     0.1300E-01    0.2134E-01    0.2134E-01
# Minimization at step:     6 with Value:     0.0005Tol(Act/Req):0.2000E+01/0.1000E-04
# With parameters(tra.):     0.5778E-02   -0.3985E-02    0.2311E-01
# With parameters(rot.):     0.1409E-01    0.1478E-01    0.2311E-01
# Minimization at step:     7 with Value:     0.0004Tol(Act/Req):0.2000E+01/0.1000E-04
# With parameters(tra.):     0.4089E-02   -0.4332E-02    0.2381E-01
# With parameters(rot.):     0.1403E-01    0.1478E-01    0.2381E-01
# Minimization at step:     8 with Value:     0.0003Tol(Act/Req):0.2000E+01/0.1000E-04
# With parameters(tra.):     0.3006E-02    0.5711E-03    0.2399E-01
# With parameters(rot.):     0.1176E-01    0.1270E-01    0.2399E-01
# Minimization at step:     9 with Value:     0.0003Tol(Act/Req):0.2000E+01/0.1000E-04
# With parameters(tra.):     0.3051E-02    0.1422E-02    0.2815E-01
# With parameters(rot.):    -0.2037E-02    0.1311E-01    0.2815E-01
# Minimization at step:    10 with Value:     0.0002Tol(Act/Req):0.2000E+01/0.1000E-04
# With parameters(tra.):     0.3036E-02    0.2314E-02    0.3208E-01
# With parameters(rot.):    -0.4442E-02    0.2855E-02    0.3208E-01
# Minimization at step:    11 with Value:     0.0001Tol(Act/Req):0.2000E+01/0.1000E-04
# With parameters(tra.):     0.3024E-02    0.2175E-02    0.3136E-01
# With parameters(rot.):    -0.1193E-02    0.1899E-02    0.3136E-01
# Minimization at step:    12 with Value:     0.0001Tol(Act/Req):0.2000E+01/0.1000E-04
# With parameters(tra.):     0.2091E-02    0.2544E-02    0.3234E-01
# With parameters(rot.):    -0.2489E-02    0.8265E-03    0.3234E-01
# Minimization at step:    13 with Value:     0.0001Tol(Act/Req):0.2000E+01/0.1000E-04
# With parameters(tra.):     0.2195E-02    0.1892E-02    0.3301E-01
# With parameters(rot.):    -0.3299E-02    0.1837E-03    0.3301E-01
# Minimization at step:    14 with Value:     0.0000Tol(Act/Req):0.2000E+01/0.1000E-04
# With parameters(tra.):     0.1992E-02    0.1340E-02    0.3128E-01
# With parameters(rot.):    -0.1810E-02    0.4642E-02    0.3128E-01
# Minimization at step:    15 with Value:     0.0000Tol(Act/Req):0.2000E+01/0.1000E-04
# With parameters(tra.):     0.1900E-02    0.1201E-02    0.3091E-01
# With parameters(rot.):    -0.2374E-03    0.4393E-02    0.3091E-01
# Minimization at step:    16 with Value:     0.0000Tol(Act/Req):0.2000E+01/0.1000E-04
# With parameters(tra.):     0.4524E-03    0.1419E-02    0.3202E-01
# With parameters(rot.):    -0.1619E-02    0.3675E-02    0.3202E-01
# Minimization at step:    17 with Value:     0.0000Tol(Act/Req):0.2000E+01/0.1000E-04
# With parameters(tra.):     0.1731E-03    0.3219E-03    0.3278E-01
# With parameters(rot.):    -0.2413E-02    0.3584E-02    0.3278E-01
# Minimization at step:    18 with Value:     0.0000Tol(Act/Req):0.1999E+01/0.1000E-04
# With parameters(tra.):    -0.2980E-03    0.3501E-03    0.3443E-01
# With parameters(rot.):    -0.3607E-02    0.2592E-03    0.3443E-01
# Minimization at step:    19 with Value:     0.0000Tol(Act/Req):0.1999E+01/0.1000E-04
# With parameters(tra.):    -0.1215E-02   -0.2112E-03    0.3488E-01
# With parameters(rot.):    -0.1584E-02   -0.1617E-02    0.3488E-01
# Minimization at step:    20 with Value:     0.0000Tol(Act/Req):0.1999E+01/0.1000E-04
# With parameters(tra.):    -0.1050E-02   -0.4265E-03    0.3337E-01
# With parameters(rot.):     0.2839E-03    0.1082E-02    0.3337E-01
# Minimization at step:    21 with Value:     0.0000Tol(Act/Req):0.1999E+01/0.1000E-04
# With parameters(tra.):    -0.8066E-03   -0.3041E-03    0.3313E-01
# With parameters(rot.):    -0.6621E-04    0.1776E-02    0.3313E-01
# Minimization at step:    22 with Value:     0.0000Tol(Act/Req):0.1999E+01/0.1000E-04
# With parameters(tra.):    -0.8699E-03   -0.1120E-03    0.3420E-01
# With parameters(rot.):    -0.1554E-02   -0.7466E-04    0.3420E-01
# Minimization at step:    23 with Value:     0.0000Tol(Act/Req):0.1999E+01/0.1000E-04
# With parameters(tra.):    -0.4768E-03   -0.6037E-03    0.3419E-01
# With parameters(rot.):    -0.8474E-03   -0.6534E-03    0.3419E-01
# Minimization at step:    24 with Value:     0.0000Tol(Act/Req):0.1998E+01/0.1000E-04
# With parameters(tra.):    -0.4996E-03   -0.2865E-03    0.3417E-01
# With parameters(rot.):    -0.5873E-04   -0.1667E-02    0.3417E-01
# Minimization at step:    25 with Value:     0.0000Tol(Act/Req):0.1998E+01/0.1000E-04
# With parameters(tra.):     0.8884E-04   -0.3582E-04    0.3404E-01
# With parameters(rot.):    -0.7565E-03   -0.1427E-02    0.3404E-01
# Minimization at step:    26 with Value:     0.0000Tol(Act/Req):0.1997E+01/0.1000E-04
# With parameters(tra.):     0.4506E-03   -0.1385E-03    0.3328E-01
# With parameters(rot.):     0.5017E-03   -0.6437E-03    0.3328E-01
# Minimization at step:    27 with Value:     0.0000Tol(Act/Req):0.1997E+01/0.1000E-04
# With parameters(tra.):     0.3337E-03   -0.2097E-03    0.3324E-01
# With parameters(rot.):     0.7810E-03   -0.6384E-03    0.3324E-01
# Minimization at step:    28 with Value:     0.0000Tol(Act/Req):0.1996E+01/0.1000E-04
# With parameters(tra.):     0.2335E-03   -0.1900E-03    0.3343E-01
# With parameters(rot.):     0.4897E-03   -0.8338E-03    0.3343E-01
# Minimization at step:    29 with Value:     0.0000Tol(Act/Req):0.1995E+01/0.1000E-04
# With parameters(tra.):     0.2145E-03    0.1593E-03    0.3325E-01
# With parameters(rot.):     0.4704E-03   -0.5895E-03    0.3325E-01
# Minimization at step:    30 with Value:     0.0000Tol(Act/Req):0.1991E+01/0.1000E-04
# With parameters(tra.):     0.4044E-03    0.1121E-03    0.3303E-01
# With parameters(rot.):     0.2084E-03    0.1867E-03    0.3303E-01
# Minimization at step:    31 with Value:     0.0000Tol(Act/Req):0.1991E+01/0.1000E-04
# With parameters(tra.):     0.1941E-03    0.7696E-04    0.3289E-01
# With parameters(rot.):     0.5761E-03    0.4722E-03    0.3289E-01
# Minimization at step:    32 with Value:     0.0000Tol(Act/Req):0.1988E+01/0.1000E-04
# With parameters(tra.):     0.3392E-04    0.1733E-03    0.3304E-01
# With parameters(rot.):     0.1608E-03    0.5056E-03    0.3304E-01
# Minimization at step:    33 with Value:     0.0000Tol(Act/Req):0.1985E+01/0.1000E-04
# With parameters(tra.):     0.7316E-04    0.1901E-03    0.3309E-01
# With parameters(rot.):     0.3428E-04    0.4370E-03    0.3309E-01
# Minimization at step:    34 with Value:     0.0000Tol(Act/Req):0.1983E+01/0.1000E-04
# With parameters(tra.):     0.4731E-04    0.2318E-04    0.3314E-01
# With parameters(rot.):    -0.6513E-04    0.5715E-03    0.3314E-01
# Minimization at step:    35 with Value:     0.0000Tol(Act/Req):0.1960E+01/0.1000E-04
# With parameters(tra.):    -0.1410E-04    0.2363E-04    0.3319E-01
# With parameters(rot.):    -0.4425E-04    0.4742E-03    0.3319E-01
# Minimization at step:    36 with Value:     0.0000Tol(Act/Req):0.1960E+01/0.1000E-04
# With parameters(tra.):     0.3530E-04    0.1770E-05    0.3331E-01
# With parameters(rot.):    -0.3235E-03    0.3494E-03    0.3331E-01
# Minimization at step:    37 with Value:     0.0000Tol(Act/Req):0.1954E+01/0.1000E-04
# With parameters(tra.):     0.6211E-04   -0.2858E-04    0.3331E-01
# With parameters(rot.):    -0.2946E-03    0.3309E-03    0.3331E-01
# Minimization at step:    38 with Value:     0.0000Tol(Act/Req):0.1949E+01/0.1000E-04
# With parameters(tra.):     0.3176E-04   -0.1977E-04    0.3322E-01
# With parameters(rot.):    -0.7799E-04    0.4198E-03    0.3322E-01
# Minimization at step:    39 with Value:     0.0000Tol(Act/Req):0.1940E+01/0.1000E-04
# With parameters(tra.):     0.4381E-04    0.7720E-04    0.3321E-01
# With parameters(rot.):    -0.1601E-04    0.2796E-03    0.3321E-01
# Minimization at step:    40 with Value:     0.0000Tol(Act/Req):0.1925E+01/0.1000E-04
# With parameters(tra.):    -0.3383E-04    0.9126E-04    0.3328E-01
# With parameters(rot.):     0.2237E-04    0.8494E-04    0.3328E-01
# Minimization at step:    41 with Value:     0.0000Tol(Act/Req):0.1867E+01/0.1000E-04
# With parameters(tra.):    -0.4331E-04    0.6819E-04    0.3329E-01
# With parameters(rot.):     0.1007E-04    0.1038E-03    0.3329E-01
# Minimization at step:    42 with Value:     0.0000Tol(Act/Req):0.1860E+01/0.1000E-04
# With parameters(tra.):    -0.2946E-04    0.4687E-04    0.3328E-01
# With parameters(rot.):     0.1295E-03    0.1914E-04    0.3328E-01
# Minimization at step:    43 with Value:     0.0000Tol(Act/Req):0.1786E+01/0.1000E-04
# With parameters(tra.):    -0.2950E-04    0.5095E-04    0.3330E-01
# With parameters(rot.):     0.1107E-03   -0.2907E-04    0.3330E-01
# Minimization at step:    44 with Value:     0.0000Tol(Act/Req):0.1760E+01/0.1000E-04
# With parameters(tra.):     0.2370E-04    0.2814E-04    0.3326E-01
# With parameters(rot.):     0.1146E-03    0.6266E-04    0.3326E-01
# Minimization at step:    45 with Value:     0.0000Tol(Act/Req):0.1711E+01/0.1000E-04
# With parameters(tra.):     0.2623E-04   -0.1648E-04    0.3326E-01
# With parameters(rot.):     0.1223E-03    0.8065E-04    0.3326E-01
# Minimization at step:    46 with Value:     0.0000Tol(Act/Req):0.1627E+01/0.1000E-04
# With parameters(tra.):    -0.1304E-04   -0.1053E-04    0.3330E-01
# With parameters(rot.):     0.1213E-03    0.1634E-04    0.3330E-01
# Minimization at step:    47 with Value:     0.0000Tol(Act/Req):0.1593E+01/0.1000E-04
# With parameters(tra.):    -0.1680E-04   -0.1544E-04    0.3331E-01
# With parameters(rot.):     0.3890E-04    0.7184E-04    0.3331E-01
# Minimization at step:    48 with Value:     0.0000Tol(Act/Req):0.1525E+01/0.1000E-04
# With parameters(tra.):    -0.1369E-04   -0.2591E-04    0.3334E-01
# With parameters(rot.):    -0.7276E-05    0.2475E-04    0.3334E-01
# Minimization at step:    49 with Value:     0.0000Tol(Act/Req):0.1346E+01/0.1000E-04
# With parameters(tra.):    -0.1249E-04   -0.2555E-04    0.3334E-01
# With parameters(rot.):     0.9474E-05    0.6950E-05    0.3334E-01
# Minimization at step:    50 with Value:     0.0000Tol(Act/Req):0.1241E+01/0.1000E-04
# With parameters(tra.):    -0.2344E-04   -0.5510E-05    0.3336E-01
# With parameters(rot.):    -0.2257E-04   -0.2046E-04    0.3336E-01
# Minimization at step:    51 with Value:     0.0000Tol(Act/Req):0.9253E+00/0.1000E-04
# With parameters(tra.):    -0.1776E-04   -0.6085E-05    0.3336E-01
# With parameters(rot.):    -0.3439E-04   -0.1281E-04    0.3336E-01
# Minimization at step:    52 with Value:     0.0000Tol(Act/Req):0.9250E+00/0.1000E-04
# With parameters(tra.):    -0.1760E-04   -0.4285E-05    0.3336E-01
# With parameters(rot.):    -0.2967E-04   -0.2336E-04    0.3336E-01
# Minimization at step:    53 with Value:     0.0000Tol(Act/Req):0.6631E+00/0.1000E-04
# With parameters(tra.):    -0.1844E-04   -0.7380E-06    0.3335E-01
# With parameters(rot.):    -0.2384E-04   -0.1952E-04    0.3335E-01
# Minimization at step:    54 with Value:     0.0000Tol(Act/Req):0.6083E+00/0.1000E-04
# With parameters(tra.):    -0.1172E-04   -0.9566E-05    0.3335E-01
# With parameters(rot.):    -0.8141E-05   -0.5578E-05    0.3335E-01
# Minimization at step:    55 with Value:     0.0000Tol(Act/Req):0.3984E+00/0.1000E-04
# With parameters(tra.):    -0.8380E-05   -0.1014E-04    0.3334E-01
# With parameters(rot.):    -0.1187E-04   -0.1150E-05    0.3334E-01
# Minimization at step:    56 with Value:     0.0000Tol(Act/Req):0.3945E+00/0.1000E-04
# With parameters(tra.):    -0.4985E-05   -0.8496E-05    0.3334E-01
# With parameters(rot.):     0.3508E-05   -0.1484E-04    0.3334E-01
# Minimization at step:    57 with Value:     0.0000Tol(Act/Req):0.3252E+00/0.1000E-04
# With parameters(tra.):    -0.4285E-05   -0.7370E-05    0.3334E-01
# With parameters(rot.):     0.8702E-05   -0.1253E-04    0.3334E-01
# Minimization at step:    58 with Value:     0.0000Tol(Act/Req):0.2473E+00/0.1000E-04
# With parameters(tra.):    -0.5075E-05   -0.7687E-05    0.3334E-01
# With parameters(rot.):     0.5291E-05   -0.8915E-05    0.3334E-01
# Minimization at step:    59 with Value:     0.0000Tol(Act/Req):0.2347E+00/0.1000E-04
# With parameters(tra.):    -0.7341E-05   -0.1176E-05    0.3334E-01
# With parameters(rot.):    -0.6990E-06   -0.1932E-04    0.3334E-01
# Minimization at step:    60 with Value:     0.0000Tol(Act/Req):0.1728E+00/0.1000E-04
# With parameters(tra.):    -0.3101E-06    0.6586E-06    0.3334E-01
# With parameters(rot.):    -0.4427E-05   -0.1652E-04    0.3334E-01
# Minimization at step:    61 with Value:     0.0000Tol(Act/Req):0.1364E+00/0.1000E-04
# With parameters(tra.):     0.8422E-06   -0.8165E-06    0.3334E-01
# With parameters(rot.):    -0.3240E-05   -0.1369E-04    0.3334E-01
# Minimization at step:    62 with Value:     0.0000Tol(Act/Req):0.1247E+00/0.1000E-04
# With parameters(tra.):     0.1619E-05    0.2930E-06    0.3334E-01
# With parameters(rot.):    -0.1638E-05   -0.1263E-04    0.3334E-01
# Minimization at step:    63 with Value:     0.0000Tol(Act/Req):0.1192E+00/0.1000E-04
# With parameters(tra.):     0.2236E-07   -0.1960E-06    0.3334E-01
# With parameters(rot.):    -0.4735E-06   -0.1301E-04    0.3334E-01
# Minimization at step:    64 with Value:     0.0000Tol(Act/Req):0.4493E-01/0.1000E-04
# With parameters(tra.):     0.1407E-06    0.1665E-05    0.3334E-01
# With parameters(rot.):    -0.9216E-05   -0.7139E-05    0.3334E-01
# Minimization at step:    65 with Value:     0.0000Tol(Act/Req):0.3794E-01/0.1000E-04
# With parameters(tra.):     0.6583E-06    0.1135E-05    0.3334E-01
# With parameters(rot.):    -0.9121E-05   -0.5176E-05    0.3334E-01
# Minimization at step:    66 with Value:     0.0000Tol(Act/Req):0.3224E-01/0.1000E-04
# With parameters(tra.):     0.1892E-05    0.3634E-05    0.3333E-01
# With parameters(rot.):    -0.8411E-05   -0.5741E-06    0.3333E-01
# Minimization at step:    67 with Value:     0.0000Tol(Act/Req):0.2180E-01/0.1000E-04
# With parameters(tra.):    -0.3570E-07    0.3858E-05    0.3333E-01
# With parameters(rot.):    -0.8650E-05    0.1971E-05    0.3333E-01
# Minimization at step:    68 with Value:     0.0000Tol(Act/Req):0.1094E-01/0.1000E-04
# With parameters(tra.):    -0.5048E-06    0.3252E-05    0.3334E-01
# With parameters(rot.):    -0.8847E-05    0.1032E-05    0.3334E-01
# Minimization at step:    69 with Value:     0.0000Tol(Act/Req):0.1308E-01/0.1000E-04
# With parameters(tra.):    -0.3429E-06    0.3163E-05    0.3333E-01
# With parameters(rot.):    -0.8776E-05    0.2531E-05    0.3333E-01
# Minimization at step:    70 with Value:     0.0000Tol(Act/Req):0.1277E-01/0.1000E-04
# With parameters(tra.):    -0.4128E-06    0.2823E-05    0.3333E-01
# With parameters(rot.):    -0.6554E-05    0.1871E-05    0.3333E-01
# Minimization at step:    71 with Value:     0.0000Tol(Act/Req):0.1277E-01/0.1000E-04
# With parameters(tra.):    -0.5504E-06    0.3763E-05    0.4445E-01
# With parameters(rot.):    -0.8738E-05    0.2494E-05    0.1111E-01
# Minimization at step:    72 with Value:     0.0000Tol(Act/Req):0.1277E-01/0.1000E-04
# With parameters(tra.):    -0.7338E-06    0.5018E-05    0.5926E-01
# With parameters(rot.):    -0.1165E-04    0.3325E-05    0.1482E-01
# Minimization at step:    73 with Value:     0.0000Tol(Act/Req):0.1060E-01/0.1000E-04
# With parameters(tra.):    -0.7950E-06    0.5436E-05    0.5587E-01
# With parameters(rot.):    -0.1262E-04    0.3603E-05    0.1605E-01
# Minimization at step:    74 with Value:     0.0000Tol(Act/Req):0.7691E-02/0.1000E-04
# With parameters(tra.):     0.2372E-06    0.5813E-05    0.6338E-01
# With parameters(rot.):    -0.1379E-04    0.2450E-05    0.1029E-01
# Minimization at step:    75 with Value:     0.0000Tol(Act/Req):0.5140E-02/0.1000E-04
# With parameters(tra.):    -0.4537E-06    0.5454E-05    0.7339E-01
# With parameters(rot.):    -0.1583E-04    0.1046E-05    0.2610E-02
# Minimization at step:    76 with Value:     0.0000Tol(Act/Req):0.4536E-02/0.1000E-04
# With parameters(tra.):    -0.3820E-06    0.5600E-05    0.7673E-01
# With parameters(rot.):    -0.1638E-04    0.1672E-05    0.4889E-04
# Minimization at step:    77 with Value:     0.0000Tol(Act/Req):0.4134E-02/0.1000E-04
# With parameters(tra.):    -0.2033E-06    0.5702E-05    0.7450E-01
# With parameters(rot.):    -0.1592E-04    0.2075E-05    0.1756E-02
# Minimization at step:    78 with Value:     0.0000Tol(Act/Req):0.3430E-02/0.1000E-04
# With parameters(tra.):     0.6691E-07    0.4932E-05    0.6720E-01
# With parameters(rot.):    -0.1480E-04    0.1139E-05   -0.4288E-02
# Minimization at step:    79 with Value:     0.0000Tol(Act/Req):0.3207E-02/0.1000E-04
# With parameters(tra.):     0.1907E-06    0.5434E-05    0.6494E-01
# With parameters(rot.):    -0.1680E-04    0.9387E-06   -0.7520E-02
# Minimization at step:    80 with Value:     0.0000Tol(Act/Req):0.1507E-02/0.1000E-04
# With parameters(tra.):    -0.7126E-07    0.5308E-05    0.6320E-01
# With parameters(rot.):    -0.1676E-04    0.1101E-05   -0.7564E-02
# Minimization at step:    81 with Value:     0.0000Tol(Act/Req):0.1133E-02/0.1000E-04
# With parameters(tra.):     0.3065E-08    0.5201E-05    0.6198E-01
# With parameters(rot.):    -0.1688E-04    0.8289E-06   -0.3565E-02
# Minimization at step:    82 with Value:     0.0000Tol(Act/Req):0.9590E-03/0.1000E-04
# With parameters(tra.):     0.2069E-06    0.5321E-05    0.6330E-01
# With parameters(rot.):    -0.1784E-04    0.1557E-05   -0.8309E-02
# Minimization at step:    83 with Value:     0.0000Tol(Act/Req):0.9186E-03/0.1000E-04
# With parameters(tra.):     0.7011E-06    0.5398E-05    0.5512E-01
# With parameters(rot.):    -0.1755E-04    0.2190E-05   -0.8251E-02
# Minimization at step:    84 with Value:     0.0000Tol(Act/Req):0.1186E-02/0.1000E-04
# With parameters(tra.):     0.7089E-06    0.5565E-05    0.5533E-01
# With parameters(rot.):    -0.1796E-04    0.2434E-05   -0.7574E-02
# Minimization at step:    85 with Value:     0.0000Tol(Act/Req):0.1135E-02/0.1000E-04
# With parameters(tra.):     0.7674E-06    0.5624E-05    0.5716E-01
# With parameters(rot.):    -0.1780E-04    0.2150E-05   -0.1098E-01
# Minimization at step:    86 with Value:     0.0000Tol(Act/Req):0.9603E-03/0.1000E-04
# With parameters(tra.):     0.8772E-06    0.5353E-05    0.5607E-01
# With parameters(rot.):    -0.1680E-04    0.2688E-05   -0.9983E-02
# Minimization at step:    87 with Value:     0.0000Tol(Act/Req):0.8049E-03/0.1000E-04
# With parameters(tra.):     0.4417E-06    0.5261E-05    0.6457E-01
# With parameters(rot.):    -0.1684E-04    0.2220E-05   -0.1062E-01
# Minimization at step:    88 with Value:     0.0000Tol(Act/Req):0.5832E-03/0.1000E-04
# With parameters(tra.):     0.3535E-06    0.5194E-05    0.6381E-01
# With parameters(rot.):    -0.1683E-04    0.2395E-05   -0.1089E-01
# Minimization at step:    89 with Value:     0.0000Tol(Act/Req):0.5703E-03/0.1000E-04
# With parameters(tra.):     0.4550E-06    0.5211E-05    0.6163E-01
# With parameters(rot.):    -0.1682E-04    0.2526E-05   -0.1076E-01
# Minimization at step:    90 with Value:     0.0000Tol(Act/Req):0.3210E-03/0.1000E-04
# With parameters(tra.):     0.7543E-06    0.5002E-05    0.5908E-01
# With parameters(rot.):    -0.1704E-04    0.2548E-05   -0.5159E-02
# Minimization at step:    91 with Value:     0.0000Tol(Act/Req):0.4309E-03/0.1000E-04
# With parameters(tra.):     0.7166E-06    0.5040E-05    0.5960E-01
# With parameters(rot.):    -0.1731E-04    0.2402E-05   -0.5007E-02
# Minimization at step:    92 with Value:     0.0000Tol(Act/Req):0.3511E-03/0.1000E-04
# With parameters(tra.):     0.7507E-06    0.4866E-05    0.5748E-01
# With parameters(rot.):    -0.1650E-04    0.2198E-05   -0.7430E-03
# Minimization at step:    93 with Value:     0.0000Tol(Act/Req):0.2987E-03/0.1000E-04
# With parameters(tra.):     0.7785E-06    0.4832E-05    0.5843E-01
# With parameters(rot.):    -0.1631E-04    0.2060E-05   -0.1594E-02
# Minimization at step:    94 with Value:     0.0000Tol(Act/Req):0.2901E-03/0.1000E-04
# With parameters(tra.):     0.7057E-06    0.4871E-05    0.5901E-01
# With parameters(rot.):    -0.1619E-04    0.2014E-05   -0.2697E-02
# Minimization at step:    95 with Value:     0.0000Tol(Act/Req):0.1753E-03/0.1000E-04
# With parameters(tra.):     0.6690E-06    0.5002E-05    0.6098E-01
# With parameters(rot.):    -0.1673E-04    0.2121E-05   -0.6384E-02
# Minimization at step:    96 with Value:     0.0000Tol(Act/Req):0.1675E-03/0.1000E-04
# With parameters(tra.):     0.7376E-06    0.4993E-05    0.5983E-01
# With parameters(rot.):    -0.1671E-04    0.2153E-05   -0.5951E-02
# Minimization at step:    97 with Value:     0.0000Tol(Act/Req):0.1248E-03/0.1000E-04
# With parameters(tra.):     0.6892E-06    0.4793E-05    0.5698E-01
# With parameters(rot.):    -0.1665E-04    0.2421E-05   -0.4856E-02
# Minimization at step:    98 with Value:     0.0000Tol(Act/Req):0.5518E-04/0.1000E-04
# With parameters(tra.):     0.6914E-06    0.4812E-05    0.5723E-01
# With parameters(rot.):    -0.1674E-04    0.2542E-05   -0.4291E-02
# Minimization at step:    99 with Value:     0.0000Tol(Act/Req):0.4077E-04/0.1000E-04
# With parameters(tra.):     0.7234E-06    0.4661E-05    0.5467E-01
# With parameters(rot.):    -0.1640E-04    0.2611E-05   -0.1136E-02
# Minimization at step:   100 with Value:     0.0000Tol(Act/Req):0.5930E-04/0.1000E-04
# With parameters(tra.):     0.7383E-06    0.4700E-05    0.5518E-01
# With parameters(rot.):    -0.1639E-04    0.2560E-05   -0.1100E-02
# Minimization at step:   101 with Value:     0.0000Tol(Act/Req):0.5716E-04/0.1000E-04
# With parameters(tra.):     0.7316E-06    0.4741E-05    0.5587E-01
# With parameters(rot.):    -0.1648E-04    0.2538E-05   -0.1886E-02
# Minimization at step:   102 with Value:     0.0000Tol(Act/Req):0.5938E-04/0.1000E-04
# With parameters(tra.):     0.6973E-06    0.4750E-05    0.5590E-01
# With parameters(rot.):    -0.1644E-04    0.2559E-05   -0.2370E-02
# Minimization at step:   103 with Value:     0.0000Tol(Act/Req):0.5833E-04/0.1000E-04
# With parameters(tra.):     0.6769E-06    0.4745E-05    0.5585E-01
# With parameters(rot.):    -0.1651E-04    0.2499E-05   -0.2074E-02
# Minimization at step:   104 with Value:     0.0000Tol(Act/Req):0.5700E-04/0.1000E-04
# With parameters(tra.):     0.6824E-06    0.4721E-05    0.5611E-01
# With parameters(rot.):    -0.1643E-04    0.2467E-05   -0.2540E-02
# Minimization at step:   105 with Value:     0.0000Tol(Act/Req):0.2952E-04/0.1000E-04
# With parameters(tra.):     0.7714E-06    0.4639E-05    0.5345E-01
# With parameters(rot.):    -0.1634E-04    0.2593E-05   -0.1038E-02
# Minimization at step:   106 with Value:     0.0000Tol(Act/Req):0.6835E-05/0.1000E-04
# With parameters(tra.):     0.7792E-06    0.4635E-05    0.5326E-01
# With parameters(rot.):    -0.1635E-04    0.2658E-05   -0.4842E-03
# CSM Values after z minimization.
# Final Number of optim. Steps:   106
#      Before min is:      0.00000000058
# Final CSM Simplex Value is:      0.00000000051
# CSM Summary.
#    Inizial CSM Value is:      0.00000000058
#   After optimization is:      0.00000000051
#          Along x axe is:      0.00000000051
#          Along y axe is:      0.00000000051
#          Along z axe is:      0.00000000051
# The Lowest CSM Value is:      0.00000000051
#    Obtained CSM in % is:      0.00000005063
