# [csmmod_rdinput] messages reinitialized.
# MESLOG:[csmmod_rdinput] messages reinitialized.
# Input  file unit is: 5
# Input  file name is:stdin
# Output file unit is: 6
# Output file name is:stdout
# Error  file unit is: 6
# Error  file name is:stderr
# Log    file unit is: 6
# Log    file name is:stdlog
# MESLOG:[csm_rdinput] molecule_init called with debug.
[molecule] Nrec=   7 Format=nscxyz
  c                1    6    0.00000000D+00   0.00000000D+00   0.00000000D+00
  h                2    1    0.00000000D+00   0.10000000D+01   0.10000000D+01
  h                3    1    0.86600000D+00   0.50000000D+00   0.10000000D+01
  h                4    1    0.86600000D+00  -0.50000000D+00   0.10000000D+01
  h                5    1    0.00000000D+00  -0.10000000D+01   0.10000000D+01
  h                6    1   -0.86600000D+00  -0.50000000D+00   0.10000000D+01
  h                7    1   -0.86600000D+00   0.50000000D+00   0.10000000D+01
# Molecule moved to the center of mass
# Shift Vector is:        0.00000000       0.00000000       0.26458853
# Inertia Tensor: (Before Diagonalization)
# Up Diagonal Columnwise
#    0.16801702D+01  -0.00000000D+00   0.16801209D+01  -0.00000000D+00   0.27755576D-16   0.16801209D+01
# Inertia Tensor: (Full Matrix)
# 1,1 - 1,3           0.16801702D+01  -0.00000000D+00  -0.00000000D+00
# 2,1 - 2,3          -0.00000000D+00   0.16801209D+01   0.27755576D-16
# 3,1 - 3,3          -0.00000000D+00   0.27755576D-16   0.16801209D+01
# Inertia Tensor
# Inertia EigenValues:     0.16801209D+01   0.16801209D+01   0.16801702D+01
# Eigen Vectors:
# 1,1 - 1,3           0.00000000D+00   0.00000000D+00   0.10000000D+01
# 2,1 - 2,3           0.10000000D+01   0.00000000D+00   0.00000000D+00
# 3,1 - 3,3           0.00000000D+00   0.10000000D+01   0.00000000D+00
# Molecule Rotated to match inertia axes
[molecule] Nrec=   7 Format=nscxyz
  c                1    6    0.00000000D+00  -0.50000000D+00   0.00000000D+00
  h                2    1    0.10000000D+01   0.50000000D+00   0.00000000D+00
  h                3    1    0.50000000D+00   0.50000000D+00   0.86600000D+00
  h                4    1   -0.50000000D+00   0.50000000D+00   0.86600000D+00
  h                5    1   -0.10000000D+01   0.50000000D+00   0.00000000D+00
  h                6    1   -0.50000000D+00   0.50000000D+00  -0.86600000D+00
  h                7    1    0.50000000D+00   0.50000000D+00  -0.86600000D+00
# Initial Integrals follow ...
# INT: Number of electrons from integrated RHO:     12.00000049452
# INT: \int \rho \rho dr:      21.74013569932
# INT: \int \rho \tilde{\rho} dr/ng:      16.67025450848
# INT: \int \rho \tilde{\rho}m dr/ng:      15.22091212852
#  DEBUG     \int rr  =     21.74013569932
#  DEBUG     \int rr~ =     16.67025450848
#  DEBUG     \int rr~ =     16.67025450848
#  DEBUG     CSM value =      0.23320375093
#  DEBUG     CSM value =      0.23320375093
# Number of electrons =     12.00000049452
# Initial rho^2 value =     21.74013569932
#  Initial rrii value =      9.89290383196
#  Initial rrij value =     11.84723186736
#  Initial imj  value =     16.67025450848
#  Initial impj value =     15.22091212852
#  Initial CSM  value =      0.23320375093
#  Initial CSM% value =     23.32037509315
[molecule] Nrec=   7 Format=nscxyz
  c                1    6    0.00000000D+00  -0.50000000D+00   0.00000000D+00
  h                2    1    0.10000000D+01   0.50000000D+00   0.00000000D+00
  h                3    1    0.50000000D+00   0.50000000D+00   0.86600000D+00
  h                4    1   -0.50000000D+00   0.50000000D+00   0.86600000D+00
  h                5    1   -0.10000000D+01   0.50000000D+00   0.00000000D+00
  h                6    1   -0.50000000D+00   0.50000000D+00  -0.86600000D+00
  h                7    1    0.50000000D+00   0.50000000D+00  -0.86600000D+00
# Request Simplex: Run it with internal procedure. NOT IMPLEMENTED!
# Request for Simplex: Initial Coordinates.
[molecule] Nrec=   7 Format=nscxyz
  c                1    6    0.00000000D+00  -0.50000000D+00   0.00000000D+00
  h                2    1    0.10000000D+01   0.50000000D+00   0.00000000D+00
  h                3    1    0.50000000D+00   0.50000000D+00   0.86600000D+00
  h                4    1   -0.50000000D+00   0.50000000D+00   0.86600000D+00
  h                5    1   -0.10000000D+01   0.50000000D+00   0.00000000D+00
  h                6    1   -0.50000000D+00   0.50000000D+00  -0.86600000D+00
  h                7    1    0.50000000D+00   0.50000000D+00  -0.86600000D+00
# Minimization at step:     0 with Value:     0.2466Tol(Act/Req):0.2999E+00/0.1000E-04
# With parameters(tra.):     0.1429E-01    0.1429E-01    0.1429E-01
# With parameters(rot.):     0.1429E-01    0.1429E-01    0.1429E-01
# Minimization at step:     1 with Value:     0.2201Tol(Act/Req):0.6538E+00/0.1000E-04
# With parameters(tra.):     0.2143E-01   -0.2857E-01    0.2143E-01
# With parameters(rot.):     0.2143E-01    0.2143E-01    0.2143E-01
# Minimization at step:     2 with Value:     0.2126Tol(Act/Req):0.5925E+00/0.1000E-04
# With parameters(tra.):    -0.4762E-02   -0.3810E-01    0.2857E-01
# With parameters(rot.):     0.2857E-01    0.2857E-01    0.2857E-01
# Minimization at step:     3 with Value:     0.2037Tol(Act/Req):0.5920E+00/0.1000E-04
# With parameters(tra.):    -0.6349E-02   -0.5079E-01    0.3810E-01
# With parameters(rot.):     0.3810E-01    0.4762E-02    0.3810E-01
# Minimization at step:     4 with Value:     0.1926Tol(Act/Req):0.5917E+00/0.1000E-04
# With parameters(tra.):    -0.8466E-02   -0.6772E-01    0.5079E-01
# With parameters(rot.):     0.5079E-01    0.6349E-02    0.1746E-01
# Minimization at step:     5 with Value:     0.1793Tol(Act/Req):0.5917E+00/0.1000E-04
# With parameters(tra.):    -0.1129E-01   -0.9030E-01    0.6772E-01
# With parameters(rot.):     0.6772E-01    0.8466E-02    0.2328E-01
# Minimization at step:     6 with Value:     0.1642Tol(Act/Req):0.5823E+00/0.1000E-04
# With parameters(tra.):    -0.1505E-01   -0.1204E+00    0.5697E-01
# With parameters(rot.):     0.9030E-01    0.1129E-01    0.3104E-01
# Minimization at step:     7 with Value:     0.1500Tol(Act/Req):0.4371E+00/0.1000E-04
# With parameters(tra.):    -0.2007E-01   -0.1605E+00    0.7596E-01
# With parameters(rot.):     0.8707E-01    0.1505E-01    0.4139E-01
# Minimization at step:     8 with Value:     0.1419Tol(Act/Req):0.2975E+00/0.1000E-04
# With parameters(tra.):     0.1022E-02   -0.1918E+00    0.8461E-01
# With parameters(rot.):     0.9942E-01    0.3400E-02    0.3852E-01
# Minimization at step:     9 with Value:     0.1390Tol(Act/Req):0.2041E+00/0.1000E-04
# With parameters(tra.):     0.5067E-02   -0.2261E+00    0.9059E-01
# With parameters(rot.):     0.1103E+00    0.2676E-01    0.2913E-01
# Minimization at step:    10 with Value:     0.1352Tol(Act/Req):0.1723E+00/0.1000E-04
# With parameters(tra.):     0.6724E-02   -0.2351E+00    0.9073E-01
# With parameters(rot.):     0.1121E+00    0.2806E-01    0.3526E-01
# Minimization at step:    11 with Value:     0.1321Tol(Act/Req):0.1039E+00/0.1000E-04
# With parameters(tra.):     0.5850E-02   -0.2273E+00    0.8925E-01
# With parameters(rot.):     0.1095E+00    0.2233E-01    0.3812E-01
# Minimization at step:    12 with Value:     0.1301Tol(Act/Req):0.1057E+00/0.1000E-04
# With parameters(tra.):     0.9806E-03   -0.2224E+00    0.8747E-01
# With parameters(rot.):     0.1073E+00    0.2682E-01    0.3881E-01
# Minimization at step:    13 with Value:     0.1281Tol(Act/Req):0.4260E-01/0.1000E-04
# With parameters(tra.):     0.2708E-02   -0.2278E+00    0.8488E-01
# With parameters(rot.):     0.1064E+00    0.2782E-01    0.3865E-01
# Minimization at step:    14 with Value:     0.1270Tol(Act/Req):0.4538E-01/0.1000E-04
# With parameters(tra.):     0.5861E-02   -0.2233E+00    0.8088E-01
# With parameters(rot.):     0.1088E+00    0.2794E-01    0.3583E-01
# Minimization at step:    15 with Value:     0.1263Tol(Act/Req):0.4178E-01/0.1000E-04
# With parameters(tra.):     0.6617E-02   -0.2268E+00    0.8013E-01
# With parameters(rot.):     0.1094E+00    0.2858E-01    0.3894E-01
# Minimization at step:    16 with Value:     0.1256Tol(Act/Req):0.3091E-01/0.1000E-04
# With parameters(tra.):     0.6244E-02   -0.2229E+00    0.7863E-01
# With parameters(rot.):     0.1081E+00    0.2624E-01    0.4044E-01
# Minimization at step:    17 with Value:     0.1251Tol(Act/Req):0.2653E-01/0.1000E-04
# With parameters(tra.):     0.1710E-01   -0.2270E+00    0.9661E-01
# With parameters(rot.):     0.9145E-01    0.2840E-01    0.3581E-01
# Minimization at step:    18 with Value:     0.1246Tol(Act/Req):0.2849E-01/0.1000E-04
# With parameters(tra.):     0.1917E-01   -0.2296E+00    0.9629E-01
# With parameters(rot.):     0.8974E-01    0.2895E-01    0.3550E-01
# Minimization at step:    19 with Value:     0.1241Tol(Act/Req):0.2451E-01/0.1000E-04
# With parameters(tra.):     0.1660E-01   -0.2320E+00    0.1001E+00
# With parameters(rot.):     0.9306E-01    0.2720E-01    0.3429E-01
# Minimization at step:    20 with Value:     0.1235Tol(Act/Req):0.1703E-01/0.1000E-04
# With parameters(tra.):     0.1207E-01   -0.2255E+00    0.1008E+00
# With parameters(rot.):     0.8382E-01    0.3631E-01    0.3415E-01
# Minimization at step:    21 with Value:     0.1232Tol(Act/Req):0.1839E-01/0.1000E-04
# With parameters(tra.):     0.8931E-02   -0.2244E+00    0.9668E-01
# With parameters(rot.):     0.8734E-01    0.3642E-01    0.3517E-01
# Minimization at step:    22 with Value:     0.1229Tol(Act/Req):0.1531E-01/0.1000E-04
# With parameters(tra.):     0.1121E-01   -0.2305E+00    0.1007E+00
# With parameters(rot.):     0.8122E-01    0.4032E-01    0.4014E-01
# Minimization at step:    23 with Value:     0.1225Tol(Act/Req):0.1836E-01/0.1000E-04
# With parameters(tra.):     0.1213E-01   -0.2252E+00    0.1050E+00
# With parameters(rot.):     0.6965E-01    0.4033E-01    0.4303E-01
# Minimization at step:    24 with Value:     0.1223Tol(Act/Req):0.1513E-01/0.1000E-04
# With parameters(tra.):     0.1422E-01   -0.2231E+00    0.1051E+00
# With parameters(rot.):     0.6760E-01    0.4142E-01    0.4222E-01
# Minimization at step:    25 with Value:     0.1219Tol(Act/Req):0.1800E-01/0.1000E-04
# With parameters(tra.):     0.1670E-01   -0.2262E+00    0.1073E+00
# With parameters(rot.):     0.5680E-01    0.4667E-01    0.4383E-01
# Minimization at step:    26 with Value:     0.1216Tol(Act/Req):0.1255E-01/0.1000E-04
# With parameters(tra.):     0.1160E-01   -0.2292E+00    0.1175E+00
# With parameters(rot.):     0.5134E-01    0.4965E-01    0.4459E-01
# Minimization at step:    27 with Value:     0.1216Tol(Act/Req):0.1200E-01/0.1000E-04
# With parameters(tra.):     0.9444E-02   -0.2226E+00    0.1190E+00
# With parameters(rot.):     0.4750E-01    0.4887E-01    0.4111E-01
# Minimization at step:    28 with Value:     0.1215Tol(Act/Req):0.9717E-02/0.1000E-04
# With parameters(tra.):     0.1310E-01   -0.2282E+00    0.1244E+00
# With parameters(rot.):     0.4464E-01    0.4395E-01    0.4357E-01
# Minimization at step:    29 with Value:     0.1213Tol(Act/Req):0.1124E-01/0.1000E-04
# With parameters(tra.):     0.1395E-01   -0.2303E+00    0.1245E+00
# With parameters(rot.):     0.4536E-01    0.4374E-01    0.4464E-01
# Minimization at step:    30 with Value:     0.1211Tol(Act/Req):0.1316E-01/0.1000E-04
# With parameters(tra.):     0.9350E-02   -0.2300E+00    0.1255E+00
# With parameters(rot.):     0.3841E-01    0.4641E-01    0.4984E-01
# Minimization at step:    31 with Value:     0.1209Tol(Act/Req):0.1013E-01/0.1000E-04
# With parameters(tra.):     0.5667E-02   -0.2263E+00    0.1217E+00
# With parameters(rot.):     0.3900E-01    0.5072E-01    0.4956E-01
# Minimization at step:    32 with Value:     0.1207Tol(Act/Req):0.9832E-02/0.1000E-04
# With parameters(tra.):     0.7011E-02   -0.2232E+00    0.1272E+00
# With parameters(rot.):     0.2537E-01    0.5600E-01    0.5039E-01
# Minimization at step:    33 with Value:     0.1205Tol(Act/Req):0.6620E-02/0.1000E-04
# With parameters(tra.):     0.6356E-02   -0.2243E+00    0.1280E+00
# With parameters(rot.):     0.2457E-01    0.5731E-01    0.5028E-01
# Minimization at step:    34 with Value:     0.1204Tol(Act/Req):0.5956E-02/0.1000E-04
# With parameters(tra.):     0.4874E-02   -0.2234E+00    0.1292E+00
# With parameters(rot.):     0.2458E-01    0.5688E-01    0.5042E-01
# Minimization at step:    35 with Value:     0.1203Tol(Act/Req):0.4348E-02/0.1000E-04
# With parameters(tra.):     0.5590E-02   -0.2222E+00    0.1276E+00
# With parameters(rot.):     0.2372E-01    0.5674E-01    0.5071E-01
# Minimization at step:    36 with Value:     0.1203Tol(Act/Req):0.4797E-02/0.1000E-04
# With parameters(tra.):     0.8020E-02   -0.2233E+00    0.1321E+00
# With parameters(rot.):     0.1823E-01    0.5587E-01    0.5128E-01
# Minimization at step:    37 with Value:     0.1202Tol(Act/Req):0.2785E-02/0.1000E-04
# With parameters(tra.):     0.7732E-02   -0.2252E+00    0.1348E+00
# With parameters(rot.):     0.1062E-01    0.5949E-01    0.5565E-01
# Minimization at step:    38 with Value:     0.1202Tol(Act/Req):0.2457E-02/0.1000E-04
# With parameters(tra.):     0.7519E-02   -0.2259E+00    0.1357E+00
# With parameters(rot.):     0.9062E-02    0.6033E-01    0.5604E-01
# Minimization at step:    39 with Value:     0.1201Tol(Act/Req):0.2267E-02/0.1000E-04
# With parameters(tra.):     0.7573E-02   -0.2254E+00    0.1351E+00
# With parameters(rot.):     0.1083E-01    0.5949E-01    0.5498E-01
# Minimization at step:    40 with Value:     0.1201Tol(Act/Req):0.1727E-02/0.1000E-04
# With parameters(tra.):     0.8575E-02   -0.2251E+00    0.1357E+00
# With parameters(rot.):     0.1027E-01    0.5991E-01    0.5411E-01
# Minimization at step:    41 with Value:     0.1201Tol(Act/Req):0.1285E-02/0.1000E-04
# With parameters(tra.):     0.1100E-01   -0.2237E+00    0.1353E+00
# With parameters(rot.):     0.4059E-02    0.6068E-01    0.5583E-01
# Minimization at step:    42 with Value:     0.1201Tol(Act/Req):0.1235E-02/0.1000E-04
# With parameters(tra.):     0.1008E-01   -0.2219E+00    0.1396E+00
# With parameters(rot.):    -0.2754E-02    0.6110E-01    0.5791E-01
# Minimization at step:    43 with Value:     0.1201Tol(Act/Req):0.9981E-03/0.1000E-04
# With parameters(tra.):     0.7345E-02   -0.2228E+00    0.1414E+00
# With parameters(rot.):     0.1187E-02    0.6047E-01    0.5688E-01
# Minimization at step:    44 with Value:     0.1200Tol(Act/Req):0.1409E-02/0.1000E-04
# With parameters(tra.):     0.7037E-02   -0.2235E+00    0.1412E+00
# With parameters(rot.):     0.2581E-02    0.5952E-01    0.5721E-01
# Minimization at step:    45 with Value:     0.1200Tol(Act/Req):0.1043E-02/0.1000E-04
# With parameters(tra.):     0.9010E-02   -0.2230E+00    0.1398E+00
# With parameters(rot.):    -0.2570E-04    0.5975E-01    0.5806E-01
# Minimization at step:    46 with Value:     0.1200Tol(Act/Req):0.8709E-03/0.1000E-04
# With parameters(tra.):     0.9152E-02   -0.2236E+00    0.1387E+00
# With parameters(rot.):     0.1905E-02    0.5954E-01    0.5756E-01
# Minimization at step:    47 with Value:     0.1200Tol(Act/Req):0.6746E-03/0.1000E-04
# With parameters(tra.):     0.8638E-02   -0.2233E+00    0.1382E+00
# With parameters(rot.):     0.1917E-02    0.6006E-01    0.5794E-01
# Minimization at step:    48 with Value:     0.1200Tol(Act/Req):0.7254E-03/0.1000E-04
# With parameters(tra.):     0.9144E-02   -0.2230E+00    0.1386E+00
# With parameters(rot.):     0.9405E-03    0.6028E-01    0.5782E-01
# Minimization at step:    49 with Value:     0.1199Tol(Act/Req):0.7083E-03/0.1000E-04
# With parameters(tra.):     0.9174E-02   -0.2231E+00    0.1394E+00
# With parameters(rot.):    -0.5172E-03    0.6070E-01    0.5817E-01
# Minimization at step:    50 with Value:     0.1199Tol(Act/Req):0.2530E-03/0.1000E-04
# With parameters(tra.):     0.9334E-02   -0.2227E+00    0.1394E+00
# With parameters(rot.):    -0.5777E-03    0.6038E-01    0.5791E-01
# Minimization at step:    51 with Value:     0.1199Tol(Act/Req):0.2216E-03/0.1000E-04
# With parameters(tra.):     0.8127E-02   -0.2229E+00    0.1403E+00
# With parameters(rot.):     0.9762E-03    0.6043E-01    0.5728E-01
# Minimization at step:    52 with Value:     0.1199Tol(Act/Req):0.2653E-03/0.1000E-04
# With parameters(tra.):     0.8064E-02   -0.2232E+00    0.1401E+00
# With parameters(rot.):     0.1540E-02    0.6003E-01    0.5745E-01
# Minimization at step:    53 with Value:     0.1199Tol(Act/Req):0.1612E-03/0.1000E-04
# With parameters(tra.):     0.8360E-02   -0.2232E+00    0.1398E+00
# With parameters(rot.):     0.1198E-02    0.5998E-01    0.5763E-01
# Minimization at step:    54 with Value:     0.1199Tol(Act/Req):0.2021E-03/0.1000E-04
# With parameters(tra.):     0.8365E-02   -0.2234E+00    0.1394E+00
# With parameters(rot.):     0.2104E-02    0.5991E-01    0.5738E-01
# Minimization at step:    55 with Value:     0.1199Tol(Act/Req):0.1717E-03/0.1000E-04
# With parameters(tra.):     0.8086E-02   -0.2233E+00    0.1392E+00
# With parameters(rot.):     0.2126E-02    0.6016E-01    0.5752E-01
# Minimization at step:    56 with Value:     0.1199Tol(Act/Req):0.1389E-03/0.1000E-04
# With parameters(tra.):     0.7991E-02   -0.2227E+00    0.1393E+00
# With parameters(rot.):     0.2907E-02    0.5945E-01    0.5687E-01
# Minimization at step:    57 with Value:     0.1199Tol(Act/Req):0.1385E-03/0.1000E-04
# With parameters(tra.):     0.8148E-02   -0.2225E+00    0.1396E+00
# With parameters(rot.):     0.2582E-02    0.5950E-01    0.5673E-01
# Minimization at step:    58 with Value:     0.1199Tol(Act/Req):0.1260E-03/0.1000E-04
# With parameters(tra.):     0.8258E-02   -0.2230E+00    0.1396E+00
# With parameters(rot.):     0.1916E-02    0.6004E-01    0.5719E-01
# Minimization at step:    59 with Value:     0.1199Tol(Act/Req):0.5517E-04/0.1000E-04
# With parameters(tra.):     0.8196E-02   -0.2230E+00    0.1400E+00
# With parameters(rot.):     0.1389E-02    0.6019E-01    0.5728E-01
# Minimization at step:    60 with Value:     0.1199Tol(Act/Req):0.5208E-04/0.1000E-04
# With parameters(tra.):     0.8114E-02   -0.2235E+00    0.1396E+00
# With parameters(rot.):     0.2466E-02    0.5945E-01    0.5756E-01
# Minimization at step:    61 with Value:     0.1199Tol(Act/Req):0.5169E-04/0.1000E-04
# With parameters(tra.):     0.8625E-02   -0.2236E+00    0.1391E+00
# With parameters(rot.):     0.2206E-02    0.5917E-01    0.5788E-01
# Minimization at step:    62 with Value:     0.1199Tol(Act/Req):0.4069E-04/0.1000E-04
# With parameters(tra.):     0.8815E-02   -0.2232E+00    0.1392E+00
# With parameters(rot.):     0.1333E-02    0.5967E-01    0.5775E-01
# Minimization at step:    63 with Value:     0.1199Tol(Act/Req):0.3294E-04/0.1000E-04
# With parameters(tra.):     0.8703E-02   -0.2232E+00    0.1394E+00
# With parameters(rot.):     0.1326E-02    0.5977E-01    0.5766E-01
# Minimization at step:    64 with Value:     0.1199Tol(Act/Req):0.4831E-04/0.1000E-04
# With parameters(tra.):     0.8777E-02   -0.2229E+00    0.1393E+00
# With parameters(rot.):     0.1573E-02    0.5933E-01    0.5751E-01
# Minimization at step:    65 with Value:     0.1199Tol(Act/Req):0.4230E-04/0.1000E-04
# With parameters(tra.):     0.8908E-02   -0.2229E+00    0.1394E+00
# With parameters(rot.):     0.1327E-02    0.5933E-01    0.5750E-01
# Minimization at step:    66 with Value:     0.1199Tol(Act/Req):0.3943E-04/0.1000E-04
# With parameters(tra.):     0.8837E-02   -0.2228E+00    0.1393E+00
# With parameters(rot.):     0.1271E-02    0.5939E-01    0.5757E-01
# Minimization at step:    67 with Value:     0.1199Tol(Act/Req):0.3933E-04/0.1000E-04
# With parameters(tra.):     0.8927E-02   -0.2228E+00    0.1398E+00
# With parameters(rot.):     0.1795E-03    0.5942E-01    0.5785E-01
# Minimization at step:    68 with Value:     0.1199Tol(Act/Req):0.3032E-04/0.1000E-04
# With parameters(tra.):     0.8976E-02   -0.2229E+00    0.1397E+00
# With parameters(rot.):     0.4723E-03    0.5935E-01    0.5777E-01
# Minimization at step:    69 with Value:     0.1199Tol(Act/Req):0.2492E-04/0.1000E-04
# With parameters(tra.):     0.8958E-02   -0.2229E+00    0.1395E+00
# With parameters(rot.):     0.7696E-03    0.5933E-01    0.5769E-01
# Minimization at step:    70 with Value:     0.1199Tol(Act/Req):0.4226E-04/0.1000E-04
# With parameters(tra.):     0.8840E-02   -0.2231E+00    0.1395E+00
# With parameters(rot.):     0.1360E-02    0.5868E-01    0.5780E-01
# Minimization at step:    71 with Value:     0.1199Tol(Act/Req):0.3563E-04/0.1000E-04
# With parameters(tra.):     0.8662E-02   -0.2230E+00    0.1398E+00
# With parameters(rot.):     0.1357E-02    0.5853E-01    0.5767E-01
# Minimization at step:    72 with Value:     0.1199Tol(Act/Req):0.3487E-04/0.1000E-04
# With parameters(tra.):     0.8461E-02   -0.2229E+00    0.1399E+00
# With parameters(rot.):     0.1274E-02    0.5835E-01    0.5784E-01
# Minimization at step:    73 with Value:     0.1199Tol(Act/Req):0.4433E-04/0.1000E-04
# With parameters(tra.):     0.8574E-02   -0.2227E+00    0.1403E+00
# With parameters(rot.):     0.7635E-03    0.5804E-01    0.5794E-01
# Minimization at step:    74 with Value:     0.1199Tol(Act/Req):0.5273E-04/0.1000E-04
# With parameters(tra.):     0.8538E-02   -0.2228E+00    0.1401E+00
# With parameters(rot.):     0.1446E-02    0.5745E-01    0.5783E-01
# Minimization at step:    75 with Value:     0.1199Tol(Act/Req):0.4963E-04/0.1000E-04
# With parameters(tra.):     0.8361E-02   -0.2228E+00    0.1400E+00
# With parameters(rot.):     0.2266E-02    0.5679E-01    0.5772E-01
# Minimization at step:    76 with Value:     0.1199Tol(Act/Req):0.3510E-04/0.1000E-04
# With parameters(tra.):     0.8041E-02   -0.2231E+00    0.1405E+00
# With parameters(rot.):     0.2241E-02    0.5619E-01    0.5805E-01
# Minimization at step:    77 with Value:     0.1199Tol(Act/Req):0.3052E-04/0.1000E-04
# With parameters(tra.):     0.7933E-02   -0.2227E+00    0.1408E+00
# With parameters(rot.):     0.1747E-02    0.5624E-01    0.5800E-01
# Minimization at step:    78 with Value:     0.1199Tol(Act/Req):0.8310E-04/0.1000E-04
# With parameters(tra.):     0.7969E-02   -0.2229E+00    0.1413E+00
# With parameters(rot.):     0.2108E-02    0.5545E-01    0.5782E-01
# Minimization at step:    79 with Value:     0.1199Tol(Act/Req):0.1225E-03/0.1000E-04
# With parameters(tra.):     0.7891E-02   -0.2230E+00    0.1415E+00
# With parameters(rot.):     0.2489E-02    0.5413E-01    0.5809E-01
# Minimization at step:    80 with Value:     0.1199Tol(Act/Req):0.1190E-03/0.1000E-04
# With parameters(tra.):     0.7986E-02   -0.2234E+00    0.1414E+00
# With parameters(rot.):     0.3231E-02    0.5338E-01    0.5818E-01
# Minimization at step:    81 with Value:     0.1199Tol(Act/Req):0.1170E-03/0.1000E-04
# With parameters(tra.):     0.7908E-02   -0.2235E+00    0.1414E+00
# With parameters(rot.):     0.3564E-02    0.5307E-01    0.5818E-01
# Minimization at step:    82 with Value:     0.1199Tol(Act/Req):0.1087E-03/0.1000E-04
# With parameters(tra.):     0.7934E-02   -0.2237E+00    0.1420E+00
# With parameters(rot.):     0.3177E-02    0.5249E-01    0.5844E-01
# Minimization at step:    83 with Value:     0.1199Tol(Act/Req):0.1070E-03/0.1000E-04
# With parameters(tra.):     0.7769E-02   -0.2239E+00    0.1427E+00
# With parameters(rot.):     0.3071E-02    0.5143E-01    0.5875E-01
# Minimization at step:    84 with Value:     0.1199Tol(Act/Req):0.9857E-04/0.1000E-04
# With parameters(tra.):     0.7601E-02   -0.2237E+00    0.1433E+00
# With parameters(rot.):     0.2276E-02    0.5153E-01    0.5884E-01
# Minimization at step:    85 with Value:     0.1199Tol(Act/Req):0.7496E-04/0.1000E-04
# With parameters(tra.):     0.7881E-02   -0.2236E+00    0.1436E+00
# With parameters(rot.):     0.2321E-02    0.5077E-01    0.5867E-01
# Minimization at step:    86 with Value:     0.1199Tol(Act/Req):0.1060E-03/0.1000E-04
# With parameters(tra.):     0.7636E-02   -0.2239E+00    0.1447E+00
# With parameters(rot.):     0.2698E-02    0.4869E-01    0.5890E-01
# Minimization at step:    87 with Value:     0.1199Tol(Act/Req):0.1141E-03/0.1000E-04
# With parameters(tra.):     0.7448E-02   -0.2236E+00    0.1452E+00
# With parameters(rot.):     0.3041E-02    0.4766E-01    0.5874E-01
# Minimization at step:    88 with Value:     0.1199Tol(Act/Req):0.1962E-03/0.1000E-04
# With parameters(tra.):     0.7113E-02   -0.2237E+00    0.1463E+00
# With parameters(rot.):     0.2785E-02    0.4535E-01    0.5956E-01
# Minimization at step:    89 with Value:     0.1199Tol(Act/Req):0.1929E-03/0.1000E-04
# With parameters(tra.):     0.7060E-02   -0.2234E+00    0.1466E+00
# With parameters(rot.):     0.2796E-02    0.4438E-01    0.5951E-01
# Minimization at step:    90 with Value:     0.1199Tol(Act/Req):0.1838E-03/0.1000E-04
# With parameters(tra.):     0.7047E-02   -0.2236E+00    0.1472E+00
# With parameters(rot.):     0.3764E-02    0.4190E-01    0.5964E-01
# Minimization at step:    91 with Value:     0.1199Tol(Act/Req):0.1963E-03/0.1000E-04
# With parameters(tra.):     0.6211E-02   -0.2238E+00    0.1485E+00
# With parameters(rot.):     0.4419E-02    0.3861E-01    0.6039E-01
# Minimization at step:    92 with Value:     0.1199Tol(Act/Req):0.2805E-03/0.1000E-04
# With parameters(tra.):     0.5529E-02   -0.2239E+00    0.1516E+00
# With parameters(rot.):     0.4621E-02    0.3348E-01    0.6099E-01
# Minimization at step:    93 with Value:     0.1199Tol(Act/Req):0.2609E-03/0.1000E-04
# With parameters(tra.):     0.5153E-02   -0.2235E+00    0.1524E+00
# With parameters(rot.):     0.4758E-02    0.3118E-01    0.6138E-01
# Minimization at step:    94 with Value:     0.1199Tol(Act/Req):0.2315E-03/0.1000E-04
# With parameters(tra.):     0.4639E-02   -0.2239E+00    0.1542E+00
# With parameters(rot.):     0.4874E-02    0.2707E-01    0.6247E-01
# Minimization at step:    95 with Value:     0.1199Tol(Act/Req):0.2171E-03/0.1000E-04
# With parameters(tra.):     0.3849E-02   -0.2238E+00    0.1560E+00
# With parameters(rot.):     0.4276E-02    0.2460E-01    0.6329E-01
# Minimization at step:    96 with Value:     0.1199Tol(Act/Req):0.1624E-03/0.1000E-04
# With parameters(tra.):     0.2832E-02   -0.2242E+00    0.1587E+00
# With parameters(rot.):     0.4758E-02    0.1897E-01    0.6460E-01
# Minimization at step:    97 with Value:     0.1198Tol(Act/Req):0.1415E-03/0.1000E-04
# With parameters(tra.):     0.1851E-02   -0.2242E+00    0.1614E+00
# With parameters(rot.):     0.5757E-02    0.1326E-01    0.6519E-01
# Minimization at step:    98 with Value:     0.1198Tol(Act/Req):0.1278E-03/0.1000E-04
# With parameters(tra.):     0.1513E-02   -0.2241E+00    0.1639E+00
# With parameters(rot.):     0.5330E-02    0.9202E-02    0.6578E-01
# Minimization at step:    99 with Value:     0.1198Tol(Act/Req):0.1089E-03/0.1000E-04
# With parameters(tra.):     0.1303E-02   -0.2243E+00    0.1647E+00
# With parameters(rot.):     0.5343E-02    0.7945E-02    0.6605E-01
# Minimization at step:   100 with Value:     0.1198Tol(Act/Req):0.1058E-03/0.1000E-04
# With parameters(tra.):     0.2102E-02   -0.2243E+00    0.1630E+00
# With parameters(rot.):     0.4207E-02    0.1189E-01    0.6575E-01
# Minimization at step:   101 with Value:     0.1198Tol(Act/Req):0.9723E-04/0.1000E-04
# With parameters(tra.):     0.2876E-02   -0.2239E+00    0.1617E+00
# With parameters(rot.):     0.3541E-02    0.1515E-01    0.6483E-01
# Minimization at step:   102 with Value:     0.1198Tol(Act/Req):0.8399E-04/0.1000E-04
# With parameters(tra.):     0.2335E-02   -0.2238E+00    0.1629E+00
# With parameters(rot.):     0.4455E-02    0.1230E-01    0.6483E-01
# Minimization at step:   103 with Value:     0.1198Tol(Act/Req):0.7320E-04/0.1000E-04
# With parameters(tra.):     0.2082E-02   -0.2234E+00    0.1641E+00
# With parameters(rot.):     0.4199E-02    0.1150E-01    0.6452E-01
# Minimization at step:   104 with Value:     0.1198Tol(Act/Req):0.5682E-04/0.1000E-04
# With parameters(tra.):     0.1822E-02   -0.2235E+00    0.1647E+00
# With parameters(rot.):     0.4420E-02    0.1038E-01    0.6472E-01
# Minimization at step:   105 with Value:     0.1198Tol(Act/Req):0.5442E-04/0.1000E-04
# With parameters(tra.):     0.2191E-02   -0.2235E+00    0.1640E+00
# With parameters(rot.):     0.3495E-02    0.1259E-01    0.6469E-01
# Minimization at step:   106 with Value:     0.1198Tol(Act/Req):0.4836E-04/0.1000E-04
# With parameters(tra.):     0.1988E-02   -0.2232E+00    0.1641E+00
# With parameters(rot.):     0.2850E-02    0.1246E-01    0.6513E-01
# Minimization at step:   107 with Value:     0.1198Tol(Act/Req):0.4295E-04/0.1000E-04
# With parameters(tra.):     0.2158E-02   -0.2230E+00    0.1650E+00
# With parameters(rot.):     0.2973E-02    0.1088E-01    0.6492E-01
# Minimization at step:   108 with Value:     0.1198Tol(Act/Req):0.3905E-04/0.1000E-04
# With parameters(tra.):     0.1956E-02   -0.2228E+00    0.1673E+00
# With parameters(rot.):     0.1828E-02    0.8573E-02    0.6517E-01
# Minimization at step:   109 with Value:     0.1198Tol(Act/Req):0.3489E-04/0.1000E-04
# With parameters(tra.):     0.1720E-02   -0.2229E+00    0.1672E+00
# With parameters(rot.):     0.1323E-02    0.9386E-02    0.6545E-01
# Minimization at step:   110 with Value:     0.1198Tol(Act/Req):0.2807E-04/0.1000E-04
# With parameters(tra.):     0.1193E-02   -0.2227E+00    0.1690E+00
# With parameters(rot.):     0.1525E-02    0.6109E-02    0.6574E-01
# Minimization at step:   111 with Value:     0.1198Tol(Act/Req):0.2377E-04/0.1000E-04
# With parameters(tra.):     0.4646E-03   -0.2225E+00    0.1715E+00
# With parameters(rot.):     0.1003E-02    0.2443E-02    0.6648E-01
# Minimization at step:   112 with Value:     0.1198Tol(Act/Req):0.3946E-04/0.1000E-04
# With parameters(tra.):     0.4618E-03   -0.2224E+00    0.1715E+00
# With parameters(rot.):     0.7491E-03    0.2893E-02    0.6639E-01
# Minimization at step:   113 with Value:     0.1198Tol(Act/Req):0.3717E-04/0.1000E-04
# With parameters(tra.):     0.1755E-03   -0.2224E+00    0.1727E+00
# With parameters(rot.):    -0.1451E-03    0.8276E-03    0.6732E-01
# Minimization at step:   114 with Value:     0.1198Tol(Act/Req):0.3265E-04/0.1000E-04
# With parameters(tra.):     0.7517E-04   -0.2224E+00    0.1734E+00
# With parameters(rot.):    -0.2334E-03   -0.1096E-03    0.6739E-01
# Minimization at step:   115 with Value:     0.1198Tol(Act/Req):0.3246E-04/0.1000E-04
# With parameters(tra.):     0.1136E-03   -0.2224E+00    0.1734E+00
# With parameters(rot.):    -0.4304E-03    0.1913E-03    0.6746E-01
# Minimization at step:   116 with Value:     0.1198Tol(Act/Req):0.3012E-04/0.1000E-04
# With parameters(tra.):     0.3885E-04   -0.2224E+00    0.1739E+00
# With parameters(rot.):    -0.4504E-03   -0.7782E-03    0.6755E-01
# Minimization at step:   117 with Value:     0.1198Tol(Act/Req):0.2646E-04/0.1000E-04
# With parameters(tra.):    -0.5380E-04   -0.2224E+00    0.1737E+00
# With parameters(rot.):    -0.2586E-03   -0.7891E-03    0.6767E-01
# Minimization at step:   118 with Value:     0.1198Tol(Act/Req):0.2457E-04/0.1000E-04
# With parameters(tra.):    -0.1352E-05   -0.2224E+00    0.1734E+00
# With parameters(rot.):    -0.4453E-04   -0.4073E-03    0.6747E-01
# Minimization at step:   119 with Value:     0.1198Tol(Act/Req):0.8936E-05/0.1000E-04
# With parameters(tra.):     0.4288E-03   -0.2225E+00    0.1720E+00
# With parameters(rot.):     0.8522E-04    0.1630E-02    0.6716E-01
# CSM Simplex Values from input minimization.
# Final Number of Simplex optim. Steps:   119
# Final CSM Simplex Value is:      0.11983218078
[molecule] Nrec=   7 Format=nscxyz
  c                1    6   -0.60614488D-01  -0.91877673D+00   0.32022676D+00
  h                2    1    0.10036482D+01   0.12521387D-01   0.32558720D+00
  h                3    1    0.49985290D+00   0.46392150D-01   0.11887205D+01
  h                4    1   -0.49791796D+00   0.11288094D+00   0.11830153D+01
  h                5    1   -0.99189352D+00   0.14549897D+00   0.31417690D+00
  h                6    1   -0.48809821D+00   0.11162821D+00  -0.54895638D+00
  h                7    1    0.50967265D+00   0.45139417D-01  -0.54325123D+00
# Coordinates rotated along X. New coordinates:
[molecule] Nrec=   7 Format=nscxyz
  c                1    6   -0.30616170D-16  -0.30616170D-16   0.50000000D+00
  h                2    1    0.10000000D+01  -0.13019609D-15  -0.50000000D+00
  h                3    1    0.50000000D+00   0.86600000D+00  -0.50000000D+00
  h                4    1   -0.50000000D+00   0.86600000D+00  -0.50000000D+00
  h                5    1   -0.10000000D+01   0.19142843D-15  -0.50000000D+00
  h                6    1   -0.50000000D+00  -0.86600000D+00  -0.50000000D+00
  h                7    1    0.50000000D+00  -0.86600000D+00  -0.50000000D+00
# Minimization at step:     0 with Value:     0.2466Tol(Act/Req):0.2999E+00/0.1000E-04
# With parameters(tra.):     0.1429E-01    0.1429E-01    0.1429E-01
# With parameters(rot.):     0.1429E-01    0.1429E-01    0.1429E-01
# Minimization at step:     1 with Value:     0.2201Tol(Act/Req):0.6538E+00/0.1000E-04
# With parameters(tra.):     0.2143E-01   -0.2857E-01    0.2143E-01
# With parameters(rot.):     0.2143E-01    0.2143E-01    0.2143E-01
# Minimization at step:     2 with Value:     0.2126Tol(Act/Req):0.5925E+00/0.1000E-04
# With parameters(tra.):    -0.4762E-02   -0.3810E-01    0.2857E-01
# With parameters(rot.):     0.2857E-01    0.2857E-01    0.2857E-01
# Minimization at step:     3 with Value:     0.2037Tol(Act/Req):0.5920E+00/0.1000E-04
# With parameters(tra.):    -0.6349E-02   -0.5079E-01    0.3810E-01
# With parameters(rot.):     0.3810E-01    0.4762E-02    0.3810E-01
# Minimization at step:     4 with Value:     0.1926Tol(Act/Req):0.5917E+00/0.1000E-04
# With parameters(tra.):    -0.8466E-02   -0.6772E-01    0.5079E-01
# With parameters(rot.):     0.5079E-01    0.6349E-02    0.1746E-01
# Minimization at step:     5 with Value:     0.1793Tol(Act/Req):0.5917E+00/0.1000E-04
# With parameters(tra.):    -0.1129E-01   -0.9030E-01    0.6772E-01
# With parameters(rot.):     0.6772E-01    0.8466E-02    0.2328E-01
# Minimization at step:     6 with Value:     0.1642Tol(Act/Req):0.5823E+00/0.1000E-04
# With parameters(tra.):    -0.1505E-01   -0.1204E+00    0.5697E-01
# With parameters(rot.):     0.9030E-01    0.1129E-01    0.3104E-01
# Minimization at step:     7 with Value:     0.1500Tol(Act/Req):0.4371E+00/0.1000E-04
# With parameters(tra.):    -0.2007E-01   -0.1605E+00    0.7596E-01
# With parameters(rot.):     0.8707E-01    0.1505E-01    0.4139E-01
# Minimization at step:     8 with Value:     0.1419Tol(Act/Req):0.2975E+00/0.1000E-04
# With parameters(tra.):     0.1022E-02   -0.1918E+00    0.8461E-01
# With parameters(rot.):     0.9942E-01    0.3400E-02    0.3852E-01
# Minimization at step:     9 with Value:     0.1390Tol(Act/Req):0.2041E+00/0.1000E-04
# With parameters(tra.):     0.5067E-02   -0.2261E+00    0.9059E-01
# With parameters(rot.):     0.1103E+00    0.2676E-01    0.2913E-01
# Minimization at step:    10 with Value:     0.1352Tol(Act/Req):0.1723E+00/0.1000E-04
# With parameters(tra.):     0.6724E-02   -0.2351E+00    0.9073E-01
# With parameters(rot.):     0.1121E+00    0.2806E-01    0.3526E-01
# Minimization at step:    11 with Value:     0.1321Tol(Act/Req):0.1039E+00/0.1000E-04
# With parameters(tra.):     0.5850E-02   -0.2273E+00    0.8925E-01
# With parameters(rot.):     0.1095E+00    0.2233E-01    0.3812E-01
# Minimization at step:    12 with Value:     0.1301Tol(Act/Req):0.1057E+00/0.1000E-04
# With parameters(tra.):     0.9806E-03   -0.2224E+00    0.8747E-01
# With parameters(rot.):     0.1073E+00    0.2682E-01    0.3881E-01
# Minimization at step:    13 with Value:     0.1281Tol(Act/Req):0.4260E-01/0.1000E-04
# With parameters(tra.):     0.2708E-02   -0.2278E+00    0.8488E-01
# With parameters(rot.):     0.1064E+00    0.2782E-01    0.3865E-01
# Minimization at step:    14 with Value:     0.1270Tol(Act/Req):0.4538E-01/0.1000E-04
# With parameters(tra.):     0.5861E-02   -0.2233E+00    0.8088E-01
# With parameters(rot.):     0.1088E+00    0.2794E-01    0.3583E-01
# Minimization at step:    15 with Value:     0.1263Tol(Act/Req):0.4178E-01/0.1000E-04
# With parameters(tra.):     0.6617E-02   -0.2268E+00    0.8013E-01
# With parameters(rot.):     0.1094E+00    0.2858E-01    0.3894E-01
# Minimization at step:    16 with Value:     0.1256Tol(Act/Req):0.3091E-01/0.1000E-04
# With parameters(tra.):     0.6244E-02   -0.2229E+00    0.7863E-01
# With parameters(rot.):     0.1081E+00    0.2624E-01    0.4044E-01
# Minimization at step:    17 with Value:     0.1251Tol(Act/Req):0.2653E-01/0.1000E-04
# With parameters(tra.):     0.1710E-01   -0.2270E+00    0.9661E-01
# With parameters(rot.):     0.9145E-01    0.2840E-01    0.3581E-01
# Minimization at step:    18 with Value:     0.1246Tol(Act/Req):0.2849E-01/0.1000E-04
# With parameters(tra.):     0.1917E-01   -0.2296E+00    0.9629E-01
# With parameters(rot.):     0.8974E-01    0.2895E-01    0.3550E-01
# Minimization at step:    19 with Value:     0.1241Tol(Act/Req):0.2451E-01/0.1000E-04
# With parameters(tra.):     0.1660E-01   -0.2320E+00    0.1001E+00
# With parameters(rot.):     0.9306E-01    0.2720E-01    0.3429E-01
# Minimization at step:    20 with Value:     0.1235Tol(Act/Req):0.1703E-01/0.1000E-04
# With parameters(tra.):     0.1207E-01   -0.2255E+00    0.1008E+00
# With parameters(rot.):     0.8382E-01    0.3631E-01    0.3415E-01
# Minimization at step:    21 with Value:     0.1232Tol(Act/Req):0.1839E-01/0.1000E-04
# With parameters(tra.):     0.8931E-02   -0.2244E+00    0.9668E-01
# With parameters(rot.):     0.8734E-01    0.3642E-01    0.3517E-01
# Minimization at step:    22 with Value:     0.1229Tol(Act/Req):0.1531E-01/0.1000E-04
# With parameters(tra.):     0.1121E-01   -0.2305E+00    0.1007E+00
# With parameters(rot.):     0.8122E-01    0.4032E-01    0.4014E-01
# Minimization at step:    23 with Value:     0.1225Tol(Act/Req):0.1836E-01/0.1000E-04
# With parameters(tra.):     0.1213E-01   -0.2252E+00    0.1050E+00
# With parameters(rot.):     0.6965E-01    0.4033E-01    0.4303E-01
# Minimization at step:    24 with Value:     0.1223Tol(Act/Req):0.1513E-01/0.1000E-04
# With parameters(tra.):     0.1422E-01   -0.2231E+00    0.1051E+00
# With parameters(rot.):     0.6760E-01    0.4142E-01    0.4222E-01
# Minimization at step:    25 with Value:     0.1219Tol(Act/Req):0.1800E-01/0.1000E-04
# With parameters(tra.):     0.1670E-01   -0.2262E+00    0.1073E+00
# With parameters(rot.):     0.5680E-01    0.4667E-01    0.4383E-01
# Minimization at step:    26 with Value:     0.1216Tol(Act/Req):0.1255E-01/0.1000E-04
# With parameters(tra.):     0.1160E-01   -0.2292E+00    0.1175E+00
# With parameters(rot.):     0.5134E-01    0.4965E-01    0.4459E-01
# Minimization at step:    27 with Value:     0.1216Tol(Act/Req):0.1200E-01/0.1000E-04
# With parameters(tra.):     0.9444E-02   -0.2226E+00    0.1190E+00
# With parameters(rot.):     0.4750E-01    0.4887E-01    0.4111E-01
# Minimization at step:    28 with Value:     0.1215Tol(Act/Req):0.9717E-02/0.1000E-04
# With parameters(tra.):     0.1310E-01   -0.2282E+00    0.1244E+00
# With parameters(rot.):     0.4464E-01    0.4395E-01    0.4357E-01
# Minimization at step:    29 with Value:     0.1213Tol(Act/Req):0.1124E-01/0.1000E-04
# With parameters(tra.):     0.1395E-01   -0.2303E+00    0.1245E+00
# With parameters(rot.):     0.4536E-01    0.4374E-01    0.4464E-01
# Minimization at step:    30 with Value:     0.1211Tol(Act/Req):0.1316E-01/0.1000E-04
# With parameters(tra.):     0.9350E-02   -0.2300E+00    0.1255E+00
# With parameters(rot.):     0.3841E-01    0.4641E-01    0.4984E-01
# Minimization at step:    31 with Value:     0.1209Tol(Act/Req):0.1013E-01/0.1000E-04
# With parameters(tra.):     0.5667E-02   -0.2263E+00    0.1217E+00
# With parameters(rot.):     0.3900E-01    0.5072E-01    0.4956E-01
# Minimization at step:    32 with Value:     0.1207Tol(Act/Req):0.9832E-02/0.1000E-04
# With parameters(tra.):     0.7011E-02   -0.2232E+00    0.1272E+00
# With parameters(rot.):     0.2537E-01    0.5600E-01    0.5039E-01
# Minimization at step:    33 with Value:     0.1205Tol(Act/Req):0.6620E-02/0.1000E-04
# With parameters(tra.):     0.6356E-02   -0.2243E+00    0.1280E+00
# With parameters(rot.):     0.2457E-01    0.5731E-01    0.5028E-01
# Minimization at step:    34 with Value:     0.1204Tol(Act/Req):0.5956E-02/0.1000E-04
# With parameters(tra.):     0.4874E-02   -0.2234E+00    0.1292E+00
# With parameters(rot.):     0.2458E-01    0.5688E-01    0.5042E-01
# Minimization at step:    35 with Value:     0.1203Tol(Act/Req):0.4348E-02/0.1000E-04
# With parameters(tra.):     0.5590E-02   -0.2222E+00    0.1276E+00
# With parameters(rot.):     0.2372E-01    0.5674E-01    0.5071E-01
# Minimization at step:    36 with Value:     0.1203Tol(Act/Req):0.4797E-02/0.1000E-04
# With parameters(tra.):     0.8020E-02   -0.2233E+00    0.1321E+00
# With parameters(rot.):     0.1823E-01    0.5587E-01    0.5128E-01
# Minimization at step:    37 with Value:     0.1202Tol(Act/Req):0.2785E-02/0.1000E-04
# With parameters(tra.):     0.7732E-02   -0.2252E+00    0.1348E+00
# With parameters(rot.):     0.1062E-01    0.5949E-01    0.5565E-01
# Minimization at step:    38 with Value:     0.1202Tol(Act/Req):0.2457E-02/0.1000E-04
# With parameters(tra.):     0.7519E-02   -0.2259E+00    0.1357E+00
# With parameters(rot.):     0.9062E-02    0.6033E-01    0.5604E-01
# Minimization at step:    39 with Value:     0.1201Tol(Act/Req):0.2267E-02/0.1000E-04
# With parameters(tra.):     0.7573E-02   -0.2254E+00    0.1351E+00
# With parameters(rot.):     0.1083E-01    0.5949E-01    0.5498E-01
# Minimization at step:    40 with Value:     0.1201Tol(Act/Req):0.1727E-02/0.1000E-04
# With parameters(tra.):     0.8575E-02   -0.2251E+00    0.1357E+00
# With parameters(rot.):     0.1027E-01    0.5991E-01    0.5411E-01
# Minimization at step:    41 with Value:     0.1201Tol(Act/Req):0.1285E-02/0.1000E-04
# With parameters(tra.):     0.1100E-01   -0.2237E+00    0.1353E+00
# With parameters(rot.):     0.4059E-02    0.6068E-01    0.5583E-01
# Minimization at step:    42 with Value:     0.1201Tol(Act/Req):0.1235E-02/0.1000E-04
# With parameters(tra.):     0.1008E-01   -0.2219E+00    0.1396E+00
# With parameters(rot.):    -0.2754E-02    0.6110E-01    0.5791E-01
# Minimization at step:    43 with Value:     0.1201Tol(Act/Req):0.9981E-03/0.1000E-04
# With parameters(tra.):     0.7345E-02   -0.2228E+00    0.1414E+00
# With parameters(rot.):     0.1187E-02    0.6047E-01    0.5688E-01
# Minimization at step:    44 with Value:     0.1200Tol(Act/Req):0.1409E-02/0.1000E-04
# With parameters(tra.):     0.7037E-02   -0.2235E+00    0.1412E+00
# With parameters(rot.):     0.2581E-02    0.5952E-01    0.5721E-01
# Minimization at step:    45 with Value:     0.1200Tol(Act/Req):0.1043E-02/0.1000E-04
# With parameters(tra.):     0.9010E-02   -0.2230E+00    0.1398E+00
# With parameters(rot.):    -0.2570E-04    0.5975E-01    0.5806E-01
# Minimization at step:    46 with Value:     0.1200Tol(Act/Req):0.8709E-03/0.1000E-04
# With parameters(tra.):     0.9152E-02   -0.2236E+00    0.1387E+00
# With parameters(rot.):     0.1905E-02    0.5954E-01    0.5756E-01
# Minimization at step:    47 with Value:     0.1200Tol(Act/Req):0.6746E-03/0.1000E-04
# With parameters(tra.):     0.8638E-02   -0.2233E+00    0.1382E+00
# With parameters(rot.):     0.1917E-02    0.6006E-01    0.5794E-01
# Minimization at step:    48 with Value:     0.1200Tol(Act/Req):0.7254E-03/0.1000E-04
# With parameters(tra.):     0.9144E-02   -0.2230E+00    0.1386E+00
# With parameters(rot.):     0.9405E-03    0.6028E-01    0.5782E-01
# Minimization at step:    49 with Value:     0.1199Tol(Act/Req):0.7083E-03/0.1000E-04
# With parameters(tra.):     0.9174E-02   -0.2231E+00    0.1394E+00
# With parameters(rot.):    -0.5172E-03    0.6070E-01    0.5817E-01
# Minimization at step:    50 with Value:     0.1199Tol(Act/Req):0.2530E-03/0.1000E-04
# With parameters(tra.):     0.9334E-02   -0.2227E+00    0.1394E+00
# With parameters(rot.):    -0.5777E-03    0.6038E-01    0.5791E-01
# Minimization at step:    51 with Value:     0.1199Tol(Act/Req):0.2216E-03/0.1000E-04
# With parameters(tra.):     0.8127E-02   -0.2229E+00    0.1403E+00
# With parameters(rot.):     0.9762E-03    0.6043E-01    0.5728E-01
# Minimization at step:    52 with Value:     0.1199Tol(Act/Req):0.2653E-03/0.1000E-04
# With parameters(tra.):     0.8064E-02   -0.2232E+00    0.1401E+00
# With parameters(rot.):     0.1540E-02    0.6003E-01    0.5745E-01
# Minimization at step:    53 with Value:     0.1199Tol(Act/Req):0.1612E-03/0.1000E-04
# With parameters(tra.):     0.8360E-02   -0.2232E+00    0.1398E+00
# With parameters(rot.):     0.1198E-02    0.5998E-01    0.5763E-01
# Minimization at step:    54 with Value:     0.1199Tol(Act/Req):0.2021E-03/0.1000E-04
# With parameters(tra.):     0.8365E-02   -0.2234E+00    0.1394E+00
# With parameters(rot.):     0.2104E-02    0.5991E-01    0.5738E-01
# Minimization at step:    55 with Value:     0.1199Tol(Act/Req):0.1717E-03/0.1000E-04
# With parameters(tra.):     0.8086E-02   -0.2233E+00    0.1392E+00
# With parameters(rot.):     0.2126E-02    0.6016E-01    0.5752E-01
# Minimization at step:    56 with Value:     0.1199Tol(Act/Req):0.1389E-03/0.1000E-04
# With parameters(tra.):     0.7991E-02   -0.2227E+00    0.1393E+00
# With parameters(rot.):     0.2907E-02    0.5945E-01    0.5687E-01
# Minimization at step:    57 with Value:     0.1199Tol(Act/Req):0.1385E-03/0.1000E-04
# With parameters(tra.):     0.8148E-02   -0.2225E+00    0.1396E+00
# With parameters(rot.):     0.2582E-02    0.5950E-01    0.5673E-01
# Minimization at step:    58 with Value:     0.1199Tol(Act/Req):0.1260E-03/0.1000E-04
# With parameters(tra.):     0.8258E-02   -0.2230E+00    0.1396E+00
# With parameters(rot.):     0.1916E-02    0.6004E-01    0.5719E-01
# Minimization at step:    59 with Value:     0.1199Tol(Act/Req):0.5517E-04/0.1000E-04
# With parameters(tra.):     0.8196E-02   -0.2230E+00    0.1400E+00
# With parameters(rot.):     0.1389E-02    0.6019E-01    0.5728E-01
# Minimization at step:    60 with Value:     0.1199Tol(Act/Req):0.5208E-04/0.1000E-04
# With parameters(tra.):     0.8114E-02   -0.2235E+00    0.1396E+00
# With parameters(rot.):     0.2466E-02    0.5945E-01    0.5756E-01
# Minimization at step:    61 with Value:     0.1199Tol(Act/Req):0.5169E-04/0.1000E-04
# With parameters(tra.):     0.8625E-02   -0.2236E+00    0.1391E+00
# With parameters(rot.):     0.2206E-02    0.5917E-01    0.5788E-01
# Minimization at step:    62 with Value:     0.1199Tol(Act/Req):0.4069E-04/0.1000E-04
# With parameters(tra.):     0.8815E-02   -0.2232E+00    0.1392E+00
# With parameters(rot.):     0.1333E-02    0.5967E-01    0.5775E-01
# Minimization at step:    63 with Value:     0.1199Tol(Act/Req):0.3294E-04/0.1000E-04
# With parameters(tra.):     0.8703E-02   -0.2232E+00    0.1394E+00
# With parameters(rot.):     0.1326E-02    0.5977E-01    0.5766E-01
# Minimization at step:    64 with Value:     0.1199Tol(Act/Req):0.4831E-04/0.1000E-04
# With parameters(tra.):     0.8777E-02   -0.2229E+00    0.1393E+00
# With parameters(rot.):     0.1573E-02    0.5933E-01    0.5751E-01
# Minimization at step:    65 with Value:     0.1199Tol(Act/Req):0.4230E-04/0.1000E-04
# With parameters(tra.):     0.8908E-02   -0.2229E+00    0.1394E+00
# With parameters(rot.):     0.1327E-02    0.5933E-01    0.5750E-01
# Minimization at step:    66 with Value:     0.1199Tol(Act/Req):0.3943E-04/0.1000E-04
# With parameters(tra.):     0.8837E-02   -0.2228E+00    0.1393E+00
# With parameters(rot.):     0.1271E-02    0.5939E-01    0.5757E-01
# Minimization at step:    67 with Value:     0.1199Tol(Act/Req):0.3933E-04/0.1000E-04
# With parameters(tra.):     0.8927E-02   -0.2228E+00    0.1398E+00
# With parameters(rot.):     0.1795E-03    0.5942E-01    0.5785E-01
# Minimization at step:    68 with Value:     0.1199Tol(Act/Req):0.3032E-04/0.1000E-04
# With parameters(tra.):     0.8976E-02   -0.2229E+00    0.1397E+00
# With parameters(rot.):     0.4723E-03    0.5935E-01    0.5777E-01
# Minimization at step:    69 with Value:     0.1199Tol(Act/Req):0.2492E-04/0.1000E-04
# With parameters(tra.):     0.8958E-02   -0.2229E+00    0.1395E+00
# With parameters(rot.):     0.7696E-03    0.5933E-01    0.5769E-01
# Minimization at step:    70 with Value:     0.1199Tol(Act/Req):0.4226E-04/0.1000E-04
# With parameters(tra.):     0.8840E-02   -0.2231E+00    0.1395E+00
# With parameters(rot.):     0.1360E-02    0.5868E-01    0.5780E-01
# Minimization at step:    71 with Value:     0.1199Tol(Act/Req):0.3563E-04/0.1000E-04
# With parameters(tra.):     0.8662E-02   -0.2230E+00    0.1398E+00
# With parameters(rot.):     0.1357E-02    0.5853E-01    0.5767E-01
# Minimization at step:    72 with Value:     0.1199Tol(Act/Req):0.3487E-04/0.1000E-04
# With parameters(tra.):     0.8461E-02   -0.2229E+00    0.1399E+00
# With parameters(rot.):     0.1274E-02    0.5835E-01    0.5784E-01
# Minimization at step:    73 with Value:     0.1199Tol(Act/Req):0.4433E-04/0.1000E-04
# With parameters(tra.):     0.8574E-02   -0.2227E+00    0.1403E+00
# With parameters(rot.):     0.7635E-03    0.5804E-01    0.5794E-01
# Minimization at step:    74 with Value:     0.1199Tol(Act/Req):0.5273E-04/0.1000E-04
# With parameters(tra.):     0.8538E-02   -0.2228E+00    0.1401E+00
# With parameters(rot.):     0.1446E-02    0.5745E-01    0.5783E-01
# Minimization at step:    75 with Value:     0.1199Tol(Act/Req):0.4963E-04/0.1000E-04
# With parameters(tra.):     0.8361E-02   -0.2228E+00    0.1400E+00
# With parameters(rot.):     0.2266E-02    0.5679E-01    0.5772E-01
# Minimization at step:    76 with Value:     0.1199Tol(Act/Req):0.3510E-04/0.1000E-04
# With parameters(tra.):     0.8041E-02   -0.2231E+00    0.1405E+00
# With parameters(rot.):     0.2241E-02    0.5619E-01    0.5805E-01
# Minimization at step:    77 with Value:     0.1199Tol(Act/Req):0.3052E-04/0.1000E-04
# With parameters(tra.):     0.7933E-02   -0.2227E+00    0.1408E+00
# With parameters(rot.):     0.1747E-02    0.5624E-01    0.5800E-01
# Minimization at step:    78 with Value:     0.1199Tol(Act/Req):0.8310E-04/0.1000E-04
# With parameters(tra.):     0.7969E-02   -0.2229E+00    0.1413E+00
# With parameters(rot.):     0.2108E-02    0.5545E-01    0.5782E-01
# Minimization at step:    79 with Value:     0.1199Tol(Act/Req):0.1225E-03/0.1000E-04
# With parameters(tra.):     0.7891E-02   -0.2230E+00    0.1415E+00
# With parameters(rot.):     0.2489E-02    0.5413E-01    0.5809E-01
# Minimization at step:    80 with Value:     0.1199Tol(Act/Req):0.1190E-03/0.1000E-04
# With parameters(tra.):     0.7986E-02   -0.2234E+00    0.1414E+00
# With parameters(rot.):     0.3231E-02    0.5338E-01    0.5818E-01
# Minimization at step:    81 with Value:     0.1199Tol(Act/Req):0.1170E-03/0.1000E-04
# With parameters(tra.):     0.7908E-02   -0.2235E+00    0.1414E+00
# With parameters(rot.):     0.3564E-02    0.5307E-01    0.5818E-01
# Minimization at step:    82 with Value:     0.1199Tol(Act/Req):0.1087E-03/0.1000E-04
# With parameters(tra.):     0.7934E-02   -0.2237E+00    0.1420E+00
# With parameters(rot.):     0.3177E-02    0.5249E-01    0.5844E-01
# Minimization at step:    83 with Value:     0.1199Tol(Act/Req):0.1070E-03/0.1000E-04
# With parameters(tra.):     0.7769E-02   -0.2239E+00    0.1427E+00
# With parameters(rot.):     0.3071E-02    0.5143E-01    0.5875E-01
# Minimization at step:    84 with Value:     0.1199Tol(Act/Req):0.9857E-04/0.1000E-04
# With parameters(tra.):     0.7601E-02   -0.2237E+00    0.1433E+00
# With parameters(rot.):     0.2276E-02    0.5153E-01    0.5884E-01
# Minimization at step:    85 with Value:     0.1199Tol(Act/Req):0.7496E-04/0.1000E-04
# With parameters(tra.):     0.7881E-02   -0.2236E+00    0.1436E+00
# With parameters(rot.):     0.2321E-02    0.5077E-01    0.5867E-01
# Minimization at step:    86 with Value:     0.1199Tol(Act/Req):0.1060E-03/0.1000E-04
# With parameters(tra.):     0.7636E-02   -0.2239E+00    0.1447E+00
# With parameters(rot.):     0.2698E-02    0.4869E-01    0.5890E-01
# Minimization at step:    87 with Value:     0.1199Tol(Act/Req):0.1141E-03/0.1000E-04
# With parameters(tra.):     0.7448E-02   -0.2236E+00    0.1452E+00
# With parameters(rot.):     0.3041E-02    0.4766E-01    0.5874E-01
# Minimization at step:    88 with Value:     0.1199Tol(Act/Req):0.1962E-03/0.1000E-04
# With parameters(tra.):     0.7113E-02   -0.2237E+00    0.1463E+00
# With parameters(rot.):     0.2785E-02    0.4535E-01    0.5956E-01
# Minimization at step:    89 with Value:     0.1199Tol(Act/Req):0.1929E-03/0.1000E-04
# With parameters(tra.):     0.7060E-02   -0.2234E+00    0.1466E+00
# With parameters(rot.):     0.2796E-02    0.4438E-01    0.5951E-01
# Minimization at step:    90 with Value:     0.1199Tol(Act/Req):0.1838E-03/0.1000E-04
# With parameters(tra.):     0.7047E-02   -0.2236E+00    0.1472E+00
# With parameters(rot.):     0.3764E-02    0.4190E-01    0.5964E-01
# Minimization at step:    91 with Value:     0.1199Tol(Act/Req):0.1963E-03/0.1000E-04
# With parameters(tra.):     0.6211E-02   -0.2238E+00    0.1485E+00
# With parameters(rot.):     0.4419E-02    0.3861E-01    0.6039E-01
# Minimization at step:    92 with Value:     0.1199Tol(Act/Req):0.2805E-03/0.1000E-04
# With parameters(tra.):     0.5529E-02   -0.2239E+00    0.1516E+00
# With parameters(rot.):     0.4621E-02    0.3348E-01    0.6099E-01
# Minimization at step:    93 with Value:     0.1199Tol(Act/Req):0.2609E-03/0.1000E-04
# With parameters(tra.):     0.5153E-02   -0.2235E+00    0.1524E+00
# With parameters(rot.):     0.4758E-02    0.3118E-01    0.6138E-01
# Minimization at step:    94 with Value:     0.1199Tol(Act/Req):0.2315E-03/0.1000E-04
# With parameters(tra.):     0.4639E-02   -0.2239E+00    0.1542E+00
# With parameters(rot.):     0.4874E-02    0.2707E-01    0.6247E-01
# Minimization at step:    95 with Value:     0.1199Tol(Act/Req):0.2171E-03/0.1000E-04
# With parameters(tra.):     0.3849E-02   -0.2238E+00    0.1560E+00
# With parameters(rot.):     0.4276E-02    0.2460E-01    0.6329E-01
# Minimization at step:    96 with Value:     0.1199Tol(Act/Req):0.1624E-03/0.1000E-04
# With parameters(tra.):     0.2832E-02   -0.2242E+00    0.1587E+00
# With parameters(rot.):     0.4758E-02    0.1897E-01    0.6460E-01
# Minimization at step:    97 with Value:     0.1198Tol(Act/Req):0.1415E-03/0.1000E-04
# With parameters(tra.):     0.1851E-02   -0.2242E+00    0.1614E+00
# With parameters(rot.):     0.5757E-02    0.1326E-01    0.6519E-01
# Minimization at step:    98 with Value:     0.1198Tol(Act/Req):0.1278E-03/0.1000E-04
# With parameters(tra.):     0.1513E-02   -0.2241E+00    0.1639E+00
# With parameters(rot.):     0.5330E-02    0.9202E-02    0.6578E-01
# Minimization at step:    99 with Value:     0.1198Tol(Act/Req):0.1089E-03/0.1000E-04
# With parameters(tra.):     0.1303E-02   -0.2243E+00    0.1647E+00
# With parameters(rot.):     0.5343E-02    0.7945E-02    0.6605E-01
# Minimization at step:   100 with Value:     0.1198Tol(Act/Req):0.1058E-03/0.1000E-04
# With parameters(tra.):     0.2102E-02   -0.2243E+00    0.1630E+00
# With parameters(rot.):     0.4207E-02    0.1189E-01    0.6575E-01
# Minimization at step:   101 with Value:     0.1198Tol(Act/Req):0.9723E-04/0.1000E-04
# With parameters(tra.):     0.2876E-02   -0.2239E+00    0.1617E+00
# With parameters(rot.):     0.3541E-02    0.1515E-01    0.6483E-01
# Minimization at step:   102 with Value:     0.1198Tol(Act/Req):0.8399E-04/0.1000E-04
# With parameters(tra.):     0.2335E-02   -0.2238E+00    0.1629E+00
# With parameters(rot.):     0.4455E-02    0.1230E-01    0.6483E-01
# Minimization at step:   103 with Value:     0.1198Tol(Act/Req):0.7320E-04/0.1000E-04
# With parameters(tra.):     0.2082E-02   -0.2234E+00    0.1641E+00
# With parameters(rot.):     0.4199E-02    0.1150E-01    0.6452E-01
# Minimization at step:   104 with Value:     0.1198Tol(Act/Req):0.5682E-04/0.1000E-04
# With parameters(tra.):     0.1822E-02   -0.2235E+00    0.1647E+00
# With parameters(rot.):     0.4420E-02    0.1038E-01    0.6472E-01
# Minimization at step:   105 with Value:     0.1198Tol(Act/Req):0.5442E-04/0.1000E-04
# With parameters(tra.):     0.2191E-02   -0.2235E+00    0.1640E+00
# With parameters(rot.):     0.3495E-02    0.1259E-01    0.6469E-01
# Minimization at step:   106 with Value:     0.1198Tol(Act/Req):0.4836E-04/0.1000E-04
# With parameters(tra.):     0.1988E-02   -0.2232E+00    0.1641E+00
# With parameters(rot.):     0.2850E-02    0.1246E-01    0.6513E-01
# Minimization at step:   107 with Value:     0.1198Tol(Act/Req):0.4295E-04/0.1000E-04
# With parameters(tra.):     0.2158E-02   -0.2230E+00    0.1650E+00
# With parameters(rot.):     0.2973E-02    0.1088E-01    0.6492E-01
# Minimization at step:   108 with Value:     0.1198Tol(Act/Req):0.3905E-04/0.1000E-04
# With parameters(tra.):     0.1956E-02   -0.2228E+00    0.1673E+00
# With parameters(rot.):     0.1828E-02    0.8573E-02    0.6517E-01
# Minimization at step:   109 with Value:     0.1198Tol(Act/Req):0.3489E-04/0.1000E-04
# With parameters(tra.):     0.1720E-02   -0.2229E+00    0.1672E+00
# With parameters(rot.):     0.1323E-02    0.9386E-02    0.6545E-01
# Minimization at step:   110 with Value:     0.1198Tol(Act/Req):0.2807E-04/0.1000E-04
# With parameters(tra.):     0.1193E-02   -0.2227E+00    0.1690E+00
# With parameters(rot.):     0.1525E-02    0.6109E-02    0.6574E-01
# Minimization at step:   111 with Value:     0.1198Tol(Act/Req):0.2377E-04/0.1000E-04
# With parameters(tra.):     0.4646E-03   -0.2225E+00    0.1715E+00
# With parameters(rot.):     0.1003E-02    0.2443E-02    0.6648E-01
# Minimization at step:   112 with Value:     0.1198Tol(Act/Req):0.3946E-04/0.1000E-04
# With parameters(tra.):     0.4618E-03   -0.2224E+00    0.1715E+00
# With parameters(rot.):     0.7491E-03    0.2893E-02    0.6639E-01
# Minimization at step:   113 with Value:     0.1198Tol(Act/Req):0.3717E-04/0.1000E-04
# With parameters(tra.):     0.1755E-03   -0.2224E+00    0.1727E+00
# With parameters(rot.):    -0.1451E-03    0.8276E-03    0.6732E-01
# Minimization at step:   114 with Value:     0.1198Tol(Act/Req):0.3265E-04/0.1000E-04
# With parameters(tra.):     0.7517E-04   -0.2224E+00    0.1734E+00
# With parameters(rot.):    -0.2334E-03   -0.1096E-03    0.6739E-01
# Minimization at step:   115 with Value:     0.1198Tol(Act/Req):0.3246E-04/0.1000E-04
# With parameters(tra.):     0.1136E-03   -0.2224E+00    0.1734E+00
# With parameters(rot.):    -0.4304E-03    0.1913E-03    0.6746E-01
# Minimization at step:   116 with Value:     0.1198Tol(Act/Req):0.3012E-04/0.1000E-04
# With parameters(tra.):     0.3885E-04   -0.2224E+00    0.1739E+00
# With parameters(rot.):    -0.4504E-03   -0.7782E-03    0.6755E-01
# Minimization at step:   117 with Value:     0.1198Tol(Act/Req):0.2646E-04/0.1000E-04
# With parameters(tra.):    -0.5380E-04   -0.2224E+00    0.1737E+00
# With parameters(rot.):    -0.2586E-03   -0.7891E-03    0.6767E-01
# Minimization at step:   118 with Value:     0.1198Tol(Act/Req):0.2457E-04/0.1000E-04
# With parameters(tra.):    -0.1352E-05   -0.2224E+00    0.1734E+00
# With parameters(rot.):    -0.4453E-04   -0.4073E-03    0.6747E-01
# Minimization at step:   119 with Value:     0.1198Tol(Act/Req):0.8936E-05/0.1000E-04
# With parameters(tra.):     0.4288E-03   -0.2225E+00    0.1720E+00
# With parameters(rot.):     0.8522E-04    0.1630E-02    0.6716E-01
# CSM Values after x minimization.
# Final Number of optim. Steps:   119
#      Before min is:      0.00000000020
# Final CSM Value is:      0.11983218078
# Coordinates rotated along Y.
[molecule] Nrec=   7 Format=nscxyz
  c                1    6   -0.61232340D-16  -0.50000000D+00   0.61629758D-32
  h                2    1    0.12246468D-15   0.50000000D+00   0.10000000D+01
  h                3    1   -0.86600000D+00   0.50000000D+00   0.50000000D+00
  h                4    1   -0.86600000D+00   0.50000000D+00  -0.50000000D+00
  h                5    1   -0.12023263D-31   0.50000000D+00  -0.10000000D+01
  h                6    1    0.86600000D+00   0.50000000D+00  -0.50000000D+00
  h                7    1    0.86600000D+00   0.50000000D+00   0.50000000D+00
# Minimization at step:     0 with Value:     0.2466Tol(Act/Req):0.2999E+00/0.1000E-04
# With parameters(tra.):     0.1429E-01    0.1429E-01    0.1429E-01
# With parameters(rot.):     0.1429E-01    0.1429E-01    0.1429E-01
# Minimization at step:     1 with Value:     0.2201Tol(Act/Req):0.6538E+00/0.1000E-04
# With parameters(tra.):     0.2143E-01   -0.2857E-01    0.2143E-01
# With parameters(rot.):     0.2143E-01    0.2143E-01    0.2143E-01
# Minimization at step:     2 with Value:     0.2126Tol(Act/Req):0.5925E+00/0.1000E-04
# With parameters(tra.):    -0.4762E-02   -0.3810E-01    0.2857E-01
# With parameters(rot.):     0.2857E-01    0.2857E-01    0.2857E-01
# Minimization at step:     3 with Value:     0.2037Tol(Act/Req):0.5920E+00/0.1000E-04
# With parameters(tra.):    -0.6349E-02   -0.5079E-01    0.3810E-01
# With parameters(rot.):     0.3810E-01    0.4762E-02    0.3810E-01
# Minimization at step:     4 with Value:     0.1926Tol(Act/Req):0.5917E+00/0.1000E-04
# With parameters(tra.):    -0.8466E-02   -0.6772E-01    0.5079E-01
# With parameters(rot.):     0.5079E-01    0.6349E-02    0.1746E-01
# Minimization at step:     5 with Value:     0.1793Tol(Act/Req):0.5917E+00/0.1000E-04
# With parameters(tra.):    -0.1129E-01   -0.9030E-01    0.6772E-01
# With parameters(rot.):     0.6772E-01    0.8466E-02    0.2328E-01
# Minimization at step:     6 with Value:     0.1642Tol(Act/Req):0.5823E+00/0.1000E-04
# With parameters(tra.):    -0.1505E-01   -0.1204E+00    0.5697E-01
# With parameters(rot.):     0.9030E-01    0.1129E-01    0.3104E-01
# Minimization at step:     7 with Value:     0.1500Tol(Act/Req):0.4371E+00/0.1000E-04
# With parameters(tra.):    -0.2007E-01   -0.1605E+00    0.7596E-01
# With parameters(rot.):     0.8707E-01    0.1505E-01    0.4139E-01
# Minimization at step:     8 with Value:     0.1419Tol(Act/Req):0.2975E+00/0.1000E-04
# With parameters(tra.):     0.1022E-02   -0.1918E+00    0.8461E-01
# With parameters(rot.):     0.9942E-01    0.3400E-02    0.3852E-01
# Minimization at step:     9 with Value:     0.1390Tol(Act/Req):0.2041E+00/0.1000E-04
# With parameters(tra.):     0.5067E-02   -0.2261E+00    0.9059E-01
# With parameters(rot.):     0.1103E+00    0.2676E-01    0.2913E-01
# Minimization at step:    10 with Value:     0.1352Tol(Act/Req):0.1723E+00/0.1000E-04
# With parameters(tra.):     0.6724E-02   -0.2351E+00    0.9073E-01
# With parameters(rot.):     0.1121E+00    0.2806E-01    0.3526E-01
# Minimization at step:    11 with Value:     0.1321Tol(Act/Req):0.1039E+00/0.1000E-04
# With parameters(tra.):     0.5850E-02   -0.2273E+00    0.8925E-01
# With parameters(rot.):     0.1095E+00    0.2233E-01    0.3812E-01
# Minimization at step:    12 with Value:     0.1301Tol(Act/Req):0.1057E+00/0.1000E-04
# With parameters(tra.):     0.9806E-03   -0.2224E+00    0.8747E-01
# With parameters(rot.):     0.1073E+00    0.2682E-01    0.3881E-01
# Minimization at step:    13 with Value:     0.1281Tol(Act/Req):0.4260E-01/0.1000E-04
# With parameters(tra.):     0.2708E-02   -0.2278E+00    0.8488E-01
# With parameters(rot.):     0.1064E+00    0.2782E-01    0.3865E-01
# Minimization at step:    14 with Value:     0.1270Tol(Act/Req):0.4538E-01/0.1000E-04
# With parameters(tra.):     0.5861E-02   -0.2233E+00    0.8088E-01
# With parameters(rot.):     0.1088E+00    0.2794E-01    0.3583E-01
# Minimization at step:    15 with Value:     0.1263Tol(Act/Req):0.4178E-01/0.1000E-04
# With parameters(tra.):     0.6617E-02   -0.2268E+00    0.8013E-01
# With parameters(rot.):     0.1094E+00    0.2858E-01    0.3894E-01
# Minimization at step:    16 with Value:     0.1256Tol(Act/Req):0.3091E-01/0.1000E-04
# With parameters(tra.):     0.6244E-02   -0.2229E+00    0.7863E-01
# With parameters(rot.):     0.1081E+00    0.2624E-01    0.4044E-01
# Minimization at step:    17 with Value:     0.1251Tol(Act/Req):0.2653E-01/0.1000E-04
# With parameters(tra.):     0.1710E-01   -0.2270E+00    0.9661E-01
# With parameters(rot.):     0.9145E-01    0.2840E-01    0.3581E-01
# Minimization at step:    18 with Value:     0.1246Tol(Act/Req):0.2849E-01/0.1000E-04
# With parameters(tra.):     0.1917E-01   -0.2296E+00    0.9629E-01
# With parameters(rot.):     0.8974E-01    0.2895E-01    0.3550E-01
# Minimization at step:    19 with Value:     0.1241Tol(Act/Req):0.2451E-01/0.1000E-04
# With parameters(tra.):     0.1660E-01   -0.2320E+00    0.1001E+00
# With parameters(rot.):     0.9306E-01    0.2720E-01    0.3429E-01
# Minimization at step:    20 with Value:     0.1235Tol(Act/Req):0.1703E-01/0.1000E-04
# With parameters(tra.):     0.1207E-01   -0.2255E+00    0.1008E+00
# With parameters(rot.):     0.8382E-01    0.3631E-01    0.3415E-01
# Minimization at step:    21 with Value:     0.1232Tol(Act/Req):0.1839E-01/0.1000E-04
# With parameters(tra.):     0.8931E-02   -0.2244E+00    0.9668E-01
# With parameters(rot.):     0.8734E-01    0.3642E-01    0.3517E-01
# Minimization at step:    22 with Value:     0.1229Tol(Act/Req):0.1531E-01/0.1000E-04
# With parameters(tra.):     0.1121E-01   -0.2305E+00    0.1007E+00
# With parameters(rot.):     0.8122E-01    0.4032E-01    0.4014E-01
# Minimization at step:    23 with Value:     0.1225Tol(Act/Req):0.1836E-01/0.1000E-04
# With parameters(tra.):     0.1213E-01   -0.2252E+00    0.1050E+00
# With parameters(rot.):     0.6965E-01    0.4033E-01    0.4303E-01
# Minimization at step:    24 with Value:     0.1223Tol(Act/Req):0.1513E-01/0.1000E-04
# With parameters(tra.):     0.1422E-01   -0.2231E+00    0.1051E+00
# With parameters(rot.):     0.6760E-01    0.4142E-01    0.4222E-01
# Minimization at step:    25 with Value:     0.1219Tol(Act/Req):0.1800E-01/0.1000E-04
# With parameters(tra.):     0.1670E-01   -0.2262E+00    0.1073E+00
# With parameters(rot.):     0.5680E-01    0.4667E-01    0.4383E-01
# Minimization at step:    26 with Value:     0.1216Tol(Act/Req):0.1255E-01/0.1000E-04
# With parameters(tra.):     0.1160E-01   -0.2292E+00    0.1175E+00
# With parameters(rot.):     0.5134E-01    0.4965E-01    0.4459E-01
# Minimization at step:    27 with Value:     0.1216Tol(Act/Req):0.1200E-01/0.1000E-04
# With parameters(tra.):     0.9444E-02   -0.2226E+00    0.1190E+00
# With parameters(rot.):     0.4750E-01    0.4887E-01    0.4111E-01
# Minimization at step:    28 with Value:     0.1215Tol(Act/Req):0.9717E-02/0.1000E-04
# With parameters(tra.):     0.1310E-01   -0.2282E+00    0.1244E+00
# With parameters(rot.):     0.4464E-01    0.4395E-01    0.4357E-01
# Minimization at step:    29 with Value:     0.1213Tol(Act/Req):0.1124E-01/0.1000E-04
# With parameters(tra.):     0.1395E-01   -0.2303E+00    0.1245E+00
# With parameters(rot.):     0.4536E-01    0.4374E-01    0.4464E-01
# Minimization at step:    30 with Value:     0.1211Tol(Act/Req):0.1316E-01/0.1000E-04
# With parameters(tra.):     0.9350E-02   -0.2300E+00    0.1255E+00
# With parameters(rot.):     0.3841E-01    0.4641E-01    0.4984E-01
# Minimization at step:    31 with Value:     0.1209Tol(Act/Req):0.1013E-01/0.1000E-04
# With parameters(tra.):     0.5667E-02   -0.2263E+00    0.1217E+00
# With parameters(rot.):     0.3900E-01    0.5072E-01    0.4956E-01
# Minimization at step:    32 with Value:     0.1207Tol(Act/Req):0.9832E-02/0.1000E-04
# With parameters(tra.):     0.7011E-02   -0.2232E+00    0.1272E+00
# With parameters(rot.):     0.2537E-01    0.5600E-01    0.5039E-01
# Minimization at step:    33 with Value:     0.1205Tol(Act/Req):0.6620E-02/0.1000E-04
# With parameters(tra.):     0.6356E-02   -0.2243E+00    0.1280E+00
# With parameters(rot.):     0.2457E-01    0.5731E-01    0.5028E-01
# Minimization at step:    34 with Value:     0.1204Tol(Act/Req):0.5956E-02/0.1000E-04
# With parameters(tra.):     0.4874E-02   -0.2234E+00    0.1292E+00
# With parameters(rot.):     0.2458E-01    0.5688E-01    0.5042E-01
# Minimization at step:    35 with Value:     0.1203Tol(Act/Req):0.4348E-02/0.1000E-04
# With parameters(tra.):     0.5590E-02   -0.2222E+00    0.1276E+00
# With parameters(rot.):     0.2372E-01    0.5674E-01    0.5071E-01
# Minimization at step:    36 with Value:     0.1203Tol(Act/Req):0.4797E-02/0.1000E-04
# With parameters(tra.):     0.8020E-02   -0.2233E+00    0.1321E+00
# With parameters(rot.):     0.1823E-01    0.5587E-01    0.5128E-01
# Minimization at step:    37 with Value:     0.1202Tol(Act/Req):0.2785E-02/0.1000E-04
# With parameters(tra.):     0.7732E-02   -0.2252E+00    0.1348E+00
# With parameters(rot.):     0.1062E-01    0.5949E-01    0.5565E-01
# Minimization at step:    38 with Value:     0.1202Tol(Act/Req):0.2457E-02/0.1000E-04
# With parameters(tra.):     0.7519E-02   -0.2259E+00    0.1357E+00
# With parameters(rot.):     0.9062E-02    0.6033E-01    0.5604E-01
# Minimization at step:    39 with Value:     0.1201Tol(Act/Req):0.2267E-02/0.1000E-04
# With parameters(tra.):     0.7573E-02   -0.2254E+00    0.1351E+00
# With parameters(rot.):     0.1083E-01    0.5949E-01    0.5498E-01
# Minimization at step:    40 with Value:     0.1201Tol(Act/Req):0.1727E-02/0.1000E-04
# With parameters(tra.):     0.8575E-02   -0.2251E+00    0.1357E+00
# With parameters(rot.):     0.1027E-01    0.5991E-01    0.5411E-01
# Minimization at step:    41 with Value:     0.1201Tol(Act/Req):0.1285E-02/0.1000E-04
# With parameters(tra.):     0.1100E-01   -0.2237E+00    0.1353E+00
# With parameters(rot.):     0.4059E-02    0.6068E-01    0.5583E-01
# Minimization at step:    42 with Value:     0.1201Tol(Act/Req):0.1235E-02/0.1000E-04
# With parameters(tra.):     0.1008E-01   -0.2219E+00    0.1396E+00
# With parameters(rot.):    -0.2754E-02    0.6110E-01    0.5791E-01
# Minimization at step:    43 with Value:     0.1201Tol(Act/Req):0.9981E-03/0.1000E-04
# With parameters(tra.):     0.7345E-02   -0.2228E+00    0.1414E+00
# With parameters(rot.):     0.1187E-02    0.6047E-01    0.5688E-01
# Minimization at step:    44 with Value:     0.1200Tol(Act/Req):0.1409E-02/0.1000E-04
# With parameters(tra.):     0.7037E-02   -0.2235E+00    0.1412E+00
# With parameters(rot.):     0.2581E-02    0.5952E-01    0.5721E-01
# Minimization at step:    45 with Value:     0.1200Tol(Act/Req):0.1043E-02/0.1000E-04
# With parameters(tra.):     0.9010E-02   -0.2230E+00    0.1398E+00
# With parameters(rot.):    -0.2570E-04    0.5975E-01    0.5806E-01
# Minimization at step:    46 with Value:     0.1200Tol(Act/Req):0.8709E-03/0.1000E-04
# With parameters(tra.):     0.9152E-02   -0.2236E+00    0.1387E+00
# With parameters(rot.):     0.1905E-02    0.5954E-01    0.5756E-01
# Minimization at step:    47 with Value:     0.1200Tol(Act/Req):0.6746E-03/0.1000E-04
# With parameters(tra.):     0.8638E-02   -0.2233E+00    0.1382E+00
# With parameters(rot.):     0.1917E-02    0.6006E-01    0.5794E-01
# Minimization at step:    48 with Value:     0.1200Tol(Act/Req):0.7254E-03/0.1000E-04
# With parameters(tra.):     0.9144E-02   -0.2230E+00    0.1386E+00
# With parameters(rot.):     0.9405E-03    0.6028E-01    0.5782E-01
# Minimization at step:    49 with Value:     0.1199Tol(Act/Req):0.7083E-03/0.1000E-04
# With parameters(tra.):     0.9174E-02   -0.2231E+00    0.1394E+00
# With parameters(rot.):    -0.5172E-03    0.6070E-01    0.5817E-01
# Minimization at step:    50 with Value:     0.1199Tol(Act/Req):0.2530E-03/0.1000E-04
# With parameters(tra.):     0.9334E-02   -0.2227E+00    0.1394E+00
# With parameters(rot.):    -0.5777E-03    0.6038E-01    0.5791E-01
# Minimization at step:    51 with Value:     0.1199Tol(Act/Req):0.2216E-03/0.1000E-04
# With parameters(tra.):     0.8127E-02   -0.2229E+00    0.1403E+00
# With parameters(rot.):     0.9762E-03    0.6043E-01    0.5728E-01
# Minimization at step:    52 with Value:     0.1199Tol(Act/Req):0.2653E-03/0.1000E-04
# With parameters(tra.):     0.8064E-02   -0.2232E+00    0.1401E+00
# With parameters(rot.):     0.1540E-02    0.6003E-01    0.5745E-01
# Minimization at step:    53 with Value:     0.1199Tol(Act/Req):0.1612E-03/0.1000E-04
# With parameters(tra.):     0.8360E-02   -0.2232E+00    0.1398E+00
# With parameters(rot.):     0.1198E-02    0.5998E-01    0.5763E-01
# Minimization at step:    54 with Value:     0.1199Tol(Act/Req):0.2021E-03/0.1000E-04
# With parameters(tra.):     0.8365E-02   -0.2234E+00    0.1394E+00
# With parameters(rot.):     0.2104E-02    0.5991E-01    0.5738E-01
# Minimization at step:    55 with Value:     0.1199Tol(Act/Req):0.1717E-03/0.1000E-04
# With parameters(tra.):     0.8086E-02   -0.2233E+00    0.1392E+00
# With parameters(rot.):     0.2126E-02    0.6016E-01    0.5752E-01
# Minimization at step:    56 with Value:     0.1199Tol(Act/Req):0.1389E-03/0.1000E-04
# With parameters(tra.):     0.7991E-02   -0.2227E+00    0.1393E+00
# With parameters(rot.):     0.2907E-02    0.5945E-01    0.5687E-01
# Minimization at step:    57 with Value:     0.1199Tol(Act/Req):0.1385E-03/0.1000E-04
# With parameters(tra.):     0.8148E-02   -0.2225E+00    0.1396E+00
# With parameters(rot.):     0.2582E-02    0.5950E-01    0.5673E-01
# Minimization at step:    58 with Value:     0.1199Tol(Act/Req):0.1260E-03/0.1000E-04
# With parameters(tra.):     0.8258E-02   -0.2230E+00    0.1396E+00
# With parameters(rot.):     0.1916E-02    0.6004E-01    0.5719E-01
# Minimization at step:    59 with Value:     0.1199Tol(Act/Req):0.5517E-04/0.1000E-04
# With parameters(tra.):     0.8196E-02   -0.2230E+00    0.1400E+00
# With parameters(rot.):     0.1389E-02    0.6019E-01    0.5728E-01
# Minimization at step:    60 with Value:     0.1199Tol(Act/Req):0.5208E-04/0.1000E-04
# With parameters(tra.):     0.8114E-02   -0.2235E+00    0.1396E+00
# With parameters(rot.):     0.2466E-02    0.5945E-01    0.5756E-01
# Minimization at step:    61 with Value:     0.1199Tol(Act/Req):0.5169E-04/0.1000E-04
# With parameters(tra.):     0.8625E-02   -0.2236E+00    0.1391E+00
# With parameters(rot.):     0.2206E-02    0.5917E-01    0.5788E-01
# Minimization at step:    62 with Value:     0.1199Tol(Act/Req):0.4069E-04/0.1000E-04
# With parameters(tra.):     0.8815E-02   -0.2232E+00    0.1392E+00
# With parameters(rot.):     0.1333E-02    0.5967E-01    0.5775E-01
# Minimization at step:    63 with Value:     0.1199Tol(Act/Req):0.3294E-04/0.1000E-04
# With parameters(tra.):     0.8703E-02   -0.2232E+00    0.1394E+00
# With parameters(rot.):     0.1326E-02    0.5977E-01    0.5766E-01
# Minimization at step:    64 with Value:     0.1199Tol(Act/Req):0.4831E-04/0.1000E-04
# With parameters(tra.):     0.8777E-02   -0.2229E+00    0.1393E+00
# With parameters(rot.):     0.1573E-02    0.5933E-01    0.5751E-01
# Minimization at step:    65 with Value:     0.1199Tol(Act/Req):0.4230E-04/0.1000E-04
# With parameters(tra.):     0.8908E-02   -0.2229E+00    0.1394E+00
# With parameters(rot.):     0.1327E-02    0.5933E-01    0.5750E-01
# Minimization at step:    66 with Value:     0.1199Tol(Act/Req):0.3943E-04/0.1000E-04
# With parameters(tra.):     0.8837E-02   -0.2228E+00    0.1393E+00
# With parameters(rot.):     0.1271E-02    0.5939E-01    0.5757E-01
# Minimization at step:    67 with Value:     0.1199Tol(Act/Req):0.3933E-04/0.1000E-04
# With parameters(tra.):     0.8927E-02   -0.2228E+00    0.1398E+00
# With parameters(rot.):     0.1795E-03    0.5942E-01    0.5785E-01
# Minimization at step:    68 with Value:     0.1199Tol(Act/Req):0.3032E-04/0.1000E-04
# With parameters(tra.):     0.8976E-02   -0.2229E+00    0.1397E+00
# With parameters(rot.):     0.4723E-03    0.5935E-01    0.5777E-01
# Minimization at step:    69 with Value:     0.1199Tol(Act/Req):0.2492E-04/0.1000E-04
# With parameters(tra.):     0.8958E-02   -0.2229E+00    0.1395E+00
# With parameters(rot.):     0.7696E-03    0.5933E-01    0.5769E-01
# Minimization at step:    70 with Value:     0.1199Tol(Act/Req):0.4226E-04/0.1000E-04
# With parameters(tra.):     0.8840E-02   -0.2231E+00    0.1395E+00
# With parameters(rot.):     0.1360E-02    0.5868E-01    0.5780E-01
# Minimization at step:    71 with Value:     0.1199Tol(Act/Req):0.3563E-04/0.1000E-04
# With parameters(tra.):     0.8662E-02   -0.2230E+00    0.1398E+00
# With parameters(rot.):     0.1357E-02    0.5853E-01    0.5767E-01
# Minimization at step:    72 with Value:     0.1199Tol(Act/Req):0.3487E-04/0.1000E-04
# With parameters(tra.):     0.8461E-02   -0.2229E+00    0.1399E+00
# With parameters(rot.):     0.1274E-02    0.5835E-01    0.5784E-01
# Minimization at step:    73 with Value:     0.1199Tol(Act/Req):0.4433E-04/0.1000E-04
# With parameters(tra.):     0.8574E-02   -0.2227E+00    0.1403E+00
# With parameters(rot.):     0.7635E-03    0.5804E-01    0.5794E-01
# Minimization at step:    74 with Value:     0.1199Tol(Act/Req):0.5273E-04/0.1000E-04
# With parameters(tra.):     0.8538E-02   -0.2228E+00    0.1401E+00
# With parameters(rot.):     0.1446E-02    0.5745E-01    0.5783E-01
# Minimization at step:    75 with Value:     0.1199Tol(Act/Req):0.4963E-04/0.1000E-04
# With parameters(tra.):     0.8361E-02   -0.2228E+00    0.1400E+00
# With parameters(rot.):     0.2266E-02    0.5679E-01    0.5772E-01
# Minimization at step:    76 with Value:     0.1199Tol(Act/Req):0.3510E-04/0.1000E-04
# With parameters(tra.):     0.8041E-02   -0.2231E+00    0.1405E+00
# With parameters(rot.):     0.2241E-02    0.5619E-01    0.5805E-01
# Minimization at step:    77 with Value:     0.1199Tol(Act/Req):0.3052E-04/0.1000E-04
# With parameters(tra.):     0.7933E-02   -0.2227E+00    0.1408E+00
# With parameters(rot.):     0.1747E-02    0.5624E-01    0.5800E-01
# Minimization at step:    78 with Value:     0.1199Tol(Act/Req):0.8310E-04/0.1000E-04
# With parameters(tra.):     0.7969E-02   -0.2229E+00    0.1413E+00
# With parameters(rot.):     0.2108E-02    0.5545E-01    0.5782E-01
# Minimization at step:    79 with Value:     0.1199Tol(Act/Req):0.1225E-03/0.1000E-04
# With parameters(tra.):     0.7891E-02   -0.2230E+00    0.1415E+00
# With parameters(rot.):     0.2489E-02    0.5413E-01    0.5809E-01
# Minimization at step:    80 with Value:     0.1199Tol(Act/Req):0.1190E-03/0.1000E-04
# With parameters(tra.):     0.7986E-02   -0.2234E+00    0.1414E+00
# With parameters(rot.):     0.3231E-02    0.5338E-01    0.5818E-01
# Minimization at step:    81 with Value:     0.1199Tol(Act/Req):0.1170E-03/0.1000E-04
# With parameters(tra.):     0.7908E-02   -0.2235E+00    0.1414E+00
# With parameters(rot.):     0.3564E-02    0.5307E-01    0.5818E-01
# Minimization at step:    82 with Value:     0.1199Tol(Act/Req):0.1087E-03/0.1000E-04
# With parameters(tra.):     0.7934E-02   -0.2237E+00    0.1420E+00
# With parameters(rot.):     0.3177E-02    0.5249E-01    0.5844E-01
# Minimization at step:    83 with Value:     0.1199Tol(Act/Req):0.1070E-03/0.1000E-04
# With parameters(tra.):     0.7769E-02   -0.2239E+00    0.1427E+00
# With parameters(rot.):     0.3071E-02    0.5143E-01    0.5875E-01
# Minimization at step:    84 with Value:     0.1199Tol(Act/Req):0.9857E-04/0.1000E-04
# With parameters(tra.):     0.7601E-02   -0.2237E+00    0.1433E+00
# With parameters(rot.):     0.2276E-02    0.5153E-01    0.5884E-01
# Minimization at step:    85 with Value:     0.1199Tol(Act/Req):0.7496E-04/0.1000E-04
# With parameters(tra.):     0.7881E-02   -0.2236E+00    0.1436E+00
# With parameters(rot.):     0.2321E-02    0.5077E-01    0.5867E-01
# Minimization at step:    86 with Value:     0.1199Tol(Act/Req):0.1060E-03/0.1000E-04
# With parameters(tra.):     0.7636E-02   -0.2239E+00    0.1447E+00
# With parameters(rot.):     0.2698E-02    0.4869E-01    0.5890E-01
# Minimization at step:    87 with Value:     0.1199Tol(Act/Req):0.1141E-03/0.1000E-04
# With parameters(tra.):     0.7448E-02   -0.2236E+00    0.1452E+00
# With parameters(rot.):     0.3041E-02    0.4766E-01    0.5874E-01
# Minimization at step:    88 with Value:     0.1199Tol(Act/Req):0.1962E-03/0.1000E-04
# With parameters(tra.):     0.7113E-02   -0.2237E+00    0.1463E+00
# With parameters(rot.):     0.2785E-02    0.4535E-01    0.5956E-01
# Minimization at step:    89 with Value:     0.1199Tol(Act/Req):0.1929E-03/0.1000E-04
# With parameters(tra.):     0.7060E-02   -0.2234E+00    0.1466E+00
# With parameters(rot.):     0.2796E-02    0.4438E-01    0.5951E-01
# Minimization at step:    90 with Value:     0.1199Tol(Act/Req):0.1838E-03/0.1000E-04
# With parameters(tra.):     0.7047E-02   -0.2236E+00    0.1472E+00
# With parameters(rot.):     0.3764E-02    0.4190E-01    0.5964E-01
# Minimization at step:    91 with Value:     0.1199Tol(Act/Req):0.1963E-03/0.1000E-04
# With parameters(tra.):     0.6211E-02   -0.2238E+00    0.1485E+00
# With parameters(rot.):     0.4419E-02    0.3861E-01    0.6039E-01
# Minimization at step:    92 with Value:     0.1199Tol(Act/Req):0.2805E-03/0.1000E-04
# With parameters(tra.):     0.5529E-02   -0.2239E+00    0.1516E+00
# With parameters(rot.):     0.4621E-02    0.3348E-01    0.6099E-01
# Minimization at step:    93 with Value:     0.1199Tol(Act/Req):0.2609E-03/0.1000E-04
# With parameters(tra.):     0.5153E-02   -0.2235E+00    0.1524E+00
# With parameters(rot.):     0.4758E-02    0.3118E-01    0.6138E-01
# Minimization at step:    94 with Value:     0.1199Tol(Act/Req):0.2315E-03/0.1000E-04
# With parameters(tra.):     0.4639E-02   -0.2239E+00    0.1542E+00
# With parameters(rot.):     0.4874E-02    0.2707E-01    0.6247E-01
# Minimization at step:    95 with Value:     0.1199Tol(Act/Req):0.2171E-03/0.1000E-04
# With parameters(tra.):     0.3849E-02   -0.2238E+00    0.1560E+00
# With parameters(rot.):     0.4276E-02    0.2460E-01    0.6329E-01
# Minimization at step:    96 with Value:     0.1199Tol(Act/Req):0.1624E-03/0.1000E-04
# With parameters(tra.):     0.2832E-02   -0.2242E+00    0.1587E+00
# With parameters(rot.):     0.4758E-02    0.1897E-01    0.6460E-01
# Minimization at step:    97 with Value:     0.1198Tol(Act/Req):0.1415E-03/0.1000E-04
# With parameters(tra.):     0.1851E-02   -0.2242E+00    0.1614E+00
# With parameters(rot.):     0.5757E-02    0.1326E-01    0.6519E-01
# Minimization at step:    98 with Value:     0.1198Tol(Act/Req):0.1278E-03/0.1000E-04
# With parameters(tra.):     0.1513E-02   -0.2241E+00    0.1639E+00
# With parameters(rot.):     0.5330E-02    0.9202E-02    0.6578E-01
# Minimization at step:    99 with Value:     0.1198Tol(Act/Req):0.1089E-03/0.1000E-04
# With parameters(tra.):     0.1303E-02   -0.2243E+00    0.1647E+00
# With parameters(rot.):     0.5343E-02    0.7945E-02    0.6605E-01
# Minimization at step:   100 with Value:     0.1198Tol(Act/Req):0.1058E-03/0.1000E-04
# With parameters(tra.):     0.2102E-02   -0.2243E+00    0.1630E+00
# With parameters(rot.):     0.4207E-02    0.1189E-01    0.6575E-01
# Minimization at step:   101 with Value:     0.1198Tol(Act/Req):0.9723E-04/0.1000E-04
# With parameters(tra.):     0.2876E-02   -0.2239E+00    0.1617E+00
# With parameters(rot.):     0.3541E-02    0.1515E-01    0.6483E-01
# Minimization at step:   102 with Value:     0.1198Tol(Act/Req):0.8399E-04/0.1000E-04
# With parameters(tra.):     0.2335E-02   -0.2238E+00    0.1629E+00
# With parameters(rot.):     0.4455E-02    0.1230E-01    0.6483E-01
# Minimization at step:   103 with Value:     0.1198Tol(Act/Req):0.7320E-04/0.1000E-04
# With parameters(tra.):     0.2082E-02   -0.2234E+00    0.1641E+00
# With parameters(rot.):     0.4199E-02    0.1150E-01    0.6452E-01
# Minimization at step:   104 with Value:     0.1198Tol(Act/Req):0.5682E-04/0.1000E-04
# With parameters(tra.):     0.1822E-02   -0.2235E+00    0.1647E+00
# With parameters(rot.):     0.4420E-02    0.1038E-01    0.6472E-01
# Minimization at step:   105 with Value:     0.1198Tol(Act/Req):0.5442E-04/0.1000E-04
# With parameters(tra.):     0.2191E-02   -0.2235E+00    0.1640E+00
# With parameters(rot.):     0.3495E-02    0.1259E-01    0.6469E-01
# Minimization at step:   106 with Value:     0.1198Tol(Act/Req):0.4836E-04/0.1000E-04
# With parameters(tra.):     0.1988E-02   -0.2232E+00    0.1641E+00
# With parameters(rot.):     0.2850E-02    0.1246E-01    0.6513E-01
# Minimization at step:   107 with Value:     0.1198Tol(Act/Req):0.4295E-04/0.1000E-04
# With parameters(tra.):     0.2158E-02   -0.2230E+00    0.1650E+00
# With parameters(rot.):     0.2973E-02    0.1088E-01    0.6492E-01
# Minimization at step:   108 with Value:     0.1198Tol(Act/Req):0.3905E-04/0.1000E-04
# With parameters(tra.):     0.1956E-02   -0.2228E+00    0.1673E+00
# With parameters(rot.):     0.1828E-02    0.8573E-02    0.6517E-01
# Minimization at step:   109 with Value:     0.1198Tol(Act/Req):0.3489E-04/0.1000E-04
# With parameters(tra.):     0.1720E-02   -0.2229E+00    0.1672E+00
# With parameters(rot.):     0.1323E-02    0.9386E-02    0.6545E-01
# Minimization at step:   110 with Value:     0.1198Tol(Act/Req):0.2807E-04/0.1000E-04
# With parameters(tra.):     0.1193E-02   -0.2227E+00    0.1690E+00
# With parameters(rot.):     0.1525E-02    0.6109E-02    0.6574E-01
# Minimization at step:   111 with Value:     0.1198Tol(Act/Req):0.2377E-04/0.1000E-04
# With parameters(tra.):     0.4646E-03   -0.2225E+00    0.1715E+00
# With parameters(rot.):     0.1003E-02    0.2443E-02    0.6648E-01
# Minimization at step:   112 with Value:     0.1198Tol(Act/Req):0.3946E-04/0.1000E-04
# With parameters(tra.):     0.4618E-03   -0.2224E+00    0.1715E+00
# With parameters(rot.):     0.7491E-03    0.2893E-02    0.6639E-01
# Minimization at step:   113 with Value:     0.1198Tol(Act/Req):0.3717E-04/0.1000E-04
# With parameters(tra.):     0.1755E-03   -0.2224E+00    0.1727E+00
# With parameters(rot.):    -0.1451E-03    0.8276E-03    0.6732E-01
# Minimization at step:   114 with Value:     0.1198Tol(Act/Req):0.3265E-04/0.1000E-04
# With parameters(tra.):     0.7517E-04   -0.2224E+00    0.1734E+00
# With parameters(rot.):    -0.2334E-03   -0.1096E-03    0.6739E-01
# Minimization at step:   115 with Value:     0.1198Tol(Act/Req):0.3246E-04/0.1000E-04
# With parameters(tra.):     0.1136E-03   -0.2224E+00    0.1734E+00
# With parameters(rot.):    -0.4304E-03    0.1913E-03    0.6746E-01
# Minimization at step:   116 with Value:     0.1198Tol(Act/Req):0.3012E-04/0.1000E-04
# With parameters(tra.):     0.3885E-04   -0.2224E+00    0.1739E+00
# With parameters(rot.):    -0.4504E-03   -0.7782E-03    0.6755E-01
# Minimization at step:   117 with Value:     0.1198Tol(Act/Req):0.2646E-04/0.1000E-04
# With parameters(tra.):    -0.5380E-04   -0.2224E+00    0.1737E+00
# With parameters(rot.):    -0.2586E-03   -0.7891E-03    0.6767E-01
# Minimization at step:   118 with Value:     0.1198Tol(Act/Req):0.2457E-04/0.1000E-04
# With parameters(tra.):    -0.1352E-05   -0.2224E+00    0.1734E+00
# With parameters(rot.):    -0.4453E-04   -0.4073E-03    0.6747E-01
# Minimization at step:   119 with Value:     0.1198Tol(Act/Req):0.8936E-05/0.1000E-04
# With parameters(tra.):     0.4288E-03   -0.2225E+00    0.1720E+00
# With parameters(rot.):     0.8522E-04    0.1630E-02    0.6716E-01
# CSM Values after y minimization.
# Final Number of optim. Steps:   119
#      Before min is:      0.23375201900
# Final CSM Value is:      0.11983218078
# Coordinates rotated along Z.
[molecule] Nrec=   7 Format=nscxyz
  c                1    6   -0.50000000D+00  -0.30616170D-16   0.00000000D+00
  h                2    1    0.50000000D+00  -0.10000000D+01   0.00000000D+00
  h                3    1    0.50000000D+00  -0.50000000D+00   0.86600000D+00
  h                4    1    0.50000000D+00   0.50000000D+00   0.86600000D+00
  h                5    1    0.50000000D+00   0.10000000D+01   0.00000000D+00
  h                6    1    0.50000000D+00   0.50000000D+00  -0.86600000D+00
  h                7    1    0.50000000D+00  -0.50000000D+00  -0.86600000D+00
# Minimization at step:     0 with Value:     0.2466Tol(Act/Req):0.2999E+00/0.1000E-04
# With parameters(tra.):     0.1429E-01    0.1429E-01    0.1429E-01
# With parameters(rot.):     0.1429E-01    0.1429E-01    0.1429E-01
# Minimization at step:     1 with Value:     0.2201Tol(Act/Req):0.6538E+00/0.1000E-04
# With parameters(tra.):     0.2143E-01   -0.2857E-01    0.2143E-01
# With parameters(rot.):     0.2143E-01    0.2143E-01    0.2143E-01
# Minimization at step:     2 with Value:     0.2126Tol(Act/Req):0.5925E+00/0.1000E-04
# With parameters(tra.):    -0.4762E-02   -0.3810E-01    0.2857E-01
# With parameters(rot.):     0.2857E-01    0.2857E-01    0.2857E-01
# Minimization at step:     3 with Value:     0.2037Tol(Act/Req):0.5920E+00/0.1000E-04
# With parameters(tra.):    -0.6349E-02   -0.5079E-01    0.3810E-01
# With parameters(rot.):     0.3810E-01    0.4762E-02    0.3810E-01
# Minimization at step:     4 with Value:     0.1926Tol(Act/Req):0.5917E+00/0.1000E-04
# With parameters(tra.):    -0.8466E-02   -0.6772E-01    0.5079E-01
# With parameters(rot.):     0.5079E-01    0.6349E-02    0.1746E-01
# Minimization at step:     5 with Value:     0.1793Tol(Act/Req):0.5917E+00/0.1000E-04
# With parameters(tra.):    -0.1129E-01   -0.9030E-01    0.6772E-01
# With parameters(rot.):     0.6772E-01    0.8466E-02    0.2328E-01
# Minimization at step:     6 with Value:     0.1642Tol(Act/Req):0.5823E+00/0.1000E-04
# With parameters(tra.):    -0.1505E-01   -0.1204E+00    0.5697E-01
# With parameters(rot.):     0.9030E-01    0.1129E-01    0.3104E-01
# Minimization at step:     7 with Value:     0.1500Tol(Act/Req):0.4371E+00/0.1000E-04
# With parameters(tra.):    -0.2007E-01   -0.1605E+00    0.7596E-01
# With parameters(rot.):     0.8707E-01    0.1505E-01    0.4139E-01
# Minimization at step:     8 with Value:     0.1419Tol(Act/Req):0.2975E+00/0.1000E-04
# With parameters(tra.):     0.1022E-02   -0.1918E+00    0.8461E-01
# With parameters(rot.):     0.9942E-01    0.3400E-02    0.3852E-01
# Minimization at step:     9 with Value:     0.1390Tol(Act/Req):0.2041E+00/0.1000E-04
# With parameters(tra.):     0.5067E-02   -0.2261E+00    0.9059E-01
# With parameters(rot.):     0.1103E+00    0.2676E-01    0.2913E-01
# Minimization at step:    10 with Value:     0.1352Tol(Act/Req):0.1723E+00/0.1000E-04
# With parameters(tra.):     0.6724E-02   -0.2351E+00    0.9073E-01
# With parameters(rot.):     0.1121E+00    0.2806E-01    0.3526E-01
# Minimization at step:    11 with Value:     0.1321Tol(Act/Req):0.1039E+00/0.1000E-04
# With parameters(tra.):     0.5850E-02   -0.2273E+00    0.8925E-01
# With parameters(rot.):     0.1095E+00    0.2233E-01    0.3812E-01
# Minimization at step:    12 with Value:     0.1301Tol(Act/Req):0.1057E+00/0.1000E-04
# With parameters(tra.):     0.9806E-03   -0.2224E+00    0.8747E-01
# With parameters(rot.):     0.1073E+00    0.2682E-01    0.3881E-01
# Minimization at step:    13 with Value:     0.1281Tol(Act/Req):0.4260E-01/0.1000E-04
# With parameters(tra.):     0.2708E-02   -0.2278E+00    0.8488E-01
# With parameters(rot.):     0.1064E+00    0.2782E-01    0.3865E-01
# Minimization at step:    14 with Value:     0.1270Tol(Act/Req):0.4538E-01/0.1000E-04
# With parameters(tra.):     0.5861E-02   -0.2233E+00    0.8088E-01
# With parameters(rot.):     0.1088E+00    0.2794E-01    0.3583E-01
# Minimization at step:    15 with Value:     0.1263Tol(Act/Req):0.4178E-01/0.1000E-04
# With parameters(tra.):     0.6617E-02   -0.2268E+00    0.8013E-01
# With parameters(rot.):     0.1094E+00    0.2858E-01    0.3894E-01
# Minimization at step:    16 with Value:     0.1256Tol(Act/Req):0.3091E-01/0.1000E-04
# With parameters(tra.):     0.6244E-02   -0.2229E+00    0.7863E-01
# With parameters(rot.):     0.1081E+00    0.2624E-01    0.4044E-01
# Minimization at step:    17 with Value:     0.1251Tol(Act/Req):0.2653E-01/0.1000E-04
# With parameters(tra.):     0.1710E-01   -0.2270E+00    0.9661E-01
# With parameters(rot.):     0.9145E-01    0.2840E-01    0.3581E-01
# Minimization at step:    18 with Value:     0.1246Tol(Act/Req):0.2849E-01/0.1000E-04
# With parameters(tra.):     0.1917E-01   -0.2296E+00    0.9629E-01
# With parameters(rot.):     0.8974E-01    0.2895E-01    0.3550E-01
# Minimization at step:    19 with Value:     0.1241Tol(Act/Req):0.2451E-01/0.1000E-04
# With parameters(tra.):     0.1660E-01   -0.2320E+00    0.1001E+00
# With parameters(rot.):     0.9306E-01    0.2720E-01    0.3429E-01
# Minimization at step:    20 with Value:     0.1235Tol(Act/Req):0.1703E-01/0.1000E-04
# With parameters(tra.):     0.1207E-01   -0.2255E+00    0.1008E+00
# With parameters(rot.):     0.8382E-01    0.3631E-01    0.3415E-01
# Minimization at step:    21 with Value:     0.1232Tol(Act/Req):0.1839E-01/0.1000E-04
# With parameters(tra.):     0.8931E-02   -0.2244E+00    0.9668E-01
# With parameters(rot.):     0.8734E-01    0.3642E-01    0.3517E-01
# Minimization at step:    22 with Value:     0.1229Tol(Act/Req):0.1531E-01/0.1000E-04
# With parameters(tra.):     0.1121E-01   -0.2305E+00    0.1007E+00
# With parameters(rot.):     0.8122E-01    0.4032E-01    0.4014E-01
# Minimization at step:    23 with Value:     0.1225Tol(Act/Req):0.1836E-01/0.1000E-04
# With parameters(tra.):     0.1213E-01   -0.2252E+00    0.1050E+00
# With parameters(rot.):     0.6965E-01    0.4033E-01    0.4303E-01
# Minimization at step:    24 with Value:     0.1223Tol(Act/Req):0.1513E-01/0.1000E-04
# With parameters(tra.):     0.1422E-01   -0.2231E+00    0.1051E+00
# With parameters(rot.):     0.6760E-01    0.4142E-01    0.4222E-01
# Minimization at step:    25 with Value:     0.1219Tol(Act/Req):0.1800E-01/0.1000E-04
# With parameters(tra.):     0.1670E-01   -0.2262E+00    0.1073E+00
# With parameters(rot.):     0.5680E-01    0.4667E-01    0.4383E-01
# Minimization at step:    26 with Value:     0.1216Tol(Act/Req):0.1255E-01/0.1000E-04
# With parameters(tra.):     0.1160E-01   -0.2292E+00    0.1175E+00
# With parameters(rot.):     0.5134E-01    0.4965E-01    0.4459E-01
# Minimization at step:    27 with Value:     0.1216Tol(Act/Req):0.1200E-01/0.1000E-04
# With parameters(tra.):     0.9444E-02   -0.2226E+00    0.1190E+00
# With parameters(rot.):     0.4750E-01    0.4887E-01    0.4111E-01
# Minimization at step:    28 with Value:     0.1215Tol(Act/Req):0.9717E-02/0.1000E-04
# With parameters(tra.):     0.1310E-01   -0.2282E+00    0.1244E+00
# With parameters(rot.):     0.4464E-01    0.4395E-01    0.4357E-01
# Minimization at step:    29 with Value:     0.1213Tol(Act/Req):0.1124E-01/0.1000E-04
# With parameters(tra.):     0.1395E-01   -0.2303E+00    0.1245E+00
# With parameters(rot.):     0.4536E-01    0.4374E-01    0.4464E-01
# Minimization at step:    30 with Value:     0.1211Tol(Act/Req):0.1316E-01/0.1000E-04
# With parameters(tra.):     0.9350E-02   -0.2300E+00    0.1255E+00
# With parameters(rot.):     0.3841E-01    0.4641E-01    0.4984E-01
# Minimization at step:    31 with Value:     0.1209Tol(Act/Req):0.1013E-01/0.1000E-04
# With parameters(tra.):     0.5667E-02   -0.2263E+00    0.1217E+00
# With parameters(rot.):     0.3900E-01    0.5072E-01    0.4956E-01
# Minimization at step:    32 with Value:     0.1207Tol(Act/Req):0.9832E-02/0.1000E-04
# With parameters(tra.):     0.7011E-02   -0.2232E+00    0.1272E+00
# With parameters(rot.):     0.2537E-01    0.5600E-01    0.5039E-01
# Minimization at step:    33 with Value:     0.1205Tol(Act/Req):0.6620E-02/0.1000E-04
# With parameters(tra.):     0.6356E-02   -0.2243E+00    0.1280E+00
# With parameters(rot.):     0.2457E-01    0.5731E-01    0.5028E-01
# Minimization at step:    34 with Value:     0.1204Tol(Act/Req):0.5956E-02/0.1000E-04
# With parameters(tra.):     0.4874E-02   -0.2234E+00    0.1292E+00
# With parameters(rot.):     0.2458E-01    0.5688E-01    0.5042E-01
# Minimization at step:    35 with Value:     0.1203Tol(Act/Req):0.4348E-02/0.1000E-04
# With parameters(tra.):     0.5590E-02   -0.2222E+00    0.1276E+00
# With parameters(rot.):     0.2372E-01    0.5674E-01    0.5071E-01
# Minimization at step:    36 with Value:     0.1203Tol(Act/Req):0.4797E-02/0.1000E-04
# With parameters(tra.):     0.8020E-02   -0.2233E+00    0.1321E+00
# With parameters(rot.):     0.1823E-01    0.5587E-01    0.5128E-01
# Minimization at step:    37 with Value:     0.1202Tol(Act/Req):0.2785E-02/0.1000E-04
# With parameters(tra.):     0.7732E-02   -0.2252E+00    0.1348E+00
# With parameters(rot.):     0.1062E-01    0.5949E-01    0.5565E-01
# Minimization at step:    38 with Value:     0.1202Tol(Act/Req):0.2457E-02/0.1000E-04
# With parameters(tra.):     0.7519E-02   -0.2259E+00    0.1357E+00
# With parameters(rot.):     0.9062E-02    0.6033E-01    0.5604E-01
# Minimization at step:    39 with Value:     0.1201Tol(Act/Req):0.2267E-02/0.1000E-04
# With parameters(tra.):     0.7573E-02   -0.2254E+00    0.1351E+00
# With parameters(rot.):     0.1083E-01    0.5949E-01    0.5498E-01
# Minimization at step:    40 with Value:     0.1201Tol(Act/Req):0.1727E-02/0.1000E-04
# With parameters(tra.):     0.8575E-02   -0.2251E+00    0.1357E+00
# With parameters(rot.):     0.1027E-01    0.5991E-01    0.5411E-01
# Minimization at step:    41 with Value:     0.1201Tol(Act/Req):0.1285E-02/0.1000E-04
# With parameters(tra.):     0.1100E-01   -0.2237E+00    0.1353E+00
# With parameters(rot.):     0.4059E-02    0.6068E-01    0.5583E-01
# Minimization at step:    42 with Value:     0.1201Tol(Act/Req):0.1235E-02/0.1000E-04
# With parameters(tra.):     0.1008E-01   -0.2219E+00    0.1396E+00
# With parameters(rot.):    -0.2754E-02    0.6110E-01    0.5791E-01
# Minimization at step:    43 with Value:     0.1201Tol(Act/Req):0.9981E-03/0.1000E-04
# With parameters(tra.):     0.7345E-02   -0.2228E+00    0.1414E+00
# With parameters(rot.):     0.1187E-02    0.6047E-01    0.5688E-01
# Minimization at step:    44 with Value:     0.1200Tol(Act/Req):0.1409E-02/0.1000E-04
# With parameters(tra.):     0.7037E-02   -0.2235E+00    0.1412E+00
# With parameters(rot.):     0.2581E-02    0.5952E-01    0.5721E-01
# Minimization at step:    45 with Value:     0.1200Tol(Act/Req):0.1043E-02/0.1000E-04
# With parameters(tra.):     0.9010E-02   -0.2230E+00    0.1398E+00
# With parameters(rot.):    -0.2570E-04    0.5975E-01    0.5806E-01
# Minimization at step:    46 with Value:     0.1200Tol(Act/Req):0.8709E-03/0.1000E-04
# With parameters(tra.):     0.9152E-02   -0.2236E+00    0.1387E+00
# With parameters(rot.):     0.1905E-02    0.5954E-01    0.5756E-01
# Minimization at step:    47 with Value:     0.1200Tol(Act/Req):0.6746E-03/0.1000E-04
# With parameters(tra.):     0.8638E-02   -0.2233E+00    0.1382E+00
# With parameters(rot.):     0.1917E-02    0.6006E-01    0.5794E-01
# Minimization at step:    48 with Value:     0.1200Tol(Act/Req):0.7254E-03/0.1000E-04
# With parameters(tra.):     0.9144E-02   -0.2230E+00    0.1386E+00
# With parameters(rot.):     0.9405E-03    0.6028E-01    0.5782E-01
# Minimization at step:    49 with Value:     0.1199Tol(Act/Req):0.7083E-03/0.1000E-04
# With parameters(tra.):     0.9174E-02   -0.2231E+00    0.1394E+00
# With parameters(rot.):    -0.5172E-03    0.6070E-01    0.5817E-01
# Minimization at step:    50 with Value:     0.1199Tol(Act/Req):0.2530E-03/0.1000E-04
# With parameters(tra.):     0.9334E-02   -0.2227E+00    0.1394E+00
# With parameters(rot.):    -0.5777E-03    0.6038E-01    0.5791E-01
# Minimization at step:    51 with Value:     0.1199Tol(Act/Req):0.2216E-03/0.1000E-04
# With parameters(tra.):     0.8127E-02   -0.2229E+00    0.1403E+00
# With parameters(rot.):     0.9762E-03    0.6043E-01    0.5728E-01
# Minimization at step:    52 with Value:     0.1199Tol(Act/Req):0.2653E-03/0.1000E-04
# With parameters(tra.):     0.8064E-02   -0.2232E+00    0.1401E+00
# With parameters(rot.):     0.1540E-02    0.6003E-01    0.5745E-01
# Minimization at step:    53 with Value:     0.1199Tol(Act/Req):0.1612E-03/0.1000E-04
# With parameters(tra.):     0.8360E-02   -0.2232E+00    0.1398E+00
# With parameters(rot.):     0.1198E-02    0.5998E-01    0.5763E-01
# Minimization at step:    54 with Value:     0.1199Tol(Act/Req):0.2021E-03/0.1000E-04
# With parameters(tra.):     0.8365E-02   -0.2234E+00    0.1394E+00
# With parameters(rot.):     0.2104E-02    0.5991E-01    0.5738E-01
# Minimization at step:    55 with Value:     0.1199Tol(Act/Req):0.1717E-03/0.1000E-04
# With parameters(tra.):     0.8086E-02   -0.2233E+00    0.1392E+00
# With parameters(rot.):     0.2126E-02    0.6016E-01    0.5752E-01
# Minimization at step:    56 with Value:     0.1199Tol(Act/Req):0.1389E-03/0.1000E-04
# With parameters(tra.):     0.7991E-02   -0.2227E+00    0.1393E+00
# With parameters(rot.):     0.2907E-02    0.5945E-01    0.5687E-01
# Minimization at step:    57 with Value:     0.1199Tol(Act/Req):0.1385E-03/0.1000E-04
# With parameters(tra.):     0.8148E-02   -0.2225E+00    0.1396E+00
# With parameters(rot.):     0.2582E-02    0.5950E-01    0.5673E-01
# Minimization at step:    58 with Value:     0.1199Tol(Act/Req):0.1260E-03/0.1000E-04
# With parameters(tra.):     0.8258E-02   -0.2230E+00    0.1396E+00
# With parameters(rot.):     0.1916E-02    0.6004E-01    0.5719E-01
# Minimization at step:    59 with Value:     0.1199Tol(Act/Req):0.5517E-04/0.1000E-04
# With parameters(tra.):     0.8196E-02   -0.2230E+00    0.1400E+00
# With parameters(rot.):     0.1389E-02    0.6019E-01    0.5728E-01
# Minimization at step:    60 with Value:     0.1199Tol(Act/Req):0.5208E-04/0.1000E-04
# With parameters(tra.):     0.8114E-02   -0.2235E+00    0.1396E+00
# With parameters(rot.):     0.2466E-02    0.5945E-01    0.5756E-01
# Minimization at step:    61 with Value:     0.1199Tol(Act/Req):0.5169E-04/0.1000E-04
# With parameters(tra.):     0.8625E-02   -0.2236E+00    0.1391E+00
# With parameters(rot.):     0.2206E-02    0.5917E-01    0.5788E-01
# Minimization at step:    62 with Value:     0.1199Tol(Act/Req):0.4069E-04/0.1000E-04
# With parameters(tra.):     0.8815E-02   -0.2232E+00    0.1392E+00
# With parameters(rot.):     0.1333E-02    0.5967E-01    0.5775E-01
# Minimization at step:    63 with Value:     0.1199Tol(Act/Req):0.3294E-04/0.1000E-04
# With parameters(tra.):     0.8703E-02   -0.2232E+00    0.1394E+00
# With parameters(rot.):     0.1326E-02    0.5977E-01    0.5766E-01
# Minimization at step:    64 with Value:     0.1199Tol(Act/Req):0.4831E-04/0.1000E-04
# With parameters(tra.):     0.8777E-02   -0.2229E+00    0.1393E+00
# With parameters(rot.):     0.1573E-02    0.5933E-01    0.5751E-01
# Minimization at step:    65 with Value:     0.1199Tol(Act/Req):0.4230E-04/0.1000E-04
# With parameters(tra.):     0.8908E-02   -0.2229E+00    0.1394E+00
# With parameters(rot.):     0.1327E-02    0.5933E-01    0.5750E-01
# Minimization at step:    66 with Value:     0.1199Tol(Act/Req):0.3943E-04/0.1000E-04
# With parameters(tra.):     0.8837E-02   -0.2228E+00    0.1393E+00
# With parameters(rot.):     0.1271E-02    0.5939E-01    0.5757E-01
# Minimization at step:    67 with Value:     0.1199Tol(Act/Req):0.3933E-04/0.1000E-04
# With parameters(tra.):     0.8927E-02   -0.2228E+00    0.1398E+00
# With parameters(rot.):     0.1795E-03    0.5942E-01    0.5785E-01
# Minimization at step:    68 with Value:     0.1199Tol(Act/Req):0.3032E-04/0.1000E-04
# With parameters(tra.):     0.8976E-02   -0.2229E+00    0.1397E+00
# With parameters(rot.):     0.4723E-03    0.5935E-01    0.5777E-01
# Minimization at step:    69 with Value:     0.1199Tol(Act/Req):0.2492E-04/0.1000E-04
# With parameters(tra.):     0.8958E-02   -0.2229E+00    0.1395E+00
# With parameters(rot.):     0.7696E-03    0.5933E-01    0.5769E-01
# Minimization at step:    70 with Value:     0.1199Tol(Act/Req):0.4226E-04/0.1000E-04
# With parameters(tra.):     0.8840E-02   -0.2231E+00    0.1395E+00
# With parameters(rot.):     0.1360E-02    0.5868E-01    0.5780E-01
# Minimization at step:    71 with Value:     0.1199Tol(Act/Req):0.3563E-04/0.1000E-04
# With parameters(tra.):     0.8662E-02   -0.2230E+00    0.1398E+00
# With parameters(rot.):     0.1357E-02    0.5853E-01    0.5767E-01
# Minimization at step:    72 with Value:     0.1199Tol(Act/Req):0.3487E-04/0.1000E-04
# With parameters(tra.):     0.8461E-02   -0.2229E+00    0.1399E+00
# With parameters(rot.):     0.1274E-02    0.5835E-01    0.5784E-01
# Minimization at step:    73 with Value:     0.1199Tol(Act/Req):0.4433E-04/0.1000E-04
# With parameters(tra.):     0.8574E-02   -0.2227E+00    0.1403E+00
# With parameters(rot.):     0.7635E-03    0.5804E-01    0.5794E-01
# Minimization at step:    74 with Value:     0.1199Tol(Act/Req):0.5273E-04/0.1000E-04
# With parameters(tra.):     0.8538E-02   -0.2228E+00    0.1401E+00
# With parameters(rot.):     0.1446E-02    0.5745E-01    0.5783E-01
# Minimization at step:    75 with Value:     0.1199Tol(Act/Req):0.4963E-04/0.1000E-04
# With parameters(tra.):     0.8361E-02   -0.2228E+00    0.1400E+00
# With parameters(rot.):     0.2266E-02    0.5679E-01    0.5772E-01
# Minimization at step:    76 with Value:     0.1199Tol(Act/Req):0.3510E-04/0.1000E-04
# With parameters(tra.):     0.8041E-02   -0.2231E+00    0.1405E+00
# With parameters(rot.):     0.2241E-02    0.5619E-01    0.5805E-01
# Minimization at step:    77 with Value:     0.1199Tol(Act/Req):0.3052E-04/0.1000E-04
# With parameters(tra.):     0.7933E-02   -0.2227E+00    0.1408E+00
# With parameters(rot.):     0.1747E-02    0.5624E-01    0.5800E-01
# Minimization at step:    78 with Value:     0.1199Tol(Act/Req):0.8310E-04/0.1000E-04
# With parameters(tra.):     0.7969E-02   -0.2229E+00    0.1413E+00
# With parameters(rot.):     0.2108E-02    0.5545E-01    0.5782E-01
# Minimization at step:    79 with Value:     0.1199Tol(Act/Req):0.1225E-03/0.1000E-04
# With parameters(tra.):     0.7891E-02   -0.2230E+00    0.1415E+00
# With parameters(rot.):     0.2489E-02    0.5413E-01    0.5809E-01
# Minimization at step:    80 with Value:     0.1199Tol(Act/Req):0.1190E-03/0.1000E-04
# With parameters(tra.):     0.7986E-02   -0.2234E+00    0.1414E+00
# With parameters(rot.):     0.3231E-02    0.5338E-01    0.5818E-01
# Minimization at step:    81 with Value:     0.1199Tol(Act/Req):0.1170E-03/0.1000E-04
# With parameters(tra.):     0.7908E-02   -0.2235E+00    0.1414E+00
# With parameters(rot.):     0.3564E-02    0.5307E-01    0.5818E-01
# Minimization at step:    82 with Value:     0.1199Tol(Act/Req):0.1087E-03/0.1000E-04
# With parameters(tra.):     0.7934E-02   -0.2237E+00    0.1420E+00
# With parameters(rot.):     0.3177E-02    0.5249E-01    0.5844E-01
# Minimization at step:    83 with Value:     0.1199Tol(Act/Req):0.1070E-03/0.1000E-04
# With parameters(tra.):     0.7769E-02   -0.2239E+00    0.1427E+00
# With parameters(rot.):     0.3071E-02    0.5143E-01    0.5875E-01
# Minimization at step:    84 with Value:     0.1199Tol(Act/Req):0.9857E-04/0.1000E-04
# With parameters(tra.):     0.7601E-02   -0.2237E+00    0.1433E+00
# With parameters(rot.):     0.2276E-02    0.5153E-01    0.5884E-01
# Minimization at step:    85 with Value:     0.1199Tol(Act/Req):0.7496E-04/0.1000E-04
# With parameters(tra.):     0.7881E-02   -0.2236E+00    0.1436E+00
# With parameters(rot.):     0.2321E-02    0.5077E-01    0.5867E-01
# Minimization at step:    86 with Value:     0.1199Tol(Act/Req):0.1060E-03/0.1000E-04
# With parameters(tra.):     0.7636E-02   -0.2239E+00    0.1447E+00
# With parameters(rot.):     0.2698E-02    0.4869E-01    0.5890E-01
# Minimization at step:    87 with Value:     0.1199Tol(Act/Req):0.1141E-03/0.1000E-04
# With parameters(tra.):     0.7448E-02   -0.2236E+00    0.1452E+00
# With parameters(rot.):     0.3041E-02    0.4766E-01    0.5874E-01
# Minimization at step:    88 with Value:     0.1199Tol(Act/Req):0.1962E-03/0.1000E-04
# With parameters(tra.):     0.7113E-02   -0.2237E+00    0.1463E+00
# With parameters(rot.):     0.2785E-02    0.4535E-01    0.5956E-01
# Minimization at step:    89 with Value:     0.1199Tol(Act/Req):0.1929E-03/0.1000E-04
# With parameters(tra.):     0.7060E-02   -0.2234E+00    0.1466E+00
# With parameters(rot.):     0.2796E-02    0.4438E-01    0.5951E-01
# Minimization at step:    90 with Value:     0.1199Tol(Act/Req):0.1838E-03/0.1000E-04
# With parameters(tra.):     0.7047E-02   -0.2236E+00    0.1472E+00
# With parameters(rot.):     0.3764E-02    0.4190E-01    0.5964E-01
# Minimization at step:    91 with Value:     0.1199Tol(Act/Req):0.1963E-03/0.1000E-04
# With parameters(tra.):     0.6211E-02   -0.2238E+00    0.1485E+00
# With parameters(rot.):     0.4419E-02    0.3861E-01    0.6039E-01
# Minimization at step:    92 with Value:     0.1199Tol(Act/Req):0.2805E-03/0.1000E-04
# With parameters(tra.):     0.5529E-02   -0.2239E+00    0.1516E+00
# With parameters(rot.):     0.4621E-02    0.3348E-01    0.6099E-01
# Minimization at step:    93 with Value:     0.1199Tol(Act/Req):0.2609E-03/0.1000E-04
# With parameters(tra.):     0.5153E-02   -0.2235E+00    0.1524E+00
# With parameters(rot.):     0.4758E-02    0.3118E-01    0.6138E-01
# Minimization at step:    94 with Value:     0.1199Tol(Act/Req):0.2315E-03/0.1000E-04
# With parameters(tra.):     0.4639E-02   -0.2239E+00    0.1542E+00
# With parameters(rot.):     0.4874E-02    0.2707E-01    0.6247E-01
# Minimization at step:    95 with Value:     0.1199Tol(Act/Req):0.2171E-03/0.1000E-04
# With parameters(tra.):     0.3849E-02   -0.2238E+00    0.1560E+00
# With parameters(rot.):     0.4276E-02    0.2460E-01    0.6329E-01
# Minimization at step:    96 with Value:     0.1199Tol(Act/Req):0.1624E-03/0.1000E-04
# With parameters(tra.):     0.2832E-02   -0.2242E+00    0.1587E+00
# With parameters(rot.):     0.4758E-02    0.1897E-01    0.6460E-01
# Minimization at step:    97 with Value:     0.1198Tol(Act/Req):0.1415E-03/0.1000E-04
# With parameters(tra.):     0.1851E-02   -0.2242E+00    0.1614E+00
# With parameters(rot.):     0.5757E-02    0.1326E-01    0.6519E-01
# Minimization at step:    98 with Value:     0.1198Tol(Act/Req):0.1278E-03/0.1000E-04
# With parameters(tra.):     0.1513E-02   -0.2241E+00    0.1639E+00
# With parameters(rot.):     0.5330E-02    0.9202E-02    0.6578E-01
# Minimization at step:    99 with Value:     0.1198Tol(Act/Req):0.1089E-03/0.1000E-04
# With parameters(tra.):     0.1303E-02   -0.2243E+00    0.1647E+00
# With parameters(rot.):     0.5343E-02    0.7945E-02    0.6605E-01
# Minimization at step:   100 with Value:     0.1198Tol(Act/Req):0.1058E-03/0.1000E-04
# With parameters(tra.):     0.2102E-02   -0.2243E+00    0.1630E+00
# With parameters(rot.):     0.4207E-02    0.1189E-01    0.6575E-01
# Minimization at step:   101 with Value:     0.1198Tol(Act/Req):0.9723E-04/0.1000E-04
# With parameters(tra.):     0.2876E-02   -0.2239E+00    0.1617E+00
# With parameters(rot.):     0.3541E-02    0.1515E-01    0.6483E-01
# Minimization at step:   102 with Value:     0.1198Tol(Act/Req):0.8399E-04/0.1000E-04
# With parameters(tra.):     0.2335E-02   -0.2238E+00    0.1629E+00
# With parameters(rot.):     0.4455E-02    0.1230E-01    0.6483E-01
# Minimization at step:   103 with Value:     0.1198Tol(Act/Req):0.7320E-04/0.1000E-04
# With parameters(tra.):     0.2082E-02   -0.2234E+00    0.1641E+00
# With parameters(rot.):     0.4199E-02    0.1150E-01    0.6452E-01
# Minimization at step:   104 with Value:     0.1198Tol(Act/Req):0.5682E-04/0.1000E-04
# With parameters(tra.):     0.1822E-02   -0.2235E+00    0.1647E+00
# With parameters(rot.):     0.4420E-02    0.1038E-01    0.6472E-01
# Minimization at step:   105 with Value:     0.1198Tol(Act/Req):0.5442E-04/0.1000E-04
# With parameters(tra.):     0.2191E-02   -0.2235E+00    0.1640E+00
# With parameters(rot.):     0.3495E-02    0.1259E-01    0.6469E-01
# Minimization at step:   106 with Value:     0.1198Tol(Act/Req):0.4836E-04/0.1000E-04
# With parameters(tra.):     0.1988E-02   -0.2232E+00    0.1641E+00
# With parameters(rot.):     0.2850E-02    0.1246E-01    0.6513E-01
# Minimization at step:   107 with Value:     0.1198Tol(Act/Req):0.4295E-04/0.1000E-04
# With parameters(tra.):     0.2158E-02   -0.2230E+00    0.1650E+00
# With parameters(rot.):     0.2973E-02    0.1088E-01    0.6492E-01
# Minimization at step:   108 with Value:     0.1198Tol(Act/Req):0.3905E-04/0.1000E-04
# With parameters(tra.):     0.1956E-02   -0.2228E+00    0.1673E+00
# With parameters(rot.):     0.1828E-02    0.8573E-02    0.6517E-01
# Minimization at step:   109 with Value:     0.1198Tol(Act/Req):0.3489E-04/0.1000E-04
# With parameters(tra.):     0.1720E-02   -0.2229E+00    0.1672E+00
# With parameters(rot.):     0.1323E-02    0.9386E-02    0.6545E-01
# Minimization at step:   110 with Value:     0.1198Tol(Act/Req):0.2807E-04/0.1000E-04
# With parameters(tra.):     0.1193E-02   -0.2227E+00    0.1690E+00
# With parameters(rot.):     0.1525E-02    0.6109E-02    0.6574E-01
# Minimization at step:   111 with Value:     0.1198Tol(Act/Req):0.2377E-04/0.1000E-04
# With parameters(tra.):     0.4646E-03   -0.2225E+00    0.1715E+00
# With parameters(rot.):     0.1003E-02    0.2443E-02    0.6648E-01
# Minimization at step:   112 with Value:     0.1198Tol(Act/Req):0.3946E-04/0.1000E-04
# With parameters(tra.):     0.4618E-03   -0.2224E+00    0.1715E+00
# With parameters(rot.):     0.7491E-03    0.2893E-02    0.6639E-01
# Minimization at step:   113 with Value:     0.1198Tol(Act/Req):0.3717E-04/0.1000E-04
# With parameters(tra.):     0.1755E-03   -0.2224E+00    0.1727E+00
# With parameters(rot.):    -0.1451E-03    0.8276E-03    0.6732E-01
# Minimization at step:   114 with Value:     0.1198Tol(Act/Req):0.3265E-04/0.1000E-04
# With parameters(tra.):     0.7517E-04   -0.2224E+00    0.1734E+00
# With parameters(rot.):    -0.2334E-03   -0.1096E-03    0.6739E-01
# Minimization at step:   115 with Value:     0.1198Tol(Act/Req):0.3246E-04/0.1000E-04
# With parameters(tra.):     0.1136E-03   -0.2224E+00    0.1734E+00
# With parameters(rot.):    -0.4304E-03    0.1913E-03    0.6746E-01
# Minimization at step:   116 with Value:     0.1198Tol(Act/Req):0.3012E-04/0.1000E-04
# With parameters(tra.):     0.3885E-04   -0.2224E+00    0.1739E+00
# With parameters(rot.):    -0.4504E-03   -0.7782E-03    0.6755E-01
# Minimization at step:   117 with Value:     0.1198Tol(Act/Req):0.2646E-04/0.1000E-04
# With parameters(tra.):    -0.5380E-04   -0.2224E+00    0.1737E+00
# With parameters(rot.):    -0.2586E-03   -0.7891E-03    0.6767E-01
# Minimization at step:   118 with Value:     0.1198Tol(Act/Req):0.2457E-04/0.1000E-04
# With parameters(tra.):    -0.1352E-05   -0.2224E+00    0.1734E+00
# With parameters(rot.):    -0.4453E-04   -0.4073E-03    0.6747E-01
# Minimization at step:   119 with Value:     0.1198Tol(Act/Req):0.8936E-05/0.1000E-04
# With parameters(tra.):     0.4288E-03   -0.2225E+00    0.1720E+00
# With parameters(rot.):     0.8522E-04    0.1630E-02    0.6716E-01
# CSM Values after z minimization.
# Final Number of optim. Steps:   119
#      Before min is:      0.23320195547
# Final CSM Simplex Value is:      0.11983218078
# CSM Summary.
#    Inizial CSM Value is:      0.23320375093
#   After optimization is:      0.11983218078
#          Along x axe is:      0.11983218078
#          Along y axe is:      0.11983218078
#          Along z axe is:      0.11983218078
# The Lowest CSM Value is:      0.11983218078
#    Obtained CSM in % is:     11.98321807811
