# [csmmod_rdinput] messages reinitialized.
# MESLOG:[csmmod_rdinput] messages reinitialized.
# Input  file unit is: 5
# Input  file name is:stdin
# Output file unit is: 6
# Output file name is:stdout
# Error  file unit is: 6
# Error  file name is:stderr
# Log    file unit is: 6
# Log    file name is:stdlog
# MESLOG:[csm_rdinput] molecule_init called with debug.
[molecule] Nrec=  12 Format=nscxyz
  h                1    1    0.00000000D+00   0.10000000D+01   0.10000000D+01
  he               2    2    0.99500000D-01   0.99500000D+00   0.10000000D+01
  h                3    1    0.86600000D+00   0.50000000D+00   0.10000000D+01
  he               4    2    0.91150000D+00   0.41130000D+00   0.10000000D+01
  h                5    1    0.86600000D+00  -0.50000000D+00   0.10000000D+01
  he               6    2    0.81200000D+00  -0.58370000D+00   0.10000000D+01
  h                7    1    0.00000000D+00  -0.10000000D+01   0.10000000D+01
  he               8    2   -0.99500000D-01  -0.99500000D+00   0.10000000D+01
  h                9    1   -0.86600000D+00  -0.50000000D+00   0.10000000D+01
  he              10    2   -0.91150000D+00  -0.41130000D+00   0.10000000D+01
  h               11    1   -0.86600000D+00   0.50000000D+00   0.10000000D+01
  he              12    2   -0.81200000D+00   0.58370000D+00   0.10000000D+01
# Molecule moved to the center of mass
# Shift Vector is:        0.00000000       0.00000000       0.52917706
# Inertia Tensor: (Before Diagonalization)
# Up Diagonal Columnwise
#    0.25201414D+01   0.69391028D-04   0.25202917D+01  -0.00000000D+00  -0.00000000D+00   0.50404331D+01
# Inertia Tensor: (Full Matrix)
# 1,1 - 1,3           0.25201414D+01   0.69391028D-04  -0.00000000D+00
# 2,1 - 2,3           0.69391028D-04   0.25202917D+01  -0.00000000D+00
# 3,1 - 3,3          -0.00000000D+00  -0.00000000D+00   0.50404331D+01
# Inertia Tensor
# Inertia EigenValues:     0.25201143D+01   0.25203188D+01   0.50404331D+01
# Eigen Vectors:
# 1,1 - 1,3          -0.93127301D+00   0.36432209D+00   0.00000000D+00
# 2,1 - 2,3           0.36432209D+00   0.93127301D+00   0.00000000D+00
# 3,1 - 3,3           0.00000000D+00   0.00000000D+00   0.10000000D+01
# Molecule Rotated to match inertia axes
[molecule] Nrec=  12 Format=nscxyz
  h                1    1    0.36432209D+00   0.93127301D+00   0.00000000D+00
  he               2    2    0.26983882D+00   0.96286669D+00   0.00000000D+00
  h                3    1   -0.62432138D+00   0.78113944D+00   0.00000000D+00
  he               4    2   -0.69900967D+00   0.71511217D+00   0.00000000D+00
  h                5    1   -0.98864347D+00  -0.15013357D+00   0.00000000D+00
  he               6    2   -0.96884849D+00  -0.24775451D+00   0.00000000D+00
  h                7    1   -0.36432209D+00  -0.93127301D+00   0.00000000D+00
  he               8    2   -0.26983882D+00  -0.96286669D+00   0.00000000D+00
  h                9    1    0.62432138D+00  -0.78113944D+00   0.00000000D+00
  he              10    2    0.69900967D+00  -0.71511217D+00   0.00000000D+00
  h               11    1    0.98864347D+00   0.15013357D+00   0.00000000D+00
  he              12    2    0.96884849D+00   0.24775451D+00   0.00000000D+00
# Initial Integrals follow ...
# INT: Number of electrons from integrated RHO:     17.99998878598
# INT: \int \rho \rho dr:      30.83493521407
# INT: \int \rho \tilde{\rho} dr/ng:      30.83493521022
# INT: \int \rho \tilde{\rho}m dr/ng:      29.12188325388
#  DEBUG     \int rr  =     30.83493521407
#  DEBUG     \int rr~ =     30.83493521022
#  DEBUG     \int rr~ =     30.83493521022
#  DEBUG     CSM value =      0.00000000012
#  DEBUG     CSM value =      0.00000000012
# Number of electrons =     17.99998878598
# Initial rho^2 value =     30.83493521407
#  Initial rrii value =      9.23574328802
#  Initial rrij value =     21.59919192605
#  Initial imj  value =     30.83493521022
#  Initial impj value =     29.12188325388
#  Initial CSM  value =      0.00000000012
#  Initial CSM% value =      0.00000001248
[molecule] Nrec=  12 Format=nscxyz
  h                1    1    0.36432209D+00   0.93127301D+00   0.00000000D+00
  he               2    2    0.26983882D+00   0.96286669D+00   0.00000000D+00
  h                3    1   -0.62432138D+00   0.78113944D+00   0.00000000D+00
  he               4    2   -0.69900967D+00   0.71511217D+00   0.00000000D+00
  h                5    1   -0.98864347D+00  -0.15013357D+00   0.00000000D+00
  he               6    2   -0.96884849D+00  -0.24775451D+00   0.00000000D+00
  h                7    1   -0.36432209D+00  -0.93127301D+00   0.00000000D+00
  he               8    2   -0.26983882D+00  -0.96286669D+00   0.00000000D+00
  h                9    1    0.62432138D+00  -0.78113944D+00   0.00000000D+00
  he              10    2    0.69900967D+00  -0.71511217D+00   0.00000000D+00
  h               11    1    0.98864347D+00   0.15013357D+00   0.00000000D+00
  he              12    2    0.96884849D+00   0.24775451D+00   0.00000000D+00
# Request Simplex: Run it with internal procedure. NOT IMPLEMENTED!
# Request for Simplex: Initial Coordinates.
[molecule] Nrec=  12 Format=nscxyz
  h                1    1    0.36432209D+00   0.93127301D+00   0.00000000D+00
  he               2    2    0.26983882D+00   0.96286669D+00   0.00000000D+00
  h                3    1   -0.62432138D+00   0.78113944D+00   0.00000000D+00
  he               4    2   -0.69900967D+00   0.71511217D+00   0.00000000D+00
  h                5    1   -0.98864347D+00  -0.15013357D+00   0.00000000D+00
  he               6    2   -0.96884849D+00  -0.24775451D+00   0.00000000D+00
  h                7    1   -0.36432209D+00  -0.93127301D+00   0.00000000D+00
  he               8    2   -0.26983882D+00  -0.96286669D+00   0.00000000D+00
  h                9    1    0.62432138D+00  -0.78113944D+00   0.00000000D+00
  he              10    2    0.69900967D+00  -0.71511217D+00   0.00000000D+00
  h               11    1    0.98864347D+00   0.15013357D+00   0.00000000D+00
  he              12    2    0.96884849D+00   0.24775451D+00   0.00000000D+00
# Minimization at step:     0 with Value:     0.0124Tol(Act/Req):0.2000E+01/0.1000E-04
# With parameters(tra.):     0.1429E-01    0.1429E-01    0.1429E-01
# With parameters(rot.):     0.1429E-01    0.1429E-01    0.1429E-01
# Minimization at step:     1 with Value:     0.0082Tol(Act/Req):0.2000E+01/0.1000E-04
# With parameters(tra.):     0.1548E-01    0.1548E-01    0.7143E-02
# With parameters(rot.):     0.1548E-01    0.1548E-01    0.1548E-01
# Minimization at step:     2 with Value:     0.0063Tol(Act/Req):0.2000E+01/0.1000E-04
# With parameters(tra.):     0.8433E-02    0.1677E-01    0.7738E-02
# With parameters(rot.):     0.1677E-01    0.1677E-01    0.1677E-01
# Minimization at step:     3 with Value:     0.0044Tol(Act/Req):0.2000E+01/0.1000E-04
# With parameters(tra.):     0.9135E-02    0.9830E-02    0.8383E-02
# With parameters(rot.):     0.1816E-01    0.1816E-01    0.1816E-01
# Minimization at step:     4 with Value:     0.0033Tol(Act/Req):0.2000E+01/0.1000E-04
# With parameters(tra.):     0.9336E-02    0.1020E-01   -0.2021E-02
# With parameters(rot.):     0.2062E-01    0.2062E-01    0.2062E-01
# Minimization at step:     5 with Value:     0.0028Tol(Act/Req):0.2000E+01/0.1000E-04
# With parameters(tra.):     0.9704E-02    0.6767E-02   -0.2566E-02
# With parameters(rot.):     0.2152E-01    0.2152E-01    0.2152E-01
# Minimization at step:     6 with Value:     0.0023Tol(Act/Req):0.2000E+01/0.1000E-04
# With parameters(tra.):     0.6288E-02    0.6578E-02   -0.3127E-02
# With parameters(rot.):     0.2257E-01    0.2257E-01    0.2257E-01
# Minimization at step:     7 with Value:     0.0018Tol(Act/Req):0.2000E+01/0.1000E-04
# With parameters(tra.):     0.6812E-02    0.7127E-02   -0.3388E-02
# With parameters(rot.):     0.1611E-01    0.2445E-01    0.2445E-01
# Minimization at step:     8 with Value:     0.0014Tol(Act/Req):0.2000E+01/0.1000E-04
# With parameters(tra.):     0.7380E-02    0.7721E-02   -0.3670E-02
# With parameters(rot.):     0.1745E-01    0.1815E-01    0.2648E-01
# Minimization at step:     9 with Value:     0.0011Tol(Act/Req):0.2000E+01/0.1000E-04
# With parameters(tra.):     0.6790E-02    0.6913E-02    0.1120E-02
# With parameters(rot.):     0.1543E-01    0.1630E-01    0.2672E-01
# Minimization at step:    10 with Value:     0.0010Tol(Act/Req):0.2000E+01/0.1000E-04
# With parameters(tra.):     0.6555E-02    0.8749E-04    0.1260E-02
# With parameters(rot.):     0.1521E-01    0.1637E-01    0.3026E-01
# Minimization at step:    11 with Value:     0.0009Tol(Act/Req):0.2000E+01/0.1000E-04
# With parameters(tra.):    -0.1874E-03   -0.2453E-02    0.1600E-02
# With parameters(rot.):     0.1484E-01    0.1639E-01    0.3491E-01
# Minimization at step:    12 with Value:     0.0009Tol(Act/Req):0.2000E+01/0.1000E-04
# With parameters(tra.):    -0.1574E-02   -0.4656E-02    0.2792E-02
# With parameters(rot.):     0.1666E-01    0.3207E-02    0.4179E-01
# Minimization at step:    13 with Value:     0.0007Tol(Act/Req):0.2000E+01/0.1000E-04
# With parameters(tra.):    -0.2011E-02   -0.5364E-02    0.3176E-02
# With parameters(rot.):     0.1348E-01    0.2377E-02    0.4417E-01
# Minimization at step:    14 with Value:     0.0006Tol(Act/Req):0.2000E+01/0.1000E-04
# With parameters(tra.):    -0.1701E-02   -0.4872E-02    0.2910E-02
# With parameters(rot.):     0.1276E-01    0.5603E-02    0.4265E-01
# Minimization at step:    15 with Value:     0.0005Tol(Act/Req):0.2000E+01/0.1000E-04
# With parameters(tra.):     0.2978E-02   -0.3572E-02    0.2983E-02
# With parameters(rot.):     0.1251E-01    0.2894E-02    0.4110E-01
# Minimization at step:    16 with Value:     0.0003Tol(Act/Req):0.2000E+01/0.1000E-04
# With parameters(tra.):     0.2260E-02    0.6323E-03    0.3309E-02
# With parameters(rot.):     0.1201E-01   -0.5247E-03    0.4116E-01
# Minimization at step:    17 with Value:     0.0003Tol(Act/Req):0.2000E+01/0.1000E-04
# With parameters(tra.):     0.1142E-02   -0.9227E-03    0.8455E-03
# With parameters(rot.):     0.1221E-01   -0.4903E-02    0.4581E-01
# Minimization at step:    18 with Value:     0.0003Tol(Act/Req):0.2000E+01/0.1000E-04
# With parameters(tra.):     0.1320E-02   -0.8578E-03    0.8379E-03
# With parameters(rot.):     0.5426E-02   -0.8989E-02    0.5113E-01
# Minimization at step:    19 with Value:     0.0002Tol(Act/Req):0.2000E+01/0.1000E-04
# With parameters(tra.):     0.1614E-02   -0.4636E-03    0.1453E-02
# With parameters(rot.):     0.4810E-02   -0.8235E-02    0.5041E-01
# Minimization at step:    20 with Value:     0.0002Tol(Act/Req):0.2000E+01/0.1000E-04
# With parameters(tra.):     0.3339E-02    0.1990E-02    0.4356E-03
# With parameters(rot.):     0.7225E-03   -0.6396E-02    0.4995E-01
# Minimization at step:    21 with Value:     0.0002Tol(Act/Req):0.2000E+01/0.1000E-04
# With parameters(tra.):     0.2590E-02    0.2236E-02    0.2112E-03
# With parameters(rot.):    -0.2193E-03   -0.6719E-02    0.5095E-01
# Minimization at step:    22 with Value:     0.0001Tol(Act/Req):0.2000E+01/0.1000E-04
# With parameters(tra.):     0.2096E-02    0.1644E-02    0.4469E-03
# With parameters(rot.):     0.7240E-03   -0.7205E-02    0.5115E-01
# Minimization at step:    23 with Value:     0.0001Tol(Act/Req):0.2000E+01/0.1000E-04
# With parameters(tra.):     0.2116E-02    0.1836E-02    0.4162E-03
# With parameters(rot.):     0.2028E-02   -0.6035E-02    0.4982E-01
# Minimization at step:    24 with Value:     0.0001Tol(Act/Req):0.2000E+01/0.1000E-04
# With parameters(tra.):     0.2439E-02    0.3467E-04   -0.4701E-03
# With parameters(rot.):    -0.2126E-03   -0.5703E-02    0.5196E-01
# Minimization at step:    25 with Value:     0.0001Tol(Act/Req):0.2000E+01/0.1000E-04
# With parameters(tra.):     0.2655E-02    0.2733E-03   -0.3228E-03
# With parameters(rot.):    -0.9393E-03   -0.5115E-02    0.5172E-01
# Minimization at step:    26 with Value:     0.0001Tol(Act/Req):0.2000E+01/0.1000E-04
# With parameters(tra.):     0.1178E-02    0.1123E-03   -0.9495E-03
# With parameters(rot.):    -0.3063E-02   -0.5226E-02    0.5397E-01
# Minimization at step:    27 with Value:     0.0001Tol(Act/Req):0.2000E+01/0.1000E-04
# With parameters(tra.):     0.8543E-03   -0.3117E-03   -0.9480E-03
# With parameters(rot.):    -0.2907E-02   -0.5305E-02    0.5431E-01
# Minimization at step:    28 with Value:     0.0000Tol(Act/Req):0.2000E+01/0.1000E-04
# With parameters(tra.):     0.1197E-02   -0.3068E-03   -0.7912E-03
# With parameters(rot.):    -0.2363E-02   -0.5283E-02    0.5377E-01
# Minimization at step:    29 with Value:     0.0000Tol(Act/Req):0.2000E+01/0.1000E-04
# With parameters(tra.):     0.9309E-03   -0.6365E-03   -0.1255E-02
# With parameters(rot.):    -0.1218E-02   -0.2693E-02    0.5244E-01
# Minimization at step:    30 with Value:     0.0000Tol(Act/Req):0.2000E+01/0.1000E-04
# With parameters(tra.):     0.2127E-03    0.3405E-03   -0.9258E-03
# With parameters(rot.):    -0.5941E-04   -0.1910E-02    0.5117E-01
# Minimization at step:    31 with Value:     0.0000Tol(Act/Req):0.2000E+01/0.1000E-04
# With parameters(tra.):    -0.1698E-03    0.8401E-03   -0.8321E-03
# With parameters(rot.):    -0.1220E-02    0.3343E-03    0.5052E-01
# Minimization at step:    32 with Value:     0.0000Tol(Act/Req):0.2000E+01/0.1000E-04
# With parameters(tra.):    -0.1951E-03    0.1046E-02   -0.6809E-03
# With parameters(rot.):    -0.1506E-02   -0.6118E-04    0.5070E-01
# Minimization at step:    33 with Value:     0.0000Tol(Act/Req):0.2000E+01/0.1000E-04
# With parameters(tra.):    -0.1016E-03    0.9378E-03   -0.6917E-03
# With parameters(rot.):    -0.1240E-02   -0.6552E-03    0.5088E-01
# Minimization at step:    34 with Value:     0.0000Tol(Act/Req):0.2000E+01/0.1000E-04
# With parameters(tra.):    -0.8257E-03    0.6142E-03   -0.6254E-03
# With parameters(rot.):    -0.5887E-03    0.3895E-03    0.5052E-01
# Minimization at step:    35 with Value:     0.0000Tol(Act/Req):0.1999E+01/0.1000E-04
# With parameters(tra.):    -0.8230E-03    0.6934E-03   -0.5331E-03
# With parameters(rot.):    -0.1689E-03    0.8728E-03    0.4998E-01
# Minimization at step:    36 with Value:     0.0000Tol(Act/Req):0.1999E+01/0.1000E-04
# With parameters(tra.):    -0.7297E-03    0.4786E-03   -0.5827E-03
# With parameters(rot.):    -0.4677E-03    0.9091E-03    0.5020E-01
# Minimization at step:    37 with Value:     0.0000Tol(Act/Req):0.1999E+01/0.1000E-04
# With parameters(tra.):    -0.7521E-03    0.1099E-03   -0.5681E-03
# With parameters(rot.):     0.3219E-03    0.2425E-03    0.5032E-01
# Minimization at step:    38 with Value:     0.0000Tol(Act/Req):0.1998E+01/0.1000E-04
# With parameters(tra.):    -0.2449E-03    0.1576E-03   -0.5932E-03
# With parameters(rot.):     0.1915E-03   -0.5030E-03    0.5050E-01
# Minimization at step:    39 with Value:     0.0000Tol(Act/Req):0.1998E+01/0.1000E-04
# With parameters(tra.):    -0.2952E-03    0.2438E-03   -0.3445E-03
# With parameters(rot.):     0.1864E-03   -0.1207E-02    0.5071E-01
# Minimization at step:    40 with Value:     0.0000Tol(Act/Req):0.1998E+01/0.1000E-04
# With parameters(tra.):    -0.1140E-03    0.2524E-03   -0.9714E-04
# With parameters(rot.):     0.1144E-02   -0.9332E-03    0.4987E-01
# Minimization at step:    41 with Value:     0.0000Tol(Act/Req):0.1998E+01/0.1000E-04
# With parameters(tra.):    -0.1605E-04    0.1261E-03   -0.8148E-04
# With parameters(rot.):     0.1129E-02   -0.1069E-02    0.4996E-01
# Minimization at step:    42 with Value:     0.0000Tol(Act/Req):0.1998E+01/0.1000E-04
# With parameters(tra.):    -0.5320E-04    0.1134E-03   -0.1420E-03
# With parameters(rot.):     0.8886E-03   -0.1148E-02    0.5017E-01
# Minimization at step:    43 with Value:     0.0000Tol(Act/Req):0.1998E+01/0.1000E-04
# With parameters(tra.):     0.2022E-03    0.4832E-03   -0.1463E-04
# With parameters(rot.):     0.2878E-03   -0.9452E-03    0.4999E-01
# Minimization at step:    44 with Value:     0.0000Tol(Act/Req):0.1998E+01/0.1000E-04
# With parameters(tra.):    -0.6651E-04    0.5289E-03    0.1488E-03
# With parameters(rot.):     0.4097E-03   -0.4966E-03    0.4974E-01
# Minimization at step:    45 with Value:     0.0000Tol(Act/Req):0.1995E+01/0.1000E-04
# With parameters(tra.):    -0.1527E-03    0.4402E-03    0.1306E-03
# With parameters(rot.):     0.5701E-03   -0.5100E-03    0.4976E-01
# Minimization at step:    46 with Value:     0.0000Tol(Act/Req):0.1993E+01/0.1000E-04
# With parameters(tra.):    -0.9193E-04    0.4462E-03    0.1250E-03
# With parameters(rot.):     0.6686E-03    0.1606E-04    0.4942E-01
# Minimization at step:    47 with Value:     0.0000Tol(Act/Req):0.1993E+01/0.1000E-04
# With parameters(tra.):    -0.1137E-03    0.4676E-03    0.1170E-03
# With parameters(rot.):     0.5298E-03    0.7326E-04    0.4946E-01
# Minimization at step:    48 with Value:     0.0000Tol(Act/Req):0.1992E+01/0.1000E-04
# With parameters(tra.):     0.4959E-04    0.3289E-03    0.2145E-03
# With parameters(rot.):     0.2999E-03    0.1831E-03    0.4946E-01
# Minimization at step:    49 with Value:     0.0000Tol(Act/Req):0.1992E+01/0.1000E-04
# With parameters(tra.):     0.2674E-03    0.2318E-03    0.1275E-03
# With parameters(rot.):     0.1820E-03    0.1106E-03    0.4954E-01
# Minimization at step:    50 with Value:     0.0000Tol(Act/Req):0.1989E+01/0.1000E-04
# With parameters(tra.):     0.2431E-03    0.4678E-04    0.9933E-04
# With parameters(rot.):     0.3255E-03    0.2457E-03    0.4952E-01
# Minimization at step:    51 with Value:     0.0000Tol(Act/Req):0.1988E+01/0.1000E-04
# With parameters(tra.):     0.1690E-03    0.8027E-04   -0.2602E-05
# With parameters(rot.):     0.5044E-03    0.1789E-03    0.4954E-01
# Minimization at step:    52 with Value:     0.0000Tol(Act/Req):0.1985E+01/0.1000E-04
# With parameters(tra.):     0.1063E-03    0.9191E-04    0.8331E-05
# With parameters(rot.):     0.5607E-03    0.2028E-03    0.4951E-01
# Minimization at step:    53 with Value:     0.0000Tol(Act/Req):0.1984E+01/0.1000E-04
# With parameters(tra.):     0.1319E-03   -0.3019E-04   -0.2685E-04
# With parameters(rot.):     0.4591E-03   -0.8569E-04    0.4978E-01
# Minimization at step:    54 with Value:     0.0000Tol(Act/Req):0.1977E+01/0.1000E-04
# With parameters(tra.):     0.1414E-03   -0.6098E-04   -0.4285E-04
# With parameters(rot.):     0.3839E-03   -0.7034E-04    0.4982E-01
# Minimization at step:    55 with Value:     0.0000Tol(Act/Req):0.1966E+01/0.1000E-04
# With parameters(tra.):     0.1358E-03   -0.3302E-04   -0.3538E-04
# With parameters(rot.):     0.4030E-03    0.3055E-05    0.4976E-01
# Minimization at step:    56 with Value:     0.0000Tol(Act/Req):0.1965E+01/0.1000E-04
# With parameters(tra.):     0.1163E-03    0.6376E-04   -0.6154E-04
# With parameters(rot.):     0.3332E-03   -0.1679E-03    0.4986E-01
# Minimization at step:    57 with Value:     0.0000Tol(Act/Req):0.1964E+01/0.1000E-04
# With parameters(tra.):     0.1482E-03    0.3593E-04   -0.1323E-04
# With parameters(rot.):     0.1568E-03   -0.2390E-03    0.4996E-01
# Minimization at step:    58 with Value:     0.0000Tol(Act/Req):0.1959E+01/0.1000E-04
# With parameters(tra.):     0.1557E-03    0.9422E-05   -0.2666E-05
# With parameters(rot.):     0.1596E-03   -0.2022E-03    0.4994E-01
# Minimization at step:    59 with Value:     0.0000Tol(Act/Req):0.1949E+01/0.1000E-04
# With parameters(tra.):     0.4683E-04    0.5211E-05    0.1554E-04
# With parameters(rot.):     0.1386E-03   -0.2895E-03    0.5004E-01
# Minimization at step:    60 with Value:     0.0000Tol(Act/Req):0.1944E+01/0.1000E-04
# With parameters(tra.):     0.4373E-04   -0.4665E-05    0.1240E-04
# With parameters(rot.):     0.8048E-04   -0.3001E-03    0.5008E-01
# Minimization at step:    61 with Value:     0.0000Tol(Act/Req):0.1938E+01/0.1000E-04
# With parameters(tra.):     0.2707E-04   -0.1092E-05    0.2462E-05
# With parameters(rot.):     0.1182E-03   -0.2874E-03    0.5007E-01
# Minimization at step:    62 with Value:     0.0000Tol(Act/Req):0.1932E+01/0.1000E-04
# With parameters(tra.):     0.5264E-04   -0.5644E-06   -0.3178E-05
# With parameters(rot.):     0.1218E-03   -0.2654E-03    0.5005E-01
# Minimization at step:    63 with Value:     0.0000Tol(Act/Req):0.1898E+01/0.1000E-04
# With parameters(tra.):     0.2345E-04    0.4949E-04    0.1607E-04
# With parameters(rot.):     0.8016E-04   -0.2224E-03    0.5003E-01
# Minimization at step:    64 with Value:     0.0000Tol(Act/Req):0.1854E+01/0.1000E-04
# With parameters(tra.):    -0.5549E-05    0.9820E-05    0.4344E-04
# With parameters(rot.):     0.5921E-04   -0.1556E-03    0.5002E-01
# Minimization at step:    65 with Value:     0.0000Tol(Act/Req):0.1838E+01/0.1000E-04
# With parameters(tra.):    -0.2252E-04   -0.1373E-05    0.4650E-04
# With parameters(rot.):    -0.3321E-04   -0.1353E-03    0.5007E-01
# Minimization at step:    66 with Value:     0.0000Tol(Act/Req):0.1827E+01/0.1000E-04
# With parameters(tra.):    -0.5992E-04    0.3917E-05    0.4260E-04
# With parameters(rot.):    -0.1449E-04   -0.7829E-04    0.5005E-01
# Minimization at step:    67 with Value:     0.0000Tol(Act/Req):0.1818E+01/0.1000E-04
# With parameters(tra.):    -0.4904E-04    0.4162E-04    0.1495E-04
# With parameters(rot.):    -0.1811E-04   -0.1194E-03    0.5006E-01
# Minimization at step:    68 with Value:     0.0000Tol(Act/Req):0.1805E+01/0.1000E-04
# With parameters(tra.):    -0.3179E-04    0.5673E-04    0.9708E-05
# With parameters(rot.):    -0.5760E-04   -0.2668E-04    0.5002E-01
# Minimization at step:    69 with Value:     0.0000Tol(Act/Req):0.1735E+01/0.1000E-04
# With parameters(tra.):    -0.3308E-04    0.4857E-04    0.1619E-04
# With parameters(rot.):    -0.5999E-04   -0.8683E-05    0.5002E-01
# Minimization at step:    70 with Value:     0.0000Tol(Act/Req):0.1729E+01/0.1000E-04
# With parameters(tra.):    -0.3246E-04    0.1489E-04    0.3394E-05
# With parameters(rot.):    -0.7896E-04    0.3392E-04    0.5003E-01
# Minimization at step:    71 with Value:     0.0000Tol(Act/Req):0.1633E+01/0.1000E-04
# With parameters(tra.):    -0.3683E-04    0.7627E-05    0.4177E-05
# With parameters(rot.):    -0.7087E-04    0.1580E-04    0.5004E-01
# Minimization at step:    72 with Value:     0.0000Tol(Act/Req):0.1610E+01/0.1000E-04
# With parameters(tra.):    -0.3028E-04    0.1809E-04   -0.1197E-04
# With parameters(rot.):    -0.2181E-04    0.5267E-04    0.5000E-01
# Minimization at step:    73 with Value:     0.0000Tol(Act/Req):0.1605E+01/0.1000E-04
# With parameters(tra.):    -0.3025E-04    0.2677E-04   -0.1005E-04
# With parameters(rot.):    -0.1230E-04    0.4358E-04    0.4999E-01
# Minimization at step:    74 with Value:     0.0000Tol(Act/Req):0.1595E+01/0.1000E-04
# With parameters(tra.):    -0.2155E-04    0.2780E-04   -0.1379E-04
# With parameters(rot.):    -0.1524E-04    0.4423E-04    0.4999E-01
# Minimization at step:    75 with Value:     0.0000Tol(Act/Req):0.1481E+01/0.1000E-04
# With parameters(tra.):    -0.2428E-04    0.2238E-04   -0.2135E-05
# With parameters(rot.):    -0.5039E-04    0.1447E-04    0.5002E-01
# Minimization at step:    76 with Value:     0.0000Tol(Act/Req):0.1305E+01/0.1000E-04
# With parameters(tra.):    -0.2418E-04    0.1611E-04   -0.4234E-06
# With parameters(rot.):    -0.5079E-04    0.2539E-04    0.5002E-01
# Minimization at step:    77 with Value:     0.0000Tol(Act/Req):0.1101E+01/0.1000E-04
# With parameters(tra.):    -0.2870E-04    0.4409E-05   -0.3902E-06
# With parameters(rot.):    -0.2790E-04   -0.7657E-05    0.5003E-01
# Minimization at step:    78 with Value:     0.0000Tol(Act/Req):0.1070E+01/0.1000E-04
# With parameters(tra.):    -0.1368E-04   -0.1341E-05   -0.3398E-05
# With parameters(rot.):    -0.3800E-04   -0.2366E-04    0.5004E-01
# Minimization at step:    79 with Value:     0.0000Tol(Act/Req):0.1065E+01/0.1000E-04
# With parameters(tra.):    -0.1228E-04    0.6593E-06   -0.1885E-05
# With parameters(rot.):    -0.3539E-04   -0.3380E-04    0.5004E-01
# Minimization at step:    80 with Value:     0.0000Tol(Act/Req):0.1054E+01/0.1000E-04
# With parameters(tra.):    -0.6469E-05   -0.2967E-05   -0.9573E-05
# With parameters(rot.):    -0.6956E-05   -0.3005E-04    0.5003E-01
# Minimization at step:    81 with Value:     0.0000Tol(Act/Req):0.9420E+00/0.1000E-04
# With parameters(tra.):    -0.3486E-05   -0.6563E-06   -0.1035E-04
# With parameters(rot.):    -0.1093E-04   -0.2365E-04    0.5002E-01
# Minimization at step:    82 with Value:     0.0000Tol(Act/Req):0.8883E+00/0.1000E-04
# With parameters(tra.):    -0.1715E-05   -0.5186E-05   -0.1032E-04
# With parameters(rot.):    -0.7806E-05   -0.2227E-04    0.5002E-01
# Minimization at step:    83 with Value:     0.0000Tol(Act/Req):0.8663E+00/0.1000E-04
# With parameters(tra.):    -0.2773E-05   -0.4465E-05   -0.8457E-05
# With parameters(rot.):    -0.1499E-04   -0.2257E-04    0.5003E-01
# Minimization at step:    84 with Value:     0.0000Tol(Act/Req):0.4889E+00/0.1000E-04
# With parameters(tra.):    -0.1131E-04   -0.9336E-06   -0.7466E-05
# With parameters(rot.):    -0.1657E-05   -0.1029E-04    0.5002E-01
# Minimization at step:    85 with Value:     0.0000Tol(Act/Req):0.4707E+00/0.1000E-04
# With parameters(tra.):    -0.7959E-05    0.3596E-05   -0.8053E-05
# With parameters(rot.):    -0.6515E-05    0.6952E-05    0.5001E-01
# Minimization at step:    86 with Value:     0.0000Tol(Act/Req):0.4309E+00/0.1000E-04
# With parameters(tra.):    -0.3727E-05    0.8575E-05   -0.7082E-05
# With parameters(rot.):     0.8333E-05    0.2429E-06    0.5000E-01
# Minimization at step:    87 with Value:     0.0000Tol(Act/Req):0.4289E+00/0.1000E-04
# With parameters(tra.):    -0.4213E-05    0.7857E-05   -0.6854E-05
# With parameters(rot.):     0.1078E-04   -0.4628E-05    0.5000E-01
# Minimization at step:    88 with Value:     0.0000Tol(Act/Req):0.3884E+00/0.1000E-04
# With parameters(tra.):    -0.7509E-05    0.3944E-05   -0.7526E-05
# With parameters(rot.):     0.2616E-06   -0.8132E-06    0.5001E-01
# Minimization at step:    89 with Value:     0.0000Tol(Act/Req):0.3780E+00/0.1000E-04
# With parameters(tra.):    -0.5898E-05   -0.2073E-05   -0.6537E-05
# With parameters(rot.):     0.9200E-05    0.9094E-05    0.5000E-01
# Minimization at step:    90 with Value:     0.0000Tol(Act/Req):0.3475E+00/0.1000E-04
# With parameters(tra.):    -0.6687E-05   -0.1513E-05   -0.5447E-05
# With parameters(rot.):     0.7625E-05    0.1159E-04    0.5000E-01
# Minimization at step:    91 with Value:     0.0000Tol(Act/Req):0.3473E+00/0.1000E-04
# With parameters(tra.):    -0.7156E-05    0.3820E-07   -0.5603E-05
# With parameters(rot.):     0.5259E-05    0.9318E-05    0.5000E-01
# Minimization at step:    92 with Value:     0.0000Tol(Act/Req):0.1736E+00/0.1000E-04
# With parameters(tra.):    -0.1845E-05   -0.1484E-05   -0.5633E-05
# With parameters(rot.):     0.3241E-06    0.8085E-05    0.5000E-01
# Minimization at step:    93 with Value:     0.0000Tol(Act/Req):0.1563E+00/0.1000E-04
# With parameters(tra.):     0.2240E-05   -0.6849E-06   -0.4555E-05
# With parameters(rot.):     0.7360E-05    0.8508E-05    0.4999E-01
# Minimization at step:    94 with Value:     0.0000Tol(Act/Req):0.1524E+00/0.1000E-04
# With parameters(tra.):     0.2534E-05   -0.1756E-05   -0.4250E-05
# With parameters(rot.):     0.8301E-05    0.7167E-05    0.4999E-01
# Minimization at step:    95 with Value:     0.0000Tol(Act/Req):0.1462E+00/0.1000E-04
# With parameters(tra.):     0.1538E-05   -0.2045E-05   -0.4494E-05
# With parameters(rot.):     0.6620E-05    0.6950E-05    0.5000E-01
# Minimization at step:    96 with Value:     0.0000Tol(Act/Req):0.1312E+00/0.1000E-04
# With parameters(tra.):     0.2701E-05   -0.1102E-05   -0.1996E-05
# With parameters(rot.):     0.3136E-05    0.1039E-04    0.4999E-01
# Minimization at step:    97 with Value:     0.0000Tol(Act/Req):0.8142E-01/0.1000E-04
# With parameters(tra.):     0.4462E-05    0.9398E-06   -0.1329E-05
# With parameters(rot.):    -0.9433E-06    0.7253E-05    0.4999E-01
# Minimization at step:    98 with Value:     0.0000Tol(Act/Req):0.7240E-01/0.1000E-04
# With parameters(tra.):     0.4318E-05    0.8742E-06   -0.1898E-05
# With parameters(rot.):    -0.4123E-06    0.6132E-05    0.5000E-01
# Minimization at step:    99 with Value:     0.0000Tol(Act/Req):0.5925E-01/0.1000E-04
# With parameters(tra.):     0.2832E-05    0.2675E-05   -0.6326E-06
# With parameters(rot.):     0.2632E-05    0.6303E-05    0.4999E-01
# Minimization at step:   100 with Value:     0.0000Tol(Act/Req):0.5901E-01/0.1000E-04
# With parameters(tra.):     0.3521E-05    0.2011E-05    0.1184E-05
# With parameters(rot.):     0.2624E-05    0.3334E-05    0.4999E-01
# Minimization at step:   101 with Value:     0.0000Tol(Act/Req):0.5058E-01/0.1000E-04
# With parameters(tra.):     0.3188E-05    0.2205E-05    0.1535E-05
# With parameters(rot.):     0.1451E-05    0.2924E-05    0.4999E-01
# Minimization at step:   102 with Value:     0.0000Tol(Act/Req):0.4968E-01/0.1000E-04
# With parameters(tra.):     0.2588E-05    0.2751E-05    0.2605E-06
# With parameters(rot.):     0.1164E-05    0.5049E-05    0.4999E-01
# Minimization at step:   103 with Value:     0.0000Tol(Act/Req):0.4051E-01/0.1000E-04
# With parameters(tra.):     0.2939E-05    0.2307E-05    0.1858E-07
# With parameters(rot.):     0.2802E-06    0.4901E-05    0.4999E-01
# Minimization at step:   104 with Value:     0.0000Tol(Act/Req):0.2857E-01/0.1000E-04
# With parameters(tra.):     0.1678E-05    0.1628E-05    0.2183E-07
# With parameters(rot.):     0.2626E-05    0.5881E-05    0.4999E-01
# Minimization at step:   105 with Value:     0.0000Tol(Act/Req):0.1991E-01/0.1000E-04
# With parameters(tra.):     0.8017E-06    0.1718E-05   -0.3515E-06
# With parameters(rot.):     0.4182E-05    0.4136E-05    0.4999E-01
# Minimization at step:   106 with Value:     0.0000Tol(Act/Req):0.1845E-01/0.1000E-04
# With parameters(tra.):    -0.6598E-06    0.1943E-05   -0.2781E-06
# With parameters(rot.):     0.2746E-05    0.3721E-05    0.5000E-01
# Minimization at step:   107 with Value:     0.0000Tol(Act/Req):0.1718E-01/0.1000E-04
# With parameters(tra.):    -0.1343E-05    0.1309E-05    0.3922E-06
# With parameters(rot.):     0.3464E-05    0.1862E-05    0.5000E-01
# Minimization at step:   108 with Value:     0.0000Tol(Act/Req):0.1335E-01/0.1000E-04
# With parameters(tra.):    -0.1886E-05    0.3940E-06    0.1227E-06
# With parameters(rot.):     0.2935E-05    0.8806E-06    0.5000E-01
# Minimization at step:   109 with Value:     0.0000Tol(Act/Req):0.1293E-01/0.1000E-04
# With parameters(tra.):    -0.1385E-05    0.7226E-06   -0.6373E-06
# With parameters(rot.):     0.2040E-05    0.2413E-05    0.5000E-01
# Minimization at step:   110 with Value:     0.0000Tol(Act/Req):0.1264E-01/0.1000E-04
# With parameters(tra.):    -0.1651E-06    0.9091E-07   -0.8305E-06
# With parameters(rot.):     0.3241E-05    0.2393E-05    0.5000E-01
# Minimization at step:   111 with Value:     0.0000Tol(Act/Req):0.1221E-01/0.1000E-04
# With parameters(tra.):    -0.2363E-06   -0.3134E-06   -0.3087E-06
# With parameters(rot.):     0.4212E-05    0.1239E-05    0.5000E-01
# Minimization at step:   112 with Value:     0.0000Tol(Act/Req):0.1076E-01/0.1000E-04
# With parameters(tra.):    -0.5472E-06   -0.1892E-06   -0.2169E-06
# With parameters(rot.):     0.3993E-05    0.1147E-05    0.5000E-01
# Minimization at step:   113 with Value:     0.0000Tol(Act/Req):0.7584E-02/0.1000E-04
# With parameters(tra.):    -0.4479E-06   -0.3425E-06   -0.2987E-06
# With parameters(rot.):     0.2885E-05   -0.1084E-05    0.5000E-01
# Minimization at step:   114 with Value:     0.0000Tol(Act/Req):0.6028E-02/0.1000E-04
# With parameters(tra.):    -0.3222E-06   -0.9027E-06   -0.9884E-07
# With parameters(rot.):     0.1783E-05   -0.1517E-05    0.5000E-01
# Minimization at step:   115 with Value:     0.0000Tol(Act/Req):0.4692E-02/0.1000E-04
# With parameters(tra.):    -0.3366E-06   -0.9111E-06   -0.6175E-07
# With parameters(rot.):     0.1968E-05   -0.9948E-06    0.5000E-01
# Minimization at step:   116 with Value:     0.0000Tol(Act/Req):0.4538E-02/0.1000E-04
# With parameters(tra.):     0.5426E-06   -0.7358E-06    0.5638E-07
# With parameters(rot.):     0.1999E-05   -0.9660E-06    0.5000E-01
# Minimization at step:   117 with Value:     0.0000Tol(Act/Req):0.4446E-02/0.1000E-04
# With parameters(tra.):     0.8497E-06   -0.6070E-06   -0.1698E-06
# With parameters(rot.):     0.6130E-06   -0.9315E-06    0.5000E-01
# Minimization at step:   118 with Value:     0.0000Tol(Act/Req):0.4308E-02/0.1000E-04
# With parameters(tra.):     0.7292E-07   -0.7394E-06   -0.3633E-06
# With parameters(rot.):     0.1205E-06   -0.9489E-06    0.5000E-01
# Minimization at step:   119 with Value:     0.0000Tol(Act/Req):0.3411E-02/0.1000E-04
# With parameters(tra.):    -0.3085E-07   -0.7231E-06   -0.3296E-06
# With parameters(rot.):    -0.3118E-06   -0.1169E-05    0.5000E-01
# Minimization at step:   120 with Value:     0.0000Tol(Act/Req):0.3012E-02/0.1000E-04
# With parameters(tra.):     0.1547E-06   -0.6887E-06   -0.2784E-06
# With parameters(rot.):    -0.2247E-06   -0.1183E-05    0.5000E-01
# Minimization at step:   121 with Value:     0.0000Tol(Act/Req):0.2160E-02/0.1000E-04
# With parameters(tra.):     0.2000E-07   -0.7277E-06   -0.2309E-06
# With parameters(rot.):     0.5185E-07   -0.1213E-05    0.5000E-01
# Minimization at step:   122 with Value:     0.0000Tol(Act/Req):0.1994E-02/0.1000E-04
# With parameters(tra.):     0.5031E-07   -0.2959E-06   -0.4082E-06
# With parameters(rot.):     0.2097E-06   -0.8229E-06    0.5000E-01
# Minimization at step:   123 with Value:     0.0000Tol(Act/Req):0.1175E-02/0.1000E-04
# With parameters(tra.):     0.1255E-06   -0.1546E-06   -0.4392E-06
# With parameters(rot.):     0.4776E-07    0.2634E-08    0.5000E-01
# Minimization at step:   124 with Value:     0.0000Tol(Act/Req):0.1096E-02/0.1000E-04
# With parameters(tra.):     0.1242E-06   -0.2508E-06   -0.3974E-06
# With parameters(rot.):    -0.5187E-08   -0.2602E-07    0.5000E-01
# Minimization at step:   125 with Value:     0.0000Tol(Act/Req):0.1096E-02/0.1000E-04
# With parameters(tra.):     0.2144E-06   -0.1971E-06   -0.3818E-06
# With parameters(rot.):     0.5666E-07    0.6340E-07    0.5000E-01
# Minimization at step:   126 with Value:     0.0000Tol(Act/Req):0.9048E-03/0.1000E-04
# With parameters(tra.):     0.1201E-06   -0.4117E-07   -0.3443E-06
# With parameters(rot.):    -0.4998E-06    0.4114E-07    0.5000E-01
# Minimization at step:   127 with Value:     0.0000Tol(Act/Req):0.4994E-03/0.1000E-04
# With parameters(tra.):    -0.5696E-07    0.7196E-07   -0.3014E-06
# With parameters(rot.):    -0.2228E-06    0.3102E-06    0.5000E-01
# Minimization at step:   128 with Value:     0.0000Tol(Act/Req):0.3914E-03/0.1000E-04
# With parameters(tra.):    -0.1679E-06    0.5332E-07   -0.2348E-06
# With parameters(rot.):    -0.2050E-06   -0.1376E-06    0.5000E-01
# Minimization at step:   129 with Value:     0.0000Tol(Act/Req):0.3576E-03/0.1000E-04
# With parameters(tra.):    -0.2679E-06   -0.3768E-07   -0.9712E-07
# With parameters(rot.):    -0.3775E-06   -0.2321E-06    0.5000E-01
# Minimization at step:   130 with Value:     0.0000Tol(Act/Req):0.3392E-03/0.1000E-04
# With parameters(tra.):    -0.2482E-06    0.1229E-06    0.2911E-07
# With parameters(rot.):    -0.3985E-06   -0.1518E-06    0.5000E-01
# Minimization at step:   131 with Value:     0.0000Tol(Act/Req):0.3144E-03/0.1000E-04
# With parameters(tra.):    -0.1416E-06    0.2674E-06   -0.6649E-07
# With parameters(rot.):    -0.2330E-06   -0.3053E-07    0.5000E-01
# Minimization at step:   132 with Value:     0.0000Tol(Act/Req):0.3139E-03/0.1000E-04
# With parameters(tra.):    -0.1660E-06    0.2663E-06    0.1109E-08
# With parameters(rot.):     0.2268E-06   -0.3958E-07    0.5000E-01
# Minimization at step:   133 with Value:     0.0000Tol(Act/Req):0.3047E-03/0.1000E-04
# With parameters(tra.):    -0.1946E-06    0.2301E-06    0.3064E-07
# With parameters(rot.):     0.2238E-06   -0.7065E-07    0.5000E-01
# Minimization at step:   134 with Value:     0.0000Tol(Act/Req):0.3024E-03/0.1000E-04
# With parameters(tra.):    -0.1951E-06    0.1989E-06   -0.7874E-09
# With parameters(rot.):     0.2809E-06   -0.8397E-07    0.5000E-01
# Minimization at step:   135 with Value:     0.0000Tol(Act/Req):0.2982E-03/0.1000E-04
# With parameters(tra.):    -0.1805E-06    0.1775E-06   -0.6902E-07
# With parameters(rot.):    -0.1610E-06   -0.8972E-07    0.5000E-01
# Minimization at step:   136 with Value:     0.0000Tol(Act/Req):0.2652E-03/0.1000E-04
# With parameters(tra.):    -0.1538E-06    0.1925E-06   -0.7185E-07
# With parameters(rot.):    -0.1617E-06    0.2624E-07    0.5000E-01
# Minimization at step:   137 with Value:     0.0000Tol(Act/Req):0.2107E-03/0.1000E-04
# With parameters(tra.):    -0.1552E-06    0.1991E-06   -0.5503E-07
# With parameters(rot.):    -0.5134E-07    0.3734E-07    0.5000E-01
# Minimization at step:   138 with Value:     0.0000Tol(Act/Req):0.7114E-04/0.1000E-04
# With parameters(tra.):    -0.9126E-07    0.1743E-06   -0.1489E-07
# With parameters(rot.):    -0.1470E-06   -0.1654E-06    0.5000E-01
# Minimization at step:   139 with Value:     0.0000Tol(Act/Req):0.6893E-04/0.1000E-04
# With parameters(tra.):    -0.8284E-07    0.1567E-06   -0.3178E-07
# With parameters(rot.):    -0.1541E-06   -0.1789E-06    0.5000E-01
# Minimization at step:   140 with Value:     0.0000Tol(Act/Req):0.6653E-04/0.1000E-04
# With parameters(tra.):    -0.8785E-07    0.1324E-06   -0.2221E-07
# With parameters(rot.):    -0.1871E-06   -0.2034E-06    0.5000E-01
# Minimization at step:   141 with Value:     0.0000Tol(Act/Req):0.6113E-04/0.1000E-04
# With parameters(tra.):    -0.6827E-07    0.1234E-06    0.2237E-07
# With parameters(rot.):    -0.1154E-07   -0.2615E-06    0.5000E-01
# Minimization at step:   142 with Value:     0.0000Tol(Act/Req):0.5067E-04/0.1000E-04
# With parameters(tra.):     0.1361E-07    0.1304E-06    0.4812E-07
# With parameters(rot.):     0.3698E-07   -0.1255E-06    0.5000E-01
# Minimization at step:   143 with Value:     0.0000Tol(Act/Req):0.4140E-04/0.1000E-04
# With parameters(tra.):     0.1939E-07    0.1389E-06    0.2112E-07
# With parameters(rot.):    -0.8254E-07   -0.4794E-07    0.5000E-01
# Minimization at step:   144 with Value:     0.0000Tol(Act/Req):0.3687E-04/0.1000E-04
# With parameters(tra.):    -0.6005E-09    0.1379E-06    0.1243E-07
# With parameters(rot.):    -0.1046E-06   -0.7548E-07    0.5000E-01
# Minimization at step:   145 with Value:     0.0000Tol(Act/Req):0.2678E-04/0.1000E-04
# With parameters(tra.):    -0.9912E-08    0.1412E-06   -0.8082E-09
# With parameters(rot.):    -0.4623E-07    0.4839E-07    0.5000E-01
# Minimization at step:   146 with Value:     0.0000Tol(Act/Req):0.2537E-04/0.1000E-04
# With parameters(tra.):     0.3124E-07    0.1007E-06   -0.2426E-07
# With parameters(rot.):    -0.2447E-07    0.9725E-07    0.5000E-01
# Minimization at step:   147 with Value:     0.0000Tol(Act/Req):0.1703E-04/0.1000E-04
# With parameters(tra.):     0.5349E-07    0.5642E-07   -0.1043E-07
# With parameters(rot.):    -0.3334E-07    0.1356E-06    0.5000E-01
# Minimization at step:   148 with Value:     0.0000Tol(Act/Req):0.1542E-04/0.1000E-04
# With parameters(tra.):     0.4505E-07    0.6285E-07   -0.3414E-08
# With parameters(rot.):    -0.3952E-07    0.1266E-06    0.5000E-01
# Minimization at step:   149 with Value:     0.0000Tol(Act/Req):0.1291E-04/0.1000E-04
# With parameters(tra.):     0.4858E-07    0.3958E-07    0.3954E-08
# With parameters(rot.):     0.3100E-07    0.1314E-06    0.5000E-01
# Minimization at step:   150 with Value:     0.0000Tol(Act/Req):0.1211E-04/0.1000E-04
# With parameters(tra.):     0.7428E-07    0.3524E-08    0.1437E-07
# With parameters(rot.):     0.1781E-07    0.7653E-07    0.5000E-01
# Minimization at step:   151 with Value:     0.0000Tol(Act/Req):0.1070E-04/0.1000E-04
# With parameters(tra.):     0.6302E-07   -0.3162E-07    0.1821E-08
# With parameters(rot.):     0.1528E-07    0.7322E-07    0.5000E-01
# Minimization at step:   152 with Value:     0.0000Tol(Act/Req):0.6586E-05/0.1000E-04
# With parameters(tra.):     0.4093E-07   -0.1337E-07   -0.9126E-08
# With parameters(rot.):     0.2455E-07    0.1136E-06    0.5000E-01
# CSM Simplex Values from input minimization.
# Final Number of Simplex optim. Steps:   152
# Final CSM Simplex Value is:      0.00000000012
[molecule] Nrec=  12 Format=nscxyz
  h                1    1    0.41041093D+00   0.91190073D+00  -0.27088326D-07
  he               2    2    0.31762476D+00   0.94817712D+00  -0.46776807D-07
  h                3    1   -0.58450053D+00   0.81136626D+00  -0.21284161D-06
  he               4    2   -0.66239547D+00   0.74915436D+00  -0.22456976D-06
  h                5    1   -0.99491147D+00  -0.10053443D+00  -0.24437457D-06
  he               6    2   -0.98002022D+00  -0.19902271D+00  -0.23641424D-06
  h                7    1   -0.41041094D+00  -0.91190064D+00  -0.90154245D-07
  he               8    2   -0.31762476D+00  -0.94817703D+00  -0.70465763D-07
  h                9    1    0.58450053D+00  -0.81136617D+00   0.95599040D-07
  he              10    2    0.66239546D+00  -0.74915427D+00   0.10732719D-06
  h               11    1    0.99491146D+00   0.10053452D+00   0.12713200D-06
  he              12    2    0.98002022D+00   0.19902280D+00   0.11917167D-06
# Coordinates rotated along X. New coordinates:
[molecule] Nrec=  12 Format=nscxyz
  h                1    1    0.36432209D+00  -0.15634355D-17  -0.93127301D+00
  he               2    2    0.26983882D+00   0.15565189D-16  -0.96286669D+00
  h                3    1   -0.62432138D+00   0.14822953D-15  -0.78113944D+00
  he               4    2   -0.69900967D+00   0.15619732D-15  -0.71511217D+00
  h                5    1   -0.98864347D+00   0.14979297D-15   0.15013357D+00
  he               6    2   -0.96884849D+00   0.14063213D-15   0.24775451D+00
  h                7    1   -0.36432209D+00   0.15634355D-17   0.93127301D+00
  he               8    2   -0.26983882D+00  -0.15565189D-16   0.96286669D+00
  h                9    1    0.62432138D+00  -0.14822953D-15   0.78113944D+00
  he              10    2    0.69900967D+00  -0.15619732D-15   0.71511217D+00
  h               11    1    0.98864347D+00  -0.14979297D-15  -0.15013357D+00
  he              12    2    0.96884849D+00  -0.14063213D-15  -0.24775451D+00
# Minimization at step:     0 with Value:     0.0124Tol(Act/Req):0.2000E+01/0.1000E-04
# With parameters(tra.):     0.1429E-01    0.1429E-01    0.1429E-01
# With parameters(rot.):     0.1429E-01    0.1429E-01    0.1429E-01
# Minimization at step:     1 with Value:     0.0082Tol(Act/Req):0.2000E+01/0.1000E-04
# With parameters(tra.):     0.1548E-01    0.1548E-01    0.7143E-02
# With parameters(rot.):     0.1548E-01    0.1548E-01    0.1548E-01
# Minimization at step:     2 with Value:     0.0063Tol(Act/Req):0.2000E+01/0.1000E-04
# With parameters(tra.):     0.8433E-02    0.1677E-01    0.7738E-02
# With parameters(rot.):     0.1677E-01    0.1677E-01    0.1677E-01
# Minimization at step:     3 with Value:     0.0044Tol(Act/Req):0.2000E+01/0.1000E-04
# With parameters(tra.):     0.9135E-02    0.9830E-02    0.8383E-02
# With parameters(rot.):     0.1816E-01    0.1816E-01    0.1816E-01
# Minimization at step:     4 with Value:     0.0033Tol(Act/Req):0.2000E+01/0.1000E-04
# With parameters(tra.):     0.9336E-02    0.1020E-01   -0.2021E-02
# With parameters(rot.):     0.2062E-01    0.2062E-01    0.2062E-01
# Minimization at step:     5 with Value:     0.0028Tol(Act/Req):0.2000E+01/0.1000E-04
# With parameters(tra.):     0.9704E-02    0.6767E-02   -0.2566E-02
# With parameters(rot.):     0.2152E-01    0.2152E-01    0.2152E-01
# Minimization at step:     6 with Value:     0.0023Tol(Act/Req):0.2000E+01/0.1000E-04
# With parameters(tra.):     0.6288E-02    0.6578E-02   -0.3127E-02
# With parameters(rot.):     0.2257E-01    0.2257E-01    0.2257E-01
# Minimization at step:     7 with Value:     0.0018Tol(Act/Req):0.2000E+01/0.1000E-04
# With parameters(tra.):     0.6812E-02    0.7127E-02   -0.3388E-02
# With parameters(rot.):     0.1611E-01    0.2445E-01    0.2445E-01
# Minimization at step:     8 with Value:     0.0014Tol(Act/Req):0.2000E+01/0.1000E-04
# With parameters(tra.):     0.7380E-02    0.7721E-02   -0.3670E-02
# With parameters(rot.):     0.1745E-01    0.1815E-01    0.2648E-01
# Minimization at step:     9 with Value:     0.0011Tol(Act/Req):0.2000E+01/0.1000E-04
# With parameters(tra.):     0.6790E-02    0.6913E-02    0.1120E-02
# With parameters(rot.):     0.1543E-01    0.1630E-01    0.2672E-01
# Minimization at step:    10 with Value:     0.0010Tol(Act/Req):0.2000E+01/0.1000E-04
# With parameters(tra.):     0.6555E-02    0.8749E-04    0.1260E-02
# With parameters(rot.):     0.1521E-01    0.1637E-01    0.3026E-01
# Minimization at step:    11 with Value:     0.0009Tol(Act/Req):0.2000E+01/0.1000E-04
# With parameters(tra.):    -0.1874E-03   -0.2453E-02    0.1600E-02
# With parameters(rot.):     0.1484E-01    0.1639E-01    0.3491E-01
# Minimization at step:    12 with Value:     0.0009Tol(Act/Req):0.2000E+01/0.1000E-04
# With parameters(tra.):    -0.1574E-02   -0.4656E-02    0.2792E-02
# With parameters(rot.):     0.1666E-01    0.3207E-02    0.4179E-01
# Minimization at step:    13 with Value:     0.0007Tol(Act/Req):0.2000E+01/0.1000E-04
# With parameters(tra.):    -0.2011E-02   -0.5364E-02    0.3176E-02
# With parameters(rot.):     0.1348E-01    0.2377E-02    0.4417E-01
# Minimization at step:    14 with Value:     0.0006Tol(Act/Req):0.2000E+01/0.1000E-04
# With parameters(tra.):    -0.1701E-02   -0.4872E-02    0.2910E-02
# With parameters(rot.):     0.1276E-01    0.5603E-02    0.4265E-01
# Minimization at step:    15 with Value:     0.0005Tol(Act/Req):0.2000E+01/0.1000E-04
# With parameters(tra.):     0.2978E-02   -0.3572E-02    0.2983E-02
# With parameters(rot.):     0.1251E-01    0.2894E-02    0.4110E-01
# Minimization at step:    16 with Value:     0.0003Tol(Act/Req):0.2000E+01/0.1000E-04
# With parameters(tra.):     0.2260E-02    0.6323E-03    0.3309E-02
# With parameters(rot.):     0.1201E-01   -0.5247E-03    0.4116E-01
# Minimization at step:    17 with Value:     0.0003Tol(Act/Req):0.2000E+01/0.1000E-04
# With parameters(tra.):     0.1142E-02   -0.9227E-03    0.8455E-03
# With parameters(rot.):     0.1221E-01   -0.4903E-02    0.4581E-01
# Minimization at step:    18 with Value:     0.0003Tol(Act/Req):0.2000E+01/0.1000E-04
# With parameters(tra.):     0.1320E-02   -0.8578E-03    0.8379E-03
# With parameters(rot.):     0.5426E-02   -0.8989E-02    0.5113E-01
# Minimization at step:    19 with Value:     0.0002Tol(Act/Req):0.2000E+01/0.1000E-04
# With parameters(tra.):     0.1614E-02   -0.4636E-03    0.1453E-02
# With parameters(rot.):     0.4810E-02   -0.8235E-02    0.5041E-01
# Minimization at step:    20 with Value:     0.0002Tol(Act/Req):0.2000E+01/0.1000E-04
# With parameters(tra.):     0.3339E-02    0.1990E-02    0.4356E-03
# With parameters(rot.):     0.7225E-03   -0.6396E-02    0.4995E-01
# Minimization at step:    21 with Value:     0.0002Tol(Act/Req):0.2000E+01/0.1000E-04
# With parameters(tra.):     0.2590E-02    0.2236E-02    0.2112E-03
# With parameters(rot.):    -0.2193E-03   -0.6719E-02    0.5095E-01
# Minimization at step:    22 with Value:     0.0001Tol(Act/Req):0.2000E+01/0.1000E-04
# With parameters(tra.):     0.2096E-02    0.1644E-02    0.4469E-03
# With parameters(rot.):     0.7240E-03   -0.7205E-02    0.5115E-01
# Minimization at step:    23 with Value:     0.0001Tol(Act/Req):0.2000E+01/0.1000E-04
# With parameters(tra.):     0.2116E-02    0.1836E-02    0.4162E-03
# With parameters(rot.):     0.2028E-02   -0.6035E-02    0.4982E-01
# Minimization at step:    24 with Value:     0.0001Tol(Act/Req):0.2000E+01/0.1000E-04
# With parameters(tra.):     0.2439E-02    0.3467E-04   -0.4701E-03
# With parameters(rot.):    -0.2126E-03   -0.5703E-02    0.5196E-01
# Minimization at step:    25 with Value:     0.0001Tol(Act/Req):0.2000E+01/0.1000E-04
# With parameters(tra.):     0.2655E-02    0.2733E-03   -0.3228E-03
# With parameters(rot.):    -0.9393E-03   -0.5115E-02    0.5172E-01
# Minimization at step:    26 with Value:     0.0001Tol(Act/Req):0.2000E+01/0.1000E-04
# With parameters(tra.):     0.1178E-02    0.1123E-03   -0.9495E-03
# With parameters(rot.):    -0.3063E-02   -0.5226E-02    0.5397E-01
# Minimization at step:    27 with Value:     0.0001Tol(Act/Req):0.2000E+01/0.1000E-04
# With parameters(tra.):     0.8543E-03   -0.3117E-03   -0.9480E-03
# With parameters(rot.):    -0.2907E-02   -0.5305E-02    0.5431E-01
# Minimization at step:    28 with Value:     0.0000Tol(Act/Req):0.2000E+01/0.1000E-04
# With parameters(tra.):     0.1197E-02   -0.3068E-03   -0.7912E-03
# With parameters(rot.):    -0.2363E-02   -0.5283E-02    0.5377E-01
# Minimization at step:    29 with Value:     0.0000Tol(Act/Req):0.2000E+01/0.1000E-04
# With parameters(tra.):     0.9309E-03   -0.6365E-03   -0.1255E-02
# With parameters(rot.):    -0.1218E-02   -0.2693E-02    0.5244E-01
# Minimization at step:    30 with Value:     0.0000Tol(Act/Req):0.2000E+01/0.1000E-04
# With parameters(tra.):     0.2127E-03    0.3405E-03   -0.9258E-03
# With parameters(rot.):    -0.5941E-04   -0.1910E-02    0.5117E-01
# Minimization at step:    31 with Value:     0.0000Tol(Act/Req):0.2000E+01/0.1000E-04
# With parameters(tra.):    -0.1698E-03    0.8401E-03   -0.8321E-03
# With parameters(rot.):    -0.1220E-02    0.3343E-03    0.5052E-01
# Minimization at step:    32 with Value:     0.0000Tol(Act/Req):0.2000E+01/0.1000E-04
# With parameters(tra.):    -0.1951E-03    0.1046E-02   -0.6809E-03
# With parameters(rot.):    -0.1506E-02   -0.6118E-04    0.5070E-01
# Minimization at step:    33 with Value:     0.0000Tol(Act/Req):0.2000E+01/0.1000E-04
# With parameters(tra.):    -0.1016E-03    0.9378E-03   -0.6917E-03
# With parameters(rot.):    -0.1240E-02   -0.6552E-03    0.5088E-01
# Minimization at step:    34 with Value:     0.0000Tol(Act/Req):0.2000E+01/0.1000E-04
# With parameters(tra.):    -0.8257E-03    0.6142E-03   -0.6254E-03
# With parameters(rot.):    -0.5887E-03    0.3895E-03    0.5052E-01
# Minimization at step:    35 with Value:     0.0000Tol(Act/Req):0.1999E+01/0.1000E-04
# With parameters(tra.):    -0.8230E-03    0.6934E-03   -0.5331E-03
# With parameters(rot.):    -0.1689E-03    0.8728E-03    0.4998E-01
# Minimization at step:    36 with Value:     0.0000Tol(Act/Req):0.1999E+01/0.1000E-04
# With parameters(tra.):    -0.7297E-03    0.4786E-03   -0.5827E-03
# With parameters(rot.):    -0.4677E-03    0.9091E-03    0.5020E-01
# Minimization at step:    37 with Value:     0.0000Tol(Act/Req):0.1999E+01/0.1000E-04
# With parameters(tra.):    -0.7521E-03    0.1099E-03   -0.5681E-03
# With parameters(rot.):     0.3219E-03    0.2425E-03    0.5032E-01
# Minimization at step:    38 with Value:     0.0000Tol(Act/Req):0.1998E+01/0.1000E-04
# With parameters(tra.):    -0.2449E-03    0.1576E-03   -0.5932E-03
# With parameters(rot.):     0.1915E-03   -0.5030E-03    0.5050E-01
# Minimization at step:    39 with Value:     0.0000Tol(Act/Req):0.1998E+01/0.1000E-04
# With parameters(tra.):    -0.2952E-03    0.2438E-03   -0.3445E-03
# With parameters(rot.):     0.1864E-03   -0.1207E-02    0.5071E-01
# Minimization at step:    40 with Value:     0.0000Tol(Act/Req):0.1998E+01/0.1000E-04
# With parameters(tra.):    -0.1140E-03    0.2524E-03   -0.9714E-04
# With parameters(rot.):     0.1144E-02   -0.9332E-03    0.4987E-01
# Minimization at step:    41 with Value:     0.0000Tol(Act/Req):0.1998E+01/0.1000E-04
# With parameters(tra.):    -0.1605E-04    0.1261E-03   -0.8148E-04
# With parameters(rot.):     0.1129E-02   -0.1069E-02    0.4996E-01
# Minimization at step:    42 with Value:     0.0000Tol(Act/Req):0.1998E+01/0.1000E-04
# With parameters(tra.):    -0.5320E-04    0.1134E-03   -0.1420E-03
# With parameters(rot.):     0.8886E-03   -0.1148E-02    0.5017E-01
# Minimization at step:    43 with Value:     0.0000Tol(Act/Req):0.1998E+01/0.1000E-04
# With parameters(tra.):     0.2022E-03    0.4832E-03   -0.1463E-04
# With parameters(rot.):     0.2878E-03   -0.9452E-03    0.4999E-01
# Minimization at step:    44 with Value:     0.0000Tol(Act/Req):0.1998E+01/0.1000E-04
# With parameters(tra.):    -0.6651E-04    0.5289E-03    0.1488E-03
# With parameters(rot.):     0.4097E-03   -0.4966E-03    0.4974E-01
# Minimization at step:    45 with Value:     0.0000Tol(Act/Req):0.1995E+01/0.1000E-04
# With parameters(tra.):    -0.1527E-03    0.4402E-03    0.1306E-03
# With parameters(rot.):     0.5701E-03   -0.5100E-03    0.4976E-01
# Minimization at step:    46 with Value:     0.0000Tol(Act/Req):0.1993E+01/0.1000E-04
# With parameters(tra.):    -0.9193E-04    0.4462E-03    0.1250E-03
# With parameters(rot.):     0.6686E-03    0.1606E-04    0.4942E-01
# Minimization at step:    47 with Value:     0.0000Tol(Act/Req):0.1993E+01/0.1000E-04
# With parameters(tra.):    -0.1137E-03    0.4676E-03    0.1170E-03
# With parameters(rot.):     0.5298E-03    0.7326E-04    0.4946E-01
# Minimization at step:    48 with Value:     0.0000Tol(Act/Req):0.1992E+01/0.1000E-04
# With parameters(tra.):     0.4959E-04    0.3289E-03    0.2145E-03
# With parameters(rot.):     0.2999E-03    0.1831E-03    0.4946E-01
# Minimization at step:    49 with Value:     0.0000Tol(Act/Req):0.1992E+01/0.1000E-04
# With parameters(tra.):     0.2674E-03    0.2318E-03    0.1275E-03
# With parameters(rot.):     0.1820E-03    0.1106E-03    0.4954E-01
# Minimization at step:    50 with Value:     0.0000Tol(Act/Req):0.1989E+01/0.1000E-04
# With parameters(tra.):     0.2431E-03    0.4678E-04    0.9933E-04
# With parameters(rot.):     0.3255E-03    0.2457E-03    0.4952E-01
# Minimization at step:    51 with Value:     0.0000Tol(Act/Req):0.1988E+01/0.1000E-04
# With parameters(tra.):     0.1690E-03    0.8027E-04   -0.2602E-05
# With parameters(rot.):     0.5044E-03    0.1789E-03    0.4954E-01
# Minimization at step:    52 with Value:     0.0000Tol(Act/Req):0.1985E+01/0.1000E-04
# With parameters(tra.):     0.1063E-03    0.9191E-04    0.8331E-05
# With parameters(rot.):     0.5607E-03    0.2028E-03    0.4951E-01
# Minimization at step:    53 with Value:     0.0000Tol(Act/Req):0.1984E+01/0.1000E-04
# With parameters(tra.):     0.1319E-03   -0.3019E-04   -0.2685E-04
# With parameters(rot.):     0.4591E-03   -0.8569E-04    0.4978E-01
# Minimization at step:    54 with Value:     0.0000Tol(Act/Req):0.1977E+01/0.1000E-04
# With parameters(tra.):     0.1414E-03   -0.6098E-04   -0.4285E-04
# With parameters(rot.):     0.3839E-03   -0.7034E-04    0.4982E-01
# Minimization at step:    55 with Value:     0.0000Tol(Act/Req):0.1966E+01/0.1000E-04
# With parameters(tra.):     0.1358E-03   -0.3302E-04   -0.3538E-04
# With parameters(rot.):     0.4030E-03    0.3055E-05    0.4976E-01
# Minimization at step:    56 with Value:     0.0000Tol(Act/Req):0.1965E+01/0.1000E-04
# With parameters(tra.):     0.1163E-03    0.6376E-04   -0.6154E-04
# With parameters(rot.):     0.3332E-03   -0.1679E-03    0.4986E-01
# Minimization at step:    57 with Value:     0.0000Tol(Act/Req):0.1964E+01/0.1000E-04
# With parameters(tra.):     0.1482E-03    0.3593E-04   -0.1323E-04
# With parameters(rot.):     0.1568E-03   -0.2390E-03    0.4996E-01
# Minimization at step:    58 with Value:     0.0000Tol(Act/Req):0.1959E+01/0.1000E-04
# With parameters(tra.):     0.1557E-03    0.9422E-05   -0.2666E-05
# With parameters(rot.):     0.1596E-03   -0.2022E-03    0.4994E-01
# Minimization at step:    59 with Value:     0.0000Tol(Act/Req):0.1949E+01/0.1000E-04
# With parameters(tra.):     0.4683E-04    0.5211E-05    0.1554E-04
# With parameters(rot.):     0.1386E-03   -0.2895E-03    0.5004E-01
# Minimization at step:    60 with Value:     0.0000Tol(Act/Req):0.1944E+01/0.1000E-04
# With parameters(tra.):     0.4373E-04   -0.4665E-05    0.1240E-04
# With parameters(rot.):     0.8048E-04   -0.3001E-03    0.5008E-01
# Minimization at step:    61 with Value:     0.0000Tol(Act/Req):0.1938E+01/0.1000E-04
# With parameters(tra.):     0.2707E-04   -0.1092E-05    0.2462E-05
# With parameters(rot.):     0.1182E-03   -0.2874E-03    0.5007E-01
# Minimization at step:    62 with Value:     0.0000Tol(Act/Req):0.1932E+01/0.1000E-04
# With parameters(tra.):     0.5264E-04   -0.5644E-06   -0.3178E-05
# With parameters(rot.):     0.1218E-03   -0.2654E-03    0.5005E-01
# Minimization at step:    63 with Value:     0.0000Tol(Act/Req):0.1898E+01/0.1000E-04
# With parameters(tra.):     0.2345E-04    0.4949E-04    0.1607E-04
# With parameters(rot.):     0.8016E-04   -0.2224E-03    0.5003E-01
# Minimization at step:    64 with Value:     0.0000Tol(Act/Req):0.1854E+01/0.1000E-04
# With parameters(tra.):    -0.5549E-05    0.9820E-05    0.4344E-04
# With parameters(rot.):     0.5921E-04   -0.1556E-03    0.5002E-01
# Minimization at step:    65 with Value:     0.0000Tol(Act/Req):0.1838E+01/0.1000E-04
# With parameters(tra.):    -0.2252E-04   -0.1373E-05    0.4650E-04
# With parameters(rot.):    -0.3321E-04   -0.1353E-03    0.5007E-01
# Minimization at step:    66 with Value:     0.0000Tol(Act/Req):0.1827E+01/0.1000E-04
# With parameters(tra.):    -0.5992E-04    0.3917E-05    0.4260E-04
# With parameters(rot.):    -0.1449E-04   -0.7829E-04    0.5005E-01
# Minimization at step:    67 with Value:     0.0000Tol(Act/Req):0.1818E+01/0.1000E-04
# With parameters(tra.):    -0.4904E-04    0.4162E-04    0.1495E-04
# With parameters(rot.):    -0.1811E-04   -0.1194E-03    0.5006E-01
# Minimization at step:    68 with Value:     0.0000Tol(Act/Req):0.1805E+01/0.1000E-04
# With parameters(tra.):    -0.3179E-04    0.5673E-04    0.9708E-05
# With parameters(rot.):    -0.5760E-04   -0.2668E-04    0.5002E-01
# Minimization at step:    69 with Value:     0.0000Tol(Act/Req):0.1735E+01/0.1000E-04
# With parameters(tra.):    -0.3308E-04    0.4857E-04    0.1619E-04
# With parameters(rot.):    -0.5999E-04   -0.8683E-05    0.5002E-01
# Minimization at step:    70 with Value:     0.0000Tol(Act/Req):0.1729E+01/0.1000E-04
# With parameters(tra.):    -0.3246E-04    0.1489E-04    0.3394E-05
# With parameters(rot.):    -0.7896E-04    0.3392E-04    0.5003E-01
# Minimization at step:    71 with Value:     0.0000Tol(Act/Req):0.1633E+01/0.1000E-04
# With parameters(tra.):    -0.3683E-04    0.7627E-05    0.4177E-05
# With parameters(rot.):    -0.7087E-04    0.1580E-04    0.5004E-01
# Minimization at step:    72 with Value:     0.0000Tol(Act/Req):0.1610E+01/0.1000E-04
# With parameters(tra.):    -0.3028E-04    0.1809E-04   -0.1197E-04
# With parameters(rot.):    -0.2181E-04    0.5267E-04    0.5000E-01
# Minimization at step:    73 with Value:     0.0000Tol(Act/Req):0.1605E+01/0.1000E-04
# With parameters(tra.):    -0.3025E-04    0.2677E-04   -0.1005E-04
# With parameters(rot.):    -0.1230E-04    0.4358E-04    0.4999E-01
# Minimization at step:    74 with Value:     0.0000Tol(Act/Req):0.1595E+01/0.1000E-04
# With parameters(tra.):    -0.2155E-04    0.2780E-04   -0.1379E-04
# With parameters(rot.):    -0.1524E-04    0.4423E-04    0.4999E-01
# Minimization at step:    75 with Value:     0.0000Tol(Act/Req):0.1481E+01/0.1000E-04
# With parameters(tra.):    -0.2428E-04    0.2238E-04   -0.2135E-05
# With parameters(rot.):    -0.5039E-04    0.1447E-04    0.5002E-01
# Minimization at step:    76 with Value:     0.0000Tol(Act/Req):0.1305E+01/0.1000E-04
# With parameters(tra.):    -0.2418E-04    0.1611E-04   -0.4234E-06
# With parameters(rot.):    -0.5079E-04    0.2539E-04    0.5002E-01
# Minimization at step:    77 with Value:     0.0000Tol(Act/Req):0.1101E+01/0.1000E-04
# With parameters(tra.):    -0.2870E-04    0.4409E-05   -0.3902E-06
# With parameters(rot.):    -0.2790E-04   -0.7657E-05    0.5003E-01
# Minimization at step:    78 with Value:     0.0000Tol(Act/Req):0.1070E+01/0.1000E-04
# With parameters(tra.):    -0.1368E-04   -0.1341E-05   -0.3398E-05
# With parameters(rot.):    -0.3800E-04   -0.2366E-04    0.5004E-01
# Minimization at step:    79 with Value:     0.0000Tol(Act/Req):0.1065E+01/0.1000E-04
# With parameters(tra.):    -0.1228E-04    0.6593E-06   -0.1885E-05
# With parameters(rot.):    -0.3539E-04   -0.3380E-04    0.5004E-01
# Minimization at step:    80 with Value:     0.0000Tol(Act/Req):0.1054E+01/0.1000E-04
# With parameters(tra.):    -0.6469E-05   -0.2967E-05   -0.9573E-05
# With parameters(rot.):    -0.6956E-05   -0.3005E-04    0.5003E-01
# Minimization at step:    81 with Value:     0.0000Tol(Act/Req):0.9420E+00/0.1000E-04
# With parameters(tra.):    -0.3486E-05   -0.6563E-06   -0.1035E-04
# With parameters(rot.):    -0.1093E-04   -0.2365E-04    0.5002E-01
# Minimization at step:    82 with Value:     0.0000Tol(Act/Req):0.8883E+00/0.1000E-04
# With parameters(tra.):    -0.1715E-05   -0.5186E-05   -0.1032E-04
# With parameters(rot.):    -0.7806E-05   -0.2227E-04    0.5002E-01
# Minimization at step:    83 with Value:     0.0000Tol(Act/Req):0.8663E+00/0.1000E-04
# With parameters(tra.):    -0.2773E-05   -0.4465E-05   -0.8457E-05
# With parameters(rot.):    -0.1499E-04   -0.2257E-04    0.5003E-01
# Minimization at step:    84 with Value:     0.0000Tol(Act/Req):0.4889E+00/0.1000E-04
# With parameters(tra.):    -0.1131E-04   -0.9336E-06   -0.7466E-05
# With parameters(rot.):    -0.1657E-05   -0.1029E-04    0.5002E-01
# Minimization at step:    85 with Value:     0.0000Tol(Act/Req):0.4707E+00/0.1000E-04
# With parameters(tra.):    -0.7959E-05    0.3596E-05   -0.8053E-05
# With parameters(rot.):    -0.6515E-05    0.6952E-05    0.5001E-01
# Minimization at step:    86 with Value:     0.0000Tol(Act/Req):0.4309E+00/0.1000E-04
# With parameters(tra.):    -0.3727E-05    0.8575E-05   -0.7082E-05
# With parameters(rot.):     0.8333E-05    0.2429E-06    0.5000E-01
# Minimization at step:    87 with Value:     0.0000Tol(Act/Req):0.4289E+00/0.1000E-04
# With parameters(tra.):    -0.4213E-05    0.7857E-05   -0.6854E-05
# With parameters(rot.):     0.1078E-04   -0.4628E-05    0.5000E-01
# Minimization at step:    88 with Value:     0.0000Tol(Act/Req):0.3884E+00/0.1000E-04
# With parameters(tra.):    -0.7509E-05    0.3944E-05   -0.7526E-05
# With parameters(rot.):     0.2616E-06   -0.8132E-06    0.5001E-01
# Minimization at step:    89 with Value:     0.0000Tol(Act/Req):0.3780E+00/0.1000E-04
# With parameters(tra.):    -0.5898E-05   -0.2073E-05   -0.6537E-05
# With parameters(rot.):     0.9200E-05    0.9094E-05    0.5000E-01
# Minimization at step:    90 with Value:     0.0000Tol(Act/Req):0.3475E+00/0.1000E-04
# With parameters(tra.):    -0.6687E-05   -0.1513E-05   -0.5447E-05
# With parameters(rot.):     0.7625E-05    0.1159E-04    0.5000E-01
# Minimization at step:    91 with Value:     0.0000Tol(Act/Req):0.3473E+00/0.1000E-04
# With parameters(tra.):    -0.7156E-05    0.3820E-07   -0.5603E-05
# With parameters(rot.):     0.5259E-05    0.9318E-05    0.5000E-01
# Minimization at step:    92 with Value:     0.0000Tol(Act/Req):0.1736E+00/0.1000E-04
# With parameters(tra.):    -0.1845E-05   -0.1484E-05   -0.5633E-05
# With parameters(rot.):     0.3241E-06    0.8085E-05    0.5000E-01
# Minimization at step:    93 with Value:     0.0000Tol(Act/Req):0.1563E+00/0.1000E-04
# With parameters(tra.):     0.2240E-05   -0.6849E-06   -0.4555E-05
# With parameters(rot.):     0.7360E-05    0.8508E-05    0.4999E-01
# Minimization at step:    94 with Value:     0.0000Tol(Act/Req):0.1524E+00/0.1000E-04
# With parameters(tra.):     0.2534E-05   -0.1756E-05   -0.4250E-05
# With parameters(rot.):     0.8301E-05    0.7167E-05    0.4999E-01
# Minimization at step:    95 with Value:     0.0000Tol(Act/Req):0.1462E+00/0.1000E-04
# With parameters(tra.):     0.1538E-05   -0.2045E-05   -0.4494E-05
# With parameters(rot.):     0.6620E-05    0.6950E-05    0.5000E-01
# Minimization at step:    96 with Value:     0.0000Tol(Act/Req):0.1312E+00/0.1000E-04
# With parameters(tra.):     0.2701E-05   -0.1102E-05   -0.1996E-05
# With parameters(rot.):     0.3136E-05    0.1039E-04    0.4999E-01
# Minimization at step:    97 with Value:     0.0000Tol(Act/Req):0.8142E-01/0.1000E-04
# With parameters(tra.):     0.4462E-05    0.9398E-06   -0.1329E-05
# With parameters(rot.):    -0.9433E-06    0.7253E-05    0.4999E-01
# Minimization at step:    98 with Value:     0.0000Tol(Act/Req):0.7240E-01/0.1000E-04
# With parameters(tra.):     0.4318E-05    0.8742E-06   -0.1898E-05
# With parameters(rot.):    -0.4123E-06    0.6132E-05    0.5000E-01
# Minimization at step:    99 with Value:     0.0000Tol(Act/Req):0.5925E-01/0.1000E-04
# With parameters(tra.):     0.2832E-05    0.2675E-05   -0.6326E-06
# With parameters(rot.):     0.2632E-05    0.6303E-05    0.4999E-01
# Minimization at step:   100 with Value:     0.0000Tol(Act/Req):0.5901E-01/0.1000E-04
# With parameters(tra.):     0.3521E-05    0.2011E-05    0.1184E-05
# With parameters(rot.):     0.2624E-05    0.3334E-05    0.4999E-01
# Minimization at step:   101 with Value:     0.0000Tol(Act/Req):0.5058E-01/0.1000E-04
# With parameters(tra.):     0.3188E-05    0.2205E-05    0.1535E-05
# With parameters(rot.):     0.1451E-05    0.2924E-05    0.4999E-01
# Minimization at step:   102 with Value:     0.0000Tol(Act/Req):0.4968E-01/0.1000E-04
# With parameters(tra.):     0.2588E-05    0.2751E-05    0.2605E-06
# With parameters(rot.):     0.1164E-05    0.5049E-05    0.4999E-01
# Minimization at step:   103 with Value:     0.0000Tol(Act/Req):0.4051E-01/0.1000E-04
# With parameters(tra.):     0.2939E-05    0.2307E-05    0.1858E-07
# With parameters(rot.):     0.2802E-06    0.4901E-05    0.4999E-01
# Minimization at step:   104 with Value:     0.0000Tol(Act/Req):0.2857E-01/0.1000E-04
# With parameters(tra.):     0.1678E-05    0.1628E-05    0.2183E-07
# With parameters(rot.):     0.2626E-05    0.5881E-05    0.4999E-01
# Minimization at step:   105 with Value:     0.0000Tol(Act/Req):0.1991E-01/0.1000E-04
# With parameters(tra.):     0.8017E-06    0.1718E-05   -0.3515E-06
# With parameters(rot.):     0.4182E-05    0.4136E-05    0.4999E-01
# Minimization at step:   106 with Value:     0.0000Tol(Act/Req):0.1845E-01/0.1000E-04
# With parameters(tra.):    -0.6598E-06    0.1943E-05   -0.2781E-06
# With parameters(rot.):     0.2746E-05    0.3721E-05    0.5000E-01
# Minimization at step:   107 with Value:     0.0000Tol(Act/Req):0.1718E-01/0.1000E-04
# With parameters(tra.):    -0.1343E-05    0.1309E-05    0.3922E-06
# With parameters(rot.):     0.3464E-05    0.1862E-05    0.5000E-01
# Minimization at step:   108 with Value:     0.0000Tol(Act/Req):0.1335E-01/0.1000E-04
# With parameters(tra.):    -0.1886E-05    0.3940E-06    0.1227E-06
# With parameters(rot.):     0.2935E-05    0.8806E-06    0.5000E-01
# Minimization at step:   109 with Value:     0.0000Tol(Act/Req):0.1293E-01/0.1000E-04
# With parameters(tra.):    -0.1385E-05    0.7226E-06   -0.6373E-06
# With parameters(rot.):     0.2040E-05    0.2413E-05    0.5000E-01
# Minimization at step:   110 with Value:     0.0000Tol(Act/Req):0.1264E-01/0.1000E-04
# With parameters(tra.):    -0.1651E-06    0.9091E-07   -0.8305E-06
# With parameters(rot.):     0.3241E-05    0.2393E-05    0.5000E-01
# Minimization at step:   111 with Value:     0.0000Tol(Act/Req):0.1221E-01/0.1000E-04
# With parameters(tra.):    -0.2363E-06   -0.3134E-06   -0.3087E-06
# With parameters(rot.):     0.4212E-05    0.1239E-05    0.5000E-01
# Minimization at step:   112 with Value:     0.0000Tol(Act/Req):0.1076E-01/0.1000E-04
# With parameters(tra.):    -0.5472E-06   -0.1892E-06   -0.2169E-06
# With parameters(rot.):     0.3993E-05    0.1147E-05    0.5000E-01
# Minimization at step:   113 with Value:     0.0000Tol(Act/Req):0.7584E-02/0.1000E-04
# With parameters(tra.):    -0.4479E-06   -0.3425E-06   -0.2987E-06
# With parameters(rot.):     0.2885E-05   -0.1084E-05    0.5000E-01
# Minimization at step:   114 with Value:     0.0000Tol(Act/Req):0.6028E-02/0.1000E-04
# With parameters(tra.):    -0.3222E-06   -0.9027E-06   -0.9884E-07
# With parameters(rot.):     0.1783E-05   -0.1517E-05    0.5000E-01
# Minimization at step:   115 with Value:     0.0000Tol(Act/Req):0.4692E-02/0.1000E-04
# With parameters(tra.):    -0.3366E-06   -0.9111E-06   -0.6175E-07
# With parameters(rot.):     0.1968E-05   -0.9948E-06    0.5000E-01
# Minimization at step:   116 with Value:     0.0000Tol(Act/Req):0.4538E-02/0.1000E-04
# With parameters(tra.):     0.5426E-06   -0.7358E-06    0.5638E-07
# With parameters(rot.):     0.1999E-05   -0.9660E-06    0.5000E-01
# Minimization at step:   117 with Value:     0.0000Tol(Act/Req):0.4446E-02/0.1000E-04
# With parameters(tra.):     0.8497E-06   -0.6070E-06   -0.1698E-06
# With parameters(rot.):     0.6130E-06   -0.9315E-06    0.5000E-01
# Minimization at step:   118 with Value:     0.0000Tol(Act/Req):0.4308E-02/0.1000E-04
# With parameters(tra.):     0.7292E-07   -0.7394E-06   -0.3633E-06
# With parameters(rot.):     0.1205E-06   -0.9489E-06    0.5000E-01
# Minimization at step:   119 with Value:     0.0000Tol(Act/Req):0.3411E-02/0.1000E-04
# With parameters(tra.):    -0.3085E-07   -0.7231E-06   -0.3296E-06
# With parameters(rot.):    -0.3118E-06   -0.1169E-05    0.5000E-01
# Minimization at step:   120 with Value:     0.0000Tol(Act/Req):0.3012E-02/0.1000E-04
# With parameters(tra.):     0.1547E-06   -0.6887E-06   -0.2784E-06
# With parameters(rot.):    -0.2247E-06   -0.1183E-05    0.5000E-01
# Minimization at step:   121 with Value:     0.0000Tol(Act/Req):0.2160E-02/0.1000E-04
# With parameters(tra.):     0.2000E-07   -0.7277E-06   -0.2309E-06
# With parameters(rot.):     0.5185E-07   -0.1213E-05    0.5000E-01
# Minimization at step:   122 with Value:     0.0000Tol(Act/Req):0.1994E-02/0.1000E-04
# With parameters(tra.):     0.5031E-07   -0.2959E-06   -0.4082E-06
# With parameters(rot.):     0.2097E-06   -0.8229E-06    0.5000E-01
# Minimization at step:   123 with Value:     0.0000Tol(Act/Req):0.1175E-02/0.1000E-04
# With parameters(tra.):     0.1255E-06   -0.1546E-06   -0.4392E-06
# With parameters(rot.):     0.4776E-07    0.2634E-08    0.5000E-01
# Minimization at step:   124 with Value:     0.0000Tol(Act/Req):0.1096E-02/0.1000E-04
# With parameters(tra.):     0.1242E-06   -0.2508E-06   -0.3974E-06
# With parameters(rot.):    -0.5187E-08   -0.2602E-07    0.5000E-01
# Minimization at step:   125 with Value:     0.0000Tol(Act/Req):0.1096E-02/0.1000E-04
# With parameters(tra.):     0.2144E-06   -0.1971E-06   -0.3818E-06
# With parameters(rot.):     0.5666E-07    0.6340E-07    0.5000E-01
# Minimization at step:   126 with Value:     0.0000Tol(Act/Req):0.9048E-03/0.1000E-04
# With parameters(tra.):     0.1201E-06   -0.4117E-07   -0.3443E-06
# With parameters(rot.):    -0.4998E-06    0.4114E-07    0.5000E-01
# Minimization at step:   127 with Value:     0.0000Tol(Act/Req):0.4994E-03/0.1000E-04
# With parameters(tra.):    -0.5696E-07    0.7196E-07   -0.3014E-06
# With parameters(rot.):    -0.2228E-06    0.3102E-06    0.5000E-01
# Minimization at step:   128 with Value:     0.0000Tol(Act/Req):0.3914E-03/0.1000E-04
# With parameters(tra.):    -0.1679E-06    0.5332E-07   -0.2348E-06
# With parameters(rot.):    -0.2050E-06   -0.1376E-06    0.5000E-01
# Minimization at step:   129 with Value:     0.0000Tol(Act/Req):0.3576E-03/0.1000E-04
# With parameters(tra.):    -0.2679E-06   -0.3768E-07   -0.9712E-07
# With parameters(rot.):    -0.3775E-06   -0.2321E-06    0.5000E-01
# Minimization at step:   130 with Value:     0.0000Tol(Act/Req):0.3392E-03/0.1000E-04
# With parameters(tra.):    -0.2482E-06    0.1229E-06    0.2911E-07
# With parameters(rot.):    -0.3985E-06   -0.1518E-06    0.5000E-01
# Minimization at step:   131 with Value:     0.0000Tol(Act/Req):0.3144E-03/0.1000E-04
# With parameters(tra.):    -0.1416E-06    0.2674E-06   -0.6649E-07
# With parameters(rot.):    -0.2330E-06   -0.3053E-07    0.5000E-01
# Minimization at step:   132 with Value:     0.0000Tol(Act/Req):0.3139E-03/0.1000E-04
# With parameters(tra.):    -0.1660E-06    0.2663E-06    0.1109E-08
# With parameters(rot.):     0.2268E-06   -0.3958E-07    0.5000E-01
# Minimization at step:   133 with Value:     0.0000Tol(Act/Req):0.3047E-03/0.1000E-04
# With parameters(tra.):    -0.1946E-06    0.2301E-06    0.3064E-07
# With parameters(rot.):     0.2238E-06   -0.7065E-07    0.5000E-01
# Minimization at step:   134 with Value:     0.0000Tol(Act/Req):0.3024E-03/0.1000E-04
# With parameters(tra.):    -0.1951E-06    0.1989E-06   -0.7874E-09
# With parameters(rot.):     0.2809E-06   -0.8397E-07    0.5000E-01
# Minimization at step:   135 with Value:     0.0000Tol(Act/Req):0.2982E-03/0.1000E-04
# With parameters(tra.):    -0.1805E-06    0.1775E-06   -0.6902E-07
# With parameters(rot.):    -0.1610E-06   -0.8972E-07    0.5000E-01
# Minimization at step:   136 with Value:     0.0000Tol(Act/Req):0.2652E-03/0.1000E-04
# With parameters(tra.):    -0.1538E-06    0.1925E-06   -0.7185E-07
# With parameters(rot.):    -0.1617E-06    0.2624E-07    0.5000E-01
# Minimization at step:   137 with Value:     0.0000Tol(Act/Req):0.2107E-03/0.1000E-04
# With parameters(tra.):    -0.1552E-06    0.1991E-06   -0.5503E-07
# With parameters(rot.):    -0.5134E-07    0.3734E-07    0.5000E-01
# Minimization at step:   138 with Value:     0.0000Tol(Act/Req):0.7114E-04/0.1000E-04
# With parameters(tra.):    -0.9126E-07    0.1743E-06   -0.1489E-07
# With parameters(rot.):    -0.1470E-06   -0.1654E-06    0.5000E-01
# Minimization at step:   139 with Value:     0.0000Tol(Act/Req):0.6893E-04/0.1000E-04
# With parameters(tra.):    -0.8284E-07    0.1567E-06   -0.3178E-07
# With parameters(rot.):    -0.1541E-06   -0.1789E-06    0.5000E-01
# Minimization at step:   140 with Value:     0.0000Tol(Act/Req):0.6653E-04/0.1000E-04
# With parameters(tra.):    -0.8785E-07    0.1324E-06   -0.2221E-07
# With parameters(rot.):    -0.1871E-06   -0.2034E-06    0.5000E-01
# Minimization at step:   141 with Value:     0.0000Tol(Act/Req):0.6113E-04/0.1000E-04
# With parameters(tra.):    -0.6827E-07    0.1234E-06    0.2237E-07
# With parameters(rot.):    -0.1154E-07   -0.2615E-06    0.5000E-01
# Minimization at step:   142 with Value:     0.0000Tol(Act/Req):0.5067E-04/0.1000E-04
# With parameters(tra.):     0.1361E-07    0.1304E-06    0.4812E-07
# With parameters(rot.):     0.3698E-07   -0.1255E-06    0.5000E-01
# Minimization at step:   143 with Value:     0.0000Tol(Act/Req):0.4140E-04/0.1000E-04
# With parameters(tra.):     0.1939E-07    0.1389E-06    0.2112E-07
# With parameters(rot.):    -0.8254E-07   -0.4794E-07    0.5000E-01
# Minimization at step:   144 with Value:     0.0000Tol(Act/Req):0.3687E-04/0.1000E-04
# With parameters(tra.):    -0.6005E-09    0.1379E-06    0.1243E-07
# With parameters(rot.):    -0.1046E-06   -0.7548E-07    0.5000E-01
# Minimization at step:   145 with Value:     0.0000Tol(Act/Req):0.2678E-04/0.1000E-04
# With parameters(tra.):    -0.9912E-08    0.1412E-06   -0.8082E-09
# With parameters(rot.):    -0.4623E-07    0.4839E-07    0.5000E-01
# Minimization at step:   146 with Value:     0.0000Tol(Act/Req):0.2537E-04/0.1000E-04
# With parameters(tra.):     0.3124E-07    0.1007E-06   -0.2426E-07
# With parameters(rot.):    -0.2447E-07    0.9725E-07    0.5000E-01
# Minimization at step:   147 with Value:     0.0000Tol(Act/Req):0.1703E-04/0.1000E-04
# With parameters(tra.):     0.5349E-07    0.5642E-07   -0.1043E-07
# With parameters(rot.):    -0.3334E-07    0.1356E-06    0.5000E-01
# Minimization at step:   148 with Value:     0.0000Tol(Act/Req):0.1542E-04/0.1000E-04
# With parameters(tra.):     0.4505E-07    0.6285E-07   -0.3414E-08
# With parameters(rot.):    -0.3952E-07    0.1266E-06    0.5000E-01
# Minimization at step:   149 with Value:     0.0000Tol(Act/Req):0.1291E-04/0.1000E-04
# With parameters(tra.):     0.4858E-07    0.3958E-07    0.3954E-08
# With parameters(rot.):     0.3100E-07    0.1314E-06    0.5000E-01
# Minimization at step:   150 with Value:     0.0000Tol(Act/Req):0.1211E-04/0.1000E-04
# With parameters(tra.):     0.7428E-07    0.3524E-08    0.1437E-07
# With parameters(rot.):     0.1781E-07    0.7653E-07    0.5000E-01
# Minimization at step:   151 with Value:     0.0000Tol(Act/Req):0.1070E-04/0.1000E-04
# With parameters(tra.):     0.6302E-07   -0.3162E-07    0.1821E-08
# With parameters(rot.):     0.1528E-07    0.7322E-07    0.5000E-01
# Minimization at step:   152 with Value:     0.0000Tol(Act/Req):0.6586E-05/0.1000E-04
# With parameters(tra.):     0.4093E-07   -0.1337E-07   -0.9126E-08
# With parameters(rot.):     0.2455E-07    0.1136E-06    0.5000E-01
# CSM Values after x minimization.
# Final Number of optim. Steps:   152
#      Before min is:      0.08429930416
# Final CSM Value is:      0.00000000012
# Coordinates rotated along Y.
[molecule] Nrec=  12 Format=nscxyz
  h                1    1    0.13635634D-15   0.93127301D+00   0.36432209D+00
  he               2    2    0.13444002D-15   0.96286669D+00   0.26983882D+00
  h                3    1    0.57433332D-16   0.78113944D+00  -0.62432138D+00
  he               4    2    0.44773986D-16   0.71511217D+00  -0.69900967D+00
  h                5    1   -0.78923013D-16  -0.15013357D+00  -0.98864347D+00
  he               6    2   -0.89666037D-16  -0.24775451D+00  -0.96884849D+00
  h                7    1   -0.13635634D-15  -0.93127301D+00  -0.36432209D+00
  he               8    2   -0.13444002D-15  -0.96286669D+00  -0.26983882D+00
  h                9    1   -0.57433332D-16  -0.78113944D+00   0.62432138D+00
  he              10    2   -0.44773986D-16  -0.71511217D+00   0.69900967D+00
  h               11    1    0.78923013D-16   0.15013357D+00   0.98864347D+00
  he              12    2    0.89666037D-16   0.24775451D+00   0.96884849D+00
# Minimization at step:     0 with Value:     0.0124Tol(Act/Req):0.2000E+01/0.1000E-04
# With parameters(tra.):     0.1429E-01    0.1429E-01    0.1429E-01
# With parameters(rot.):     0.1429E-01    0.1429E-01    0.1429E-01
# Minimization at step:     1 with Value:     0.0082Tol(Act/Req):0.2000E+01/0.1000E-04
# With parameters(tra.):     0.1548E-01    0.1548E-01    0.7143E-02
# With parameters(rot.):     0.1548E-01    0.1548E-01    0.1548E-01
# Minimization at step:     2 with Value:     0.0063Tol(Act/Req):0.2000E+01/0.1000E-04
# With parameters(tra.):     0.8433E-02    0.1677E-01    0.7738E-02
# With parameters(rot.):     0.1677E-01    0.1677E-01    0.1677E-01
# Minimization at step:     3 with Value:     0.0044Tol(Act/Req):0.2000E+01/0.1000E-04
# With parameters(tra.):     0.9135E-02    0.9830E-02    0.8383E-02
# With parameters(rot.):     0.1816E-01    0.1816E-01    0.1816E-01
# Minimization at step:     4 with Value:     0.0033Tol(Act/Req):0.2000E+01/0.1000E-04
# With parameters(tra.):     0.9336E-02    0.1020E-01   -0.2021E-02
# With parameters(rot.):     0.2062E-01    0.2062E-01    0.2062E-01
# Minimization at step:     5 with Value:     0.0028Tol(Act/Req):0.2000E+01/0.1000E-04
# With parameters(tra.):     0.9704E-02    0.6767E-02   -0.2566E-02
# With parameters(rot.):     0.2152E-01    0.2152E-01    0.2152E-01
# Minimization at step:     6 with Value:     0.0023Tol(Act/Req):0.2000E+01/0.1000E-04
# With parameters(tra.):     0.6288E-02    0.6578E-02   -0.3127E-02
# With parameters(rot.):     0.2257E-01    0.2257E-01    0.2257E-01
# Minimization at step:     7 with Value:     0.0018Tol(Act/Req):0.2000E+01/0.1000E-04
# With parameters(tra.):     0.6812E-02    0.7127E-02   -0.3388E-02
# With parameters(rot.):     0.1611E-01    0.2445E-01    0.2445E-01
# Minimization at step:     8 with Value:     0.0014Tol(Act/Req):0.2000E+01/0.1000E-04
# With parameters(tra.):     0.7380E-02    0.7721E-02   -0.3670E-02
# With parameters(rot.):     0.1745E-01    0.1815E-01    0.2648E-01
# Minimization at step:     9 with Value:     0.0011Tol(Act/Req):0.2000E+01/0.1000E-04
# With parameters(tra.):     0.6790E-02    0.6913E-02    0.1120E-02
# With parameters(rot.):     0.1543E-01    0.1630E-01    0.2672E-01
# Minimization at step:    10 with Value:     0.0010Tol(Act/Req):0.2000E+01/0.1000E-04
# With parameters(tra.):     0.6555E-02    0.8749E-04    0.1260E-02
# With parameters(rot.):     0.1521E-01    0.1637E-01    0.3026E-01
# Minimization at step:    11 with Value:     0.0009Tol(Act/Req):0.2000E+01/0.1000E-04
# With parameters(tra.):    -0.1874E-03   -0.2453E-02    0.1600E-02
# With parameters(rot.):     0.1484E-01    0.1639E-01    0.3491E-01
# Minimization at step:    12 with Value:     0.0009Tol(Act/Req):0.2000E+01/0.1000E-04
# With parameters(tra.):    -0.1574E-02   -0.4656E-02    0.2792E-02
# With parameters(rot.):     0.1666E-01    0.3207E-02    0.4179E-01
# Minimization at step:    13 with Value:     0.0007Tol(Act/Req):0.2000E+01/0.1000E-04
# With parameters(tra.):    -0.2011E-02   -0.5364E-02    0.3176E-02
# With parameters(rot.):     0.1348E-01    0.2377E-02    0.4417E-01
# Minimization at step:    14 with Value:     0.0006Tol(Act/Req):0.2000E+01/0.1000E-04
# With parameters(tra.):    -0.1701E-02   -0.4872E-02    0.2910E-02
# With parameters(rot.):     0.1276E-01    0.5603E-02    0.4265E-01
# Minimization at step:    15 with Value:     0.0005Tol(Act/Req):0.2000E+01/0.1000E-04
# With parameters(tra.):     0.2978E-02   -0.3572E-02    0.2983E-02
# With parameters(rot.):     0.1251E-01    0.2894E-02    0.4110E-01
# Minimization at step:    16 with Value:     0.0003Tol(Act/Req):0.2000E+01/0.1000E-04
# With parameters(tra.):     0.2260E-02    0.6323E-03    0.3309E-02
# With parameters(rot.):     0.1201E-01   -0.5247E-03    0.4116E-01
# Minimization at step:    17 with Value:     0.0003Tol(Act/Req):0.2000E+01/0.1000E-04
# With parameters(tra.):     0.1142E-02   -0.9227E-03    0.8455E-03
# With parameters(rot.):     0.1221E-01   -0.4903E-02    0.4581E-01
# Minimization at step:    18 with Value:     0.0003Tol(Act/Req):0.2000E+01/0.1000E-04
# With parameters(tra.):     0.1320E-02   -0.8578E-03    0.8379E-03
# With parameters(rot.):     0.5426E-02   -0.8989E-02    0.5113E-01
# Minimization at step:    19 with Value:     0.0002Tol(Act/Req):0.2000E+01/0.1000E-04
# With parameters(tra.):     0.1614E-02   -0.4636E-03    0.1453E-02
# With parameters(rot.):     0.4810E-02   -0.8235E-02    0.5041E-01
# Minimization at step:    20 with Value:     0.0002Tol(Act/Req):0.2000E+01/0.1000E-04
# With parameters(tra.):     0.3339E-02    0.1990E-02    0.4356E-03
# With parameters(rot.):     0.7225E-03   -0.6396E-02    0.4995E-01
# Minimization at step:    21 with Value:     0.0002Tol(Act/Req):0.2000E+01/0.1000E-04
# With parameters(tra.):     0.2590E-02    0.2236E-02    0.2112E-03
# With parameters(rot.):    -0.2193E-03   -0.6719E-02    0.5095E-01
# Minimization at step:    22 with Value:     0.0001Tol(Act/Req):0.2000E+01/0.1000E-04
# With parameters(tra.):     0.2096E-02    0.1644E-02    0.4469E-03
# With parameters(rot.):     0.7240E-03   -0.7205E-02    0.5115E-01
# Minimization at step:    23 with Value:     0.0001Tol(Act/Req):0.2000E+01/0.1000E-04
# With parameters(tra.):     0.2116E-02    0.1836E-02    0.4162E-03
# With parameters(rot.):     0.2028E-02   -0.6035E-02    0.4982E-01
# Minimization at step:    24 with Value:     0.0001Tol(Act/Req):0.2000E+01/0.1000E-04
# With parameters(tra.):     0.2439E-02    0.3467E-04   -0.4701E-03
# With parameters(rot.):    -0.2126E-03   -0.5703E-02    0.5196E-01
# Minimization at step:    25 with Value:     0.0001Tol(Act/Req):0.2000E+01/0.1000E-04
# With parameters(tra.):     0.2655E-02    0.2733E-03   -0.3228E-03
# With parameters(rot.):    -0.9393E-03   -0.5115E-02    0.5172E-01
# Minimization at step:    26 with Value:     0.0001Tol(Act/Req):0.2000E+01/0.1000E-04
# With parameters(tra.):     0.1178E-02    0.1123E-03   -0.9495E-03
# With parameters(rot.):    -0.3063E-02   -0.5226E-02    0.5397E-01
# Minimization at step:    27 with Value:     0.0001Tol(Act/Req):0.2000E+01/0.1000E-04
# With parameters(tra.):     0.8543E-03   -0.3117E-03   -0.9480E-03
# With parameters(rot.):    -0.2907E-02   -0.5305E-02    0.5431E-01
# Minimization at step:    28 with Value:     0.0000Tol(Act/Req):0.2000E+01/0.1000E-04
# With parameters(tra.):     0.1197E-02   -0.3068E-03   -0.7912E-03
# With parameters(rot.):    -0.2363E-02   -0.5283E-02    0.5377E-01
# Minimization at step:    29 with Value:     0.0000Tol(Act/Req):0.2000E+01/0.1000E-04
# With parameters(tra.):     0.9309E-03   -0.6365E-03   -0.1255E-02
# With parameters(rot.):    -0.1218E-02   -0.2693E-02    0.5244E-01
# Minimization at step:    30 with Value:     0.0000Tol(Act/Req):0.2000E+01/0.1000E-04
# With parameters(tra.):     0.2127E-03    0.3405E-03   -0.9258E-03
# With parameters(rot.):    -0.5941E-04   -0.1910E-02    0.5117E-01
# Minimization at step:    31 with Value:     0.0000Tol(Act/Req):0.2000E+01/0.1000E-04
# With parameters(tra.):    -0.1698E-03    0.8401E-03   -0.8321E-03
# With parameters(rot.):    -0.1220E-02    0.3343E-03    0.5052E-01
# Minimization at step:    32 with Value:     0.0000Tol(Act/Req):0.2000E+01/0.1000E-04
# With parameters(tra.):    -0.1951E-03    0.1046E-02   -0.6809E-03
# With parameters(rot.):    -0.1506E-02   -0.6118E-04    0.5070E-01
# Minimization at step:    33 with Value:     0.0000Tol(Act/Req):0.2000E+01/0.1000E-04
# With parameters(tra.):    -0.1016E-03    0.9378E-03   -0.6917E-03
# With parameters(rot.):    -0.1240E-02   -0.6552E-03    0.5088E-01
# Minimization at step:    34 with Value:     0.0000Tol(Act/Req):0.2000E+01/0.1000E-04
# With parameters(tra.):    -0.8257E-03    0.6142E-03   -0.6254E-03
# With parameters(rot.):    -0.5887E-03    0.3895E-03    0.5052E-01
# Minimization at step:    35 with Value:     0.0000Tol(Act/Req):0.1999E+01/0.1000E-04
# With parameters(tra.):    -0.8230E-03    0.6934E-03   -0.5331E-03
# With parameters(rot.):    -0.1689E-03    0.8728E-03    0.4998E-01
# Minimization at step:    36 with Value:     0.0000Tol(Act/Req):0.1999E+01/0.1000E-04
# With parameters(tra.):    -0.7297E-03    0.4786E-03   -0.5827E-03
# With parameters(rot.):    -0.4677E-03    0.9091E-03    0.5020E-01
# Minimization at step:    37 with Value:     0.0000Tol(Act/Req):0.1999E+01/0.1000E-04
# With parameters(tra.):    -0.7521E-03    0.1099E-03   -0.5681E-03
# With parameters(rot.):     0.3219E-03    0.2425E-03    0.5032E-01
# Minimization at step:    38 with Value:     0.0000Tol(Act/Req):0.1998E+01/0.1000E-04
# With parameters(tra.):    -0.2449E-03    0.1576E-03   -0.5932E-03
# With parameters(rot.):     0.1915E-03   -0.5030E-03    0.5050E-01
# Minimization at step:    39 with Value:     0.0000Tol(Act/Req):0.1998E+01/0.1000E-04
# With parameters(tra.):    -0.2952E-03    0.2438E-03   -0.3445E-03
# With parameters(rot.):     0.1864E-03   -0.1207E-02    0.5071E-01
# Minimization at step:    40 with Value:     0.0000Tol(Act/Req):0.1998E+01/0.1000E-04
# With parameters(tra.):    -0.1140E-03    0.2524E-03   -0.9714E-04
# With parameters(rot.):     0.1144E-02   -0.9332E-03    0.4987E-01
# Minimization at step:    41 with Value:     0.0000Tol(Act/Req):0.1998E+01/0.1000E-04
# With parameters(tra.):    -0.1605E-04    0.1261E-03   -0.8148E-04
# With parameters(rot.):     0.1129E-02   -0.1069E-02    0.4996E-01
# Minimization at step:    42 with Value:     0.0000Tol(Act/Req):0.1998E+01/0.1000E-04
# With parameters(tra.):    -0.5320E-04    0.1134E-03   -0.1420E-03
# With parameters(rot.):     0.8886E-03   -0.1148E-02    0.5017E-01
# Minimization at step:    43 with Value:     0.0000Tol(Act/Req):0.1998E+01/0.1000E-04
# With parameters(tra.):     0.2022E-03    0.4832E-03   -0.1463E-04
# With parameters(rot.):     0.2878E-03   -0.9452E-03    0.4999E-01
# Minimization at step:    44 with Value:     0.0000Tol(Act/Req):0.1998E+01/0.1000E-04
# With parameters(tra.):    -0.6651E-04    0.5289E-03    0.1488E-03
# With parameters(rot.):     0.4097E-03   -0.4966E-03    0.4974E-01
# Minimization at step:    45 with Value:     0.0000Tol(Act/Req):0.1995E+01/0.1000E-04
# With parameters(tra.):    -0.1527E-03    0.4402E-03    0.1306E-03
# With parameters(rot.):     0.5701E-03   -0.5100E-03    0.4976E-01
# Minimization at step:    46 with Value:     0.0000Tol(Act/Req):0.1993E+01/0.1000E-04
# With parameters(tra.):    -0.9193E-04    0.4462E-03    0.1250E-03
# With parameters(rot.):     0.6686E-03    0.1606E-04    0.4942E-01
# Minimization at step:    47 with Value:     0.0000Tol(Act/Req):0.1993E+01/0.1000E-04
# With parameters(tra.):    -0.1137E-03    0.4676E-03    0.1170E-03
# With parameters(rot.):     0.5298E-03    0.7326E-04    0.4946E-01
# Minimization at step:    48 with Value:     0.0000Tol(Act/Req):0.1992E+01/0.1000E-04
# With parameters(tra.):     0.4959E-04    0.3289E-03    0.2145E-03
# With parameters(rot.):     0.2999E-03    0.1831E-03    0.4946E-01
# Minimization at step:    49 with Value:     0.0000Tol(Act/Req):0.1992E+01/0.1000E-04
# With parameters(tra.):     0.2674E-03    0.2318E-03    0.1275E-03
# With parameters(rot.):     0.1820E-03    0.1106E-03    0.4954E-01
# Minimization at step:    50 with Value:     0.0000Tol(Act/Req):0.1989E+01/0.1000E-04
# With parameters(tra.):     0.2431E-03    0.4678E-04    0.9933E-04
# With parameters(rot.):     0.3255E-03    0.2457E-03    0.4952E-01
# Minimization at step:    51 with Value:     0.0000Tol(Act/Req):0.1988E+01/0.1000E-04
# With parameters(tra.):     0.1690E-03    0.8027E-04   -0.2602E-05
# With parameters(rot.):     0.5044E-03    0.1789E-03    0.4954E-01
# Minimization at step:    52 with Value:     0.0000Tol(Act/Req):0.1985E+01/0.1000E-04
# With parameters(tra.):     0.1063E-03    0.9191E-04    0.8331E-05
# With parameters(rot.):     0.5607E-03    0.2028E-03    0.4951E-01
# Minimization at step:    53 with Value:     0.0000Tol(Act/Req):0.1984E+01/0.1000E-04
# With parameters(tra.):     0.1319E-03   -0.3019E-04   -0.2685E-04
# With parameters(rot.):     0.4591E-03   -0.8569E-04    0.4978E-01
# Minimization at step:    54 with Value:     0.0000Tol(Act/Req):0.1977E+01/0.1000E-04
# With parameters(tra.):     0.1414E-03   -0.6098E-04   -0.4285E-04
# With parameters(rot.):     0.3839E-03   -0.7034E-04    0.4982E-01
# Minimization at step:    55 with Value:     0.0000Tol(Act/Req):0.1966E+01/0.1000E-04
# With parameters(tra.):     0.1358E-03   -0.3302E-04   -0.3538E-04
# With parameters(rot.):     0.4030E-03    0.3055E-05    0.4976E-01
# Minimization at step:    56 with Value:     0.0000Tol(Act/Req):0.1965E+01/0.1000E-04
# With parameters(tra.):     0.1163E-03    0.6376E-04   -0.6154E-04
# With parameters(rot.):     0.3332E-03   -0.1679E-03    0.4986E-01
# Minimization at step:    57 with Value:     0.0000Tol(Act/Req):0.1964E+01/0.1000E-04
# With parameters(tra.):     0.1482E-03    0.3593E-04   -0.1323E-04
# With parameters(rot.):     0.1568E-03   -0.2390E-03    0.4996E-01
# Minimization at step:    58 with Value:     0.0000Tol(Act/Req):0.1959E+01/0.1000E-04
# With parameters(tra.):     0.1557E-03    0.9422E-05   -0.2666E-05
# With parameters(rot.):     0.1596E-03   -0.2022E-03    0.4994E-01
# Minimization at step:    59 with Value:     0.0000Tol(Act/Req):0.1949E+01/0.1000E-04
# With parameters(tra.):     0.4683E-04    0.5211E-05    0.1554E-04
# With parameters(rot.):     0.1386E-03   -0.2895E-03    0.5004E-01
# Minimization at step:    60 with Value:     0.0000Tol(Act/Req):0.1944E+01/0.1000E-04
# With parameters(tra.):     0.4373E-04   -0.4665E-05    0.1240E-04
# With parameters(rot.):     0.8048E-04   -0.3001E-03    0.5008E-01
# Minimization at step:    61 with Value:     0.0000Tol(Act/Req):0.1938E+01/0.1000E-04
# With parameters(tra.):     0.2707E-04   -0.1092E-05    0.2462E-05
# With parameters(rot.):     0.1182E-03   -0.2874E-03    0.5007E-01
# Minimization at step:    62 with Value:     0.0000Tol(Act/Req):0.1932E+01/0.1000E-04
# With parameters(tra.):     0.5264E-04   -0.5644E-06   -0.3178E-05
# With parameters(rot.):     0.1218E-03   -0.2654E-03    0.5005E-01
# Minimization at step:    63 with Value:     0.0000Tol(Act/Req):0.1898E+01/0.1000E-04
# With parameters(tra.):     0.2345E-04    0.4949E-04    0.1607E-04
# With parameters(rot.):     0.8016E-04   -0.2224E-03    0.5003E-01
# Minimization at step:    64 with Value:     0.0000Tol(Act/Req):0.1854E+01/0.1000E-04
# With parameters(tra.):    -0.5549E-05    0.9820E-05    0.4344E-04
# With parameters(rot.):     0.5921E-04   -0.1556E-03    0.5002E-01
# Minimization at step:    65 with Value:     0.0000Tol(Act/Req):0.1838E+01/0.1000E-04
# With parameters(tra.):    -0.2252E-04   -0.1373E-05    0.4650E-04
# With parameters(rot.):    -0.3321E-04   -0.1353E-03    0.5007E-01
# Minimization at step:    66 with Value:     0.0000Tol(Act/Req):0.1827E+01/0.1000E-04
# With parameters(tra.):    -0.5992E-04    0.3917E-05    0.4260E-04
# With parameters(rot.):    -0.1449E-04   -0.7829E-04    0.5005E-01
# Minimization at step:    67 with Value:     0.0000Tol(Act/Req):0.1818E+01/0.1000E-04
# With parameters(tra.):    -0.4904E-04    0.4162E-04    0.1495E-04
# With parameters(rot.):    -0.1811E-04   -0.1194E-03    0.5006E-01
# Minimization at step:    68 with Value:     0.0000Tol(Act/Req):0.1805E+01/0.1000E-04
# With parameters(tra.):    -0.3179E-04    0.5673E-04    0.9708E-05
# With parameters(rot.):    -0.5760E-04   -0.2668E-04    0.5002E-01
# Minimization at step:    69 with Value:     0.0000Tol(Act/Req):0.1735E+01/0.1000E-04
# With parameters(tra.):    -0.3308E-04    0.4857E-04    0.1619E-04
# With parameters(rot.):    -0.5999E-04   -0.8683E-05    0.5002E-01
# Minimization at step:    70 with Value:     0.0000Tol(Act/Req):0.1729E+01/0.1000E-04
# With parameters(tra.):    -0.3246E-04    0.1489E-04    0.3394E-05
# With parameters(rot.):    -0.7896E-04    0.3392E-04    0.5003E-01
# Minimization at step:    71 with Value:     0.0000Tol(Act/Req):0.1633E+01/0.1000E-04
# With parameters(tra.):    -0.3683E-04    0.7627E-05    0.4177E-05
# With parameters(rot.):    -0.7087E-04    0.1580E-04    0.5004E-01
# Minimization at step:    72 with Value:     0.0000Tol(Act/Req):0.1610E+01/0.1000E-04
# With parameters(tra.):    -0.3028E-04    0.1809E-04   -0.1197E-04
# With parameters(rot.):    -0.2181E-04    0.5267E-04    0.5000E-01
# Minimization at step:    73 with Value:     0.0000Tol(Act/Req):0.1605E+01/0.1000E-04
# With parameters(tra.):    -0.3025E-04    0.2677E-04   -0.1005E-04
# With parameters(rot.):    -0.1230E-04    0.4358E-04    0.4999E-01
# Minimization at step:    74 with Value:     0.0000Tol(Act/Req):0.1595E+01/0.1000E-04
# With parameters(tra.):    -0.2155E-04    0.2780E-04   -0.1379E-04
# With parameters(rot.):    -0.1524E-04    0.4423E-04    0.4999E-01
# Minimization at step:    75 with Value:     0.0000Tol(Act/Req):0.1481E+01/0.1000E-04
# With parameters(tra.):    -0.2428E-04    0.2238E-04   -0.2135E-05
# With parameters(rot.):    -0.5039E-04    0.1447E-04    0.5002E-01
# Minimization at step:    76 with Value:     0.0000Tol(Act/Req):0.1305E+01/0.1000E-04
# With parameters(tra.):    -0.2418E-04    0.1611E-04   -0.4234E-06
# With parameters(rot.):    -0.5079E-04    0.2539E-04    0.5002E-01
# Minimization at step:    77 with Value:     0.0000Tol(Act/Req):0.1101E+01/0.1000E-04
# With parameters(tra.):    -0.2870E-04    0.4409E-05   -0.3902E-06
# With parameters(rot.):    -0.2790E-04   -0.7657E-05    0.5003E-01
# Minimization at step:    78 with Value:     0.0000Tol(Act/Req):0.1070E+01/0.1000E-04
# With parameters(tra.):    -0.1368E-04   -0.1341E-05   -0.3398E-05
# With parameters(rot.):    -0.3800E-04   -0.2366E-04    0.5004E-01
# Minimization at step:    79 with Value:     0.0000Tol(Act/Req):0.1065E+01/0.1000E-04
# With parameters(tra.):    -0.1228E-04    0.6593E-06   -0.1885E-05
# With parameters(rot.):    -0.3539E-04   -0.3380E-04    0.5004E-01
# Minimization at step:    80 with Value:     0.0000Tol(Act/Req):0.1054E+01/0.1000E-04
# With parameters(tra.):    -0.6469E-05   -0.2967E-05   -0.9573E-05
# With parameters(rot.):    -0.6956E-05   -0.3005E-04    0.5003E-01
# Minimization at step:    81 with Value:     0.0000Tol(Act/Req):0.9420E+00/0.1000E-04
# With parameters(tra.):    -0.3486E-05   -0.6563E-06   -0.1035E-04
# With parameters(rot.):    -0.1093E-04   -0.2365E-04    0.5002E-01
# Minimization at step:    82 with Value:     0.0000Tol(Act/Req):0.8883E+00/0.1000E-04
# With parameters(tra.):    -0.1715E-05   -0.5186E-05   -0.1032E-04
# With parameters(rot.):    -0.7806E-05   -0.2227E-04    0.5002E-01
# Minimization at step:    83 with Value:     0.0000Tol(Act/Req):0.8663E+00/0.1000E-04
# With parameters(tra.):    -0.2773E-05   -0.4465E-05   -0.8457E-05
# With parameters(rot.):    -0.1499E-04   -0.2257E-04    0.5003E-01
# Minimization at step:    84 with Value:     0.0000Tol(Act/Req):0.4889E+00/0.1000E-04
# With parameters(tra.):    -0.1131E-04   -0.9336E-06   -0.7466E-05
# With parameters(rot.):    -0.1657E-05   -0.1029E-04    0.5002E-01
# Minimization at step:    85 with Value:     0.0000Tol(Act/Req):0.4707E+00/0.1000E-04
# With parameters(tra.):    -0.7959E-05    0.3596E-05   -0.8053E-05
# With parameters(rot.):    -0.6515E-05    0.6952E-05    0.5001E-01
# Minimization at step:    86 with Value:     0.0000Tol(Act/Req):0.4309E+00/0.1000E-04
# With parameters(tra.):    -0.3727E-05    0.8575E-05   -0.7082E-05
# With parameters(rot.):     0.8333E-05    0.2429E-06    0.5000E-01
# Minimization at step:    87 with Value:     0.0000Tol(Act/Req):0.4289E+00/0.1000E-04
# With parameters(tra.):    -0.4213E-05    0.7857E-05   -0.6854E-05
# With parameters(rot.):     0.1078E-04   -0.4628E-05    0.5000E-01
# Minimization at step:    88 with Value:     0.0000Tol(Act/Req):0.3884E+00/0.1000E-04
# With parameters(tra.):    -0.7509E-05    0.3944E-05   -0.7526E-05
# With parameters(rot.):     0.2616E-06   -0.8132E-06    0.5001E-01
# Minimization at step:    89 with Value:     0.0000Tol(Act/Req):0.3780E+00/0.1000E-04
# With parameters(tra.):    -0.5898E-05   -0.2073E-05   -0.6537E-05
# With parameters(rot.):     0.9200E-05    0.9094E-05    0.5000E-01
# Minimization at step:    90 with Value:     0.0000Tol(Act/Req):0.3475E+00/0.1000E-04
# With parameters(tra.):    -0.6687E-05   -0.1513E-05   -0.5447E-05
# With parameters(rot.):     0.7625E-05    0.1159E-04    0.5000E-01
# Minimization at step:    91 with Value:     0.0000Tol(Act/Req):0.3473E+00/0.1000E-04
# With parameters(tra.):    -0.7156E-05    0.3820E-07   -0.5603E-05
# With parameters(rot.):     0.5259E-05    0.9318E-05    0.5000E-01
# Minimization at step:    92 with Value:     0.0000Tol(Act/Req):0.1736E+00/0.1000E-04
# With parameters(tra.):    -0.1845E-05   -0.1484E-05   -0.5633E-05
# With parameters(rot.):     0.3241E-06    0.8085E-05    0.5000E-01
# Minimization at step:    93 with Value:     0.0000Tol(Act/Req):0.1563E+00/0.1000E-04
# With parameters(tra.):     0.2240E-05   -0.6849E-06   -0.4555E-05
# With parameters(rot.):     0.7360E-05    0.8508E-05    0.4999E-01
# Minimization at step:    94 with Value:     0.0000Tol(Act/Req):0.1524E+00/0.1000E-04
# With parameters(tra.):     0.2534E-05   -0.1756E-05   -0.4250E-05
# With parameters(rot.):     0.8301E-05    0.7167E-05    0.4999E-01
# Minimization at step:    95 with Value:     0.0000Tol(Act/Req):0.1462E+00/0.1000E-04
# With parameters(tra.):     0.1538E-05   -0.2045E-05   -0.4494E-05
# With parameters(rot.):     0.6620E-05    0.6950E-05    0.5000E-01
# Minimization at step:    96 with Value:     0.0000Tol(Act/Req):0.1312E+00/0.1000E-04
# With parameters(tra.):     0.2701E-05   -0.1102E-05   -0.1996E-05
# With parameters(rot.):     0.3136E-05    0.1039E-04    0.4999E-01
# Minimization at step:    97 with Value:     0.0000Tol(Act/Req):0.8142E-01/0.1000E-04
# With parameters(tra.):     0.4462E-05    0.9398E-06   -0.1329E-05
# With parameters(rot.):    -0.9433E-06    0.7253E-05    0.4999E-01
# Minimization at step:    98 with Value:     0.0000Tol(Act/Req):0.7240E-01/0.1000E-04
# With parameters(tra.):     0.4318E-05    0.8742E-06   -0.1898E-05
# With parameters(rot.):    -0.4123E-06    0.6132E-05    0.5000E-01
# Minimization at step:    99 with Value:     0.0000Tol(Act/Req):0.5925E-01/0.1000E-04
# With parameters(tra.):     0.2832E-05    0.2675E-05   -0.6326E-06
# With parameters(rot.):     0.2632E-05    0.6303E-05    0.4999E-01
# Minimization at step:   100 with Value:     0.0000Tol(Act/Req):0.5901E-01/0.1000E-04
# With parameters(tra.):     0.3521E-05    0.2011E-05    0.1184E-05
# With parameters(rot.):     0.2624E-05    0.3334E-05    0.4999E-01
# Minimization at step:   101 with Value:     0.0000Tol(Act/Req):0.5058E-01/0.1000E-04
# With parameters(tra.):     0.3188E-05    0.2205E-05    0.1535E-05
# With parameters(rot.):     0.1451E-05    0.2924E-05    0.4999E-01
# Minimization at step:   102 with Value:     0.0000Tol(Act/Req):0.4968E-01/0.1000E-04
# With parameters(tra.):     0.2588E-05    0.2751E-05    0.2605E-06
# With parameters(rot.):     0.1164E-05    0.5049E-05    0.4999E-01
# Minimization at step:   103 with Value:     0.0000Tol(Act/Req):0.4051E-01/0.1000E-04
# With parameters(tra.):     0.2939E-05    0.2307E-05    0.1858E-07
# With parameters(rot.):     0.2802E-06    0.4901E-05    0.4999E-01
# Minimization at step:   104 with Value:     0.0000Tol(Act/Req):0.2857E-01/0.1000E-04
# With parameters(tra.):     0.1678E-05    0.1628E-05    0.2183E-07
# With parameters(rot.):     0.2626E-05    0.5881E-05    0.4999E-01
# Minimization at step:   105 with Value:     0.0000Tol(Act/Req):0.1991E-01/0.1000E-04
# With parameters(tra.):     0.8017E-06    0.1718E-05   -0.3515E-06
# With parameters(rot.):     0.4182E-05    0.4136E-05    0.4999E-01
# Minimization at step:   106 with Value:     0.0000Tol(Act/Req):0.1845E-01/0.1000E-04
# With parameters(tra.):    -0.6598E-06    0.1943E-05   -0.2781E-06
# With parameters(rot.):     0.2746E-05    0.3721E-05    0.5000E-01
# Minimization at step:   107 with Value:     0.0000Tol(Act/Req):0.1718E-01/0.1000E-04
# With parameters(tra.):    -0.1343E-05    0.1309E-05    0.3922E-06
# With parameters(rot.):     0.3464E-05    0.1862E-05    0.5000E-01
# Minimization at step:   108 with Value:     0.0000Tol(Act/Req):0.1335E-01/0.1000E-04
# With parameters(tra.):    -0.1886E-05    0.3940E-06    0.1227E-06
# With parameters(rot.):     0.2935E-05    0.8806E-06    0.5000E-01
# Minimization at step:   109 with Value:     0.0000Tol(Act/Req):0.1293E-01/0.1000E-04
# With parameters(tra.):    -0.1385E-05    0.7226E-06   -0.6373E-06
# With parameters(rot.):     0.2040E-05    0.2413E-05    0.5000E-01
# Minimization at step:   110 with Value:     0.0000Tol(Act/Req):0.1264E-01/0.1000E-04
# With parameters(tra.):    -0.1651E-06    0.9091E-07   -0.8305E-06
# With parameters(rot.):     0.3241E-05    0.2393E-05    0.5000E-01
# Minimization at step:   111 with Value:     0.0000Tol(Act/Req):0.1221E-01/0.1000E-04
# With parameters(tra.):    -0.2363E-06   -0.3134E-06   -0.3087E-06
# With parameters(rot.):     0.4212E-05    0.1239E-05    0.5000E-01
# Minimization at step:   112 with Value:     0.0000Tol(Act/Req):0.1076E-01/0.1000E-04
# With parameters(tra.):    -0.5472E-06   -0.1892E-06   -0.2169E-06
# With parameters(rot.):     0.3993E-05    0.1147E-05    0.5000E-01
# Minimization at step:   113 with Value:     0.0000Tol(Act/Req):0.7584E-02/0.1000E-04
# With parameters(tra.):    -0.4479E-06   -0.3425E-06   -0.2987E-06
# With parameters(rot.):     0.2885E-05   -0.1084E-05    0.5000E-01
# Minimization at step:   114 with Value:     0.0000Tol(Act/Req):0.6028E-02/0.1000E-04
# With parameters(tra.):    -0.3222E-06   -0.9027E-06   -0.9884E-07
# With parameters(rot.):     0.1783E-05   -0.1517E-05    0.5000E-01
# Minimization at step:   115 with Value:     0.0000Tol(Act/Req):0.4692E-02/0.1000E-04
# With parameters(tra.):    -0.3366E-06   -0.9111E-06   -0.6175E-07
# With parameters(rot.):     0.1968E-05   -0.9948E-06    0.5000E-01
# Minimization at step:   116 with Value:     0.0000Tol(Act/Req):0.4538E-02/0.1000E-04
# With parameters(tra.):     0.5426E-06   -0.7358E-06    0.5638E-07
# With parameters(rot.):     0.1999E-05   -0.9660E-06    0.5000E-01
# Minimization at step:   117 with Value:     0.0000Tol(Act/Req):0.4446E-02/0.1000E-04
# With parameters(tra.):     0.8497E-06   -0.6070E-06   -0.1698E-06
# With parameters(rot.):     0.6130E-06   -0.9315E-06    0.5000E-01
# Minimization at step:   118 with Value:     0.0000Tol(Act/Req):0.4308E-02/0.1000E-04
# With parameters(tra.):     0.7292E-07   -0.7394E-06   -0.3633E-06
# With parameters(rot.):     0.1205E-06   -0.9489E-06    0.5000E-01
# Minimization at step:   119 with Value:     0.0000Tol(Act/Req):0.3411E-02/0.1000E-04
# With parameters(tra.):    -0.3085E-07   -0.7231E-06   -0.3296E-06
# With parameters(rot.):    -0.3118E-06   -0.1169E-05    0.5000E-01
# Minimization at step:   120 with Value:     0.0000Tol(Act/Req):0.3012E-02/0.1000E-04
# With parameters(tra.):     0.1547E-06   -0.6887E-06   -0.2784E-06
# With parameters(rot.):    -0.2247E-06   -0.1183E-05    0.5000E-01
# Minimization at step:   121 with Value:     0.0000Tol(Act/Req):0.2160E-02/0.1000E-04
# With parameters(tra.):     0.2000E-07   -0.7277E-06   -0.2309E-06
# With parameters(rot.):     0.5185E-07   -0.1213E-05    0.5000E-01
# Minimization at step:   122 with Value:     0.0000Tol(Act/Req):0.1994E-02/0.1000E-04
# With parameters(tra.):     0.5031E-07   -0.2959E-06   -0.4082E-06
# With parameters(rot.):     0.2097E-06   -0.8229E-06    0.5000E-01
# Minimization at step:   123 with Value:     0.0000Tol(Act/Req):0.1175E-02/0.1000E-04
# With parameters(tra.):     0.1255E-06   -0.1546E-06   -0.4392E-06
# With parameters(rot.):     0.4776E-07    0.2634E-08    0.5000E-01
# Minimization at step:   124 with Value:     0.0000Tol(Act/Req):0.1096E-02/0.1000E-04
# With parameters(tra.):     0.1242E-06   -0.2508E-06   -0.3974E-06
# With parameters(rot.):    -0.5187E-08   -0.2602E-07    0.5000E-01
# Minimization at step:   125 with Value:     0.0000Tol(Act/Req):0.1096E-02/0.1000E-04
# With parameters(tra.):     0.2144E-06   -0.1971E-06   -0.3818E-06
# With parameters(rot.):     0.5666E-07    0.6340E-07    0.5000E-01
# Minimization at step:   126 with Value:     0.0000Tol(Act/Req):0.9048E-03/0.1000E-04
# With parameters(tra.):     0.1201E-06   -0.4117E-07   -0.3443E-06
# With parameters(rot.):    -0.4998E-06    0.4114E-07    0.5000E-01
# Minimization at step:   127 with Value:     0.0000Tol(Act/Req):0.4994E-03/0.1000E-04
# With parameters(tra.):    -0.5696E-07    0.7196E-07   -0.3014E-06
# With parameters(rot.):    -0.2228E-06    0.3102E-06    0.5000E-01
# Minimization at step:   128 with Value:     0.0000Tol(Act/Req):0.3914E-03/0.1000E-04
# With parameters(tra.):    -0.1679E-06    0.5332E-07   -0.2348E-06
# With parameters(rot.):    -0.2050E-06   -0.1376E-06    0.5000E-01
# Minimization at step:   129 with Value:     0.0000Tol(Act/Req):0.3576E-03/0.1000E-04
# With parameters(tra.):    -0.2679E-06   -0.3768E-07   -0.9712E-07
# With parameters(rot.):    -0.3775E-06   -0.2321E-06    0.5000E-01
# Minimization at step:   130 with Value:     0.0000Tol(Act/Req):0.3392E-03/0.1000E-04
# With parameters(tra.):    -0.2482E-06    0.1229E-06    0.2911E-07
# With parameters(rot.):    -0.3985E-06   -0.1518E-06    0.5000E-01
# Minimization at step:   131 with Value:     0.0000Tol(Act/Req):0.3144E-03/0.1000E-04
# With parameters(tra.):    -0.1416E-06    0.2674E-06   -0.6649E-07
# With parameters(rot.):    -0.2330E-06   -0.3053E-07    0.5000E-01
# Minimization at step:   132 with Value:     0.0000Tol(Act/Req):0.3139E-03/0.1000E-04
# With parameters(tra.):    -0.1660E-06    0.2663E-06    0.1109E-08
# With parameters(rot.):     0.2268E-06   -0.3958E-07    0.5000E-01
# Minimization at step:   133 with Value:     0.0000Tol(Act/Req):0.3047E-03/0.1000E-04
# With parameters(tra.):    -0.1946E-06    0.2301E-06    0.3064E-07
# With parameters(rot.):     0.2238E-06   -0.7065E-07    0.5000E-01
# Minimization at step:   134 with Value:     0.0000Tol(Act/Req):0.3024E-03/0.1000E-04
# With parameters(tra.):    -0.1951E-06    0.1989E-06   -0.7874E-09
# With parameters(rot.):     0.2809E-06   -0.8397E-07    0.5000E-01
# Minimization at step:   135 with Value:     0.0000Tol(Act/Req):0.2982E-03/0.1000E-04
# With parameters(tra.):    -0.1805E-06    0.1775E-06   -0.6902E-07
# With parameters(rot.):    -0.1610E-06   -0.8972E-07    0.5000E-01
# Minimization at step:   136 with Value:     0.0000Tol(Act/Req):0.2652E-03/0.1000E-04
# With parameters(tra.):    -0.1538E-06    0.1925E-06   -0.7185E-07
# With parameters(rot.):    -0.1617E-06    0.2624E-07    0.5000E-01
# Minimization at step:   137 with Value:     0.0000Tol(Act/Req):0.2107E-03/0.1000E-04
# With parameters(tra.):    -0.1552E-06    0.1991E-06   -0.5503E-07
# With parameters(rot.):    -0.5134E-07    0.3734E-07    0.5000E-01
# Minimization at step:   138 with Value:     0.0000Tol(Act/Req):0.7114E-04/0.1000E-04
# With parameters(tra.):    -0.9126E-07    0.1743E-06   -0.1489E-07
# With parameters(rot.):    -0.1470E-06   -0.1654E-06    0.5000E-01
# Minimization at step:   139 with Value:     0.0000Tol(Act/Req):0.6893E-04/0.1000E-04
# With parameters(tra.):    -0.8284E-07    0.1567E-06   -0.3178E-07
# With parameters(rot.):    -0.1541E-06   -0.1789E-06    0.5000E-01
# Minimization at step:   140 with Value:     0.0000Tol(Act/Req):0.6653E-04/0.1000E-04
# With parameters(tra.):    -0.8785E-07    0.1324E-06   -0.2221E-07
# With parameters(rot.):    -0.1871E-06   -0.2034E-06    0.5000E-01
# Minimization at step:   141 with Value:     0.0000Tol(Act/Req):0.6113E-04/0.1000E-04
# With parameters(tra.):    -0.6827E-07    0.1234E-06    0.2237E-07
# With parameters(rot.):    -0.1154E-07   -0.2615E-06    0.5000E-01
# Minimization at step:   142 with Value:     0.0000Tol(Act/Req):0.5067E-04/0.1000E-04
# With parameters(tra.):     0.1361E-07    0.1304E-06    0.4812E-07
# With parameters(rot.):     0.3698E-07   -0.1255E-06    0.5000E-01
# Minimization at step:   143 with Value:     0.0000Tol(Act/Req):0.4140E-04/0.1000E-04
# With parameters(tra.):     0.1939E-07    0.1389E-06    0.2112E-07
# With parameters(rot.):    -0.8254E-07   -0.4794E-07    0.5000E-01
# Minimization at step:   144 with Value:     0.0000Tol(Act/Req):0.3687E-04/0.1000E-04
# With parameters(tra.):    -0.6005E-09    0.1379E-06    0.1243E-07
# With parameters(rot.):    -0.1046E-06   -0.7548E-07    0.5000E-01
# Minimization at step:   145 with Value:     0.0000Tol(Act/Req):0.2678E-04/0.1000E-04
# With parameters(tra.):    -0.9912E-08    0.1412E-06   -0.8082E-09
# With parameters(rot.):    -0.4623E-07    0.4839E-07    0.5000E-01
# Minimization at step:   146 with Value:     0.0000Tol(Act/Req):0.2537E-04/0.1000E-04
# With parameters(tra.):     0.3124E-07    0.1007E-06   -0.2426E-07
# With parameters(rot.):    -0.2447E-07    0.9725E-07    0.5000E-01
# Minimization at step:   147 with Value:     0.0000Tol(Act/Req):0.1703E-04/0.1000E-04
# With parameters(tra.):     0.5349E-07    0.5642E-07   -0.1043E-07
# With parameters(rot.):    -0.3334E-07    0.1356E-06    0.5000E-01
# Minimization at step:   148 with Value:     0.0000Tol(Act/Req):0.1542E-04/0.1000E-04
# With parameters(tra.):     0.4505E-07    0.6285E-07   -0.3414E-08
# With parameters(rot.):    -0.3952E-07    0.1266E-06    0.5000E-01
# Minimization at step:   149 with Value:     0.0000Tol(Act/Req):0.1291E-04/0.1000E-04
# With parameters(tra.):     0.4858E-07    0.3958E-07    0.3954E-08
# With parameters(rot.):     0.3100E-07    0.1314E-06    0.5000E-01
# Minimization at step:   150 with Value:     0.0000Tol(Act/Req):0.1211E-04/0.1000E-04
# With parameters(tra.):     0.7428E-07    0.3524E-08    0.1437E-07
# With parameters(rot.):     0.1781E-07    0.7653E-07    0.5000E-01
# Minimization at step:   151 with Value:     0.0000Tol(Act/Req):0.1070E-04/0.1000E-04
# With parameters(tra.):     0.6302E-07   -0.3162E-07    0.1821E-08
# With parameters(rot.):     0.1528E-07    0.7322E-07    0.5000E-01
# Minimization at step:   152 with Value:     0.0000Tol(Act/Req):0.6586E-05/0.1000E-04
# With parameters(tra.):     0.4093E-07   -0.1337E-07   -0.9126E-08
# With parameters(rot.):     0.2455E-07    0.1136E-06    0.5000E-01
# CSM Values after y minimization.
# Final Number of optim. Steps:   152
#      Before min is:      0.08409473301
# Final CSM Value is:      0.00000000012
# Coordinates rotated along Z.
[molecule] Nrec=  12 Format=nscxyz
  h                1    1    0.93127301D+00  -0.36432209D+00   0.00000000D+00
  he               2    2    0.96286669D+00  -0.26983882D+00   0.00000000D+00
  h                3    1    0.78113944D+00   0.62432138D+00   0.00000000D+00
  he               4    2    0.71511217D+00   0.69900967D+00   0.00000000D+00
  h                5    1   -0.15013357D+00   0.98864347D+00   0.00000000D+00
  he               6    2   -0.24775451D+00   0.96884849D+00   0.00000000D+00
  h                7    1   -0.93127301D+00   0.36432209D+00   0.00000000D+00
  he               8    2   -0.96286669D+00   0.26983882D+00   0.00000000D+00
  h                9    1   -0.78113944D+00  -0.62432138D+00   0.00000000D+00
  he              10    2   -0.71511217D+00  -0.69900967D+00   0.00000000D+00
  h               11    1    0.15013357D+00  -0.98864347D+00   0.00000000D+00
  he              12    2    0.24775451D+00  -0.96884849D+00   0.00000000D+00
# Minimization at step:     0 with Value:     0.0124Tol(Act/Req):0.2000E+01/0.1000E-04
# With parameters(tra.):     0.1429E-01    0.1429E-01    0.1429E-01
# With parameters(rot.):     0.1429E-01    0.1429E-01    0.1429E-01
# Minimization at step:     1 with Value:     0.0082Tol(Act/Req):0.2000E+01/0.1000E-04
# With parameters(tra.):     0.1548E-01    0.1548E-01    0.7143E-02
# With parameters(rot.):     0.1548E-01    0.1548E-01    0.1548E-01
# Minimization at step:     2 with Value:     0.0063Tol(Act/Req):0.2000E+01/0.1000E-04
# With parameters(tra.):     0.8433E-02    0.1677E-01    0.7738E-02
# With parameters(rot.):     0.1677E-01    0.1677E-01    0.1677E-01
# Minimization at step:     3 with Value:     0.0044Tol(Act/Req):0.2000E+01/0.1000E-04
# With parameters(tra.):     0.9135E-02    0.9830E-02    0.8383E-02
# With parameters(rot.):     0.1816E-01    0.1816E-01    0.1816E-01
# Minimization at step:     4 with Value:     0.0033Tol(Act/Req):0.2000E+01/0.1000E-04
# With parameters(tra.):     0.9336E-02    0.1020E-01   -0.2021E-02
# With parameters(rot.):     0.2062E-01    0.2062E-01    0.2062E-01
# Minimization at step:     5 with Value:     0.0028Tol(Act/Req):0.2000E+01/0.1000E-04
# With parameters(tra.):     0.9704E-02    0.6767E-02   -0.2566E-02
# With parameters(rot.):     0.2152E-01    0.2152E-01    0.2152E-01
# Minimization at step:     6 with Value:     0.0023Tol(Act/Req):0.2000E+01/0.1000E-04
# With parameters(tra.):     0.6288E-02    0.6578E-02   -0.3127E-02
# With parameters(rot.):     0.2257E-01    0.2257E-01    0.2257E-01
# Minimization at step:     7 with Value:     0.0018Tol(Act/Req):0.2000E+01/0.1000E-04
# With parameters(tra.):     0.6812E-02    0.7127E-02   -0.3388E-02
# With parameters(rot.):     0.1611E-01    0.2445E-01    0.2445E-01
# Minimization at step:     8 with Value:     0.0014Tol(Act/Req):0.2000E+01/0.1000E-04
# With parameters(tra.):     0.7380E-02    0.7721E-02   -0.3670E-02
# With parameters(rot.):     0.1745E-01    0.1815E-01    0.2648E-01
# Minimization at step:     9 with Value:     0.0011Tol(Act/Req):0.2000E+01/0.1000E-04
# With parameters(tra.):     0.6790E-02    0.6913E-02    0.1120E-02
# With parameters(rot.):     0.1543E-01    0.1630E-01    0.2672E-01
# Minimization at step:    10 with Value:     0.0010Tol(Act/Req):0.2000E+01/0.1000E-04
# With parameters(tra.):     0.6555E-02    0.8749E-04    0.1260E-02
# With parameters(rot.):     0.1521E-01    0.1637E-01    0.3026E-01
# Minimization at step:    11 with Value:     0.0009Tol(Act/Req):0.2000E+01/0.1000E-04
# With parameters(tra.):    -0.1874E-03   -0.2453E-02    0.1600E-02
# With parameters(rot.):     0.1484E-01    0.1639E-01    0.3491E-01
# Minimization at step:    12 with Value:     0.0009Tol(Act/Req):0.2000E+01/0.1000E-04
# With parameters(tra.):    -0.1574E-02   -0.4656E-02    0.2792E-02
# With parameters(rot.):     0.1666E-01    0.3207E-02    0.4179E-01
# Minimization at step:    13 with Value:     0.0007Tol(Act/Req):0.2000E+01/0.1000E-04
# With parameters(tra.):    -0.2011E-02   -0.5364E-02    0.3176E-02
# With parameters(rot.):     0.1348E-01    0.2377E-02    0.4417E-01
# Minimization at step:    14 with Value:     0.0006Tol(Act/Req):0.2000E+01/0.1000E-04
# With parameters(tra.):    -0.1701E-02   -0.4872E-02    0.2910E-02
# With parameters(rot.):     0.1276E-01    0.5603E-02    0.4265E-01
# Minimization at step:    15 with Value:     0.0005Tol(Act/Req):0.2000E+01/0.1000E-04
# With parameters(tra.):     0.2978E-02   -0.3572E-02    0.2983E-02
# With parameters(rot.):     0.1251E-01    0.2894E-02    0.4110E-01
# Minimization at step:    16 with Value:     0.0003Tol(Act/Req):0.2000E+01/0.1000E-04
# With parameters(tra.):     0.2260E-02    0.6323E-03    0.3309E-02
# With parameters(rot.):     0.1201E-01   -0.5247E-03    0.4116E-01
# Minimization at step:    17 with Value:     0.0003Tol(Act/Req):0.2000E+01/0.1000E-04
# With parameters(tra.):     0.1142E-02   -0.9227E-03    0.8455E-03
# With parameters(rot.):     0.1221E-01   -0.4903E-02    0.4581E-01
# Minimization at step:    18 with Value:     0.0003Tol(Act/Req):0.2000E+01/0.1000E-04
# With parameters(tra.):     0.1320E-02   -0.8578E-03    0.8379E-03
# With parameters(rot.):     0.5426E-02   -0.8989E-02    0.5113E-01
# Minimization at step:    19 with Value:     0.0002Tol(Act/Req):0.2000E+01/0.1000E-04
# With parameters(tra.):     0.1614E-02   -0.4636E-03    0.1453E-02
# With parameters(rot.):     0.4810E-02   -0.8235E-02    0.5041E-01
# Minimization at step:    20 with Value:     0.0002Tol(Act/Req):0.2000E+01/0.1000E-04
# With parameters(tra.):     0.3339E-02    0.1990E-02    0.4356E-03
# With parameters(rot.):     0.7225E-03   -0.6396E-02    0.4995E-01
# Minimization at step:    21 with Value:     0.0002Tol(Act/Req):0.2000E+01/0.1000E-04
# With parameters(tra.):     0.2590E-02    0.2236E-02    0.2112E-03
# With parameters(rot.):    -0.2193E-03   -0.6719E-02    0.5095E-01
# Minimization at step:    22 with Value:     0.0001Tol(Act/Req):0.2000E+01/0.1000E-04
# With parameters(tra.):     0.2096E-02    0.1644E-02    0.4469E-03
# With parameters(rot.):     0.7240E-03   -0.7205E-02    0.5115E-01
# Minimization at step:    23 with Value:     0.0001Tol(Act/Req):0.2000E+01/0.1000E-04
# With parameters(tra.):     0.2116E-02    0.1836E-02    0.4162E-03
# With parameters(rot.):     0.2028E-02   -0.6035E-02    0.4982E-01
# Minimization at step:    24 with Value:     0.0001Tol(Act/Req):0.2000E+01/0.1000E-04
# With parameters(tra.):     0.2439E-02    0.3467E-04   -0.4701E-03
# With parameters(rot.):    -0.2126E-03   -0.5703E-02    0.5196E-01
# Minimization at step:    25 with Value:     0.0001Tol(Act/Req):0.2000E+01/0.1000E-04
# With parameters(tra.):     0.2655E-02    0.2733E-03   -0.3228E-03
# With parameters(rot.):    -0.9393E-03   -0.5115E-02    0.5172E-01
# Minimization at step:    26 with Value:     0.0001Tol(Act/Req):0.2000E+01/0.1000E-04
# With parameters(tra.):     0.1178E-02    0.1123E-03   -0.9495E-03
# With parameters(rot.):    -0.3063E-02   -0.5226E-02    0.5397E-01
# Minimization at step:    27 with Value:     0.0001Tol(Act/Req):0.2000E+01/0.1000E-04
# With parameters(tra.):     0.8543E-03   -0.3117E-03   -0.9480E-03
# With parameters(rot.):    -0.2907E-02   -0.5305E-02    0.5431E-01
# Minimization at step:    28 with Value:     0.0000Tol(Act/Req):0.2000E+01/0.1000E-04
# With parameters(tra.):     0.1197E-02   -0.3068E-03   -0.7912E-03
# With parameters(rot.):    -0.2363E-02   -0.5283E-02    0.5377E-01
# Minimization at step:    29 with Value:     0.0000Tol(Act/Req):0.2000E+01/0.1000E-04
# With parameters(tra.):     0.9309E-03   -0.6365E-03   -0.1255E-02
# With parameters(rot.):    -0.1218E-02   -0.2693E-02    0.5244E-01
# Minimization at step:    30 with Value:     0.0000Tol(Act/Req):0.2000E+01/0.1000E-04
# With parameters(tra.):     0.2127E-03    0.3405E-03   -0.9258E-03
# With parameters(rot.):    -0.5941E-04   -0.1910E-02    0.5117E-01
# Minimization at step:    31 with Value:     0.0000Tol(Act/Req):0.2000E+01/0.1000E-04
# With parameters(tra.):    -0.1698E-03    0.8401E-03   -0.8321E-03
# With parameters(rot.):    -0.1220E-02    0.3343E-03    0.5052E-01
# Minimization at step:    32 with Value:     0.0000Tol(Act/Req):0.2000E+01/0.1000E-04
# With parameters(tra.):    -0.1951E-03    0.1046E-02   -0.6809E-03
# With parameters(rot.):    -0.1506E-02   -0.6118E-04    0.5070E-01
# Minimization at step:    33 with Value:     0.0000Tol(Act/Req):0.2000E+01/0.1000E-04
# With parameters(tra.):    -0.1016E-03    0.9378E-03   -0.6917E-03
# With parameters(rot.):    -0.1240E-02   -0.6552E-03    0.5088E-01
# Minimization at step:    34 with Value:     0.0000Tol(Act/Req):0.2000E+01/0.1000E-04
# With parameters(tra.):    -0.8257E-03    0.6142E-03   -0.6254E-03
# With parameters(rot.):    -0.5887E-03    0.3895E-03    0.5052E-01
# Minimization at step:    35 with Value:     0.0000Tol(Act/Req):0.1999E+01/0.1000E-04
# With parameters(tra.):    -0.8230E-03    0.6934E-03   -0.5331E-03
# With parameters(rot.):    -0.1689E-03    0.8728E-03    0.4998E-01
# Minimization at step:    36 with Value:     0.0000Tol(Act/Req):0.1999E+01/0.1000E-04
# With parameters(tra.):    -0.7297E-03    0.4786E-03   -0.5827E-03
# With parameters(rot.):    -0.4677E-03    0.9091E-03    0.5020E-01
# Minimization at step:    37 with Value:     0.0000Tol(Act/Req):0.1999E+01/0.1000E-04
# With parameters(tra.):    -0.7521E-03    0.1099E-03   -0.5681E-03
# With parameters(rot.):     0.3219E-03    0.2425E-03    0.5032E-01
# Minimization at step:    38 with Value:     0.0000Tol(Act/Req):0.1998E+01/0.1000E-04
# With parameters(tra.):    -0.2449E-03    0.1576E-03   -0.5932E-03
# With parameters(rot.):     0.1915E-03   -0.5030E-03    0.5050E-01
# Minimization at step:    39 with Value:     0.0000Tol(Act/Req):0.1998E+01/0.1000E-04
# With parameters(tra.):    -0.2952E-03    0.2438E-03   -0.3445E-03
# With parameters(rot.):     0.1864E-03   -0.1207E-02    0.5071E-01
# Minimization at step:    40 with Value:     0.0000Tol(Act/Req):0.1998E+01/0.1000E-04
# With parameters(tra.):    -0.1140E-03    0.2524E-03   -0.9714E-04
# With parameters(rot.):     0.1144E-02   -0.9332E-03    0.4987E-01
# Minimization at step:    41 with Value:     0.0000Tol(Act/Req):0.1998E+01/0.1000E-04
# With parameters(tra.):    -0.1605E-04    0.1261E-03   -0.8148E-04
# With parameters(rot.):     0.1129E-02   -0.1069E-02    0.4996E-01
# Minimization at step:    42 with Value:     0.0000Tol(Act/Req):0.1998E+01/0.1000E-04
# With parameters(tra.):    -0.5320E-04    0.1134E-03   -0.1420E-03
# With parameters(rot.):     0.8886E-03   -0.1148E-02    0.5017E-01
# Minimization at step:    43 with Value:     0.0000Tol(Act/Req):0.1998E+01/0.1000E-04
# With parameters(tra.):     0.2022E-03    0.4832E-03   -0.1463E-04
# With parameters(rot.):     0.2878E-03   -0.9452E-03    0.4999E-01
# Minimization at step:    44 with Value:     0.0000Tol(Act/Req):0.1998E+01/0.1000E-04
# With parameters(tra.):    -0.6651E-04    0.5289E-03    0.1488E-03
# With parameters(rot.):     0.4097E-03   -0.4966E-03    0.4974E-01
# Minimization at step:    45 with Value:     0.0000Tol(Act/Req):0.1995E+01/0.1000E-04
# With parameters(tra.):    -0.1527E-03    0.4402E-03    0.1306E-03
# With parameters(rot.):     0.5701E-03   -0.5100E-03    0.4976E-01
# Minimization at step:    46 with Value:     0.0000Tol(Act/Req):0.1993E+01/0.1000E-04
# With parameters(tra.):    -0.9193E-04    0.4462E-03    0.1250E-03
# With parameters(rot.):     0.6686E-03    0.1606E-04    0.4942E-01
# Minimization at step:    47 with Value:     0.0000Tol(Act/Req):0.1993E+01/0.1000E-04
# With parameters(tra.):    -0.1137E-03    0.4676E-03    0.1170E-03
# With parameters(rot.):     0.5298E-03    0.7326E-04    0.4946E-01
# Minimization at step:    48 with Value:     0.0000Tol(Act/Req):0.1992E+01/0.1000E-04
# With parameters(tra.):     0.4959E-04    0.3289E-03    0.2145E-03
# With parameters(rot.):     0.2999E-03    0.1831E-03    0.4946E-01
# Minimization at step:    49 with Value:     0.0000Tol(Act/Req):0.1992E+01/0.1000E-04
# With parameters(tra.):     0.2674E-03    0.2318E-03    0.1275E-03
# With parameters(rot.):     0.1820E-03    0.1106E-03    0.4954E-01
# Minimization at step:    50 with Value:     0.0000Tol(Act/Req):0.1989E+01/0.1000E-04
# With parameters(tra.):     0.2431E-03    0.4678E-04    0.9933E-04
# With parameters(rot.):     0.3255E-03    0.2457E-03    0.4952E-01
# Minimization at step:    51 with Value:     0.0000Tol(Act/Req):0.1988E+01/0.1000E-04
# With parameters(tra.):     0.1690E-03    0.8027E-04   -0.2602E-05
# With parameters(rot.):     0.5044E-03    0.1789E-03    0.4954E-01
# Minimization at step:    52 with Value:     0.0000Tol(Act/Req):0.1985E+01/0.1000E-04
# With parameters(tra.):     0.1063E-03    0.9191E-04    0.8331E-05
# With parameters(rot.):     0.5607E-03    0.2028E-03    0.4951E-01
# Minimization at step:    53 with Value:     0.0000Tol(Act/Req):0.1984E+01/0.1000E-04
# With parameters(tra.):     0.1319E-03   -0.3019E-04   -0.2685E-04
# With parameters(rot.):     0.4591E-03   -0.8569E-04    0.4978E-01
# Minimization at step:    54 with Value:     0.0000Tol(Act/Req):0.1977E+01/0.1000E-04
# With parameters(tra.):     0.1414E-03   -0.6098E-04   -0.4285E-04
# With parameters(rot.):     0.3839E-03   -0.7034E-04    0.4982E-01
# Minimization at step:    55 with Value:     0.0000Tol(Act/Req):0.1966E+01/0.1000E-04
# With parameters(tra.):     0.1358E-03   -0.3302E-04   -0.3538E-04
# With parameters(rot.):     0.4030E-03    0.3055E-05    0.4976E-01
# Minimization at step:    56 with Value:     0.0000Tol(Act/Req):0.1965E+01/0.1000E-04
# With parameters(tra.):     0.1163E-03    0.6376E-04   -0.6154E-04
# With parameters(rot.):     0.3332E-03   -0.1679E-03    0.4986E-01
# Minimization at step:    57 with Value:     0.0000Tol(Act/Req):0.1964E+01/0.1000E-04
# With parameters(tra.):     0.1482E-03    0.3593E-04   -0.1323E-04
# With parameters(rot.):     0.1568E-03   -0.2390E-03    0.4996E-01
# Minimization at step:    58 with Value:     0.0000Tol(Act/Req):0.1959E+01/0.1000E-04
# With parameters(tra.):     0.1557E-03    0.9422E-05   -0.2666E-05
# With parameters(rot.):     0.1596E-03   -0.2022E-03    0.4994E-01
# Minimization at step:    59 with Value:     0.0000Tol(Act/Req):0.1949E+01/0.1000E-04
# With parameters(tra.):     0.4683E-04    0.5211E-05    0.1554E-04
# With parameters(rot.):     0.1386E-03   -0.2895E-03    0.5004E-01
# Minimization at step:    60 with Value:     0.0000Tol(Act/Req):0.1944E+01/0.1000E-04
# With parameters(tra.):     0.4373E-04   -0.4665E-05    0.1240E-04
# With parameters(rot.):     0.8048E-04   -0.3001E-03    0.5008E-01
# Minimization at step:    61 with Value:     0.0000Tol(Act/Req):0.1938E+01/0.1000E-04
# With parameters(tra.):     0.2707E-04   -0.1092E-05    0.2462E-05
# With parameters(rot.):     0.1182E-03   -0.2874E-03    0.5007E-01
# Minimization at step:    62 with Value:     0.0000Tol(Act/Req):0.1932E+01/0.1000E-04
# With parameters(tra.):     0.5264E-04   -0.5644E-06   -0.3178E-05
# With parameters(rot.):     0.1218E-03   -0.2654E-03    0.5005E-01
# Minimization at step:    63 with Value:     0.0000Tol(Act/Req):0.1898E+01/0.1000E-04
# With parameters(tra.):     0.2345E-04    0.4949E-04    0.1607E-04
# With parameters(rot.):     0.8016E-04   -0.2224E-03    0.5003E-01
# Minimization at step:    64 with Value:     0.0000Tol(Act/Req):0.1854E+01/0.1000E-04
# With parameters(tra.):    -0.5549E-05    0.9820E-05    0.4344E-04
# With parameters(rot.):     0.5921E-04   -0.1556E-03    0.5002E-01
# Minimization at step:    65 with Value:     0.0000Tol(Act/Req):0.1838E+01/0.1000E-04
# With parameters(tra.):    -0.2252E-04   -0.1373E-05    0.4650E-04
# With parameters(rot.):    -0.3321E-04   -0.1353E-03    0.5007E-01
# Minimization at step:    66 with Value:     0.0000Tol(Act/Req):0.1827E+01/0.1000E-04
# With parameters(tra.):    -0.5992E-04    0.3917E-05    0.4260E-04
# With parameters(rot.):    -0.1449E-04   -0.7829E-04    0.5005E-01
# Minimization at step:    67 with Value:     0.0000Tol(Act/Req):0.1818E+01/0.1000E-04
# With parameters(tra.):    -0.4904E-04    0.4162E-04    0.1495E-04
# With parameters(rot.):    -0.1811E-04   -0.1194E-03    0.5006E-01
# Minimization at step:    68 with Value:     0.0000Tol(Act/Req):0.1805E+01/0.1000E-04
# With parameters(tra.):    -0.3179E-04    0.5673E-04    0.9708E-05
# With parameters(rot.):    -0.5760E-04   -0.2668E-04    0.5002E-01
# Minimization at step:    69 with Value:     0.0000Tol(Act/Req):0.1735E+01/0.1000E-04
# With parameters(tra.):    -0.3308E-04    0.4857E-04    0.1619E-04
# With parameters(rot.):    -0.5999E-04   -0.8683E-05    0.5002E-01
# Minimization at step:    70 with Value:     0.0000Tol(Act/Req):0.1729E+01/0.1000E-04
# With parameters(tra.):    -0.3246E-04    0.1489E-04    0.3394E-05
# With parameters(rot.):    -0.7896E-04    0.3392E-04    0.5003E-01
# Minimization at step:    71 with Value:     0.0000Tol(Act/Req):0.1633E+01/0.1000E-04
# With parameters(tra.):    -0.3683E-04    0.7627E-05    0.4177E-05
# With parameters(rot.):    -0.7087E-04    0.1580E-04    0.5004E-01
# Minimization at step:    72 with Value:     0.0000Tol(Act/Req):0.1610E+01/0.1000E-04
# With parameters(tra.):    -0.3028E-04    0.1809E-04   -0.1197E-04
# With parameters(rot.):    -0.2181E-04    0.5267E-04    0.5000E-01
# Minimization at step:    73 with Value:     0.0000Tol(Act/Req):0.1605E+01/0.1000E-04
# With parameters(tra.):    -0.3025E-04    0.2677E-04   -0.1005E-04
# With parameters(rot.):    -0.1230E-04    0.4358E-04    0.4999E-01
# Minimization at step:    74 with Value:     0.0000Tol(Act/Req):0.1595E+01/0.1000E-04
# With parameters(tra.):    -0.2155E-04    0.2780E-04   -0.1379E-04
# With parameters(rot.):    -0.1524E-04    0.4423E-04    0.4999E-01
# Minimization at step:    75 with Value:     0.0000Tol(Act/Req):0.1481E+01/0.1000E-04
# With parameters(tra.):    -0.2428E-04    0.2238E-04   -0.2135E-05
# With parameters(rot.):    -0.5039E-04    0.1447E-04    0.5002E-01
# Minimization at step:    76 with Value:     0.0000Tol(Act/Req):0.1305E+01/0.1000E-04
# With parameters(tra.):    -0.2418E-04    0.1611E-04   -0.4234E-06
# With parameters(rot.):    -0.5079E-04    0.2539E-04    0.5002E-01
# Minimization at step:    77 with Value:     0.0000Tol(Act/Req):0.1101E+01/0.1000E-04
# With parameters(tra.):    -0.2870E-04    0.4409E-05   -0.3902E-06
# With parameters(rot.):    -0.2790E-04   -0.7657E-05    0.5003E-01
# Minimization at step:    78 with Value:     0.0000Tol(Act/Req):0.1070E+01/0.1000E-04
# With parameters(tra.):    -0.1368E-04   -0.1341E-05   -0.3398E-05
# With parameters(rot.):    -0.3800E-04   -0.2366E-04    0.5004E-01
# Minimization at step:    79 with Value:     0.0000Tol(Act/Req):0.1065E+01/0.1000E-04
# With parameters(tra.):    -0.1228E-04    0.6593E-06   -0.1885E-05
# With parameters(rot.):    -0.3539E-04   -0.3380E-04    0.5004E-01
# Minimization at step:    80 with Value:     0.0000Tol(Act/Req):0.1054E+01/0.1000E-04
# With parameters(tra.):    -0.6469E-05   -0.2967E-05   -0.9573E-05
# With parameters(rot.):    -0.6956E-05   -0.3005E-04    0.5003E-01
# Minimization at step:    81 with Value:     0.0000Tol(Act/Req):0.9420E+00/0.1000E-04
# With parameters(tra.):    -0.3486E-05   -0.6563E-06   -0.1035E-04
# With parameters(rot.):    -0.1093E-04   -0.2365E-04    0.5002E-01
# Minimization at step:    82 with Value:     0.0000Tol(Act/Req):0.8883E+00/0.1000E-04
# With parameters(tra.):    -0.1715E-05   -0.5186E-05   -0.1032E-04
# With parameters(rot.):    -0.7806E-05   -0.2227E-04    0.5002E-01
# Minimization at step:    83 with Value:     0.0000Tol(Act/Req):0.8663E+00/0.1000E-04
# With parameters(tra.):    -0.2773E-05   -0.4465E-05   -0.8457E-05
# With parameters(rot.):    -0.1499E-04   -0.2257E-04    0.5003E-01
# Minimization at step:    84 with Value:     0.0000Tol(Act/Req):0.4889E+00/0.1000E-04
# With parameters(tra.):    -0.1131E-04   -0.9336E-06   -0.7466E-05
# With parameters(rot.):    -0.1657E-05   -0.1029E-04    0.5002E-01
# Minimization at step:    85 with Value:     0.0000Tol(Act/Req):0.4707E+00/0.1000E-04
# With parameters(tra.):    -0.7959E-05    0.3596E-05   -0.8053E-05
# With parameters(rot.):    -0.6515E-05    0.6952E-05    0.5001E-01
# Minimization at step:    86 with Value:     0.0000Tol(Act/Req):0.4309E+00/0.1000E-04
# With parameters(tra.):    -0.3727E-05    0.8575E-05   -0.7082E-05
# With parameters(rot.):     0.8333E-05    0.2429E-06    0.5000E-01
# Minimization at step:    87 with Value:     0.0000Tol(Act/Req):0.4289E+00/0.1000E-04
# With parameters(tra.):    -0.4213E-05    0.7857E-05   -0.6854E-05
# With parameters(rot.):     0.1078E-04   -0.4628E-05    0.5000E-01
# Minimization at step:    88 with Value:     0.0000Tol(Act/Req):0.3884E+00/0.1000E-04
# With parameters(tra.):    -0.7509E-05    0.3944E-05   -0.7526E-05
# With parameters(rot.):     0.2616E-06   -0.8132E-06    0.5001E-01
# Minimization at step:    89 with Value:     0.0000Tol(Act/Req):0.3780E+00/0.1000E-04
# With parameters(tra.):    -0.5898E-05   -0.2073E-05   -0.6537E-05
# With parameters(rot.):     0.9200E-05    0.9094E-05    0.5000E-01
# Minimization at step:    90 with Value:     0.0000Tol(Act/Req):0.3475E+00/0.1000E-04
# With parameters(tra.):    -0.6687E-05   -0.1513E-05   -0.5447E-05
# With parameters(rot.):     0.7625E-05    0.1159E-04    0.5000E-01
# Minimization at step:    91 with Value:     0.0000Tol(Act/Req):0.3473E+00/0.1000E-04
# With parameters(tra.):    -0.7156E-05    0.3820E-07   -0.5603E-05
# With parameters(rot.):     0.5259E-05    0.9318E-05    0.5000E-01
# Minimization at step:    92 with Value:     0.0000Tol(Act/Req):0.1736E+00/0.1000E-04
# With parameters(tra.):    -0.1845E-05   -0.1484E-05   -0.5633E-05
# With parameters(rot.):     0.3241E-06    0.8085E-05    0.5000E-01
# Minimization at step:    93 with Value:     0.0000Tol(Act/Req):0.1563E+00/0.1000E-04
# With parameters(tra.):     0.2240E-05   -0.6849E-06   -0.4555E-05
# With parameters(rot.):     0.7360E-05    0.8508E-05    0.4999E-01
# Minimization at step:    94 with Value:     0.0000Tol(Act/Req):0.1524E+00/0.1000E-04
# With parameters(tra.):     0.2534E-05   -0.1756E-05   -0.4250E-05
# With parameters(rot.):     0.8301E-05    0.7167E-05    0.4999E-01
# Minimization at step:    95 with Value:     0.0000Tol(Act/Req):0.1462E+00/0.1000E-04
# With parameters(tra.):     0.1538E-05   -0.2045E-05   -0.4494E-05
# With parameters(rot.):     0.6620E-05    0.6950E-05    0.5000E-01
# Minimization at step:    96 with Value:     0.0000Tol(Act/Req):0.1312E+00/0.1000E-04
# With parameters(tra.):     0.2701E-05   -0.1102E-05   -0.1996E-05
# With parameters(rot.):     0.3136E-05    0.1039E-04    0.4999E-01
# Minimization at step:    97 with Value:     0.0000Tol(Act/Req):0.8142E-01/0.1000E-04
# With parameters(tra.):     0.4462E-05    0.9398E-06   -0.1329E-05
# With parameters(rot.):    -0.9433E-06    0.7253E-05    0.4999E-01
# Minimization at step:    98 with Value:     0.0000Tol(Act/Req):0.7240E-01/0.1000E-04
# With parameters(tra.):     0.4318E-05    0.8742E-06   -0.1898E-05
# With parameters(rot.):    -0.4123E-06    0.6132E-05    0.5000E-01
# Minimization at step:    99 with Value:     0.0000Tol(Act/Req):0.5925E-01/0.1000E-04
# With parameters(tra.):     0.2832E-05    0.2675E-05   -0.6326E-06
# With parameters(rot.):     0.2632E-05    0.6303E-05    0.4999E-01
# Minimization at step:   100 with Value:     0.0000Tol(Act/Req):0.5901E-01/0.1000E-04
# With parameters(tra.):     0.3521E-05    0.2011E-05    0.1184E-05
# With parameters(rot.):     0.2624E-05    0.3334E-05    0.4999E-01
# Minimization at step:   101 with Value:     0.0000Tol(Act/Req):0.5058E-01/0.1000E-04
# With parameters(tra.):     0.3188E-05    0.2205E-05    0.1535E-05
# With parameters(rot.):     0.1451E-05    0.2924E-05    0.4999E-01
# Minimization at step:   102 with Value:     0.0000Tol(Act/Req):0.4968E-01/0.1000E-04
# With parameters(tra.):     0.2588E-05    0.2751E-05    0.2605E-06
# With parameters(rot.):     0.1164E-05    0.5049E-05    0.4999E-01
# Minimization at step:   103 with Value:     0.0000Tol(Act/Req):0.4051E-01/0.1000E-04
# With parameters(tra.):     0.2939E-05    0.2307E-05    0.1858E-07
# With parameters(rot.):     0.2802E-06    0.4901E-05    0.4999E-01
# Minimization at step:   104 with Value:     0.0000Tol(Act/Req):0.2857E-01/0.1000E-04
# With parameters(tra.):     0.1678E-05    0.1628E-05    0.2183E-07
# With parameters(rot.):     0.2626E-05    0.5881E-05    0.4999E-01
# Minimization at step:   105 with Value:     0.0000Tol(Act/Req):0.1991E-01/0.1000E-04
# With parameters(tra.):     0.8017E-06    0.1718E-05   -0.3515E-06
# With parameters(rot.):     0.4182E-05    0.4136E-05    0.4999E-01
# Minimization at step:   106 with Value:     0.0000Tol(Act/Req):0.1845E-01/0.1000E-04
# With parameters(tra.):    -0.6598E-06    0.1943E-05   -0.2781E-06
# With parameters(rot.):     0.2746E-05    0.3721E-05    0.5000E-01
# Minimization at step:   107 with Value:     0.0000Tol(Act/Req):0.1718E-01/0.1000E-04
# With parameters(tra.):    -0.1343E-05    0.1309E-05    0.3922E-06
# With parameters(rot.):     0.3464E-05    0.1862E-05    0.5000E-01
# Minimization at step:   108 with Value:     0.0000Tol(Act/Req):0.1335E-01/0.1000E-04
# With parameters(tra.):    -0.1886E-05    0.3940E-06    0.1227E-06
# With parameters(rot.):     0.2935E-05    0.8806E-06    0.5000E-01
# Minimization at step:   109 with Value:     0.0000Tol(Act/Req):0.1293E-01/0.1000E-04
# With parameters(tra.):    -0.1385E-05    0.7226E-06   -0.6373E-06
# With parameters(rot.):     0.2040E-05    0.2413E-05    0.5000E-01
# Minimization at step:   110 with Value:     0.0000Tol(Act/Req):0.1264E-01/0.1000E-04
# With parameters(tra.):    -0.1651E-06    0.9091E-07   -0.8305E-06
# With parameters(rot.):     0.3241E-05    0.2393E-05    0.5000E-01
# Minimization at step:   111 with Value:     0.0000Tol(Act/Req):0.1221E-01/0.1000E-04
# With parameters(tra.):    -0.2363E-06   -0.3134E-06   -0.3087E-06
# With parameters(rot.):     0.4212E-05    0.1239E-05    0.5000E-01
# Minimization at step:   112 with Value:     0.0000Tol(Act/Req):0.1076E-01/0.1000E-04
# With parameters(tra.):    -0.5472E-06   -0.1892E-06   -0.2169E-06
# With parameters(rot.):     0.3993E-05    0.1147E-05    0.5000E-01
# Minimization at step:   113 with Value:     0.0000Tol(Act/Req):0.7584E-02/0.1000E-04
# With parameters(tra.):    -0.4479E-06   -0.3425E-06   -0.2987E-06
# With parameters(rot.):     0.2885E-05   -0.1084E-05    0.5000E-01
# Minimization at step:   114 with Value:     0.0000Tol(Act/Req):0.6028E-02/0.1000E-04
# With parameters(tra.):    -0.3222E-06   -0.9027E-06   -0.9884E-07
# With parameters(rot.):     0.1783E-05   -0.1517E-05    0.5000E-01
# Minimization at step:   115 with Value:     0.0000Tol(Act/Req):0.4692E-02/0.1000E-04
# With parameters(tra.):    -0.3366E-06   -0.9111E-06   -0.6175E-07
# With parameters(rot.):     0.1968E-05   -0.9948E-06    0.5000E-01
# Minimization at step:   116 with Value:     0.0000Tol(Act/Req):0.4538E-02/0.1000E-04
# With parameters(tra.):     0.5426E-06   -0.7358E-06    0.5638E-07
# With parameters(rot.):     0.1999E-05   -0.9660E-06    0.5000E-01
# Minimization at step:   117 with Value:     0.0000Tol(Act/Req):0.4446E-02/0.1000E-04
# With parameters(tra.):     0.8497E-06   -0.6070E-06   -0.1698E-06
# With parameters(rot.):     0.6130E-06   -0.9315E-06    0.5000E-01
# Minimization at step:   118 with Value:     0.0000Tol(Act/Req):0.4308E-02/0.1000E-04
# With parameters(tra.):     0.7292E-07   -0.7394E-06   -0.3633E-06
# With parameters(rot.):     0.1205E-06   -0.9489E-06    0.5000E-01
# Minimization at step:   119 with Value:     0.0000Tol(Act/Req):0.3411E-02/0.1000E-04
# With parameters(tra.):    -0.3085E-07   -0.7231E-06   -0.3296E-06
# With parameters(rot.):    -0.3118E-06   -0.1169E-05    0.5000E-01
# Minimization at step:   120 with Value:     0.0000Tol(Act/Req):0.3012E-02/0.1000E-04
# With parameters(tra.):     0.1547E-06   -0.6887E-06   -0.2784E-06
# With parameters(rot.):    -0.2247E-06   -0.1183E-05    0.5000E-01
# Minimization at step:   121 with Value:     0.0000Tol(Act/Req):0.2160E-02/0.1000E-04
# With parameters(tra.):     0.2000E-07   -0.7277E-06   -0.2309E-06
# With parameters(rot.):     0.5185E-07   -0.1213E-05    0.5000E-01
# Minimization at step:   122 with Value:     0.0000Tol(Act/Req):0.1994E-02/0.1000E-04
# With parameters(tra.):     0.5031E-07   -0.2959E-06   -0.4082E-06
# With parameters(rot.):     0.2097E-06   -0.8229E-06    0.5000E-01
# Minimization at step:   123 with Value:     0.0000Tol(Act/Req):0.1175E-02/0.1000E-04
# With parameters(tra.):     0.1255E-06   -0.1546E-06   -0.4392E-06
# With parameters(rot.):     0.4776E-07    0.2634E-08    0.5000E-01
# Minimization at step:   124 with Value:     0.0000Tol(Act/Req):0.1096E-02/0.1000E-04
# With parameters(tra.):     0.1242E-06   -0.2508E-06   -0.3974E-06
# With parameters(rot.):    -0.5187E-08   -0.2602E-07    0.5000E-01
# Minimization at step:   125 with Value:     0.0000Tol(Act/Req):0.1096E-02/0.1000E-04
# With parameters(tra.):     0.2144E-06   -0.1971E-06   -0.3818E-06
# With parameters(rot.):     0.5666E-07    0.6340E-07    0.5000E-01
# Minimization at step:   126 with Value:     0.0000Tol(Act/Req):0.9048E-03/0.1000E-04
# With parameters(tra.):     0.1201E-06   -0.4117E-07   -0.3443E-06
# With parameters(rot.):    -0.4998E-06    0.4114E-07    0.5000E-01
# Minimization at step:   127 with Value:     0.0000Tol(Act/Req):0.4994E-03/0.1000E-04
# With parameters(tra.):    -0.5696E-07    0.7196E-07   -0.3014E-06
# With parameters(rot.):    -0.2228E-06    0.3102E-06    0.5000E-01
# Minimization at step:   128 with Value:     0.0000Tol(Act/Req):0.3914E-03/0.1000E-04
# With parameters(tra.):    -0.1679E-06    0.5332E-07   -0.2348E-06
# With parameters(rot.):    -0.2050E-06   -0.1376E-06    0.5000E-01
# Minimization at step:   129 with Value:     0.0000Tol(Act/Req):0.3576E-03/0.1000E-04
# With parameters(tra.):    -0.2679E-06   -0.3768E-07   -0.9712E-07
# With parameters(rot.):    -0.3775E-06   -0.2321E-06    0.5000E-01
# Minimization at step:   130 with Value:     0.0000Tol(Act/Req):0.3392E-03/0.1000E-04
# With parameters(tra.):    -0.2482E-06    0.1229E-06    0.2911E-07
# With parameters(rot.):    -0.3985E-06   -0.1518E-06    0.5000E-01
# Minimization at step:   131 with Value:     0.0000Tol(Act/Req):0.3144E-03/0.1000E-04
# With parameters(tra.):    -0.1416E-06    0.2674E-06   -0.6649E-07
# With parameters(rot.):    -0.2330E-06   -0.3053E-07    0.5000E-01
# Minimization at step:   132 with Value:     0.0000Tol(Act/Req):0.3139E-03/0.1000E-04
# With parameters(tra.):    -0.1660E-06    0.2663E-06    0.1109E-08
# With parameters(rot.):     0.2268E-06   -0.3958E-07    0.5000E-01
# Minimization at step:   133 with Value:     0.0000Tol(Act/Req):0.3047E-03/0.1000E-04
# With parameters(tra.):    -0.1946E-06    0.2301E-06    0.3064E-07
# With parameters(rot.):     0.2238E-06   -0.7065E-07    0.5000E-01
# Minimization at step:   134 with Value:     0.0000Tol(Act/Req):0.3024E-03/0.1000E-04
# With parameters(tra.):    -0.1951E-06    0.1989E-06   -0.7874E-09
# With parameters(rot.):     0.2809E-06   -0.8397E-07    0.5000E-01
# Minimization at step:   135 with Value:     0.0000Tol(Act/Req):0.2982E-03/0.1000E-04
# With parameters(tra.):    -0.1805E-06    0.1775E-06   -0.6902E-07
# With parameters(rot.):    -0.1610E-06   -0.8972E-07    0.5000E-01
# Minimization at step:   136 with Value:     0.0000Tol(Act/Req):0.2652E-03/0.1000E-04
# With parameters(tra.):    -0.1538E-06    0.1925E-06   -0.7185E-07
# With parameters(rot.):    -0.1617E-06    0.2624E-07    0.5000E-01
# Minimization at step:   137 with Value:     0.0000Tol(Act/Req):0.2107E-03/0.1000E-04
# With parameters(tra.):    -0.1552E-06    0.1991E-06   -0.5503E-07
# With parameters(rot.):    -0.5134E-07    0.3734E-07    0.5000E-01
# Minimization at step:   138 with Value:     0.0000Tol(Act/Req):0.7114E-04/0.1000E-04
# With parameters(tra.):    -0.9126E-07    0.1743E-06   -0.1489E-07
# With parameters(rot.):    -0.1470E-06   -0.1654E-06    0.5000E-01
# Minimization at step:   139 with Value:     0.0000Tol(Act/Req):0.6893E-04/0.1000E-04
# With parameters(tra.):    -0.8284E-07    0.1567E-06   -0.3178E-07
# With parameters(rot.):    -0.1541E-06   -0.1789E-06    0.5000E-01
# Minimization at step:   140 with Value:     0.0000Tol(Act/Req):0.6653E-04/0.1000E-04
# With parameters(tra.):    -0.8785E-07    0.1324E-06   -0.2221E-07
# With parameters(rot.):    -0.1871E-06   -0.2034E-06    0.5000E-01
# Minimization at step:   141 with Value:     0.0000Tol(Act/Req):0.6113E-04/0.1000E-04
# With parameters(tra.):    -0.6827E-07    0.1234E-06    0.2237E-07
# With parameters(rot.):    -0.1154E-07   -0.2615E-06    0.5000E-01
# Minimization at step:   142 with Value:     0.0000Tol(Act/Req):0.5067E-04/0.1000E-04
# With parameters(tra.):     0.1361E-07    0.1304E-06    0.4812E-07
# With parameters(rot.):     0.3698E-07   -0.1255E-06    0.5000E-01
# Minimization at step:   143 with Value:     0.0000Tol(Act/Req):0.4140E-04/0.1000E-04
# With parameters(tra.):     0.1939E-07    0.1389E-06    0.2112E-07
# With parameters(rot.):    -0.8254E-07   -0.4794E-07    0.5000E-01
# Minimization at step:   144 with Value:     0.0000Tol(Act/Req):0.3687E-04/0.1000E-04
# With parameters(tra.):    -0.6005E-09    0.1379E-06    0.1243E-07
# With parameters(rot.):    -0.1046E-06   -0.7548E-07    0.5000E-01
# Minimization at step:   145 with Value:     0.0000Tol(Act/Req):0.2678E-04/0.1000E-04
# With parameters(tra.):    -0.9912E-08    0.1412E-06   -0.8082E-09
# With parameters(rot.):    -0.4623E-07    0.4839E-07    0.5000E-01
# Minimization at step:   146 with Value:     0.0000Tol(Act/Req):0.2537E-04/0.1000E-04
# With parameters(tra.):     0.3124E-07    0.1007E-06   -0.2426E-07
# With parameters(rot.):    -0.2447E-07    0.9725E-07    0.5000E-01
# Minimization at step:   147 with Value:     0.0000Tol(Act/Req):0.1703E-04/0.1000E-04
# With parameters(tra.):     0.5349E-07    0.5642E-07   -0.1043E-07
# With parameters(rot.):    -0.3334E-07    0.1356E-06    0.5000E-01
# Minimization at step:   148 with Value:     0.0000Tol(Act/Req):0.1542E-04/0.1000E-04
# With parameters(tra.):     0.4505E-07    0.6285E-07   -0.3414E-08
# With parameters(rot.):    -0.3952E-07    0.1266E-06    0.5000E-01
# Minimization at step:   149 with Value:     0.0000Tol(Act/Req):0.1291E-04/0.1000E-04
# With parameters(tra.):     0.4858E-07    0.3958E-07    0.3954E-08
# With parameters(rot.):     0.3100E-07    0.1314E-06    0.5000E-01
# Minimization at step:   150 with Value:     0.0000Tol(Act/Req):0.1211E-04/0.1000E-04
# With parameters(tra.):     0.7428E-07    0.3524E-08    0.1437E-07
# With parameters(rot.):     0.1781E-07    0.7653E-07    0.5000E-01
# Minimization at step:   151 with Value:     0.0000Tol(Act/Req):0.1070E-04/0.1000E-04
# With parameters(tra.):     0.6302E-07   -0.3162E-07    0.1821E-08
# With parameters(rot.):     0.1528E-07    0.7322E-07    0.5000E-01
# Minimization at step:   152 with Value:     0.0000Tol(Act/Req):0.6586E-05/0.1000E-04
# With parameters(tra.):     0.4093E-07   -0.1337E-07   -0.9126E-08
# With parameters(rot.):     0.2455E-07    0.1136E-06    0.5000E-01
# CSM Values after z minimization.
# Final Number of optim. Steps:   152
#      Before min is:      0.00000000012
# Final CSM Simplex Value is:      0.00000000012
# CSM Summary.
#    Inizial CSM Value is:      0.00000000012
#   After optimization is:      0.00000000012
#          Along x axe is:      0.00000000012
#          Along y axe is:      0.00000000012
#          Along z axe is:      0.00000000012
# The Lowest CSM Value is:      0.00000000012
#    Obtained CSM in % is:      0.00000001248
