# [csmmod_rdinput] messages reinitialized.
# MESLOG:[csmmod_rdinput] messages reinitialized.
# Input  file unit is: 5
# Input  file name is:stdin
# Output file unit is: 6
# Output file name is:stdout
# Error  file unit is: 6
# Error  file name is:stderr
# Log    file unit is: 6
# Log    file name is:stdlog
# MESLOG:[csm_rdinput] molecule_init called with debug.
[molecule] Nrec=   9 Format=nscxyz
  c                1    6    0.00000000D+00   0.00000000D+00   0.00000000D+00
  h                2    1    0.00000000D+00   0.10000000D+01   0.10000000D+01
  h                3    1    0.70711000D+00   0.70711000D+00   0.10000000D+01
  h                4    1    0.10000000D+01   0.00000000D+00   0.10000000D+01
  h                5    1    0.70711000D+00  -0.70711000D+00   0.10000000D+01
  h                6    1    0.00000000D+00  -0.10000000D+01   0.10000000D+01
  h                7    1   -0.70711000D+00  -0.70711000D+00   0.10000000D+01
  h                8    1   -0.10000000D+01   0.00000000D+00   0.10000000D+01
  h                9    1   -0.70711000D+00   0.70711000D+00   0.10000000D+01
# Molecule moved to the center of mass
# Shift Vector is:        0.00000000       0.00000000       0.30238689
# Inertia Tensor: (Before Diagonalization)
# Up Diagonal Columnwise
#    0.20802158D+01  -0.00000000D+00   0.20802158D+01  -0.00000000D+00  -0.00000000D+00   0.22402371D+01
# Inertia Tensor: (Full Matrix)
# 1,1 - 1,3           0.20802158D+01  -0.00000000D+00  -0.00000000D+00
# 2,1 - 2,3          -0.00000000D+00   0.20802158D+01  -0.00000000D+00
# 3,1 - 3,3          -0.00000000D+00  -0.00000000D+00   0.22402371D+01
# Inertia Tensor
# Inertia EigenValues:     0.20802158D+01   0.20802158D+01   0.22402371D+01
# Eigen Vectors:
# 1,1 - 1,3           0.10000000D+01   0.00000000D+00   0.00000000D+00
# 2,1 - 2,3           0.00000000D+00   0.10000000D+01   0.00000000D+00
# 3,1 - 3,3           0.00000000D+00   0.00000000D+00   0.10000000D+01
# Molecule Rotated to match inertia axes
[molecule] Nrec=   9 Format=nscxyz
  c                1    6    0.00000000D+00   0.00000000D+00  -0.57142857D+00
  h                2    1    0.00000000D+00   0.10000000D+01   0.42857143D+00
  h                3    1    0.70711000D+00   0.70711000D+00   0.42857143D+00
  h                4    1    0.10000000D+01   0.00000000D+00   0.42857143D+00
  h                5    1    0.70711000D+00  -0.70711000D+00   0.42857143D+00
  h                6    1    0.00000000D+00  -0.10000000D+01   0.42857143D+00
  h                7    1   -0.70711000D+00  -0.70711000D+00   0.42857143D+00
  h                8    1   -0.10000000D+01   0.00000000D+00   0.42857143D+00
  h                9    1   -0.70711000D+00   0.70711000D+00   0.42857143D+00
# Initial Integrals follow ...
# INT: Number of electrons from integrated RHO:     14.00000084107
# INT: \int \rho \rho dr:      34.76640878991
# INT: \int \rho \tilde{\rho} dr/ng:      34.76640878987
# INT: \int \rho \tilde{\rho}m dr/ng:      33.02808835038
#  DEBUG     \int rr  =     34.76640878991
#  DEBUG     \int rr~ =     34.76640878987
#  DEBUG     \int rr~ =     34.76640878987
#  DEBUG     CSM value =      0.00000000000
#  DEBUG     CSM value =      0.00000000000
# Number of electrons =     14.00000084107
# Initial rho^2 value =     34.76640878991
#  Initial rrii value =     12.60705943564
#  Initial rrij value =     22.15934935427
#  Initial imj  value =     34.76640878987
#  Initial impj value =     33.02808835038
#  Initial CSM  value =      0.00000000000
#  Initial CSM% value =      0.00000000011
[molecule] Nrec=   9 Format=nscxyz
  c                1    6    0.00000000D+00   0.00000000D+00  -0.57142857D+00
  h                2    1    0.00000000D+00   0.10000000D+01   0.42857143D+00
  h                3    1    0.70711000D+00   0.70711000D+00   0.42857143D+00
  h                4    1    0.10000000D+01   0.00000000D+00   0.42857143D+00
  h                5    1    0.70711000D+00  -0.70711000D+00   0.42857143D+00
  h                6    1    0.00000000D+00  -0.10000000D+01   0.42857143D+00
  h                7    1   -0.70711000D+00  -0.70711000D+00   0.42857143D+00
  h                8    1   -0.10000000D+01   0.00000000D+00   0.42857143D+00
  h                9    1   -0.70711000D+00   0.70711000D+00   0.42857143D+00
# Request Simplex: Run it with internal procedure. NOT IMPLEMENTED!
# Request for Simplex: Initial Coordinates.
[molecule] Nrec=   9 Format=nscxyz
  c                1    6    0.00000000D+00   0.00000000D+00  -0.57142857D+00
  h                2    1    0.00000000D+00   0.10000000D+01   0.42857143D+00
  h                3    1    0.70711000D+00   0.70711000D+00   0.42857143D+00
  h                4    1    0.10000000D+01   0.00000000D+00   0.42857143D+00
  h                5    1    0.70711000D+00  -0.70711000D+00   0.42857143D+00
  h                6    1    0.00000000D+00  -0.10000000D+01   0.42857143D+00
  h                7    1   -0.70711000D+00  -0.70711000D+00   0.42857143D+00
  h                8    1   -0.10000000D+01   0.00000000D+00   0.42857143D+00
  h                9    1   -0.70711000D+00   0.70711000D+00   0.42857143D+00
# Minimization at step:     0 with Value:     0.0098Tol(Act/Req):0.2000E+01/0.1000E-04
# With parameters(tra.):     0.1429E-01    0.1429E-01    0.1429E-01
# With parameters(rot.):     0.1429E-01    0.1429E-01    0.1429E-01
# Minimization at step:     1 with Value:     0.0069Tol(Act/Req):0.2000E+01/0.1000E-04
# With parameters(tra.):     0.7143E-02    0.1548E-01    0.1548E-01
# With parameters(rot.):     0.1548E-01    0.1548E-01    0.1548E-01
# Minimization at step:     2 with Value:     0.0039Tol(Act/Req):0.2000E+01/0.1000E-04
# With parameters(tra.):     0.8929E-02   -0.5655E-02    0.1935E-01
# With parameters(rot.):     0.1935E-01    0.1935E-01    0.1935E-01
# Minimization at step:     3 with Value:     0.0031Tol(Act/Req):0.2000E+01/0.1000E-04
# With parameters(tra.):     0.9673E-02   -0.6126E-02    0.2096E-01
# With parameters(rot.):     0.1262E-01    0.2096E-01    0.2096E-01
# Minimization at step:     4 with Value:     0.0024Tol(Act/Req):0.2000E+01/0.1000E-04
# With parameters(tra.):     0.1048E-01   -0.6636E-02    0.2270E-01
# With parameters(rot.):     0.1368E-01    0.1437E-01    0.2270E-01
# Minimization at step:     5 with Value:     0.0017Tol(Act/Req):0.2000E+01/0.1000E-04
# With parameters(tra.):     0.7185E-02   -0.7884E-02    0.2390E-01
# With parameters(rot.):     0.1412E-01    0.1487E-01    0.2390E-01
# Minimization at step:     6 with Value:     0.0011Tol(Act/Req):0.2000E+01/0.1000E-04
# With parameters(tra.):     0.5857E-02    0.2124E-02    0.2311E-01
# With parameters(rot.):     0.1088E-01    0.1182E-01    0.2311E-01
# Minimization at step:     7 with Value:     0.0010Tol(Act/Req):0.2000E+01/0.1000E-04
# With parameters(tra.):     0.6073E-02    0.3932E-02    0.2705E-01
# With parameters(rot.):    -0.3143E-02    0.1200E-01    0.2705E-01
# Minimization at step:     8 with Value:     0.0008Tol(Act/Req):0.2000E+01/0.1000E-04
# With parameters(tra.):     0.6108E-02    0.4557E-02    0.2828E-01
# With parameters(rot.):    -0.4018E-02    0.8509E-02    0.2828E-01
# Minimization at step:     9 with Value:     0.0006Tol(Act/Req):0.2000E+01/0.1000E-04
# With parameters(tra.):     0.4372E-02    0.4970E-02    0.2925E-01
# With parameters(rot.):    -0.5307E-02    0.8230E-02    0.2925E-01
# Minimization at step:    10 with Value:     0.0004Tol(Act/Req):0.2000E+01/0.1000E-04
# With parameters(tra.):     0.4470E-02    0.3539E-02    0.2989E-01
# With parameters(rot.):    -0.6116E-02    0.8440E-02    0.2989E-01
# Minimization at step:    11 with Value:     0.0003Tol(Act/Req):0.2000E+01/0.1000E-04
# With parameters(tra.):     0.4282E-02    0.3055E-02    0.2914E-01
# With parameters(rot.):    -0.2858E-02    0.8098E-02    0.2914E-01
# Minimization at step:    12 with Value:     0.0003Tol(Act/Req):0.2000E+01/0.1000E-04
# With parameters(tra.):     0.3745E-02    0.3805E-02    0.3190E-01
# With parameters(rot.):    -0.4223E-02    0.9793E-03    0.3190E-01
# Minimization at step:    13 with Value:     0.0002Tol(Act/Req):0.2000E+01/0.1000E-04
# With parameters(tra.):     0.6321E-04    0.4242E-02    0.3471E-01
# With parameters(rot.):    -0.6439E-02   -0.1995E-02    0.3471E-01
# Minimization at step:    14 with Value:     0.0002Tol(Act/Req):0.2000E+01/0.1000E-04
# With parameters(tra.):    -0.1093E-03    0.4091E-02    0.3425E-01
# With parameters(rot.):    -0.6283E-02   -0.4635E-03    0.3425E-01
# Minimization at step:    15 with Value:     0.0002Tol(Act/Req):0.2000E+01/0.1000E-04
# With parameters(tra.):    -0.4421E-03    0.3422E-02    0.3494E-01
# With parameters(rot.):    -0.6701E-02   -0.1101E-02    0.3494E-01
# Minimization at step:    16 with Value:     0.0002Tol(Act/Req):0.2000E+01/0.1000E-04
# With parameters(tra.):    -0.2392E-02    0.2575E-02    0.3538E-01
# With parameters(rot.):    -0.1466E-02   -0.4850E-02    0.3538E-01
# Minimization at step:    17 with Value:     0.0001Tol(Act/Req):0.2000E+01/0.1000E-04
# With parameters(tra.):     0.4715E-03    0.1582E-02    0.3279E-01
# With parameters(rot.):     0.2408E-02   -0.2827E-02    0.3279E-01
# Minimization at step:    18 with Value:     0.0001Tol(Act/Req):0.2000E+01/0.1000E-04
# With parameters(tra.):     0.1198E-02    0.1711E-02    0.3246E-01
# With parameters(rot.):     0.1422E-02   -0.1721E-02    0.3246E-01
# Minimization at step:    19 with Value:     0.0001Tol(Act/Req):0.2000E+01/0.1000E-04
# With parameters(tra.):     0.5422E-03    0.1970E-02    0.3308E-01
# With parameters(rot.):     0.3717E-03   -0.2134E-02    0.3308E-01
# Minimization at step:    20 with Value:     0.0001Tol(Act/Req):0.2000E+01/0.1000E-04
# With parameters(tra.):     0.4143E-03    0.9605E-03    0.3178E-01
# With parameters(rot.):     0.2903E-02    0.3723E-03    0.3178E-01
# Minimization at step:    21 with Value:     0.0001Tol(Act/Req):0.2000E+01/0.1000E-04
# With parameters(tra.):     0.3193E-03    0.4207E-03    0.3186E-01
# With parameters(rot.):     0.3494E-02    0.1765E-03    0.3186E-01
# Minimization at step:    22 with Value:     0.0000Tol(Act/Req):0.2000E+01/0.1000E-04
# With parameters(tra.):     0.3434E-03    0.6280E-03    0.3219E-01
# With parameters(rot.):     0.2910E-02   -0.4665E-03    0.3219E-01
# Minimization at step:    23 with Value:     0.0000Tol(Act/Req):0.2000E+01/0.1000E-04
# With parameters(tra.):     0.1511E-02    0.5250E-03    0.3146E-01
# With parameters(rot.):     0.1434E-02    0.2163E-02    0.3146E-01
# Minimization at step:    24 with Value:     0.0000Tol(Act/Req):0.2000E+01/0.1000E-04
# With parameters(tra.):     0.5230E-03    0.5615E-03    0.3215E-01
# With parameters(rot.):    -0.3128E-03    0.2769E-02    0.3215E-01
# Minimization at step:    25 with Value:     0.0000Tol(Act/Req):0.2000E+01/0.1000E-04
# With parameters(tra.):    -0.5996E-03    0.6480E-03    0.3288E-01
# With parameters(rot.):     0.3573E-03    0.9476E-03    0.3288E-01
# Minimization at step:    26 with Value:     0.0000Tol(Act/Req):0.2000E+01/0.1000E-04
# With parameters(tra.):    -0.4461E-03    0.6460E-03    0.3277E-01
# With parameters(rot.):     0.8500E-03    0.6445E-03    0.3277E-01
# Minimization at step:    27 with Value:     0.0000Tol(Act/Req):0.1999E+01/0.1000E-04
# With parameters(tra.):    -0.5574E-03    0.3949E-03    0.3288E-01
# With parameters(rot.):     0.9252E-03    0.5856E-03    0.3288E-01
# Minimization at step:    28 with Value:     0.0000Tol(Act/Req):0.1999E+01/0.1000E-04
# With parameters(tra.):    -0.7465E-03    0.6476E-03    0.3355E-01
# With parameters(rot.):    -0.4463E-03   -0.1159E-03    0.3355E-01
# Minimization at step:    29 with Value:     0.0000Tol(Act/Req):0.1999E+01/0.1000E-04
# With parameters(tra.):    -0.2220E-03    0.6043E-03    0.3336E-01
# With parameters(rot.):    -0.9822E-03    0.5288E-03    0.3336E-01
# Minimization at step:    30 with Value:     0.0000Tol(Act/Req):0.1999E+01/0.1000E-04
# With parameters(tra.):     0.6415E-04    0.5910E-03    0.3333E-01
# With parameters(rot.):    -0.7013E-03    0.4519E-04    0.3333E-01
# Minimization at step:    31 with Value:     0.0000Tol(Act/Req):0.1998E+01/0.1000E-04
# With parameters(tra.):     0.6031E-04    0.4817E-03    0.3343E-01
# With parameters(rot.):    -0.7992E-03   -0.2930E-04    0.3343E-01
# Minimization at step:    32 with Value:     0.0000Tol(Act/Req):0.1998E+01/0.1000E-04
# With parameters(tra.):     0.8041E-04    0.6423E-03    0.4457E-01
# With parameters(rot.):    -0.1066E-02   -0.3906E-04    0.1124E-01
# Minimization at step:    33 with Value:     0.0000Tol(Act/Req):0.1997E+01/0.1000E-04
# With parameters(tra.):     0.3817E-03    0.5146E-03    0.4699E-01
# With parameters(rot.):    -0.5347E-03    0.3309E-03    0.5325E-02
# Minimization at step:    34 with Value:     0.0000Tol(Act/Req):0.1997E+01/0.1000E-04
# With parameters(tra.):     0.4018E-03    0.4638E-03    0.4441E-01
# With parameters(rot.):    -0.4239E-03    0.3642E-03    0.1038E-01
# Minimization at step:    35 with Value:     0.0000Tol(Act/Req):0.1996E+01/0.1000E-04
# With parameters(tra.):     0.2955E-03    0.4504E-03    0.4727E-01
# With parameters(rot.):    -0.1633E-04    0.6849E-06    0.4733E-02
# Minimization at step:    36 with Value:     0.0000Tol(Act/Req):0.1996E+01/0.1000E-04
# With parameters(tra.):     0.3662E-03    0.2215E-03    0.5207E-01
# With parameters(rot.):     0.4881E-04   -0.1383E-03   -0.4641E-02
# Minimization at step:    37 with Value:     0.0000Tol(Act/Req):0.1995E+01/0.1000E-04
# With parameters(tra.):     0.3436E-03    0.1929E-03    0.5364E-01
# With parameters(rot.):     0.6450E-04   -0.7300E-04   -0.7802E-02
# Minimization at step:    38 with Value:     0.0000Tol(Act/Req):0.1993E+01/0.1000E-04
# With parameters(tra.):     0.3241E-03    0.2478E-03    0.5257E-01
# With parameters(rot.):     0.4952E-04   -0.3281E-04   -0.5722E-02
# Minimization at step:    39 with Value:     0.0000Tol(Act/Req):0.1991E+01/0.1000E-04
# With parameters(tra.):     0.1040E-03    0.2439E-03    0.5281E-01
# With parameters(rot.):    -0.1097E-03   -0.4007E-03   -0.5461E-02
# Minimization at step:    40 with Value:     0.0000Tol(Act/Req):0.1990E+01/0.1000E-04
# With parameters(tra.):     0.5970E-04    0.1128E-03    0.5104E-01
# With parameters(rot.):     0.1352E-03   -0.5420E-03   -0.1839E-02
# Minimization at step:    41 with Value:     0.0000Tol(Act/Req):0.1989E+01/0.1000E-04
# With parameters(tra.):     0.5199E-04    0.9188E-05    0.5039E-01
# With parameters(rot.):    -0.8605E-04   -0.4806E-03   -0.2664E-03
# Minimization at step:    42 with Value:     0.0000Tol(Act/Req):0.1988E+01/0.1000E-04
# With parameters(tra.):     0.1027E-03   -0.9413E-05    0.5012E-01
# With parameters(rot.):    -0.4429E-04   -0.3952E-03    0.1015E-03
# Minimization at step:    43 with Value:     0.0000Tol(Act/Req):0.1985E+01/0.1000E-04
# With parameters(tra.):     0.8638E-05   -0.1028E-03    0.5159E-01
# With parameters(rot.):    -0.4795E-04   -0.3779E-03   -0.2664E-02
# Minimization at step:    44 with Value:     0.0000Tol(Act/Req):0.1982E+01/0.1000E-04
# With parameters(tra.):    -0.2742E-04   -0.1046E-03    0.5098E-01
# With parameters(rot.):    -0.6356E-04   -0.3865E-03   -0.1369E-02
# Minimization at step:    45 with Value:     0.0000Tol(Act/Req):0.1975E+01/0.1000E-04
# With parameters(tra.):    -0.4150E-04   -0.5542E-04    0.5161E-01
# With parameters(rot.):     0.1080E-03   -0.4091E-03   -0.2824E-02
# Minimization at step:    46 with Value:     0.0000Tol(Act/Req):0.1966E+01/0.1000E-04
# With parameters(tra.):    -0.4568E-04   -0.2404E-04    0.5299E-01
# With parameters(rot.):    -0.6430E-04   -0.2706E-03   -0.5567E-02
# Minimization at step:    47 with Value:     0.0000Tol(Act/Req):0.1965E+01/0.1000E-04
# With parameters(tra.):     0.6233E-05   -0.6612E-04    0.5341E-01
# With parameters(rot.):     0.1255E-04   -0.5839E-04   -0.6721E-02
# Minimization at step:    48 with Value:     0.0000Tol(Act/Req):0.1958E+01/0.1000E-04
# With parameters(tra.):     0.1161E-04   -0.7747E-04    0.5311E-01
# With parameters(rot.):     0.6202E-04   -0.7534E-04   -0.6131E-02
# Minimization at step:    49 with Value:     0.0000Tol(Act/Req):0.1957E+01/0.1000E-04
# With parameters(tra.):     0.7528E-04   -0.6721E-05    0.5263E-01
# With parameters(rot.):     0.1011E-03    0.1391E-04   -0.5444E-02
# Minimization at step:    50 with Value:     0.0000Tol(Act/Req):0.1955E+01/0.1000E-04
# With parameters(tra.):     0.6806E-04    0.8748E-05    0.5246E-01
# With parameters(rot.):     0.8929E-04   -0.3311E-04   -0.5049E-02
# Minimization at step:    51 with Value:     0.0000Tol(Act/Req):0.1951E+01/0.1000E-04
# With parameters(tra.):     0.2776E-04    0.4296E-04    0.5172E-01
# With parameters(rot.):     0.1090E-03    0.6737E-04   -0.3685E-02
# Minimization at step:    52 with Value:     0.0000Tol(Act/Req):0.1949E+01/0.1000E-04
# With parameters(tra.):    -0.5176E-04   -0.1123E-04    0.5189E-01
# With parameters(rot.):     0.7255E-04   -0.4050E-05   -0.3787E-02
# Minimization at step:    53 with Value:     0.0000Tol(Act/Req):0.1937E+01/0.1000E-04
# With parameters(tra.):    -0.5027E-04   -0.1575E-04    0.5181E-01
# With parameters(rot.):     0.4101E-04    0.3346E-04   -0.3625E-02
# Minimization at step:    54 with Value:     0.0000Tol(Act/Req):0.1935E+01/0.1000E-04
# With parameters(tra.):    -0.3027E-04   -0.2582E-05    0.5176E-01
# With parameters(rot.):     0.4750E-04    0.5444E-04   -0.3586E-02
# Minimization at step:    55 with Value:     0.0000Tol(Act/Req):0.1901E+01/0.1000E-04
# With parameters(tra.):    -0.2503E-04   -0.1493E-04    0.5195E-01
# With parameters(rot.):     0.3744E-04    0.2825E-04   -0.3918E-02
# Minimization at step:    56 with Value:     0.0000Tol(Act/Req):0.1875E+01/0.1000E-04
# With parameters(tra.):    -0.2649E-04   -0.1679E-04    0.5094E-01
# With parameters(rot.):     0.1282E-03    0.2888E-04   -0.2001E-02
# Minimization at step:    57 with Value:     0.0000Tol(Act/Req):0.1869E+01/0.1000E-04
# With parameters(tra.):    -0.3798E-04   -0.1118E-04    0.5073E-01
# With parameters(rot.):     0.1255E-03    0.1054E-04   -0.1550E-02
# Minimization at step:    58 with Value:     0.0000Tol(Act/Req):0.1821E+01/0.1000E-04
# With parameters(tra.):    -0.3857E-04   -0.1025E-04    0.5096E-01
# With parameters(rot.):     0.1026E-03    0.8851E-05   -0.1992E-02
# Minimization at step:    59 with Value:     0.0000Tol(Act/Req):0.1805E+01/0.1000E-04
# With parameters(tra.):    -0.3170E-04   -0.1745E-04    0.5052E-01
# With parameters(rot.):     0.6006E-04    0.7567E-04   -0.1123E-02
# Minimization at step:    60 with Value:     0.0000Tol(Act/Req):0.1784E+01/0.1000E-04
# With parameters(tra.):    -0.2181E-04   -0.1211E-04    0.5039E-01
# With parameters(rot.):     0.6435E-04    0.8793E-04   -0.8979E-03
# Minimization at step:    61 with Value:     0.0000Tol(Act/Req):0.1778E+01/0.1000E-04
# With parameters(tra.):    -0.1026E-04   -0.3586E-04    0.5025E-01
# With parameters(rot.):     0.5320E-04    0.5543E-04   -0.5562E-03
# Minimization at step:    62 with Value:     0.0000Tol(Act/Req):0.1663E+01/0.1000E-04
# With parameters(tra.):    -0.1020E-04   -0.3559E-04    0.5034E-01
# With parameters(rot.):     0.6327E-04    0.3704E-04   -0.7262E-03
# Minimization at step:    63 with Value:     0.0000Tol(Act/Req):0.1646E+01/0.1000E-04
# With parameters(tra.):    -0.2392E-04   -0.3252E-04    0.4978E-01
# With parameters(rot.):     0.3717E-04    0.9184E-05    0.4511E-03
# Minimization at step:    64 with Value:     0.0000Tol(Act/Req):0.1583E+01/0.1000E-04
# With parameters(tra.):    -0.2299E-04   -0.3391E-04    0.4980E-01
# With parameters(rot.):     0.2026E-04    0.8367E-05    0.4339E-03
# Minimization at step:    65 with Value:     0.0000Tol(Act/Req):0.1552E+01/0.1000E-04
# With parameters(tra.):    -0.1949E-04   -0.3480E-04    0.4994E-01
# With parameters(rot.):     0.2538E-04    0.1526E-04    0.1381E-03
# Minimization at step:    66 with Value:     0.0000Tol(Act/Req):0.1528E+01/0.1000E-04
# With parameters(tra.):    -0.2314E-04   -0.2877E-04    0.4995E-01
# With parameters(rot.):     0.2584E-04    0.2004E-04    0.1106E-03
# Minimization at step:    67 with Value:     0.0000Tol(Act/Req):0.1406E+01/0.1000E-04
# With parameters(tra.):    -0.3819E-05   -0.2363E-04    0.4954E-01
# With parameters(rot.):     0.2159E-04    0.2193E-04    0.8961E-03
# Minimization at step:    68 with Value:     0.0000Tol(Act/Req):0.1396E+01/0.1000E-04
# With parameters(tra.):    -0.3254E-05   -0.2250E-04    0.4952E-01
# With parameters(rot.):     0.2315E-04    0.1148E-04    0.9463E-03
# Minimization at step:    69 with Value:     0.0000Tol(Act/Req):0.1118E+01/0.1000E-04
# With parameters(tra.):    -0.8037E-05   -0.2369E-04    0.4962E-01
# With parameters(rot.):     0.2434E-04    0.1013E-04    0.7541E-03
# Minimization at step:    70 with Value:     0.0000Tol(Act/Req):0.1090E+01/0.1000E-04
# With parameters(tra.):    -0.6328E-05   -0.2353E-04    0.4962E-01
# With parameters(rot.):     0.1623E-04    0.9871E-05    0.7722E-03
# Minimization at step:    71 with Value:     0.0000Tol(Act/Req):0.1019E+01/0.1000E-04
# With parameters(tra.):     0.5072E-05   -0.2155E-04    0.4979E-01
# With parameters(rot.):     0.2341E-04    0.2187E-04    0.3920E-03
# Minimization at step:    72 with Value:     0.0000Tol(Act/Req):0.8786E+00/0.1000E-04
# With parameters(tra.):     0.6642E-05   -0.1070E-04    0.4977E-01
# With parameters(rot.):     0.2351E-04    0.2949E-04    0.4210E-03
# Minimization at step:    73 with Value:     0.0000Tol(Act/Req):0.8305E+00/0.1000E-04
# With parameters(tra.):     0.1107E-04   -0.4505E-05    0.4980E-01
# With parameters(rot.):     0.2674E-04    0.1458E-04    0.3462E-03
# Minimization at step:    74 with Value:     0.0000Tol(Act/Req):0.7488E+00/0.1000E-04
# With parameters(tra.):     0.8671E-05   -0.1495E-05    0.5000E-01
# With parameters(rot.):     0.2913E-04    0.1368E-04   -0.4411E-04
# Minimization at step:    75 with Value:     0.0000Tol(Act/Req):0.7334E+00/0.1000E-04
# With parameters(tra.):    -0.1529E-05    0.3204E-05    0.4989E-01
# With parameters(rot.):     0.2386E-04   -0.1042E-05    0.1907E-03
# Minimization at step:    76 with Value:     0.0000Tol(Act/Req):0.6501E+00/0.1000E-04
# With parameters(tra.):    -0.3686E-05    0.2297E-05    0.4989E-01
# With parameters(rot.):     0.2281E-04    0.1382E-05    0.1965E-03
# Minimization at step:    77 with Value:     0.0000Tol(Act/Req):0.6329E+00/0.1000E-04
# With parameters(tra.):    -0.1316E-05    0.1047E-05    0.4992E-01
# With parameters(rot.):     0.2404E-04    0.5265E-05    0.1382E-03
# Minimization at step:    78 with Value:     0.0000Tol(Act/Req):0.4314E+00/0.1000E-04
# With parameters(tra.):     0.2501E-05    0.7427E-05    0.4998E-01
# With parameters(rot.):     0.1382E-04    0.3721E-05    0.6861E-05
# Minimization at step:    79 with Value:     0.0000Tol(Act/Req):0.3763E+00/0.1000E-04
# With parameters(tra.):     0.7445E-07    0.6238E-05    0.5007E-01
# With parameters(rot.):     0.1053E-04   -0.9950E-05   -0.1505E-03
# Minimization at step:    80 with Value:     0.0000Tol(Act/Req):0.3755E+00/0.1000E-04
# With parameters(tra.):    -0.1192E-05    0.6809E-05    0.4997E-01
# With parameters(rot.):     0.2738E-05   -0.1722E-04    0.7423E-04
# Minimization at step:    81 with Value:     0.0000Tol(Act/Req):0.3553E+00/0.1000E-04
# With parameters(tra.):    -0.6911E-06    0.7154E-05    0.4994E-01
# With parameters(rot.):     0.2911E-05   -0.1441E-04    0.1323E-03
# Minimization at step:    82 with Value:     0.0000Tol(Act/Req):0.2979E+00/0.1000E-04
# With parameters(tra.):    -0.3327E-06    0.7040E-05    0.4996E-01
# With parameters(rot.):     0.4874E-05   -0.1236E-04    0.8096E-04
# Minimization at step:    83 with Value:     0.0000Tol(Act/Req):0.2664E+00/0.1000E-04
# With parameters(tra.):    -0.3529E-05    0.6808E-05    0.4998E-01
# With parameters(rot.):    -0.3205E-05   -0.1209E-04    0.5393E-04
# Minimization at step:    84 with Value:     0.0000Tol(Act/Req):0.2424E+00/0.1000E-04
# With parameters(tra.):    -0.5264E-06    0.6373E-05    0.5003E-01
# With parameters(rot.):    -0.8169E-05   -0.1061E-04   -0.5450E-04
# Minimization at step:    85 with Value:     0.0000Tol(Act/Req):0.1565E+00/0.1000E-04
# With parameters(tra.):    -0.3192E-05    0.2920E-05    0.5001E-01
# With parameters(rot.):    -0.8558E-05   -0.1342E-04   -0.4149E-05
# Minimization at step:    86 with Value:     0.0000Tol(Act/Req):0.1507E+00/0.1000E-04
# With parameters(tra.):    -0.2365E-05    0.2654E-05    0.5001E-01
# With parameters(rot.):    -0.6985E-05   -0.1360E-04   -0.2232E-05
# Minimization at step:    87 with Value:     0.0000Tol(Act/Req):0.1444E+00/0.1000E-04
# With parameters(tra.):    -0.1920E-05    0.1843E-05    0.4997E-01
# With parameters(rot.):    -0.9937E-05   -0.7700E-05    0.6906E-04
# Minimization at step:    88 with Value:     0.0000Tol(Act/Req):0.9677E-01/0.1000E-04
# With parameters(tra.):    -0.1779E-05    0.3728E-06    0.5001E-01
# With parameters(rot.):    -0.1070E-04   -0.3455E-05   -0.1093E-04
# Minimization at step:    89 with Value:     0.0000Tol(Act/Req):0.9671E-01/0.1000E-04
# With parameters(tra.):    -0.2384E-05   -0.5471E-07    0.5000E-01
# With parameters(rot.):    -0.1008E-04   -0.3107E-05    0.1077E-04
# Minimization at step:    90 with Value:     0.0000Tol(Act/Req):0.8541E-01/0.1000E-04
# With parameters(tra.):    -0.2834E-05    0.7878E-07    0.5004E-01
# With parameters(rot.):    -0.7899E-05   -0.6380E-05   -0.5727E-04
# Minimization at step:    91 with Value:     0.0000Tol(Act/Req):0.6111E-01/0.1000E-04
# With parameters(tra.):    -0.9374E-06    0.1434E-05    0.5006E-01
# With parameters(rot.):    -0.7420E-05   -0.2161E-05   -0.1085E-03
# Minimization at step:    92 with Value:     0.0000Tol(Act/Req):0.5126E-01/0.1000E-04
# With parameters(tra.):     0.1193E-05    0.4954E-06    0.5007E-01
# With parameters(rot.):    -0.4419E-05    0.1296E-05   -0.1401E-03
# Minimization at step:    93 with Value:     0.0000Tol(Act/Req):0.4953E-01/0.1000E-04
# With parameters(tra.):     0.2089E-05    0.1516E-05    0.5006E-01
# With parameters(rot.):    -0.1821E-05    0.5032E-07   -0.1299E-03
# Minimization at step:    94 with Value:     0.0000Tol(Act/Req):0.4829E-01/0.1000E-04
# With parameters(tra.):     0.1202E-05    0.1886E-06    0.5004E-01
# With parameters(rot.):    -0.4332E-06   -0.3432E-05   -0.8573E-04
# Minimization at step:    95 with Value:     0.0000Tol(Act/Req):0.4710E-01/0.1000E-04
# With parameters(tra.):     0.6705E-06    0.3977E-06    0.5004E-01
# With parameters(rot.):    -0.8515E-06   -0.4691E-05   -0.7330E-04
# Minimization at step:    96 with Value:     0.0000Tol(Act/Req):0.3478E-01/0.1000E-04
# With parameters(tra.):     0.3280E-06    0.4918E-07    0.5004E-01
# With parameters(rot.):    -0.1420E-05   -0.4774E-05   -0.7115E-04
# Minimization at step:    97 with Value:     0.0000Tol(Act/Req):0.3344E-01/0.1000E-04
# With parameters(tra.):     0.2251E-07   -0.7712E-06    0.5003E-01
# With parameters(rot.):     0.2700E-05   -0.4633E-05   -0.5505E-04
# Minimization at step:    98 with Value:     0.0000Tol(Act/Req):0.3265E-01/0.1000E-04
# With parameters(tra.):     0.1274E-05   -0.1144E-05    0.5000E-01
# With parameters(rot.):     0.4780E-05   -0.1868E-05   -0.8946E-05
# Minimization at step:    99 with Value:     0.0000Tol(Act/Req):0.3157E-01/0.1000E-04
# With parameters(tra.):     0.1502E-05   -0.9226E-06    0.5000E-01
# With parameters(rot.):     0.4868E-05   -0.8671E-06   -0.1359E-04
# Minimization at step:   100 with Value:     0.0000Tol(Act/Req):0.3006E-01/0.1000E-04
# With parameters(tra.):     0.3263E-06   -0.4766E-06    0.5003E-01
# With parameters(rot.):     0.2816E-05   -0.3298E-05   -0.6124E-04
# Minimization at step:   101 with Value:     0.0000Tol(Act/Req):0.2781E-01/0.1000E-04
# With parameters(tra.):     0.4279E-06   -0.2470E-06    0.5003E-01
# With parameters(rot.):     0.1796E-05   -0.3222E-05   -0.6578E-04
# Minimization at step:   102 with Value:     0.0000Tol(Act/Req):0.1543E-01/0.1000E-04
# With parameters(tra.):     0.1335E-05   -0.5240E-06    0.5001E-01
# With parameters(rot.):     0.3079E-05   -0.1380E-05   -0.3117E-04
# Minimization at step:   103 with Value:     0.0000Tol(Act/Req):0.1365E-01/0.1000E-04
# With parameters(tra.):     0.9858E-06   -0.1412E-05    0.5001E-01
# With parameters(rot.):     0.3442E-05   -0.4159E-06   -0.1355E-04
# Minimization at step:   104 with Value:     0.0000Tol(Act/Req):0.1090E-01/0.1000E-04
# With parameters(tra.):     0.7463E-06   -0.1458E-05    0.5000E-01
# With parameters(rot.):     0.3591E-05   -0.6887E-06   -0.2348E-05
# Minimization at step:   105 with Value:     0.0000Tol(Act/Req):0.1023E-01/0.1000E-04
# With parameters(tra.):     0.9500E-06   -0.1195E-05    0.5000E-01
# With parameters(rot.):     0.3340E-05    0.1373E-05   -0.7883E-05
# Minimization at step:   106 with Value:     0.0000Tol(Act/Req):0.8910E-02/0.1000E-04
# With parameters(tra.):     0.1044E-05   -0.1159E-05    0.5000E-01
# With parameters(rot.):     0.2959E-05    0.1794E-05   -0.5329E-05
# Minimization at step:   107 with Value:     0.0000Tol(Act/Req):0.8824E-02/0.1000E-04
# With parameters(tra.):     0.1137E-05   -0.9161E-06    0.5000E-01
# With parameters(rot.):     0.2828E-05    0.1737E-05   -0.9052E-05
# Minimization at step:   108 with Value:     0.0000Tol(Act/Req):0.8159E-02/0.1000E-04
# With parameters(tra.):     0.4657E-06   -0.8620E-06    0.5001E-01
# With parameters(rot.):     0.1888E-05    0.1547E-05   -0.2475E-04
# Minimization at step:   109 with Value:     0.0000Tol(Act/Req):0.4767E-02/0.1000E-04
# With parameters(tra.):     0.1917E-06   -0.9763E-06    0.5001E-01
# With parameters(rot.):     0.1713E-05    0.4498E-07   -0.2481E-04
# Minimization at step:   110 with Value:     0.0000Tol(Act/Req):0.4091E-02/0.1000E-04
# With parameters(tra.):    -0.4722E-06   -0.9082E-06    0.5001E-01
# With parameters(rot.):     0.1385E-05   -0.2562E-06   -0.9902E-05
# Minimization at step:   111 with Value:     0.0000Tol(Act/Req):0.3855E-02/0.1000E-04
# With parameters(tra.):    -0.3827E-06   -0.9255E-06    0.5000E-01
# With parameters(rot.):     0.1578E-05   -0.3592E-06   -0.4742E-05
# Minimization at step:   112 with Value:     0.0000Tol(Act/Req):0.3435E-02/0.1000E-04
# With parameters(tra.):    -0.5979E-06   -0.8134E-06    0.5000E-01
# With parameters(rot.):     0.6602E-06   -0.2661E-06   -0.7638E-06
# Minimization at step:   113 with Value:     0.0000Tol(Act/Req):0.3428E-02/0.1000E-04
# With parameters(tra.):    -0.6963E-06   -0.6833E-06    0.5000E-01
# With parameters(rot.):     0.4141E-06   -0.4615E-06   -0.1934E-05
# Minimization at step:   114 with Value:     0.0000Tol(Act/Req):0.2009E-02/0.1000E-04
# With parameters(tra.):    -0.2544E-06   -0.6782E-06    0.5001E-01
# With parameters(rot.):     0.4178E-06   -0.2869E-06   -0.1112E-04
# Minimization at step:   115 with Value:     0.0000Tol(Act/Req):0.1255E-02/0.1000E-04
# With parameters(tra.):    -0.2290E-06   -0.5465E-06    0.5000E-01
# With parameters(rot.):     0.1815E-06    0.3814E-06   -0.7669E-05
# Minimization at step:   116 with Value:     0.0000Tol(Act/Req):0.1197E-02/0.1000E-04
# With parameters(tra.):     0.1421E-08   -0.4549E-06    0.5000E-01
# With parameters(rot.):     0.1019E-06    0.4223E-06    0.1676E-05
# Minimization at step:   117 with Value:     0.0000Tol(Act/Req):0.1116E-02/0.1000E-04
# With parameters(tra.):     0.8724E-07   -0.4437E-06    0.5000E-01
# With parameters(rot.):     0.2083E-06    0.4641E-06    0.1216E-05
# Minimization at step:   118 with Value:     0.0000Tol(Act/Req):0.6794E-03/0.1000E-04
# With parameters(tra.):     0.1515E-06   -0.1036E-06    0.5000E-01
# With parameters(rot.):    -0.3525E-06    0.3819E-06   -0.7486E-07
# Minimization at step:   119 with Value:     0.0000Tol(Act/Req):0.6564E-03/0.1000E-04
# With parameters(tra.):     0.1117E-06   -0.5658E-07    0.5000E-01
# With parameters(rot.):    -0.4174E-06    0.4086E-06    0.2377E-05
# Minimization at step:   120 with Value:     0.0000Tol(Act/Req):0.6495E-03/0.1000E-04
# With parameters(tra.):     0.9231E-07   -0.1377E-06    0.5000E-01
# With parameters(rot.):    -0.2826E-06    0.4313E-06    0.2904E-05
# Minimization at step:   121 with Value:     0.0000Tol(Act/Req):0.4721E-03/0.1000E-04
# With parameters(tra.):     0.1599E-06   -0.1013E-06    0.5000E-01
# With parameters(rot.):    -0.2804E-06    0.1097E-06    0.3821E-05
# Minimization at step:   122 with Value:     0.0000Tol(Act/Req):0.3787E-03/0.1000E-04
# With parameters(tra.):     0.2675E-07   -0.8164E-07    0.5000E-01
# With parameters(rot.):    -0.3163E-06    0.8863E-09   -0.2652E-05
# Minimization at step:   123 with Value:     0.0000Tol(Act/Req):0.1319E-03/0.1000E-04
# With parameters(tra.):     0.6462E-07   -0.4588E-07    0.5000E-01
# With parameters(rot.):    -0.3068E-06   -0.1679E-07   -0.3204E-05
# Minimization at step:   124 with Value:     0.0000Tol(Act/Req):0.1218E-03/0.1000E-04
# With parameters(tra.):     0.5262E-07   -0.7878E-07    0.5000E-01
# With parameters(rot.):    -0.2414E-06   -0.4275E-07   -0.3449E-05
# Minimization at step:   125 with Value:     0.0000Tol(Act/Req):0.1176E-03/0.1000E-04
# With parameters(tra.):     0.3241E-07   -0.8297E-07    0.5000E-01
# With parameters(rot.):    -0.2385E-06   -0.1851E-08   -0.4208E-05
# Minimization at step:   126 with Value:     0.0000Tol(Act/Req):0.1088E-03/0.1000E-04
# With parameters(tra.):    -0.7369E-07    0.2292E-08    0.5000E-01
# With parameters(rot.):    -0.3086E-06   -0.8539E-07   -0.1499E-05
# Minimization at step:   127 with Value:     0.0000Tol(Act/Req):0.8513E-04/0.1000E-04
# With parameters(tra.):    -0.3222E-07    0.1345E-07    0.5000E-01
# With parameters(rot.):    -0.2887E-06   -0.5255E-07    0.2026E-05
# Minimization at step:   128 with Value:     0.0000Tol(Act/Req):0.4309E-04/0.1000E-04
# With parameters(tra.):    -0.2238E-08   -0.6938E-08    0.5000E-01
# With parameters(rot.):    -0.2695E-06   -0.2893E-07    0.1642E-05
# Minimization at step:   129 with Value:     0.0000Tol(Act/Req):0.4140E-04/0.1000E-04
# With parameters(tra.):     0.1112E-07    0.1419E-07    0.5000E-01
# With parameters(rot.):    -0.2617E-06   -0.3878E-07    0.1770E-05
# Minimization at step:   130 with Value:     0.0000Tol(Act/Req):0.3146E-04/0.1000E-04
# With parameters(tra.):    -0.2672E-07   -0.2062E-07    0.5000E-01
# With parameters(rot.):    -0.1377E-06   -0.8938E-07    0.3019E-05
# Minimization at step:   131 with Value:     0.0000Tol(Act/Req):0.2770E-04/0.1000E-04
# With parameters(tra.):    -0.5253E-07   -0.3941E-07    0.5000E-01
# With parameters(rot.):    -0.1006E-06   -0.1235E-06    0.9999E-06
# Minimization at step:   132 with Value:     0.0000Tol(Act/Req):0.2682E-04/0.1000E-04
# With parameters(tra.):    -0.4522E-07   -0.3228E-07    0.5000E-01
# With parameters(rot.):    -0.1285E-06   -0.1137E-06    0.5195E-06
# Minimization at step:   133 with Value:     0.0000Tol(Act/Req):0.1681E-04/0.1000E-04
# With parameters(tra.):    -0.1100E-07   -0.6919E-07    0.5000E-01
# With parameters(rot.):    -0.6449E-07   -0.9952E-07   -0.3365E-06
# Minimization at step:   134 with Value:     0.0000Tol(Act/Req):0.1554E-04/0.1000E-04
# With parameters(tra.):    -0.1083E-08   -0.6697E-07    0.5000E-01
# With parameters(rot.):    -0.7076E-07   -0.8897E-07    0.5677E-07
# Minimization at step:   135 with Value:     0.0000Tol(Act/Req):0.8813E-05/0.1000E-04
# With parameters(tra.):    -0.3977E-07   -0.6925E-07    0.5000E-01
# With parameters(rot.):    -0.2448E-07   -0.4940E-07   -0.1494E-07
# CSM Simplex Values from input minimization.
# Final Number of Simplex optim. Steps:   135
# Final CSM Simplex Value is:      0.00000000000
[molecule] Nrec=   9 Format=nscxyz
  c                1    6   -0.20715472D-06  -0.17204829D-06  -0.47694200D+00
  h                2    1   -0.39532131D-06   0.99999990D+00   0.52305793D+00
  h                3    1    0.70710965D+00   0.70711001D+00   0.52305797D+00
  h                4    1    0.99999976D+00   0.54601660D-07   0.52305803D+00
  h                5    1    0.70710988D+00  -0.70710999D+00   0.52305807D+00
  h                6    1   -0.78592807D-07  -0.10000001D+01   0.52305807D+00
  h                7    1   -0.70711012D+00  -0.70711022D+00   0.52305803D+00
  h                8    1   -0.10000002D+01  -0.26212685D-06   0.52305797D+00
  h                9    1   -0.70711035D+00   0.70710978D+00   0.52305793D+00
# Coordinates rotated along X. New coordinates:
[molecule] Nrec=   9 Format=nscxyz
  c                1    6   -0.91892723D-16  -0.57142857D+00  -0.34989909D-16
  h                2    1    0.13015188D-15   0.42857143D+00  -0.10000000D+01
  h                3    1    0.70711000D+00   0.42857143D+00  -0.70711000D+00
  h                4    1    0.10000000D+01   0.42857143D+00   0.87474771D-16
  h                5    1    0.70711000D+00   0.42857143D+00   0.70711000D+00
  h                6    1    0.76872022D-17   0.42857143D+00   0.10000000D+01
  h                7    1   -0.70711000D+00   0.42857143D+00   0.70711000D+00
  h                8    1   -0.10000000D+01   0.42857143D+00  -0.34989909D-16
  h                9    1   -0.70711000D+00   0.42857143D+00  -0.70711000D+00
# Minimization at step:     0 with Value:     0.0098Tol(Act/Req):0.2000E+01/0.1000E-04
# With parameters(tra.):     0.1429E-01    0.1429E-01    0.1429E-01
# With parameters(rot.):     0.1429E-01    0.1429E-01    0.1429E-01
# Minimization at step:     1 with Value:     0.0069Tol(Act/Req):0.2000E+01/0.1000E-04
# With parameters(tra.):     0.7143E-02    0.1548E-01    0.1548E-01
# With parameters(rot.):     0.1548E-01    0.1548E-01    0.1548E-01
# Minimization at step:     2 with Value:     0.0039Tol(Act/Req):0.2000E+01/0.1000E-04
# With parameters(tra.):     0.8929E-02   -0.5655E-02    0.1935E-01
# With parameters(rot.):     0.1935E-01    0.1935E-01    0.1935E-01
# Minimization at step:     3 with Value:     0.0031Tol(Act/Req):0.2000E+01/0.1000E-04
# With parameters(tra.):     0.9673E-02   -0.6126E-02    0.2096E-01
# With parameters(rot.):     0.1262E-01    0.2096E-01    0.2096E-01
# Minimization at step:     4 with Value:     0.0024Tol(Act/Req):0.2000E+01/0.1000E-04
# With parameters(tra.):     0.1048E-01   -0.6636E-02    0.2270E-01
# With parameters(rot.):     0.1368E-01    0.1437E-01    0.2270E-01
# Minimization at step:     5 with Value:     0.0017Tol(Act/Req):0.2000E+01/0.1000E-04
# With parameters(tra.):     0.7185E-02   -0.7884E-02    0.2390E-01
# With parameters(rot.):     0.1412E-01    0.1487E-01    0.2390E-01
# Minimization at step:     6 with Value:     0.0011Tol(Act/Req):0.2000E+01/0.1000E-04
# With parameters(tra.):     0.5857E-02    0.2124E-02    0.2311E-01
# With parameters(rot.):     0.1088E-01    0.1182E-01    0.2311E-01
# Minimization at step:     7 with Value:     0.0010Tol(Act/Req):0.2000E+01/0.1000E-04
# With parameters(tra.):     0.6073E-02    0.3932E-02    0.2705E-01
# With parameters(rot.):    -0.3143E-02    0.1200E-01    0.2705E-01
# Minimization at step:     8 with Value:     0.0008Tol(Act/Req):0.2000E+01/0.1000E-04
# With parameters(tra.):     0.6108E-02    0.4557E-02    0.2828E-01
# With parameters(rot.):    -0.4018E-02    0.8509E-02    0.2828E-01
# Minimization at step:     9 with Value:     0.0006Tol(Act/Req):0.2000E+01/0.1000E-04
# With parameters(tra.):     0.4372E-02    0.4970E-02    0.2925E-01
# With parameters(rot.):    -0.5307E-02    0.8230E-02    0.2925E-01
# Minimization at step:    10 with Value:     0.0004Tol(Act/Req):0.2000E+01/0.1000E-04
# With parameters(tra.):     0.4470E-02    0.3539E-02    0.2989E-01
# With parameters(rot.):    -0.6116E-02    0.8440E-02    0.2989E-01
# Minimization at step:    11 with Value:     0.0003Tol(Act/Req):0.2000E+01/0.1000E-04
# With parameters(tra.):     0.4282E-02    0.3055E-02    0.2914E-01
# With parameters(rot.):    -0.2858E-02    0.8098E-02    0.2914E-01
# Minimization at step:    12 with Value:     0.0003Tol(Act/Req):0.2000E+01/0.1000E-04
# With parameters(tra.):     0.3745E-02    0.3805E-02    0.3190E-01
# With parameters(rot.):    -0.4223E-02    0.9793E-03    0.3190E-01
# Minimization at step:    13 with Value:     0.0002Tol(Act/Req):0.2000E+01/0.1000E-04
# With parameters(tra.):     0.6321E-04    0.4242E-02    0.3471E-01
# With parameters(rot.):    -0.6439E-02   -0.1995E-02    0.3471E-01
# Minimization at step:    14 with Value:     0.0002Tol(Act/Req):0.2000E+01/0.1000E-04
# With parameters(tra.):    -0.1093E-03    0.4091E-02    0.3425E-01
# With parameters(rot.):    -0.6283E-02   -0.4635E-03    0.3425E-01
# Minimization at step:    15 with Value:     0.0002Tol(Act/Req):0.2000E+01/0.1000E-04
# With parameters(tra.):    -0.4421E-03    0.3422E-02    0.3494E-01
# With parameters(rot.):    -0.6701E-02   -0.1101E-02    0.3494E-01
# Minimization at step:    16 with Value:     0.0002Tol(Act/Req):0.2000E+01/0.1000E-04
# With parameters(tra.):    -0.2392E-02    0.2575E-02    0.3538E-01
# With parameters(rot.):    -0.1466E-02   -0.4850E-02    0.3538E-01
# Minimization at step:    17 with Value:     0.0001Tol(Act/Req):0.2000E+01/0.1000E-04
# With parameters(tra.):     0.4715E-03    0.1582E-02    0.3279E-01
# With parameters(rot.):     0.2408E-02   -0.2827E-02    0.3279E-01
# Minimization at step:    18 with Value:     0.0001Tol(Act/Req):0.2000E+01/0.1000E-04
# With parameters(tra.):     0.1198E-02    0.1711E-02    0.3246E-01
# With parameters(rot.):     0.1422E-02   -0.1721E-02    0.3246E-01
# Minimization at step:    19 with Value:     0.0001Tol(Act/Req):0.2000E+01/0.1000E-04
# With parameters(tra.):     0.5422E-03    0.1970E-02    0.3308E-01
# With parameters(rot.):     0.3717E-03   -0.2134E-02    0.3308E-01
# Minimization at step:    20 with Value:     0.0001Tol(Act/Req):0.2000E+01/0.1000E-04
# With parameters(tra.):     0.4143E-03    0.9605E-03    0.3178E-01
# With parameters(rot.):     0.2903E-02    0.3723E-03    0.3178E-01
# Minimization at step:    21 with Value:     0.0001Tol(Act/Req):0.2000E+01/0.1000E-04
# With parameters(tra.):     0.3193E-03    0.4207E-03    0.3186E-01
# With parameters(rot.):     0.3494E-02    0.1765E-03    0.3186E-01
# Minimization at step:    22 with Value:     0.0000Tol(Act/Req):0.2000E+01/0.1000E-04
# With parameters(tra.):     0.3434E-03    0.6280E-03    0.3219E-01
# With parameters(rot.):     0.2910E-02   -0.4665E-03    0.3219E-01
# Minimization at step:    23 with Value:     0.0000Tol(Act/Req):0.2000E+01/0.1000E-04
# With parameters(tra.):     0.1511E-02    0.5250E-03    0.3146E-01
# With parameters(rot.):     0.1434E-02    0.2163E-02    0.3146E-01
# Minimization at step:    24 with Value:     0.0000Tol(Act/Req):0.2000E+01/0.1000E-04
# With parameters(tra.):     0.5230E-03    0.5615E-03    0.3215E-01
# With parameters(rot.):    -0.3128E-03    0.2769E-02    0.3215E-01
# Minimization at step:    25 with Value:     0.0000Tol(Act/Req):0.2000E+01/0.1000E-04
# With parameters(tra.):    -0.5996E-03    0.6480E-03    0.3288E-01
# With parameters(rot.):     0.3573E-03    0.9476E-03    0.3288E-01
# Minimization at step:    26 with Value:     0.0000Tol(Act/Req):0.2000E+01/0.1000E-04
# With parameters(tra.):    -0.4461E-03    0.6460E-03    0.3277E-01
# With parameters(rot.):     0.8500E-03    0.6445E-03    0.3277E-01
# Minimization at step:    27 with Value:     0.0000Tol(Act/Req):0.1999E+01/0.1000E-04
# With parameters(tra.):    -0.5574E-03    0.3949E-03    0.3288E-01
# With parameters(rot.):     0.9252E-03    0.5856E-03    0.3288E-01
# Minimization at step:    28 with Value:     0.0000Tol(Act/Req):0.1999E+01/0.1000E-04
# With parameters(tra.):    -0.7465E-03    0.6476E-03    0.3355E-01
# With parameters(rot.):    -0.4463E-03   -0.1159E-03    0.3355E-01
# Minimization at step:    29 with Value:     0.0000Tol(Act/Req):0.1999E+01/0.1000E-04
# With parameters(tra.):    -0.2220E-03    0.6043E-03    0.3336E-01
# With parameters(rot.):    -0.9822E-03    0.5288E-03    0.3336E-01
# Minimization at step:    30 with Value:     0.0000Tol(Act/Req):0.1999E+01/0.1000E-04
# With parameters(tra.):     0.6415E-04    0.5910E-03    0.3333E-01
# With parameters(rot.):    -0.7013E-03    0.4519E-04    0.3333E-01
# Minimization at step:    31 with Value:     0.0000Tol(Act/Req):0.1998E+01/0.1000E-04
# With parameters(tra.):     0.6031E-04    0.4817E-03    0.3343E-01
# With parameters(rot.):    -0.7992E-03   -0.2930E-04    0.3343E-01
# Minimization at step:    32 with Value:     0.0000Tol(Act/Req):0.1998E+01/0.1000E-04
# With parameters(tra.):     0.8041E-04    0.6423E-03    0.4457E-01
# With parameters(rot.):    -0.1066E-02   -0.3906E-04    0.1124E-01
# Minimization at step:    33 with Value:     0.0000Tol(Act/Req):0.1997E+01/0.1000E-04
# With parameters(tra.):     0.3817E-03    0.5146E-03    0.4699E-01
# With parameters(rot.):    -0.5347E-03    0.3309E-03    0.5325E-02
# Minimization at step:    34 with Value:     0.0000Tol(Act/Req):0.1997E+01/0.1000E-04
# With parameters(tra.):     0.4018E-03    0.4638E-03    0.4441E-01
# With parameters(rot.):    -0.4239E-03    0.3642E-03    0.1038E-01
# Minimization at step:    35 with Value:     0.0000Tol(Act/Req):0.1996E+01/0.1000E-04
# With parameters(tra.):     0.2955E-03    0.4504E-03    0.4727E-01
# With parameters(rot.):    -0.1633E-04    0.6849E-06    0.4733E-02
# Minimization at step:    36 with Value:     0.0000Tol(Act/Req):0.1996E+01/0.1000E-04
# With parameters(tra.):     0.3662E-03    0.2215E-03    0.5207E-01
# With parameters(rot.):     0.4881E-04   -0.1383E-03   -0.4641E-02
# Minimization at step:    37 with Value:     0.0000Tol(Act/Req):0.1995E+01/0.1000E-04
# With parameters(tra.):     0.3436E-03    0.1929E-03    0.5364E-01
# With parameters(rot.):     0.6450E-04   -0.7300E-04   -0.7802E-02
# Minimization at step:    38 with Value:     0.0000Tol(Act/Req):0.1993E+01/0.1000E-04
# With parameters(tra.):     0.3241E-03    0.2478E-03    0.5257E-01
# With parameters(rot.):     0.4952E-04   -0.3281E-04   -0.5722E-02
# Minimization at step:    39 with Value:     0.0000Tol(Act/Req):0.1991E+01/0.1000E-04
# With parameters(tra.):     0.1040E-03    0.2439E-03    0.5281E-01
# With parameters(rot.):    -0.1097E-03   -0.4007E-03   -0.5461E-02
# Minimization at step:    40 with Value:     0.0000Tol(Act/Req):0.1990E+01/0.1000E-04
# With parameters(tra.):     0.5970E-04    0.1128E-03    0.5104E-01
# With parameters(rot.):     0.1352E-03   -0.5420E-03   -0.1839E-02
# Minimization at step:    41 with Value:     0.0000Tol(Act/Req):0.1989E+01/0.1000E-04
# With parameters(tra.):     0.5199E-04    0.9188E-05    0.5039E-01
# With parameters(rot.):    -0.8605E-04   -0.4806E-03   -0.2664E-03
# Minimization at step:    42 with Value:     0.0000Tol(Act/Req):0.1988E+01/0.1000E-04
# With parameters(tra.):     0.1027E-03   -0.9413E-05    0.5012E-01
# With parameters(rot.):    -0.4429E-04   -0.3952E-03    0.1015E-03
# Minimization at step:    43 with Value:     0.0000Tol(Act/Req):0.1985E+01/0.1000E-04
# With parameters(tra.):     0.8638E-05   -0.1028E-03    0.5159E-01
# With parameters(rot.):    -0.4795E-04   -0.3779E-03   -0.2664E-02
# Minimization at step:    44 with Value:     0.0000Tol(Act/Req):0.1982E+01/0.1000E-04
# With parameters(tra.):    -0.2742E-04   -0.1046E-03    0.5098E-01
# With parameters(rot.):    -0.6356E-04   -0.3865E-03   -0.1369E-02
# Minimization at step:    45 with Value:     0.0000Tol(Act/Req):0.1975E+01/0.1000E-04
# With parameters(tra.):    -0.4150E-04   -0.5542E-04    0.5161E-01
# With parameters(rot.):     0.1080E-03   -0.4091E-03   -0.2824E-02
# Minimization at step:    46 with Value:     0.0000Tol(Act/Req):0.1966E+01/0.1000E-04
# With parameters(tra.):    -0.4568E-04   -0.2404E-04    0.5299E-01
# With parameters(rot.):    -0.6430E-04   -0.2706E-03   -0.5567E-02
# Minimization at step:    47 with Value:     0.0000Tol(Act/Req):0.1965E+01/0.1000E-04
# With parameters(tra.):     0.6233E-05   -0.6612E-04    0.5341E-01
# With parameters(rot.):     0.1255E-04   -0.5839E-04   -0.6721E-02
# Minimization at step:    48 with Value:     0.0000Tol(Act/Req):0.1958E+01/0.1000E-04
# With parameters(tra.):     0.1161E-04   -0.7747E-04    0.5311E-01
# With parameters(rot.):     0.6202E-04   -0.7534E-04   -0.6131E-02
# Minimization at step:    49 with Value:     0.0000Tol(Act/Req):0.1957E+01/0.1000E-04
# With parameters(tra.):     0.7528E-04   -0.6721E-05    0.5263E-01
# With parameters(rot.):     0.1011E-03    0.1391E-04   -0.5444E-02
# Minimization at step:    50 with Value:     0.0000Tol(Act/Req):0.1955E+01/0.1000E-04
# With parameters(tra.):     0.6806E-04    0.8748E-05    0.5246E-01
# With parameters(rot.):     0.8929E-04   -0.3311E-04   -0.5049E-02
# Minimization at step:    51 with Value:     0.0000Tol(Act/Req):0.1951E+01/0.1000E-04
# With parameters(tra.):     0.2776E-04    0.4296E-04    0.5172E-01
# With parameters(rot.):     0.1090E-03    0.6737E-04   -0.3685E-02
# Minimization at step:    52 with Value:     0.0000Tol(Act/Req):0.1949E+01/0.1000E-04
# With parameters(tra.):    -0.5176E-04   -0.1123E-04    0.5189E-01
# With parameters(rot.):     0.7255E-04   -0.4050E-05   -0.3787E-02
# Minimization at step:    53 with Value:     0.0000Tol(Act/Req):0.1937E+01/0.1000E-04
# With parameters(tra.):    -0.5027E-04   -0.1575E-04    0.5181E-01
# With parameters(rot.):     0.4101E-04    0.3346E-04   -0.3625E-02
# Minimization at step:    54 with Value:     0.0000Tol(Act/Req):0.1935E+01/0.1000E-04
# With parameters(tra.):    -0.3027E-04   -0.2582E-05    0.5176E-01
# With parameters(rot.):     0.4750E-04    0.5444E-04   -0.3586E-02
# Minimization at step:    55 with Value:     0.0000Tol(Act/Req):0.1901E+01/0.1000E-04
# With parameters(tra.):    -0.2503E-04   -0.1493E-04    0.5195E-01
# With parameters(rot.):     0.3744E-04    0.2825E-04   -0.3918E-02
# Minimization at step:    56 with Value:     0.0000Tol(Act/Req):0.1875E+01/0.1000E-04
# With parameters(tra.):    -0.2649E-04   -0.1679E-04    0.5094E-01
# With parameters(rot.):     0.1282E-03    0.2888E-04   -0.2001E-02
# Minimization at step:    57 with Value:     0.0000Tol(Act/Req):0.1869E+01/0.1000E-04
# With parameters(tra.):    -0.3798E-04   -0.1118E-04    0.5073E-01
# With parameters(rot.):     0.1255E-03    0.1054E-04   -0.1550E-02
# Minimization at step:    58 with Value:     0.0000Tol(Act/Req):0.1821E+01/0.1000E-04
# With parameters(tra.):    -0.3857E-04   -0.1025E-04    0.5096E-01
# With parameters(rot.):     0.1026E-03    0.8851E-05   -0.1992E-02
# Minimization at step:    59 with Value:     0.0000Tol(Act/Req):0.1805E+01/0.1000E-04
# With parameters(tra.):    -0.3170E-04   -0.1745E-04    0.5052E-01
# With parameters(rot.):     0.6006E-04    0.7567E-04   -0.1123E-02
# Minimization at step:    60 with Value:     0.0000Tol(Act/Req):0.1784E+01/0.1000E-04
# With parameters(tra.):    -0.2181E-04   -0.1211E-04    0.5039E-01
# With parameters(rot.):     0.6435E-04    0.8793E-04   -0.8979E-03
# Minimization at step:    61 with Value:     0.0000Tol(Act/Req):0.1778E+01/0.1000E-04
# With parameters(tra.):    -0.1026E-04   -0.3586E-04    0.5025E-01
# With parameters(rot.):     0.5320E-04    0.5543E-04   -0.5562E-03
# Minimization at step:    62 with Value:     0.0000Tol(Act/Req):0.1663E+01/0.1000E-04
# With parameters(tra.):    -0.1020E-04   -0.3559E-04    0.5034E-01
# With parameters(rot.):     0.6327E-04    0.3704E-04   -0.7262E-03
# Minimization at step:    63 with Value:     0.0000Tol(Act/Req):0.1646E+01/0.1000E-04
# With parameters(tra.):    -0.2392E-04   -0.3252E-04    0.4978E-01
# With parameters(rot.):     0.3717E-04    0.9184E-05    0.4511E-03
# Minimization at step:    64 with Value:     0.0000Tol(Act/Req):0.1583E+01/0.1000E-04
# With parameters(tra.):    -0.2299E-04   -0.3391E-04    0.4980E-01
# With parameters(rot.):     0.2026E-04    0.8367E-05    0.4339E-03
# Minimization at step:    65 with Value:     0.0000Tol(Act/Req):0.1552E+01/0.1000E-04
# With parameters(tra.):    -0.1949E-04   -0.3480E-04    0.4994E-01
# With parameters(rot.):     0.2538E-04    0.1526E-04    0.1381E-03
# Minimization at step:    66 with Value:     0.0000Tol(Act/Req):0.1528E+01/0.1000E-04
# With parameters(tra.):    -0.2314E-04   -0.2877E-04    0.4995E-01
# With parameters(rot.):     0.2584E-04    0.2004E-04    0.1106E-03
# Minimization at step:    67 with Value:     0.0000Tol(Act/Req):0.1406E+01/0.1000E-04
# With parameters(tra.):    -0.3819E-05   -0.2363E-04    0.4954E-01
# With parameters(rot.):     0.2159E-04    0.2193E-04    0.8961E-03
# Minimization at step:    68 with Value:     0.0000Tol(Act/Req):0.1396E+01/0.1000E-04
# With parameters(tra.):    -0.3254E-05   -0.2250E-04    0.4952E-01
# With parameters(rot.):     0.2315E-04    0.1148E-04    0.9463E-03
# Minimization at step:    69 with Value:     0.0000Tol(Act/Req):0.1118E+01/0.1000E-04
# With parameters(tra.):    -0.8037E-05   -0.2369E-04    0.4962E-01
# With parameters(rot.):     0.2434E-04    0.1013E-04    0.7541E-03
# Minimization at step:    70 with Value:     0.0000Tol(Act/Req):0.1090E+01/0.1000E-04
# With parameters(tra.):    -0.6328E-05   -0.2353E-04    0.4962E-01
# With parameters(rot.):     0.1623E-04    0.9871E-05    0.7722E-03
# Minimization at step:    71 with Value:     0.0000Tol(Act/Req):0.1019E+01/0.1000E-04
# With parameters(tra.):     0.5072E-05   -0.2155E-04    0.4979E-01
# With parameters(rot.):     0.2341E-04    0.2187E-04    0.3920E-03
# Minimization at step:    72 with Value:     0.0000Tol(Act/Req):0.8786E+00/0.1000E-04
# With parameters(tra.):     0.6642E-05   -0.1070E-04    0.4977E-01
# With parameters(rot.):     0.2351E-04    0.2949E-04    0.4210E-03
# Minimization at step:    73 with Value:     0.0000Tol(Act/Req):0.8305E+00/0.1000E-04
# With parameters(tra.):     0.1107E-04   -0.4505E-05    0.4980E-01
# With parameters(rot.):     0.2674E-04    0.1458E-04    0.3462E-03
# Minimization at step:    74 with Value:     0.0000Tol(Act/Req):0.7488E+00/0.1000E-04
# With parameters(tra.):     0.8671E-05   -0.1495E-05    0.5000E-01
# With parameters(rot.):     0.2913E-04    0.1368E-04   -0.4411E-04
# Minimization at step:    75 with Value:     0.0000Tol(Act/Req):0.7334E+00/0.1000E-04
# With parameters(tra.):    -0.1529E-05    0.3204E-05    0.4989E-01
# With parameters(rot.):     0.2386E-04   -0.1042E-05    0.1907E-03
# Minimization at step:    76 with Value:     0.0000Tol(Act/Req):0.6501E+00/0.1000E-04
# With parameters(tra.):    -0.3686E-05    0.2297E-05    0.4989E-01
# With parameters(rot.):     0.2281E-04    0.1382E-05    0.1965E-03
# Minimization at step:    77 with Value:     0.0000Tol(Act/Req):0.6329E+00/0.1000E-04
# With parameters(tra.):    -0.1316E-05    0.1047E-05    0.4992E-01
# With parameters(rot.):     0.2404E-04    0.5265E-05    0.1382E-03
# Minimization at step:    78 with Value:     0.0000Tol(Act/Req):0.4314E+00/0.1000E-04
# With parameters(tra.):     0.2501E-05    0.7427E-05    0.4998E-01
# With parameters(rot.):     0.1382E-04    0.3721E-05    0.6861E-05
# Minimization at step:    79 with Value:     0.0000Tol(Act/Req):0.3763E+00/0.1000E-04
# With parameters(tra.):     0.7445E-07    0.6238E-05    0.5007E-01
# With parameters(rot.):     0.1053E-04   -0.9950E-05   -0.1505E-03
# Minimization at step:    80 with Value:     0.0000Tol(Act/Req):0.3755E+00/0.1000E-04
# With parameters(tra.):    -0.1192E-05    0.6809E-05    0.4997E-01
# With parameters(rot.):     0.2738E-05   -0.1722E-04    0.7423E-04
# Minimization at step:    81 with Value:     0.0000Tol(Act/Req):0.3553E+00/0.1000E-04
# With parameters(tra.):    -0.6911E-06    0.7154E-05    0.4994E-01
# With parameters(rot.):     0.2911E-05   -0.1441E-04    0.1323E-03
# Minimization at step:    82 with Value:     0.0000Tol(Act/Req):0.2979E+00/0.1000E-04
# With parameters(tra.):    -0.3327E-06    0.7040E-05    0.4996E-01
# With parameters(rot.):     0.4874E-05   -0.1236E-04    0.8096E-04
# Minimization at step:    83 with Value:     0.0000Tol(Act/Req):0.2664E+00/0.1000E-04
# With parameters(tra.):    -0.3529E-05    0.6808E-05    0.4998E-01
# With parameters(rot.):    -0.3205E-05   -0.1209E-04    0.5393E-04
# Minimization at step:    84 with Value:     0.0000Tol(Act/Req):0.2424E+00/0.1000E-04
# With parameters(tra.):    -0.5264E-06    0.6373E-05    0.5003E-01
# With parameters(rot.):    -0.8169E-05   -0.1061E-04   -0.5450E-04
# Minimization at step:    85 with Value:     0.0000Tol(Act/Req):0.1565E+00/0.1000E-04
# With parameters(tra.):    -0.3192E-05    0.2920E-05    0.5001E-01
# With parameters(rot.):    -0.8558E-05   -0.1342E-04   -0.4149E-05
# Minimization at step:    86 with Value:     0.0000Tol(Act/Req):0.1507E+00/0.1000E-04
# With parameters(tra.):    -0.2365E-05    0.2654E-05    0.5001E-01
# With parameters(rot.):    -0.6985E-05   -0.1360E-04   -0.2232E-05
# Minimization at step:    87 with Value:     0.0000Tol(Act/Req):0.1444E+00/0.1000E-04
# With parameters(tra.):    -0.1920E-05    0.1843E-05    0.4997E-01
# With parameters(rot.):    -0.9937E-05   -0.7700E-05    0.6906E-04
# Minimization at step:    88 with Value:     0.0000Tol(Act/Req):0.9677E-01/0.1000E-04
# With parameters(tra.):    -0.1779E-05    0.3728E-06    0.5001E-01
# With parameters(rot.):    -0.1070E-04   -0.3455E-05   -0.1093E-04
# Minimization at step:    89 with Value:     0.0000Tol(Act/Req):0.9671E-01/0.1000E-04
# With parameters(tra.):    -0.2384E-05   -0.5471E-07    0.5000E-01
# With parameters(rot.):    -0.1008E-04   -0.3107E-05    0.1077E-04
# Minimization at step:    90 with Value:     0.0000Tol(Act/Req):0.8541E-01/0.1000E-04
# With parameters(tra.):    -0.2834E-05    0.7878E-07    0.5004E-01
# With parameters(rot.):    -0.7899E-05   -0.6380E-05   -0.5727E-04
# Minimization at step:    91 with Value:     0.0000Tol(Act/Req):0.6111E-01/0.1000E-04
# With parameters(tra.):    -0.9374E-06    0.1434E-05    0.5006E-01
# With parameters(rot.):    -0.7420E-05   -0.2161E-05   -0.1085E-03
# Minimization at step:    92 with Value:     0.0000Tol(Act/Req):0.5126E-01/0.1000E-04
# With parameters(tra.):     0.1193E-05    0.4954E-06    0.5007E-01
# With parameters(rot.):    -0.4419E-05    0.1296E-05   -0.1401E-03
# Minimization at step:    93 with Value:     0.0000Tol(Act/Req):0.4953E-01/0.1000E-04
# With parameters(tra.):     0.2089E-05    0.1516E-05    0.5006E-01
# With parameters(rot.):    -0.1821E-05    0.5032E-07   -0.1299E-03
# Minimization at step:    94 with Value:     0.0000Tol(Act/Req):0.4829E-01/0.1000E-04
# With parameters(tra.):     0.1202E-05    0.1886E-06    0.5004E-01
# With parameters(rot.):    -0.4332E-06   -0.3432E-05   -0.8573E-04
# Minimization at step:    95 with Value:     0.0000Tol(Act/Req):0.4710E-01/0.1000E-04
# With parameters(tra.):     0.6705E-06    0.3977E-06    0.5004E-01
# With parameters(rot.):    -0.8515E-06   -0.4691E-05   -0.7330E-04
# Minimization at step:    96 with Value:     0.0000Tol(Act/Req):0.3478E-01/0.1000E-04
# With parameters(tra.):     0.3280E-06    0.4918E-07    0.5004E-01
# With parameters(rot.):    -0.1420E-05   -0.4774E-05   -0.7115E-04
# Minimization at step:    97 with Value:     0.0000Tol(Act/Req):0.3344E-01/0.1000E-04
# With parameters(tra.):     0.2251E-07   -0.7712E-06    0.5003E-01
# With parameters(rot.):     0.2700E-05   -0.4633E-05   -0.5505E-04
# Minimization at step:    98 with Value:     0.0000Tol(Act/Req):0.3265E-01/0.1000E-04
# With parameters(tra.):     0.1274E-05   -0.1144E-05    0.5000E-01
# With parameters(rot.):     0.4780E-05   -0.1868E-05   -0.8946E-05
# Minimization at step:    99 with Value:     0.0000Tol(Act/Req):0.3157E-01/0.1000E-04
# With parameters(tra.):     0.1502E-05   -0.9226E-06    0.5000E-01
# With parameters(rot.):     0.4868E-05   -0.8671E-06   -0.1359E-04
# Minimization at step:   100 with Value:     0.0000Tol(Act/Req):0.3006E-01/0.1000E-04
# With parameters(tra.):     0.3263E-06   -0.4766E-06    0.5003E-01
# With parameters(rot.):     0.2816E-05   -0.3298E-05   -0.6124E-04
# Minimization at step:   101 with Value:     0.0000Tol(Act/Req):0.2781E-01/0.1000E-04
# With parameters(tra.):     0.4279E-06   -0.2470E-06    0.5003E-01
# With parameters(rot.):     0.1796E-05   -0.3222E-05   -0.6578E-04
# Minimization at step:   102 with Value:     0.0000Tol(Act/Req):0.1543E-01/0.1000E-04
# With parameters(tra.):     0.1335E-05   -0.5240E-06    0.5001E-01
# With parameters(rot.):     0.3079E-05   -0.1380E-05   -0.3117E-04
# Minimization at step:   103 with Value:     0.0000Tol(Act/Req):0.1365E-01/0.1000E-04
# With parameters(tra.):     0.9858E-06   -0.1412E-05    0.5001E-01
# With parameters(rot.):     0.3442E-05   -0.4159E-06   -0.1355E-04
# Minimization at step:   104 with Value:     0.0000Tol(Act/Req):0.1090E-01/0.1000E-04
# With parameters(tra.):     0.7463E-06   -0.1458E-05    0.5000E-01
# With parameters(rot.):     0.3591E-05   -0.6887E-06   -0.2348E-05
# Minimization at step:   105 with Value:     0.0000Tol(Act/Req):0.1023E-01/0.1000E-04
# With parameters(tra.):     0.9500E-06   -0.1195E-05    0.5000E-01
# With parameters(rot.):     0.3340E-05    0.1373E-05   -0.7883E-05
# Minimization at step:   106 with Value:     0.0000Tol(Act/Req):0.8910E-02/0.1000E-04
# With parameters(tra.):     0.1044E-05   -0.1159E-05    0.5000E-01
# With parameters(rot.):     0.2959E-05    0.1794E-05   -0.5329E-05
# Minimization at step:   107 with Value:     0.0000Tol(Act/Req):0.8824E-02/0.1000E-04
# With parameters(tra.):     0.1137E-05   -0.9161E-06    0.5000E-01
# With parameters(rot.):     0.2828E-05    0.1737E-05   -0.9052E-05
# Minimization at step:   108 with Value:     0.0000Tol(Act/Req):0.8159E-02/0.1000E-04
# With parameters(tra.):     0.4657E-06   -0.8620E-06    0.5001E-01
# With parameters(rot.):     0.1888E-05    0.1547E-05   -0.2475E-04
# Minimization at step:   109 with Value:     0.0000Tol(Act/Req):0.4767E-02/0.1000E-04
# With parameters(tra.):     0.1917E-06   -0.9763E-06    0.5001E-01
# With parameters(rot.):     0.1713E-05    0.4498E-07   -0.2481E-04
# Minimization at step:   110 with Value:     0.0000Tol(Act/Req):0.4091E-02/0.1000E-04
# With parameters(tra.):    -0.4722E-06   -0.9082E-06    0.5001E-01
# With parameters(rot.):     0.1385E-05   -0.2562E-06   -0.9902E-05
# Minimization at step:   111 with Value:     0.0000Tol(Act/Req):0.3855E-02/0.1000E-04
# With parameters(tra.):    -0.3827E-06   -0.9255E-06    0.5000E-01
# With parameters(rot.):     0.1578E-05   -0.3592E-06   -0.4742E-05
# Minimization at step:   112 with Value:     0.0000Tol(Act/Req):0.3435E-02/0.1000E-04
# With parameters(tra.):    -0.5979E-06   -0.8134E-06    0.5000E-01
# With parameters(rot.):     0.6602E-06   -0.2661E-06   -0.7638E-06
# Minimization at step:   113 with Value:     0.0000Tol(Act/Req):0.3428E-02/0.1000E-04
# With parameters(tra.):    -0.6963E-06   -0.6833E-06    0.5000E-01
# With parameters(rot.):     0.4141E-06   -0.4615E-06   -0.1934E-05
# Minimization at step:   114 with Value:     0.0000Tol(Act/Req):0.2009E-02/0.1000E-04
# With parameters(tra.):    -0.2544E-06   -0.6782E-06    0.5001E-01
# With parameters(rot.):     0.4178E-06   -0.2869E-06   -0.1112E-04
# Minimization at step:   115 with Value:     0.0000Tol(Act/Req):0.1255E-02/0.1000E-04
# With parameters(tra.):    -0.2290E-06   -0.5465E-06    0.5000E-01
# With parameters(rot.):     0.1815E-06    0.3814E-06   -0.7669E-05
# Minimization at step:   116 with Value:     0.0000Tol(Act/Req):0.1197E-02/0.1000E-04
# With parameters(tra.):     0.1421E-08   -0.4549E-06    0.5000E-01
# With parameters(rot.):     0.1019E-06    0.4223E-06    0.1676E-05
# Minimization at step:   117 with Value:     0.0000Tol(Act/Req):0.1116E-02/0.1000E-04
# With parameters(tra.):     0.8724E-07   -0.4437E-06    0.5000E-01
# With parameters(rot.):     0.2083E-06    0.4641E-06    0.1216E-05
# Minimization at step:   118 with Value:     0.0000Tol(Act/Req):0.6794E-03/0.1000E-04
# With parameters(tra.):     0.1515E-06   -0.1036E-06    0.5000E-01
# With parameters(rot.):    -0.3525E-06    0.3819E-06   -0.7486E-07
# Minimization at step:   119 with Value:     0.0000Tol(Act/Req):0.6564E-03/0.1000E-04
# With parameters(tra.):     0.1117E-06   -0.5658E-07    0.5000E-01
# With parameters(rot.):    -0.4174E-06    0.4086E-06    0.2377E-05
# Minimization at step:   120 with Value:     0.0000Tol(Act/Req):0.6495E-03/0.1000E-04
# With parameters(tra.):     0.9231E-07   -0.1377E-06    0.5000E-01
# With parameters(rot.):    -0.2826E-06    0.4313E-06    0.2904E-05
# Minimization at step:   121 with Value:     0.0000Tol(Act/Req):0.4721E-03/0.1000E-04
# With parameters(tra.):     0.1599E-06   -0.1013E-06    0.5000E-01
# With parameters(rot.):    -0.2804E-06    0.1097E-06    0.3821E-05
# Minimization at step:   122 with Value:     0.0000Tol(Act/Req):0.3787E-03/0.1000E-04
# With parameters(tra.):     0.2675E-07   -0.8164E-07    0.5000E-01
# With parameters(rot.):    -0.3163E-06    0.8863E-09   -0.2652E-05
# Minimization at step:   123 with Value:     0.0000Tol(Act/Req):0.1319E-03/0.1000E-04
# With parameters(tra.):     0.6462E-07   -0.4588E-07    0.5000E-01
# With parameters(rot.):    -0.3068E-06   -0.1679E-07   -0.3204E-05
# Minimization at step:   124 with Value:     0.0000Tol(Act/Req):0.1218E-03/0.1000E-04
# With parameters(tra.):     0.5262E-07   -0.7878E-07    0.5000E-01
# With parameters(rot.):    -0.2414E-06   -0.4275E-07   -0.3449E-05
# Minimization at step:   125 with Value:     0.0000Tol(Act/Req):0.1176E-03/0.1000E-04
# With parameters(tra.):     0.3241E-07   -0.8297E-07    0.5000E-01
# With parameters(rot.):    -0.2385E-06   -0.1851E-08   -0.4208E-05
# Minimization at step:   126 with Value:     0.0000Tol(Act/Req):0.1088E-03/0.1000E-04
# With parameters(tra.):    -0.7369E-07    0.2292E-08    0.5000E-01
# With parameters(rot.):    -0.3086E-06   -0.8539E-07   -0.1499E-05
# Minimization at step:   127 with Value:     0.0000Tol(Act/Req):0.8513E-04/0.1000E-04
# With parameters(tra.):    -0.3222E-07    0.1345E-07    0.5000E-01
# With parameters(rot.):    -0.2887E-06   -0.5255E-07    0.2026E-05
# Minimization at step:   128 with Value:     0.0000Tol(Act/Req):0.4309E-04/0.1000E-04
# With parameters(tra.):    -0.2238E-08   -0.6938E-08    0.5000E-01
# With parameters(rot.):    -0.2695E-06   -0.2893E-07    0.1642E-05
# Minimization at step:   129 with Value:     0.0000Tol(Act/Req):0.4140E-04/0.1000E-04
# With parameters(tra.):     0.1112E-07    0.1419E-07    0.5000E-01
# With parameters(rot.):    -0.2617E-06   -0.3878E-07    0.1770E-05
# Minimization at step:   130 with Value:     0.0000Tol(Act/Req):0.3146E-04/0.1000E-04
# With parameters(tra.):    -0.2672E-07   -0.2062E-07    0.5000E-01
# With parameters(rot.):    -0.1377E-06   -0.8938E-07    0.3019E-05
# Minimization at step:   131 with Value:     0.0000Tol(Act/Req):0.2770E-04/0.1000E-04
# With parameters(tra.):    -0.5253E-07   -0.3941E-07    0.5000E-01
# With parameters(rot.):    -0.1006E-06   -0.1235E-06    0.9999E-06
# Minimization at step:   132 with Value:     0.0000Tol(Act/Req):0.2682E-04/0.1000E-04
# With parameters(tra.):    -0.4522E-07   -0.3228E-07    0.5000E-01
# With parameters(rot.):    -0.1285E-06   -0.1137E-06    0.5195E-06
# Minimization at step:   133 with Value:     0.0000Tol(Act/Req):0.1681E-04/0.1000E-04
# With parameters(tra.):    -0.1100E-07   -0.6919E-07    0.5000E-01
# With parameters(rot.):    -0.6449E-07   -0.9952E-07   -0.3365E-06
# Minimization at step:   134 with Value:     0.0000Tol(Act/Req):0.1554E-04/0.1000E-04
# With parameters(tra.):    -0.1083E-08   -0.6697E-07    0.5000E-01
# With parameters(rot.):    -0.7076E-07   -0.8897E-07    0.5677E-07
# Minimization at step:   135 with Value:     0.0000Tol(Act/Req):0.8813E-05/0.1000E-04
# With parameters(tra.):    -0.3977E-07   -0.6925E-07    0.5000E-01
# With parameters(rot.):    -0.2448E-07   -0.4940E-07   -0.1494E-07
# CSM Values after x minimization.
# Final Number of optim. Steps:   135
#      Before min is:      0.23414204237
# Final CSM Value is:      0.00000000000
# Coordinates rotated along Y.
[molecule] Nrec=   9 Format=nscxyz
  c                1    6    0.57142857D+00  -0.69979817D-16  -0.34989909D-16
  h                2    1   -0.42857143D+00   0.10000000D+01   0.26242431D-16
  h                3    1   -0.42857143D+00   0.70711000D+00   0.70711000D+00
  h                4    1   -0.42857143D+00   0.52484863D-16   0.10000000D+01
  h                5    1   -0.42857143D+00  -0.70711000D+00   0.70711000D+00
  h                6    1   -0.42857143D+00  -0.10000000D+01   0.26242431D-16
  h                7    1   -0.42857143D+00  -0.70711000D+00  -0.70711000D+00
  h                8    1   -0.42857143D+00   0.52484863D-16  -0.10000000D+01
  h                9    1   -0.42857143D+00   0.70711000D+00  -0.70711000D+00
# Minimization at step:     0 with Value:     0.0098Tol(Act/Req):0.2000E+01/0.1000E-04
# With parameters(tra.):     0.1429E-01    0.1429E-01    0.1429E-01
# With parameters(rot.):     0.1429E-01    0.1429E-01    0.1429E-01
# Minimization at step:     1 with Value:     0.0069Tol(Act/Req):0.2000E+01/0.1000E-04
# With parameters(tra.):     0.7143E-02    0.1548E-01    0.1548E-01
# With parameters(rot.):     0.1548E-01    0.1548E-01    0.1548E-01
# Minimization at step:     2 with Value:     0.0039Tol(Act/Req):0.2000E+01/0.1000E-04
# With parameters(tra.):     0.8929E-02   -0.5655E-02    0.1935E-01
# With parameters(rot.):     0.1935E-01    0.1935E-01    0.1935E-01
# Minimization at step:     3 with Value:     0.0031Tol(Act/Req):0.2000E+01/0.1000E-04
# With parameters(tra.):     0.9673E-02   -0.6126E-02    0.2096E-01
# With parameters(rot.):     0.1262E-01    0.2096E-01    0.2096E-01
# Minimization at step:     4 with Value:     0.0024Tol(Act/Req):0.2000E+01/0.1000E-04
# With parameters(tra.):     0.1048E-01   -0.6636E-02    0.2270E-01
# With parameters(rot.):     0.1368E-01    0.1437E-01    0.2270E-01
# Minimization at step:     5 with Value:     0.0017Tol(Act/Req):0.2000E+01/0.1000E-04
# With parameters(tra.):     0.7185E-02   -0.7884E-02    0.2390E-01
# With parameters(rot.):     0.1412E-01    0.1487E-01    0.2390E-01
# Minimization at step:     6 with Value:     0.0011Tol(Act/Req):0.2000E+01/0.1000E-04
# With parameters(tra.):     0.5857E-02    0.2124E-02    0.2311E-01
# With parameters(rot.):     0.1088E-01    0.1182E-01    0.2311E-01
# Minimization at step:     7 with Value:     0.0010Tol(Act/Req):0.2000E+01/0.1000E-04
# With parameters(tra.):     0.6073E-02    0.3932E-02    0.2705E-01
# With parameters(rot.):    -0.3143E-02    0.1200E-01    0.2705E-01
# Minimization at step:     8 with Value:     0.0008Tol(Act/Req):0.2000E+01/0.1000E-04
# With parameters(tra.):     0.6108E-02    0.4557E-02    0.2828E-01
# With parameters(rot.):    -0.4018E-02    0.8509E-02    0.2828E-01
# Minimization at step:     9 with Value:     0.0006Tol(Act/Req):0.2000E+01/0.1000E-04
# With parameters(tra.):     0.4372E-02    0.4970E-02    0.2925E-01
# With parameters(rot.):    -0.5307E-02    0.8230E-02    0.2925E-01
# Minimization at step:    10 with Value:     0.0004Tol(Act/Req):0.2000E+01/0.1000E-04
# With parameters(tra.):     0.4470E-02    0.3539E-02    0.2989E-01
# With parameters(rot.):    -0.6116E-02    0.8440E-02    0.2989E-01
# Minimization at step:    11 with Value:     0.0003Tol(Act/Req):0.2000E+01/0.1000E-04
# With parameters(tra.):     0.4282E-02    0.3055E-02    0.2914E-01
# With parameters(rot.):    -0.2858E-02    0.8098E-02    0.2914E-01
# Minimization at step:    12 with Value:     0.0003Tol(Act/Req):0.2000E+01/0.1000E-04
# With parameters(tra.):     0.3745E-02    0.3805E-02    0.3190E-01
# With parameters(rot.):    -0.4223E-02    0.9793E-03    0.3190E-01
# Minimization at step:    13 with Value:     0.0002Tol(Act/Req):0.2000E+01/0.1000E-04
# With parameters(tra.):     0.6321E-04    0.4242E-02    0.3471E-01
# With parameters(rot.):    -0.6439E-02   -0.1995E-02    0.3471E-01
# Minimization at step:    14 with Value:     0.0002Tol(Act/Req):0.2000E+01/0.1000E-04
# With parameters(tra.):    -0.1093E-03    0.4091E-02    0.3425E-01
# With parameters(rot.):    -0.6283E-02   -0.4635E-03    0.3425E-01
# Minimization at step:    15 with Value:     0.0002Tol(Act/Req):0.2000E+01/0.1000E-04
# With parameters(tra.):    -0.4421E-03    0.3422E-02    0.3494E-01
# With parameters(rot.):    -0.6701E-02   -0.1101E-02    0.3494E-01
# Minimization at step:    16 with Value:     0.0002Tol(Act/Req):0.2000E+01/0.1000E-04
# With parameters(tra.):    -0.2392E-02    0.2575E-02    0.3538E-01
# With parameters(rot.):    -0.1466E-02   -0.4850E-02    0.3538E-01
# Minimization at step:    17 with Value:     0.0001Tol(Act/Req):0.2000E+01/0.1000E-04
# With parameters(tra.):     0.4715E-03    0.1582E-02    0.3279E-01
# With parameters(rot.):     0.2408E-02   -0.2827E-02    0.3279E-01
# Minimization at step:    18 with Value:     0.0001Tol(Act/Req):0.2000E+01/0.1000E-04
# With parameters(tra.):     0.1198E-02    0.1711E-02    0.3246E-01
# With parameters(rot.):     0.1422E-02   -0.1721E-02    0.3246E-01
# Minimization at step:    19 with Value:     0.0001Tol(Act/Req):0.2000E+01/0.1000E-04
# With parameters(tra.):     0.5422E-03    0.1970E-02    0.3308E-01
# With parameters(rot.):     0.3717E-03   -0.2134E-02    0.3308E-01
# Minimization at step:    20 with Value:     0.0001Tol(Act/Req):0.2000E+01/0.1000E-04
# With parameters(tra.):     0.4143E-03    0.9605E-03    0.3178E-01
# With parameters(rot.):     0.2903E-02    0.3723E-03    0.3178E-01
# Minimization at step:    21 with Value:     0.0001Tol(Act/Req):0.2000E+01/0.1000E-04
# With parameters(tra.):     0.3193E-03    0.4207E-03    0.3186E-01
# With parameters(rot.):     0.3494E-02    0.1765E-03    0.3186E-01
# Minimization at step:    22 with Value:     0.0000Tol(Act/Req):0.2000E+01/0.1000E-04
# With parameters(tra.):     0.3434E-03    0.6280E-03    0.3219E-01
# With parameters(rot.):     0.2910E-02   -0.4665E-03    0.3219E-01
# Minimization at step:    23 with Value:     0.0000Tol(Act/Req):0.2000E+01/0.1000E-04
# With parameters(tra.):     0.1511E-02    0.5250E-03    0.3146E-01
# With parameters(rot.):     0.1434E-02    0.2163E-02    0.3146E-01
# Minimization at step:    24 with Value:     0.0000Tol(Act/Req):0.2000E+01/0.1000E-04
# With parameters(tra.):     0.5230E-03    0.5615E-03    0.3215E-01
# With parameters(rot.):    -0.3128E-03    0.2769E-02    0.3215E-01
# Minimization at step:    25 with Value:     0.0000Tol(Act/Req):0.2000E+01/0.1000E-04
# With parameters(tra.):    -0.5996E-03    0.6480E-03    0.3288E-01
# With parameters(rot.):     0.3573E-03    0.9476E-03    0.3288E-01
# Minimization at step:    26 with Value:     0.0000Tol(Act/Req):0.2000E+01/0.1000E-04
# With parameters(tra.):    -0.4461E-03    0.6460E-03    0.3277E-01
# With parameters(rot.):     0.8500E-03    0.6445E-03    0.3277E-01
# Minimization at step:    27 with Value:     0.0000Tol(Act/Req):0.1999E+01/0.1000E-04
# With parameters(tra.):    -0.5574E-03    0.3949E-03    0.3288E-01
# With parameters(rot.):     0.9252E-03    0.5856E-03    0.3288E-01
# Minimization at step:    28 with Value:     0.0000Tol(Act/Req):0.1999E+01/0.1000E-04
# With parameters(tra.):    -0.7465E-03    0.6476E-03    0.3355E-01
# With parameters(rot.):    -0.4463E-03   -0.1159E-03    0.3355E-01
# Minimization at step:    29 with Value:     0.0000Tol(Act/Req):0.1999E+01/0.1000E-04
# With parameters(tra.):    -0.2220E-03    0.6043E-03    0.3336E-01
# With parameters(rot.):    -0.9822E-03    0.5288E-03    0.3336E-01
# Minimization at step:    30 with Value:     0.0000Tol(Act/Req):0.1999E+01/0.1000E-04
# With parameters(tra.):     0.6415E-04    0.5910E-03    0.3333E-01
# With parameters(rot.):    -0.7013E-03    0.4519E-04    0.3333E-01
# Minimization at step:    31 with Value:     0.0000Tol(Act/Req):0.1998E+01/0.1000E-04
# With parameters(tra.):     0.6031E-04    0.4817E-03    0.3343E-01
# With parameters(rot.):    -0.7992E-03   -0.2930E-04    0.3343E-01
# Minimization at step:    32 with Value:     0.0000Tol(Act/Req):0.1998E+01/0.1000E-04
# With parameters(tra.):     0.8041E-04    0.6423E-03    0.4457E-01
# With parameters(rot.):    -0.1066E-02   -0.3906E-04    0.1124E-01
# Minimization at step:    33 with Value:     0.0000Tol(Act/Req):0.1997E+01/0.1000E-04
# With parameters(tra.):     0.3817E-03    0.5146E-03    0.4699E-01
# With parameters(rot.):    -0.5347E-03    0.3309E-03    0.5325E-02
# Minimization at step:    34 with Value:     0.0000Tol(Act/Req):0.1997E+01/0.1000E-04
# With parameters(tra.):     0.4018E-03    0.4638E-03    0.4441E-01
# With parameters(rot.):    -0.4239E-03    0.3642E-03    0.1038E-01
# Minimization at step:    35 with Value:     0.0000Tol(Act/Req):0.1996E+01/0.1000E-04
# With parameters(tra.):     0.2955E-03    0.4504E-03    0.4727E-01
# With parameters(rot.):    -0.1633E-04    0.6849E-06    0.4733E-02
# Minimization at step:    36 with Value:     0.0000Tol(Act/Req):0.1996E+01/0.1000E-04
# With parameters(tra.):     0.3662E-03    0.2215E-03    0.5207E-01
# With parameters(rot.):     0.4881E-04   -0.1383E-03   -0.4641E-02
# Minimization at step:    37 with Value:     0.0000Tol(Act/Req):0.1995E+01/0.1000E-04
# With parameters(tra.):     0.3436E-03    0.1929E-03    0.5364E-01
# With parameters(rot.):     0.6450E-04   -0.7300E-04   -0.7802E-02
# Minimization at step:    38 with Value:     0.0000Tol(Act/Req):0.1993E+01/0.1000E-04
# With parameters(tra.):     0.3241E-03    0.2478E-03    0.5257E-01
# With parameters(rot.):     0.4952E-04   -0.3281E-04   -0.5722E-02
# Minimization at step:    39 with Value:     0.0000Tol(Act/Req):0.1991E+01/0.1000E-04
# With parameters(tra.):     0.1040E-03    0.2439E-03    0.5281E-01
# With parameters(rot.):    -0.1097E-03   -0.4007E-03   -0.5461E-02
# Minimization at step:    40 with Value:     0.0000Tol(Act/Req):0.1990E+01/0.1000E-04
# With parameters(tra.):     0.5970E-04    0.1128E-03    0.5104E-01
# With parameters(rot.):     0.1352E-03   -0.5420E-03   -0.1839E-02
# Minimization at step:    41 with Value:     0.0000Tol(Act/Req):0.1989E+01/0.1000E-04
# With parameters(tra.):     0.5199E-04    0.9188E-05    0.5039E-01
# With parameters(rot.):    -0.8605E-04   -0.4806E-03   -0.2664E-03
# Minimization at step:    42 with Value:     0.0000Tol(Act/Req):0.1988E+01/0.1000E-04
# With parameters(tra.):     0.1027E-03   -0.9413E-05    0.5012E-01
# With parameters(rot.):    -0.4429E-04   -0.3952E-03    0.1015E-03
# Minimization at step:    43 with Value:     0.0000Tol(Act/Req):0.1985E+01/0.1000E-04
# With parameters(tra.):     0.8638E-05   -0.1028E-03    0.5159E-01
# With parameters(rot.):    -0.4795E-04   -0.3779E-03   -0.2664E-02
# Minimization at step:    44 with Value:     0.0000Tol(Act/Req):0.1982E+01/0.1000E-04
# With parameters(tra.):    -0.2742E-04   -0.1046E-03    0.5098E-01
# With parameters(rot.):    -0.6356E-04   -0.3865E-03   -0.1369E-02
# Minimization at step:    45 with Value:     0.0000Tol(Act/Req):0.1975E+01/0.1000E-04
# With parameters(tra.):    -0.4150E-04   -0.5542E-04    0.5161E-01
# With parameters(rot.):     0.1080E-03   -0.4091E-03   -0.2824E-02
# Minimization at step:    46 with Value:     0.0000Tol(Act/Req):0.1966E+01/0.1000E-04
# With parameters(tra.):    -0.4568E-04   -0.2404E-04    0.5299E-01
# With parameters(rot.):    -0.6430E-04   -0.2706E-03   -0.5567E-02
# Minimization at step:    47 with Value:     0.0000Tol(Act/Req):0.1965E+01/0.1000E-04
# With parameters(tra.):     0.6233E-05   -0.6612E-04    0.5341E-01
# With parameters(rot.):     0.1255E-04   -0.5839E-04   -0.6721E-02
# Minimization at step:    48 with Value:     0.0000Tol(Act/Req):0.1958E+01/0.1000E-04
# With parameters(tra.):     0.1161E-04   -0.7747E-04    0.5311E-01
# With parameters(rot.):     0.6202E-04   -0.7534E-04   -0.6131E-02
# Minimization at step:    49 with Value:     0.0000Tol(Act/Req):0.1957E+01/0.1000E-04
# With parameters(tra.):     0.7528E-04   -0.6721E-05    0.5263E-01
# With parameters(rot.):     0.1011E-03    0.1391E-04   -0.5444E-02
# Minimization at step:    50 with Value:     0.0000Tol(Act/Req):0.1955E+01/0.1000E-04
# With parameters(tra.):     0.6806E-04    0.8748E-05    0.5246E-01
# With parameters(rot.):     0.8929E-04   -0.3311E-04   -0.5049E-02
# Minimization at step:    51 with Value:     0.0000Tol(Act/Req):0.1951E+01/0.1000E-04
# With parameters(tra.):     0.2776E-04    0.4296E-04    0.5172E-01
# With parameters(rot.):     0.1090E-03    0.6737E-04   -0.3685E-02
# Minimization at step:    52 with Value:     0.0000Tol(Act/Req):0.1949E+01/0.1000E-04
# With parameters(tra.):    -0.5176E-04   -0.1123E-04    0.5189E-01
# With parameters(rot.):     0.7255E-04   -0.4050E-05   -0.3787E-02
# Minimization at step:    53 with Value:     0.0000Tol(Act/Req):0.1937E+01/0.1000E-04
# With parameters(tra.):    -0.5027E-04   -0.1575E-04    0.5181E-01
# With parameters(rot.):     0.4101E-04    0.3346E-04   -0.3625E-02
# Minimization at step:    54 with Value:     0.0000Tol(Act/Req):0.1935E+01/0.1000E-04
# With parameters(tra.):    -0.3027E-04   -0.2582E-05    0.5176E-01
# With parameters(rot.):     0.4750E-04    0.5444E-04   -0.3586E-02
# Minimization at step:    55 with Value:     0.0000Tol(Act/Req):0.1901E+01/0.1000E-04
# With parameters(tra.):    -0.2503E-04   -0.1493E-04    0.5195E-01
# With parameters(rot.):     0.3744E-04    0.2825E-04   -0.3918E-02
# Minimization at step:    56 with Value:     0.0000Tol(Act/Req):0.1875E+01/0.1000E-04
# With parameters(tra.):    -0.2649E-04   -0.1679E-04    0.5094E-01
# With parameters(rot.):     0.1282E-03    0.2888E-04   -0.2001E-02
# Minimization at step:    57 with Value:     0.0000Tol(Act/Req):0.1869E+01/0.1000E-04
# With parameters(tra.):    -0.3798E-04   -0.1118E-04    0.5073E-01
# With parameters(rot.):     0.1255E-03    0.1054E-04   -0.1550E-02
# Minimization at step:    58 with Value:     0.0000Tol(Act/Req):0.1821E+01/0.1000E-04
# With parameters(tra.):    -0.3857E-04   -0.1025E-04    0.5096E-01
# With parameters(rot.):     0.1026E-03    0.8851E-05   -0.1992E-02
# Minimization at step:    59 with Value:     0.0000Tol(Act/Req):0.1805E+01/0.1000E-04
# With parameters(tra.):    -0.3170E-04   -0.1745E-04    0.5052E-01
# With parameters(rot.):     0.6006E-04    0.7567E-04   -0.1123E-02
# Minimization at step:    60 with Value:     0.0000Tol(Act/Req):0.1784E+01/0.1000E-04
# With parameters(tra.):    -0.2181E-04   -0.1211E-04    0.5039E-01
# With parameters(rot.):     0.6435E-04    0.8793E-04   -0.8979E-03
# Minimization at step:    61 with Value:     0.0000Tol(Act/Req):0.1778E+01/0.1000E-04
# With parameters(tra.):    -0.1026E-04   -0.3586E-04    0.5025E-01
# With parameters(rot.):     0.5320E-04    0.5543E-04   -0.5562E-03
# Minimization at step:    62 with Value:     0.0000Tol(Act/Req):0.1663E+01/0.1000E-04
# With parameters(tra.):    -0.1020E-04   -0.3559E-04    0.5034E-01
# With parameters(rot.):     0.6327E-04    0.3704E-04   -0.7262E-03
# Minimization at step:    63 with Value:     0.0000Tol(Act/Req):0.1646E+01/0.1000E-04
# With parameters(tra.):    -0.2392E-04   -0.3252E-04    0.4978E-01
# With parameters(rot.):     0.3717E-04    0.9184E-05    0.4511E-03
# Minimization at step:    64 with Value:     0.0000Tol(Act/Req):0.1583E+01/0.1000E-04
# With parameters(tra.):    -0.2299E-04   -0.3391E-04    0.4980E-01
# With parameters(rot.):     0.2026E-04    0.8367E-05    0.4339E-03
# Minimization at step:    65 with Value:     0.0000Tol(Act/Req):0.1552E+01/0.1000E-04
# With parameters(tra.):    -0.1949E-04   -0.3480E-04    0.4994E-01
# With parameters(rot.):     0.2538E-04    0.1526E-04    0.1381E-03
# Minimization at step:    66 with Value:     0.0000Tol(Act/Req):0.1528E+01/0.1000E-04
# With parameters(tra.):    -0.2314E-04   -0.2877E-04    0.4995E-01
# With parameters(rot.):     0.2584E-04    0.2004E-04    0.1106E-03
# Minimization at step:    67 with Value:     0.0000Tol(Act/Req):0.1406E+01/0.1000E-04
# With parameters(tra.):    -0.3819E-05   -0.2363E-04    0.4954E-01
# With parameters(rot.):     0.2159E-04    0.2193E-04    0.8961E-03
# Minimization at step:    68 with Value:     0.0000Tol(Act/Req):0.1396E+01/0.1000E-04
# With parameters(tra.):    -0.3254E-05   -0.2250E-04    0.4952E-01
# With parameters(rot.):     0.2315E-04    0.1148E-04    0.9463E-03
# Minimization at step:    69 with Value:     0.0000Tol(Act/Req):0.1118E+01/0.1000E-04
# With parameters(tra.):    -0.8037E-05   -0.2369E-04    0.4962E-01
# With parameters(rot.):     0.2434E-04    0.1013E-04    0.7541E-03
# Minimization at step:    70 with Value:     0.0000Tol(Act/Req):0.1090E+01/0.1000E-04
# With parameters(tra.):    -0.6328E-05   -0.2353E-04    0.4962E-01
# With parameters(rot.):     0.1623E-04    0.9871E-05    0.7722E-03
# Minimization at step:    71 with Value:     0.0000Tol(Act/Req):0.1019E+01/0.1000E-04
# With parameters(tra.):     0.5072E-05   -0.2155E-04    0.4979E-01
# With parameters(rot.):     0.2341E-04    0.2187E-04    0.3920E-03
# Minimization at step:    72 with Value:     0.0000Tol(Act/Req):0.8786E+00/0.1000E-04
# With parameters(tra.):     0.6642E-05   -0.1070E-04    0.4977E-01
# With parameters(rot.):     0.2351E-04    0.2949E-04    0.4210E-03
# Minimization at step:    73 with Value:     0.0000Tol(Act/Req):0.8305E+00/0.1000E-04
# With parameters(tra.):     0.1107E-04   -0.4505E-05    0.4980E-01
# With parameters(rot.):     0.2674E-04    0.1458E-04    0.3462E-03
# Minimization at step:    74 with Value:     0.0000Tol(Act/Req):0.7488E+00/0.1000E-04
# With parameters(tra.):     0.8671E-05   -0.1495E-05    0.5000E-01
# With parameters(rot.):     0.2913E-04    0.1368E-04   -0.4411E-04
# Minimization at step:    75 with Value:     0.0000Tol(Act/Req):0.7334E+00/0.1000E-04
# With parameters(tra.):    -0.1529E-05    0.3204E-05    0.4989E-01
# With parameters(rot.):     0.2386E-04   -0.1042E-05    0.1907E-03
# Minimization at step:    76 with Value:     0.0000Tol(Act/Req):0.6501E+00/0.1000E-04
# With parameters(tra.):    -0.3686E-05    0.2297E-05    0.4989E-01
# With parameters(rot.):     0.2281E-04    0.1382E-05    0.1965E-03
# Minimization at step:    77 with Value:     0.0000Tol(Act/Req):0.6329E+00/0.1000E-04
# With parameters(tra.):    -0.1316E-05    0.1047E-05    0.4992E-01
# With parameters(rot.):     0.2404E-04    0.5265E-05    0.1382E-03
# Minimization at step:    78 with Value:     0.0000Tol(Act/Req):0.4314E+00/0.1000E-04
# With parameters(tra.):     0.2501E-05    0.7427E-05    0.4998E-01
# With parameters(rot.):     0.1382E-04    0.3721E-05    0.6861E-05
# Minimization at step:    79 with Value:     0.0000Tol(Act/Req):0.3763E+00/0.1000E-04
# With parameters(tra.):     0.7445E-07    0.6238E-05    0.5007E-01
# With parameters(rot.):     0.1053E-04   -0.9950E-05   -0.1505E-03
# Minimization at step:    80 with Value:     0.0000Tol(Act/Req):0.3755E+00/0.1000E-04
# With parameters(tra.):    -0.1192E-05    0.6809E-05    0.4997E-01
# With parameters(rot.):     0.2738E-05   -0.1722E-04    0.7423E-04
# Minimization at step:    81 with Value:     0.0000Tol(Act/Req):0.3553E+00/0.1000E-04
# With parameters(tra.):    -0.6911E-06    0.7154E-05    0.4994E-01
# With parameters(rot.):     0.2911E-05   -0.1441E-04    0.1323E-03
# Minimization at step:    82 with Value:     0.0000Tol(Act/Req):0.2979E+00/0.1000E-04
# With parameters(tra.):    -0.3327E-06    0.7040E-05    0.4996E-01
# With parameters(rot.):     0.4874E-05   -0.1236E-04    0.8096E-04
# Minimization at step:    83 with Value:     0.0000Tol(Act/Req):0.2664E+00/0.1000E-04
# With parameters(tra.):    -0.3529E-05    0.6808E-05    0.4998E-01
# With parameters(rot.):    -0.3205E-05   -0.1209E-04    0.5393E-04
# Minimization at step:    84 with Value:     0.0000Tol(Act/Req):0.2424E+00/0.1000E-04
# With parameters(tra.):    -0.5264E-06    0.6373E-05    0.5003E-01
# With parameters(rot.):    -0.8169E-05   -0.1061E-04   -0.5450E-04
# Minimization at step:    85 with Value:     0.0000Tol(Act/Req):0.1565E+00/0.1000E-04
# With parameters(tra.):    -0.3192E-05    0.2920E-05    0.5001E-01
# With parameters(rot.):    -0.8558E-05   -0.1342E-04   -0.4149E-05
# Minimization at step:    86 with Value:     0.0000Tol(Act/Req):0.1507E+00/0.1000E-04
# With parameters(tra.):    -0.2365E-05    0.2654E-05    0.5001E-01
# With parameters(rot.):    -0.6985E-05   -0.1360E-04   -0.2232E-05
# Minimization at step:    87 with Value:     0.0000Tol(Act/Req):0.1444E+00/0.1000E-04
# With parameters(tra.):    -0.1920E-05    0.1843E-05    0.4997E-01
# With parameters(rot.):    -0.9937E-05   -0.7700E-05    0.6906E-04
# Minimization at step:    88 with Value:     0.0000Tol(Act/Req):0.9677E-01/0.1000E-04
# With parameters(tra.):    -0.1779E-05    0.3728E-06    0.5001E-01
# With parameters(rot.):    -0.1070E-04   -0.3455E-05   -0.1093E-04
# Minimization at step:    89 with Value:     0.0000Tol(Act/Req):0.9671E-01/0.1000E-04
# With parameters(tra.):    -0.2384E-05   -0.5471E-07    0.5000E-01
# With parameters(rot.):    -0.1008E-04   -0.3107E-05    0.1077E-04
# Minimization at step:    90 with Value:     0.0000Tol(Act/Req):0.8541E-01/0.1000E-04
# With parameters(tra.):    -0.2834E-05    0.7878E-07    0.5004E-01
# With parameters(rot.):    -0.7899E-05   -0.6380E-05   -0.5727E-04
# Minimization at step:    91 with Value:     0.0000Tol(Act/Req):0.6111E-01/0.1000E-04
# With parameters(tra.):    -0.9374E-06    0.1434E-05    0.5006E-01
# With parameters(rot.):    -0.7420E-05   -0.2161E-05   -0.1085E-03
# Minimization at step:    92 with Value:     0.0000Tol(Act/Req):0.5126E-01/0.1000E-04
# With parameters(tra.):     0.1193E-05    0.4954E-06    0.5007E-01
# With parameters(rot.):    -0.4419E-05    0.1296E-05   -0.1401E-03
# Minimization at step:    93 with Value:     0.0000Tol(Act/Req):0.4953E-01/0.1000E-04
# With parameters(tra.):     0.2089E-05    0.1516E-05    0.5006E-01
# With parameters(rot.):    -0.1821E-05    0.5032E-07   -0.1299E-03
# Minimization at step:    94 with Value:     0.0000Tol(Act/Req):0.4829E-01/0.1000E-04
# With parameters(tra.):     0.1202E-05    0.1886E-06    0.5004E-01
# With parameters(rot.):    -0.4332E-06   -0.3432E-05   -0.8573E-04
# Minimization at step:    95 with Value:     0.0000Tol(Act/Req):0.4710E-01/0.1000E-04
# With parameters(tra.):     0.6705E-06    0.3977E-06    0.5004E-01
# With parameters(rot.):    -0.8515E-06   -0.4691E-05   -0.7330E-04
# Minimization at step:    96 with Value:     0.0000Tol(Act/Req):0.3478E-01/0.1000E-04
# With parameters(tra.):     0.3280E-06    0.4918E-07    0.5004E-01
# With parameters(rot.):    -0.1420E-05   -0.4774E-05   -0.7115E-04
# Minimization at step:    97 with Value:     0.0000Tol(Act/Req):0.3344E-01/0.1000E-04
# With parameters(tra.):     0.2251E-07   -0.7712E-06    0.5003E-01
# With parameters(rot.):     0.2700E-05   -0.4633E-05   -0.5505E-04
# Minimization at step:    98 with Value:     0.0000Tol(Act/Req):0.3265E-01/0.1000E-04
# With parameters(tra.):     0.1274E-05   -0.1144E-05    0.5000E-01
# With parameters(rot.):     0.4780E-05   -0.1868E-05   -0.8946E-05
# Minimization at step:    99 with Value:     0.0000Tol(Act/Req):0.3157E-01/0.1000E-04
# With parameters(tra.):     0.1502E-05   -0.9226E-06    0.5000E-01
# With parameters(rot.):     0.4868E-05   -0.8671E-06   -0.1359E-04
# Minimization at step:   100 with Value:     0.0000Tol(Act/Req):0.3006E-01/0.1000E-04
# With parameters(tra.):     0.3263E-06   -0.4766E-06    0.5003E-01
# With parameters(rot.):     0.2816E-05   -0.3298E-05   -0.6124E-04
# Minimization at step:   101 with Value:     0.0000Tol(Act/Req):0.2781E-01/0.1000E-04
# With parameters(tra.):     0.4279E-06   -0.2470E-06    0.5003E-01
# With parameters(rot.):     0.1796E-05   -0.3222E-05   -0.6578E-04
# Minimization at step:   102 with Value:     0.0000Tol(Act/Req):0.1543E-01/0.1000E-04
# With parameters(tra.):     0.1335E-05   -0.5240E-06    0.5001E-01
# With parameters(rot.):     0.3079E-05   -0.1380E-05   -0.3117E-04
# Minimization at step:   103 with Value:     0.0000Tol(Act/Req):0.1365E-01/0.1000E-04
# With parameters(tra.):     0.9858E-06   -0.1412E-05    0.5001E-01
# With parameters(rot.):     0.3442E-05   -0.4159E-06   -0.1355E-04
# Minimization at step:   104 with Value:     0.0000Tol(Act/Req):0.1090E-01/0.1000E-04
# With parameters(tra.):     0.7463E-06   -0.1458E-05    0.5000E-01
# With parameters(rot.):     0.3591E-05   -0.6887E-06   -0.2348E-05
# Minimization at step:   105 with Value:     0.0000Tol(Act/Req):0.1023E-01/0.1000E-04
# With parameters(tra.):     0.9500E-06   -0.1195E-05    0.5000E-01
# With parameters(rot.):     0.3340E-05    0.1373E-05   -0.7883E-05
# Minimization at step:   106 with Value:     0.0000Tol(Act/Req):0.8910E-02/0.1000E-04
# With parameters(tra.):     0.1044E-05   -0.1159E-05    0.5000E-01
# With parameters(rot.):     0.2959E-05    0.1794E-05   -0.5329E-05
# Minimization at step:   107 with Value:     0.0000Tol(Act/Req):0.8824E-02/0.1000E-04
# With parameters(tra.):     0.1137E-05   -0.9161E-06    0.5000E-01
# With parameters(rot.):     0.2828E-05    0.1737E-05   -0.9052E-05
# Minimization at step:   108 with Value:     0.0000Tol(Act/Req):0.8159E-02/0.1000E-04
# With parameters(tra.):     0.4657E-06   -0.8620E-06    0.5001E-01
# With parameters(rot.):     0.1888E-05    0.1547E-05   -0.2475E-04
# Minimization at step:   109 with Value:     0.0000Tol(Act/Req):0.4767E-02/0.1000E-04
# With parameters(tra.):     0.1917E-06   -0.9763E-06    0.5001E-01
# With parameters(rot.):     0.1713E-05    0.4498E-07   -0.2481E-04
# Minimization at step:   110 with Value:     0.0000Tol(Act/Req):0.4091E-02/0.1000E-04
# With parameters(tra.):    -0.4722E-06   -0.9082E-06    0.5001E-01
# With parameters(rot.):     0.1385E-05   -0.2562E-06   -0.9902E-05
# Minimization at step:   111 with Value:     0.0000Tol(Act/Req):0.3855E-02/0.1000E-04
# With parameters(tra.):    -0.3827E-06   -0.9255E-06    0.5000E-01
# With parameters(rot.):     0.1578E-05   -0.3592E-06   -0.4742E-05
# Minimization at step:   112 with Value:     0.0000Tol(Act/Req):0.3435E-02/0.1000E-04
# With parameters(tra.):    -0.5979E-06   -0.8134E-06    0.5000E-01
# With parameters(rot.):     0.6602E-06   -0.2661E-06   -0.7638E-06
# Minimization at step:   113 with Value:     0.0000Tol(Act/Req):0.3428E-02/0.1000E-04
# With parameters(tra.):    -0.6963E-06   -0.6833E-06    0.5000E-01
# With parameters(rot.):     0.4141E-06   -0.4615E-06   -0.1934E-05
# Minimization at step:   114 with Value:     0.0000Tol(Act/Req):0.2009E-02/0.1000E-04
# With parameters(tra.):    -0.2544E-06   -0.6782E-06    0.5001E-01
# With parameters(rot.):     0.4178E-06   -0.2869E-06   -0.1112E-04
# Minimization at step:   115 with Value:     0.0000Tol(Act/Req):0.1255E-02/0.1000E-04
# With parameters(tra.):    -0.2290E-06   -0.5465E-06    0.5000E-01
# With parameters(rot.):     0.1815E-06    0.3814E-06   -0.7669E-05
# Minimization at step:   116 with Value:     0.0000Tol(Act/Req):0.1197E-02/0.1000E-04
# With parameters(tra.):     0.1421E-08   -0.4549E-06    0.5000E-01
# With parameters(rot.):     0.1019E-06    0.4223E-06    0.1676E-05
# Minimization at step:   117 with Value:     0.0000Tol(Act/Req):0.1116E-02/0.1000E-04
# With parameters(tra.):     0.8724E-07   -0.4437E-06    0.5000E-01
# With parameters(rot.):     0.2083E-06    0.4641E-06    0.1216E-05
# Minimization at step:   118 with Value:     0.0000Tol(Act/Req):0.6794E-03/0.1000E-04
# With parameters(tra.):     0.1515E-06   -0.1036E-06    0.5000E-01
# With parameters(rot.):    -0.3525E-06    0.3819E-06   -0.7486E-07
# Minimization at step:   119 with Value:     0.0000Tol(Act/Req):0.6564E-03/0.1000E-04
# With parameters(tra.):     0.1117E-06   -0.5658E-07    0.5000E-01
# With parameters(rot.):    -0.4174E-06    0.4086E-06    0.2377E-05
# Minimization at step:   120 with Value:     0.0000Tol(Act/Req):0.6495E-03/0.1000E-04
# With parameters(tra.):     0.9231E-07   -0.1377E-06    0.5000E-01
# With parameters(rot.):    -0.2826E-06    0.4313E-06    0.2904E-05
# Minimization at step:   121 with Value:     0.0000Tol(Act/Req):0.4721E-03/0.1000E-04
# With parameters(tra.):     0.1599E-06   -0.1013E-06    0.5000E-01
# With parameters(rot.):    -0.2804E-06    0.1097E-06    0.3821E-05
# Minimization at step:   122 with Value:     0.0000Tol(Act/Req):0.3787E-03/0.1000E-04
# With parameters(tra.):     0.2675E-07   -0.8164E-07    0.5000E-01
# With parameters(rot.):    -0.3163E-06    0.8863E-09   -0.2652E-05
# Minimization at step:   123 with Value:     0.0000Tol(Act/Req):0.1319E-03/0.1000E-04
# With parameters(tra.):     0.6462E-07   -0.4588E-07    0.5000E-01
# With parameters(rot.):    -0.3068E-06   -0.1679E-07   -0.3204E-05
# Minimization at step:   124 with Value:     0.0000Tol(Act/Req):0.1218E-03/0.1000E-04
# With parameters(tra.):     0.5262E-07   -0.7878E-07    0.5000E-01
# With parameters(rot.):    -0.2414E-06   -0.4275E-07   -0.3449E-05
# Minimization at step:   125 with Value:     0.0000Tol(Act/Req):0.1176E-03/0.1000E-04
# With parameters(tra.):     0.3241E-07   -0.8297E-07    0.5000E-01
# With parameters(rot.):    -0.2385E-06   -0.1851E-08   -0.4208E-05
# Minimization at step:   126 with Value:     0.0000Tol(Act/Req):0.1088E-03/0.1000E-04
# With parameters(tra.):    -0.7369E-07    0.2292E-08    0.5000E-01
# With parameters(rot.):    -0.3086E-06   -0.8539E-07   -0.1499E-05
# Minimization at step:   127 with Value:     0.0000Tol(Act/Req):0.8513E-04/0.1000E-04
# With parameters(tra.):    -0.3222E-07    0.1345E-07    0.5000E-01
# With parameters(rot.):    -0.2887E-06   -0.5255E-07    0.2026E-05
# Minimization at step:   128 with Value:     0.0000Tol(Act/Req):0.4309E-04/0.1000E-04
# With parameters(tra.):    -0.2238E-08   -0.6938E-08    0.5000E-01
# With parameters(rot.):    -0.2695E-06   -0.2893E-07    0.1642E-05
# Minimization at step:   129 with Value:     0.0000Tol(Act/Req):0.4140E-04/0.1000E-04
# With parameters(tra.):     0.1112E-07    0.1419E-07    0.5000E-01
# With parameters(rot.):    -0.2617E-06   -0.3878E-07    0.1770E-05
# Minimization at step:   130 with Value:     0.0000Tol(Act/Req):0.3146E-04/0.1000E-04
# With parameters(tra.):    -0.2672E-07   -0.2062E-07    0.5000E-01
# With parameters(rot.):    -0.1377E-06   -0.8938E-07    0.3019E-05
# Minimization at step:   131 with Value:     0.0000Tol(Act/Req):0.2770E-04/0.1000E-04
# With parameters(tra.):    -0.5253E-07   -0.3941E-07    0.5000E-01
# With parameters(rot.):    -0.1006E-06   -0.1235E-06    0.9999E-06
# Minimization at step:   132 with Value:     0.0000Tol(Act/Req):0.2682E-04/0.1000E-04
# With parameters(tra.):    -0.4522E-07   -0.3228E-07    0.5000E-01
# With parameters(rot.):    -0.1285E-06   -0.1137E-06    0.5195E-06
# Minimization at step:   133 with Value:     0.0000Tol(Act/Req):0.1681E-04/0.1000E-04
# With parameters(tra.):    -0.1100E-07   -0.6919E-07    0.5000E-01
# With parameters(rot.):    -0.6449E-07   -0.9952E-07   -0.3365E-06
# Minimization at step:   134 with Value:     0.0000Tol(Act/Req):0.1554E-04/0.1000E-04
# With parameters(tra.):    -0.1083E-08   -0.6697E-07    0.5000E-01
# With parameters(rot.):    -0.7076E-07   -0.8897E-07    0.5677E-07
# Minimization at step:   135 with Value:     0.0000Tol(Act/Req):0.8813E-05/0.1000E-04
# With parameters(tra.):    -0.3977E-07   -0.6925E-07    0.5000E-01
# With parameters(rot.):    -0.2448E-07   -0.4940E-07   -0.1494E-07
# CSM Values after y minimization.
# Final Number of optim. Steps:   135
#      Before min is:      0.23414204237
# Final CSM Value is:      0.00000000000
# Coordinates rotated along Z.
[molecule] Nrec=   9 Format=nscxyz
  c                1    6    0.00000000D+00   0.00000000D+00  -0.57142857D+00
  h                2    1    0.10000000D+01   0.61232340D-16   0.42857143D+00
  h                3    1    0.70711000D+00  -0.70711000D+00   0.42857143D+00
  h                4    1    0.61232340D-16  -0.10000000D+01   0.42857143D+00
  h                5    1   -0.70711000D+00  -0.70711000D+00   0.42857143D+00
  h                6    1   -0.10000000D+01  -0.61232340D-16   0.42857143D+00
  h                7    1   -0.70711000D+00   0.70711000D+00   0.42857143D+00
  h                8    1   -0.61232340D-16   0.10000000D+01   0.42857143D+00
  h                9    1    0.70711000D+00   0.70711000D+00   0.42857143D+00
# Minimization at step:     0 with Value:     0.0098Tol(Act/Req):0.2000E+01/0.1000E-04
# With parameters(tra.):     0.1429E-01    0.1429E-01    0.1429E-01
# With parameters(rot.):     0.1429E-01    0.1429E-01    0.1429E-01
# Minimization at step:     1 with Value:     0.0069Tol(Act/Req):0.2000E+01/0.1000E-04
# With parameters(tra.):     0.7143E-02    0.1548E-01    0.1548E-01
# With parameters(rot.):     0.1548E-01    0.1548E-01    0.1548E-01
# Minimization at step:     2 with Value:     0.0039Tol(Act/Req):0.2000E+01/0.1000E-04
# With parameters(tra.):     0.8929E-02   -0.5655E-02    0.1935E-01
# With parameters(rot.):     0.1935E-01    0.1935E-01    0.1935E-01
# Minimization at step:     3 with Value:     0.0031Tol(Act/Req):0.2000E+01/0.1000E-04
# With parameters(tra.):     0.9673E-02   -0.6126E-02    0.2096E-01
# With parameters(rot.):     0.1262E-01    0.2096E-01    0.2096E-01
# Minimization at step:     4 with Value:     0.0024Tol(Act/Req):0.2000E+01/0.1000E-04
# With parameters(tra.):     0.1048E-01   -0.6636E-02    0.2270E-01
# With parameters(rot.):     0.1368E-01    0.1437E-01    0.2270E-01
# Minimization at step:     5 with Value:     0.0017Tol(Act/Req):0.2000E+01/0.1000E-04
# With parameters(tra.):     0.7185E-02   -0.7884E-02    0.2390E-01
# With parameters(rot.):     0.1412E-01    0.1487E-01    0.2390E-01
# Minimization at step:     6 with Value:     0.0011Tol(Act/Req):0.2000E+01/0.1000E-04
# With parameters(tra.):     0.5857E-02    0.2124E-02    0.2311E-01
# With parameters(rot.):     0.1088E-01    0.1182E-01    0.2311E-01
# Minimization at step:     7 with Value:     0.0010Tol(Act/Req):0.2000E+01/0.1000E-04
# With parameters(tra.):     0.6073E-02    0.3932E-02    0.2705E-01
# With parameters(rot.):    -0.3143E-02    0.1200E-01    0.2705E-01
# Minimization at step:     8 with Value:     0.0008Tol(Act/Req):0.2000E+01/0.1000E-04
# With parameters(tra.):     0.6108E-02    0.4557E-02    0.2828E-01
# With parameters(rot.):    -0.4018E-02    0.8509E-02    0.2828E-01
# Minimization at step:     9 with Value:     0.0006Tol(Act/Req):0.2000E+01/0.1000E-04
# With parameters(tra.):     0.4372E-02    0.4970E-02    0.2925E-01
# With parameters(rot.):    -0.5307E-02    0.8230E-02    0.2925E-01
# Minimization at step:    10 with Value:     0.0004Tol(Act/Req):0.2000E+01/0.1000E-04
# With parameters(tra.):     0.4470E-02    0.3539E-02    0.2989E-01
# With parameters(rot.):    -0.6116E-02    0.8440E-02    0.2989E-01
# Minimization at step:    11 with Value:     0.0003Tol(Act/Req):0.2000E+01/0.1000E-04
# With parameters(tra.):     0.4282E-02    0.3055E-02    0.2914E-01
# With parameters(rot.):    -0.2858E-02    0.8098E-02    0.2914E-01
# Minimization at step:    12 with Value:     0.0003Tol(Act/Req):0.2000E+01/0.1000E-04
# With parameters(tra.):     0.3745E-02    0.3805E-02    0.3190E-01
# With parameters(rot.):    -0.4223E-02    0.9793E-03    0.3190E-01
# Minimization at step:    13 with Value:     0.0002Tol(Act/Req):0.2000E+01/0.1000E-04
# With parameters(tra.):     0.6321E-04    0.4242E-02    0.3471E-01
# With parameters(rot.):    -0.6439E-02   -0.1995E-02    0.3471E-01
# Minimization at step:    14 with Value:     0.0002Tol(Act/Req):0.2000E+01/0.1000E-04
# With parameters(tra.):    -0.1093E-03    0.4091E-02    0.3425E-01
# With parameters(rot.):    -0.6283E-02   -0.4635E-03    0.3425E-01
# Minimization at step:    15 with Value:     0.0002Tol(Act/Req):0.2000E+01/0.1000E-04
# With parameters(tra.):    -0.4421E-03    0.3422E-02    0.3494E-01
# With parameters(rot.):    -0.6701E-02   -0.1101E-02    0.3494E-01
# Minimization at step:    16 with Value:     0.0002Tol(Act/Req):0.2000E+01/0.1000E-04
# With parameters(tra.):    -0.2392E-02    0.2575E-02    0.3538E-01
# With parameters(rot.):    -0.1466E-02   -0.4850E-02    0.3538E-01
# Minimization at step:    17 with Value:     0.0001Tol(Act/Req):0.2000E+01/0.1000E-04
# With parameters(tra.):     0.4715E-03    0.1582E-02    0.3279E-01
# With parameters(rot.):     0.2408E-02   -0.2827E-02    0.3279E-01
# Minimization at step:    18 with Value:     0.0001Tol(Act/Req):0.2000E+01/0.1000E-04
# With parameters(tra.):     0.1198E-02    0.1711E-02    0.3246E-01
# With parameters(rot.):     0.1422E-02   -0.1721E-02    0.3246E-01
# Minimization at step:    19 with Value:     0.0001Tol(Act/Req):0.2000E+01/0.1000E-04
# With parameters(tra.):     0.5422E-03    0.1970E-02    0.3308E-01
# With parameters(rot.):     0.3717E-03   -0.2134E-02    0.3308E-01
# Minimization at step:    20 with Value:     0.0001Tol(Act/Req):0.2000E+01/0.1000E-04
# With parameters(tra.):     0.4143E-03    0.9605E-03    0.3178E-01
# With parameters(rot.):     0.2903E-02    0.3723E-03    0.3178E-01
# Minimization at step:    21 with Value:     0.0001Tol(Act/Req):0.2000E+01/0.1000E-04
# With parameters(tra.):     0.3193E-03    0.4207E-03    0.3186E-01
# With parameters(rot.):     0.3494E-02    0.1765E-03    0.3186E-01
# Minimization at step:    22 with Value:     0.0000Tol(Act/Req):0.2000E+01/0.1000E-04
# With parameters(tra.):     0.3434E-03    0.6280E-03    0.3219E-01
# With parameters(rot.):     0.2910E-02   -0.4665E-03    0.3219E-01
# Minimization at step:    23 with Value:     0.0000Tol(Act/Req):0.2000E+01/0.1000E-04
# With parameters(tra.):     0.1511E-02    0.5250E-03    0.3146E-01
# With parameters(rot.):     0.1434E-02    0.2163E-02    0.3146E-01
# Minimization at step:    24 with Value:     0.0000Tol(Act/Req):0.2000E+01/0.1000E-04
# With parameters(tra.):     0.5230E-03    0.5615E-03    0.3215E-01
# With parameters(rot.):    -0.3128E-03    0.2769E-02    0.3215E-01
# Minimization at step:    25 with Value:     0.0000Tol(Act/Req):0.2000E+01/0.1000E-04
# With parameters(tra.):    -0.5996E-03    0.6480E-03    0.3288E-01
# With parameters(rot.):     0.3573E-03    0.9476E-03    0.3288E-01
# Minimization at step:    26 with Value:     0.0000Tol(Act/Req):0.2000E+01/0.1000E-04
# With parameters(tra.):    -0.4461E-03    0.6460E-03    0.3277E-01
# With parameters(rot.):     0.8500E-03    0.6445E-03    0.3277E-01
# Minimization at step:    27 with Value:     0.0000Tol(Act/Req):0.1999E+01/0.1000E-04
# With parameters(tra.):    -0.5574E-03    0.3949E-03    0.3288E-01
# With parameters(rot.):     0.9252E-03    0.5856E-03    0.3288E-01
# Minimization at step:    28 with Value:     0.0000Tol(Act/Req):0.1999E+01/0.1000E-04
# With parameters(tra.):    -0.7465E-03    0.6476E-03    0.3355E-01
# With parameters(rot.):    -0.4463E-03   -0.1159E-03    0.3355E-01
# Minimization at step:    29 with Value:     0.0000Tol(Act/Req):0.1999E+01/0.1000E-04
# With parameters(tra.):    -0.2220E-03    0.6043E-03    0.3336E-01
# With parameters(rot.):    -0.9822E-03    0.5288E-03    0.3336E-01
# Minimization at step:    30 with Value:     0.0000Tol(Act/Req):0.1999E+01/0.1000E-04
# With parameters(tra.):     0.6415E-04    0.5910E-03    0.3333E-01
# With parameters(rot.):    -0.7013E-03    0.4519E-04    0.3333E-01
# Minimization at step:    31 with Value:     0.0000Tol(Act/Req):0.1998E+01/0.1000E-04
# With parameters(tra.):     0.6031E-04    0.4817E-03    0.3343E-01
# With parameters(rot.):    -0.7992E-03   -0.2930E-04    0.3343E-01
# Minimization at step:    32 with Value:     0.0000Tol(Act/Req):0.1998E+01/0.1000E-04
# With parameters(tra.):     0.8041E-04    0.6423E-03    0.4457E-01
# With parameters(rot.):    -0.1066E-02   -0.3906E-04    0.1124E-01
# Minimization at step:    33 with Value:     0.0000Tol(Act/Req):0.1997E+01/0.1000E-04
# With parameters(tra.):     0.3817E-03    0.5146E-03    0.4699E-01
# With parameters(rot.):    -0.5347E-03    0.3309E-03    0.5325E-02
# Minimization at step:    34 with Value:     0.0000Tol(Act/Req):0.1997E+01/0.1000E-04
# With parameters(tra.):     0.4018E-03    0.4638E-03    0.4441E-01
# With parameters(rot.):    -0.4239E-03    0.3642E-03    0.1038E-01
# Minimization at step:    35 with Value:     0.0000Tol(Act/Req):0.1996E+01/0.1000E-04
# With parameters(tra.):     0.2955E-03    0.4504E-03    0.4727E-01
# With parameters(rot.):    -0.1633E-04    0.6849E-06    0.4733E-02
# Minimization at step:    36 with Value:     0.0000Tol(Act/Req):0.1996E+01/0.1000E-04
# With parameters(tra.):     0.3662E-03    0.2215E-03    0.5207E-01
# With parameters(rot.):     0.4881E-04   -0.1383E-03   -0.4641E-02
# Minimization at step:    37 with Value:     0.0000Tol(Act/Req):0.1995E+01/0.1000E-04
# With parameters(tra.):     0.3436E-03    0.1929E-03    0.5364E-01
# With parameters(rot.):     0.6450E-04   -0.7300E-04   -0.7802E-02
# Minimization at step:    38 with Value:     0.0000Tol(Act/Req):0.1993E+01/0.1000E-04
# With parameters(tra.):     0.3241E-03    0.2478E-03    0.5257E-01
# With parameters(rot.):     0.4952E-04   -0.3281E-04   -0.5722E-02
# Minimization at step:    39 with Value:     0.0000Tol(Act/Req):0.1991E+01/0.1000E-04
# With parameters(tra.):     0.1040E-03    0.2439E-03    0.5281E-01
# With parameters(rot.):    -0.1097E-03   -0.4007E-03   -0.5461E-02
# Minimization at step:    40 with Value:     0.0000Tol(Act/Req):0.1990E+01/0.1000E-04
# With parameters(tra.):     0.5970E-04    0.1128E-03    0.5104E-01
# With parameters(rot.):     0.1352E-03   -0.5420E-03   -0.1839E-02
# Minimization at step:    41 with Value:     0.0000Tol(Act/Req):0.1989E+01/0.1000E-04
# With parameters(tra.):     0.5199E-04    0.9188E-05    0.5039E-01
# With parameters(rot.):    -0.8605E-04   -0.4806E-03   -0.2664E-03
# Minimization at step:    42 with Value:     0.0000Tol(Act/Req):0.1988E+01/0.1000E-04
# With parameters(tra.):     0.1027E-03   -0.9413E-05    0.5012E-01
# With parameters(rot.):    -0.4429E-04   -0.3952E-03    0.1015E-03
# Minimization at step:    43 with Value:     0.0000Tol(Act/Req):0.1985E+01/0.1000E-04
# With parameters(tra.):     0.8638E-05   -0.1028E-03    0.5159E-01
# With parameters(rot.):    -0.4795E-04   -0.3779E-03   -0.2664E-02
# Minimization at step:    44 with Value:     0.0000Tol(Act/Req):0.1982E+01/0.1000E-04
# With parameters(tra.):    -0.2742E-04   -0.1046E-03    0.5098E-01
# With parameters(rot.):    -0.6356E-04   -0.3865E-03   -0.1369E-02
# Minimization at step:    45 with Value:     0.0000Tol(Act/Req):0.1975E+01/0.1000E-04
# With parameters(tra.):    -0.4150E-04   -0.5542E-04    0.5161E-01
# With parameters(rot.):     0.1080E-03   -0.4091E-03   -0.2824E-02
# Minimization at step:    46 with Value:     0.0000Tol(Act/Req):0.1966E+01/0.1000E-04
# With parameters(tra.):    -0.4568E-04   -0.2404E-04    0.5299E-01
# With parameters(rot.):    -0.6430E-04   -0.2706E-03   -0.5567E-02
# Minimization at step:    47 with Value:     0.0000Tol(Act/Req):0.1965E+01/0.1000E-04
# With parameters(tra.):     0.6233E-05   -0.6612E-04    0.5341E-01
# With parameters(rot.):     0.1255E-04   -0.5839E-04   -0.6721E-02
# Minimization at step:    48 with Value:     0.0000Tol(Act/Req):0.1958E+01/0.1000E-04
# With parameters(tra.):     0.1161E-04   -0.7747E-04    0.5311E-01
# With parameters(rot.):     0.6202E-04   -0.7534E-04   -0.6131E-02
# Minimization at step:    49 with Value:     0.0000Tol(Act/Req):0.1957E+01/0.1000E-04
# With parameters(tra.):     0.7528E-04   -0.6721E-05    0.5263E-01
# With parameters(rot.):     0.1011E-03    0.1391E-04   -0.5444E-02
# Minimization at step:    50 with Value:     0.0000Tol(Act/Req):0.1955E+01/0.1000E-04
# With parameters(tra.):     0.6806E-04    0.8748E-05    0.5246E-01
# With parameters(rot.):     0.8929E-04   -0.3311E-04   -0.5049E-02
# Minimization at step:    51 with Value:     0.0000Tol(Act/Req):0.1951E+01/0.1000E-04
# With parameters(tra.):     0.2776E-04    0.4296E-04    0.5172E-01
# With parameters(rot.):     0.1090E-03    0.6737E-04   -0.3685E-02
# Minimization at step:    52 with Value:     0.0000Tol(Act/Req):0.1949E+01/0.1000E-04
# With parameters(tra.):    -0.5176E-04   -0.1123E-04    0.5189E-01
# With parameters(rot.):     0.7255E-04   -0.4050E-05   -0.3787E-02
# Minimization at step:    53 with Value:     0.0000Tol(Act/Req):0.1937E+01/0.1000E-04
# With parameters(tra.):    -0.5027E-04   -0.1575E-04    0.5181E-01
# With parameters(rot.):     0.4101E-04    0.3346E-04   -0.3625E-02
# Minimization at step:    54 with Value:     0.0000Tol(Act/Req):0.1935E+01/0.1000E-04
# With parameters(tra.):    -0.3027E-04   -0.2582E-05    0.5176E-01
# With parameters(rot.):     0.4750E-04    0.5444E-04   -0.3586E-02
# Minimization at step:    55 with Value:     0.0000Tol(Act/Req):0.1901E+01/0.1000E-04
# With parameters(tra.):    -0.2503E-04   -0.1493E-04    0.5195E-01
# With parameters(rot.):     0.3744E-04    0.2825E-04   -0.3918E-02
# Minimization at step:    56 with Value:     0.0000Tol(Act/Req):0.1875E+01/0.1000E-04
# With parameters(tra.):    -0.2649E-04   -0.1679E-04    0.5094E-01
# With parameters(rot.):     0.1282E-03    0.2888E-04   -0.2001E-02
# Minimization at step:    57 with Value:     0.0000Tol(Act/Req):0.1869E+01/0.1000E-04
# With parameters(tra.):    -0.3798E-04   -0.1118E-04    0.5073E-01
# With parameters(rot.):     0.1255E-03    0.1054E-04   -0.1550E-02
# Minimization at step:    58 with Value:     0.0000Tol(Act/Req):0.1821E+01/0.1000E-04
# With parameters(tra.):    -0.3857E-04   -0.1025E-04    0.5096E-01
# With parameters(rot.):     0.1026E-03    0.8851E-05   -0.1992E-02
# Minimization at step:    59 with Value:     0.0000Tol(Act/Req):0.1805E+01/0.1000E-04
# With parameters(tra.):    -0.3170E-04   -0.1745E-04    0.5052E-01
# With parameters(rot.):     0.6006E-04    0.7567E-04   -0.1123E-02
# Minimization at step:    60 with Value:     0.0000Tol(Act/Req):0.1784E+01/0.1000E-04
# With parameters(tra.):    -0.2181E-04   -0.1211E-04    0.5039E-01
# With parameters(rot.):     0.6435E-04    0.8793E-04   -0.8979E-03
# Minimization at step:    61 with Value:     0.0000Tol(Act/Req):0.1778E+01/0.1000E-04
# With parameters(tra.):    -0.1026E-04   -0.3586E-04    0.5025E-01
# With parameters(rot.):     0.5320E-04    0.5543E-04   -0.5562E-03
# Minimization at step:    62 with Value:     0.0000Tol(Act/Req):0.1663E+01/0.1000E-04
# With parameters(tra.):    -0.1020E-04   -0.3559E-04    0.5034E-01
# With parameters(rot.):     0.6327E-04    0.3704E-04   -0.7262E-03
# Minimization at step:    63 with Value:     0.0000Tol(Act/Req):0.1646E+01/0.1000E-04
# With parameters(tra.):    -0.2392E-04   -0.3252E-04    0.4978E-01
# With parameters(rot.):     0.3717E-04    0.9184E-05    0.4511E-03
# Minimization at step:    64 with Value:     0.0000Tol(Act/Req):0.1583E+01/0.1000E-04
# With parameters(tra.):    -0.2299E-04   -0.3391E-04    0.4980E-01
# With parameters(rot.):     0.2026E-04    0.8367E-05    0.4339E-03
# Minimization at step:    65 with Value:     0.0000Tol(Act/Req):0.1552E+01/0.1000E-04
# With parameters(tra.):    -0.1949E-04   -0.3480E-04    0.4994E-01
# With parameters(rot.):     0.2538E-04    0.1526E-04    0.1381E-03
# Minimization at step:    66 with Value:     0.0000Tol(Act/Req):0.1528E+01/0.1000E-04
# With parameters(tra.):    -0.2314E-04   -0.2877E-04    0.4995E-01
# With parameters(rot.):     0.2584E-04    0.2004E-04    0.1106E-03
# Minimization at step:    67 with Value:     0.0000Tol(Act/Req):0.1406E+01/0.1000E-04
# With parameters(tra.):    -0.3819E-05   -0.2363E-04    0.4954E-01
# With parameters(rot.):     0.2159E-04    0.2193E-04    0.8961E-03
# Minimization at step:    68 with Value:     0.0000Tol(Act/Req):0.1396E+01/0.1000E-04
# With parameters(tra.):    -0.3254E-05   -0.2250E-04    0.4952E-01
# With parameters(rot.):     0.2315E-04    0.1148E-04    0.9463E-03
# Minimization at step:    69 with Value:     0.0000Tol(Act/Req):0.1118E+01/0.1000E-04
# With parameters(tra.):    -0.8037E-05   -0.2369E-04    0.4962E-01
# With parameters(rot.):     0.2434E-04    0.1013E-04    0.7541E-03
# Minimization at step:    70 with Value:     0.0000Tol(Act/Req):0.1090E+01/0.1000E-04
# With parameters(tra.):    -0.6328E-05   -0.2353E-04    0.4962E-01
# With parameters(rot.):     0.1623E-04    0.9871E-05    0.7722E-03
# Minimization at step:    71 with Value:     0.0000Tol(Act/Req):0.1019E+01/0.1000E-04
# With parameters(tra.):     0.5072E-05   -0.2155E-04    0.4979E-01
# With parameters(rot.):     0.2341E-04    0.2187E-04    0.3920E-03
# Minimization at step:    72 with Value:     0.0000Tol(Act/Req):0.8786E+00/0.1000E-04
# With parameters(tra.):     0.6642E-05   -0.1070E-04    0.4977E-01
# With parameters(rot.):     0.2351E-04    0.2949E-04    0.4210E-03
# Minimization at step:    73 with Value:     0.0000Tol(Act/Req):0.8305E+00/0.1000E-04
# With parameters(tra.):     0.1107E-04   -0.4505E-05    0.4980E-01
# With parameters(rot.):     0.2674E-04    0.1458E-04    0.3462E-03
# Minimization at step:    74 with Value:     0.0000Tol(Act/Req):0.7488E+00/0.1000E-04
# With parameters(tra.):     0.8671E-05   -0.1495E-05    0.5000E-01
# With parameters(rot.):     0.2913E-04    0.1368E-04   -0.4411E-04
# Minimization at step:    75 with Value:     0.0000Tol(Act/Req):0.7334E+00/0.1000E-04
# With parameters(tra.):    -0.1529E-05    0.3204E-05    0.4989E-01
# With parameters(rot.):     0.2386E-04   -0.1042E-05    0.1907E-03
# Minimization at step:    76 with Value:     0.0000Tol(Act/Req):0.6501E+00/0.1000E-04
# With parameters(tra.):    -0.3686E-05    0.2297E-05    0.4989E-01
# With parameters(rot.):     0.2281E-04    0.1382E-05    0.1965E-03
# Minimization at step:    77 with Value:     0.0000Tol(Act/Req):0.6329E+00/0.1000E-04
# With parameters(tra.):    -0.1316E-05    0.1047E-05    0.4992E-01
# With parameters(rot.):     0.2404E-04    0.5265E-05    0.1382E-03
# Minimization at step:    78 with Value:     0.0000Tol(Act/Req):0.4314E+00/0.1000E-04
# With parameters(tra.):     0.2501E-05    0.7427E-05    0.4998E-01
# With parameters(rot.):     0.1382E-04    0.3721E-05    0.6861E-05
# Minimization at step:    79 with Value:     0.0000Tol(Act/Req):0.3763E+00/0.1000E-04
# With parameters(tra.):     0.7445E-07    0.6238E-05    0.5007E-01
# With parameters(rot.):     0.1053E-04   -0.9950E-05   -0.1505E-03
# Minimization at step:    80 with Value:     0.0000Tol(Act/Req):0.3755E+00/0.1000E-04
# With parameters(tra.):    -0.1192E-05    0.6809E-05    0.4997E-01
# With parameters(rot.):     0.2738E-05   -0.1722E-04    0.7423E-04
# Minimization at step:    81 with Value:     0.0000Tol(Act/Req):0.3553E+00/0.1000E-04
# With parameters(tra.):    -0.6911E-06    0.7154E-05    0.4994E-01
# With parameters(rot.):     0.2911E-05   -0.1441E-04    0.1323E-03
# Minimization at step:    82 with Value:     0.0000Tol(Act/Req):0.2979E+00/0.1000E-04
# With parameters(tra.):    -0.3327E-06    0.7040E-05    0.4996E-01
# With parameters(rot.):     0.4874E-05   -0.1236E-04    0.8096E-04
# Minimization at step:    83 with Value:     0.0000Tol(Act/Req):0.2664E+00/0.1000E-04
# With parameters(tra.):    -0.3529E-05    0.6808E-05    0.4998E-01
# With parameters(rot.):    -0.3205E-05   -0.1209E-04    0.5393E-04
# Minimization at step:    84 with Value:     0.0000Tol(Act/Req):0.2424E+00/0.1000E-04
# With parameters(tra.):    -0.5264E-06    0.6373E-05    0.5003E-01
# With parameters(rot.):    -0.8169E-05   -0.1061E-04   -0.5450E-04
# Minimization at step:    85 with Value:     0.0000Tol(Act/Req):0.1565E+00/0.1000E-04
# With parameters(tra.):    -0.3192E-05    0.2920E-05    0.5001E-01
# With parameters(rot.):    -0.8558E-05   -0.1342E-04   -0.4149E-05
# Minimization at step:    86 with Value:     0.0000Tol(Act/Req):0.1507E+00/0.1000E-04
# With parameters(tra.):    -0.2365E-05    0.2654E-05    0.5001E-01
# With parameters(rot.):    -0.6985E-05   -0.1360E-04   -0.2232E-05
# Minimization at step:    87 with Value:     0.0000Tol(Act/Req):0.1444E+00/0.1000E-04
# With parameters(tra.):    -0.1920E-05    0.1843E-05    0.4997E-01
# With parameters(rot.):    -0.9937E-05   -0.7700E-05    0.6906E-04
# Minimization at step:    88 with Value:     0.0000Tol(Act/Req):0.9677E-01/0.1000E-04
# With parameters(tra.):    -0.1779E-05    0.3728E-06    0.5001E-01
# With parameters(rot.):    -0.1070E-04   -0.3455E-05   -0.1093E-04
# Minimization at step:    89 with Value:     0.0000Tol(Act/Req):0.9671E-01/0.1000E-04
# With parameters(tra.):    -0.2384E-05   -0.5471E-07    0.5000E-01
# With parameters(rot.):    -0.1008E-04   -0.3107E-05    0.1077E-04
# Minimization at step:    90 with Value:     0.0000Tol(Act/Req):0.8541E-01/0.1000E-04
# With parameters(tra.):    -0.2834E-05    0.7878E-07    0.5004E-01
# With parameters(rot.):    -0.7899E-05   -0.6380E-05   -0.5727E-04
# Minimization at step:    91 with Value:     0.0000Tol(Act/Req):0.6111E-01/0.1000E-04
# With parameters(tra.):    -0.9374E-06    0.1434E-05    0.5006E-01
# With parameters(rot.):    -0.7420E-05   -0.2161E-05   -0.1085E-03
# Minimization at step:    92 with Value:     0.0000Tol(Act/Req):0.5126E-01/0.1000E-04
# With parameters(tra.):     0.1193E-05    0.4954E-06    0.5007E-01
# With parameters(rot.):    -0.4419E-05    0.1296E-05   -0.1401E-03
# Minimization at step:    93 with Value:     0.0000Tol(Act/Req):0.4953E-01/0.1000E-04
# With parameters(tra.):     0.2089E-05    0.1516E-05    0.5006E-01
# With parameters(rot.):    -0.1821E-05    0.5032E-07   -0.1299E-03
# Minimization at step:    94 with Value:     0.0000Tol(Act/Req):0.4829E-01/0.1000E-04
# With parameters(tra.):     0.1202E-05    0.1886E-06    0.5004E-01
# With parameters(rot.):    -0.4332E-06   -0.3432E-05   -0.8573E-04
# Minimization at step:    95 with Value:     0.0000Tol(Act/Req):0.4710E-01/0.1000E-04
# With parameters(tra.):     0.6705E-06    0.3977E-06    0.5004E-01
# With parameters(rot.):    -0.8515E-06   -0.4691E-05   -0.7330E-04
# Minimization at step:    96 with Value:     0.0000Tol(Act/Req):0.3478E-01/0.1000E-04
# With parameters(tra.):     0.3280E-06    0.4918E-07    0.5004E-01
# With parameters(rot.):    -0.1420E-05   -0.4774E-05   -0.7115E-04
# Minimization at step:    97 with Value:     0.0000Tol(Act/Req):0.3344E-01/0.1000E-04
# With parameters(tra.):     0.2251E-07   -0.7712E-06    0.5003E-01
# With parameters(rot.):     0.2700E-05   -0.4633E-05   -0.5505E-04
# Minimization at step:    98 with Value:     0.0000Tol(Act/Req):0.3265E-01/0.1000E-04
# With parameters(tra.):     0.1274E-05   -0.1144E-05    0.5000E-01
# With parameters(rot.):     0.4780E-05   -0.1868E-05   -0.8946E-05
# Minimization at step:    99 with Value:     0.0000Tol(Act/Req):0.3157E-01/0.1000E-04
# With parameters(tra.):     0.1502E-05   -0.9226E-06    0.5000E-01
# With parameters(rot.):     0.4868E-05   -0.8671E-06   -0.1359E-04
# Minimization at step:   100 with Value:     0.0000Tol(Act/Req):0.3006E-01/0.1000E-04
# With parameters(tra.):     0.3263E-06   -0.4766E-06    0.5003E-01
# With parameters(rot.):     0.2816E-05   -0.3298E-05   -0.6124E-04
# Minimization at step:   101 with Value:     0.0000Tol(Act/Req):0.2781E-01/0.1000E-04
# With parameters(tra.):     0.4279E-06   -0.2470E-06    0.5003E-01
# With parameters(rot.):     0.1796E-05   -0.3222E-05   -0.6578E-04
# Minimization at step:   102 with Value:     0.0000Tol(Act/Req):0.1543E-01/0.1000E-04
# With parameters(tra.):     0.1335E-05   -0.5240E-06    0.5001E-01
# With parameters(rot.):     0.3079E-05   -0.1380E-05   -0.3117E-04
# Minimization at step:   103 with Value:     0.0000Tol(Act/Req):0.1365E-01/0.1000E-04
# With parameters(tra.):     0.9858E-06   -0.1412E-05    0.5001E-01
# With parameters(rot.):     0.3442E-05   -0.4159E-06   -0.1355E-04
# Minimization at step:   104 with Value:     0.0000Tol(Act/Req):0.1090E-01/0.1000E-04
# With parameters(tra.):     0.7463E-06   -0.1458E-05    0.5000E-01
# With parameters(rot.):     0.3591E-05   -0.6887E-06   -0.2348E-05
# Minimization at step:   105 with Value:     0.0000Tol(Act/Req):0.1023E-01/0.1000E-04
# With parameters(tra.):     0.9500E-06   -0.1195E-05    0.5000E-01
# With parameters(rot.):     0.3340E-05    0.1373E-05   -0.7883E-05
# Minimization at step:   106 with Value:     0.0000Tol(Act/Req):0.8910E-02/0.1000E-04
# With parameters(tra.):     0.1044E-05   -0.1159E-05    0.5000E-01
# With parameters(rot.):     0.2959E-05    0.1794E-05   -0.5329E-05
# Minimization at step:   107 with Value:     0.0000Tol(Act/Req):0.8824E-02/0.1000E-04
# With parameters(tra.):     0.1137E-05   -0.9161E-06    0.5000E-01
# With parameters(rot.):     0.2828E-05    0.1737E-05   -0.9052E-05
# Minimization at step:   108 with Value:     0.0000Tol(Act/Req):0.8159E-02/0.1000E-04
# With parameters(tra.):     0.4657E-06   -0.8620E-06    0.5001E-01
# With parameters(rot.):     0.1888E-05    0.1547E-05   -0.2475E-04
# Minimization at step:   109 with Value:     0.0000Tol(Act/Req):0.4767E-02/0.1000E-04
# With parameters(tra.):     0.1917E-06   -0.9763E-06    0.5001E-01
# With parameters(rot.):     0.1713E-05    0.4498E-07   -0.2481E-04
# Minimization at step:   110 with Value:     0.0000Tol(Act/Req):0.4091E-02/0.1000E-04
# With parameters(tra.):    -0.4722E-06   -0.9082E-06    0.5001E-01
# With parameters(rot.):     0.1385E-05   -0.2562E-06   -0.9902E-05
# Minimization at step:   111 with Value:     0.0000Tol(Act/Req):0.3855E-02/0.1000E-04
# With parameters(tra.):    -0.3827E-06   -0.9255E-06    0.5000E-01
# With parameters(rot.):     0.1578E-05   -0.3592E-06   -0.4742E-05
# Minimization at step:   112 with Value:     0.0000Tol(Act/Req):0.3435E-02/0.1000E-04
# With parameters(tra.):    -0.5979E-06   -0.8134E-06    0.5000E-01
# With parameters(rot.):     0.6602E-06   -0.2661E-06   -0.7638E-06
# Minimization at step:   113 with Value:     0.0000Tol(Act/Req):0.3428E-02/0.1000E-04
# With parameters(tra.):    -0.6963E-06   -0.6833E-06    0.5000E-01
# With parameters(rot.):     0.4141E-06   -0.4615E-06   -0.1934E-05
# Minimization at step:   114 with Value:     0.0000Tol(Act/Req):0.2009E-02/0.1000E-04
# With parameters(tra.):    -0.2544E-06   -0.6782E-06    0.5001E-01
# With parameters(rot.):     0.4178E-06   -0.2869E-06   -0.1112E-04
# Minimization at step:   115 with Value:     0.0000Tol(Act/Req):0.1255E-02/0.1000E-04
# With parameters(tra.):    -0.2290E-06   -0.5465E-06    0.5000E-01
# With parameters(rot.):     0.1815E-06    0.3814E-06   -0.7669E-05
# Minimization at step:   116 with Value:     0.0000Tol(Act/Req):0.1197E-02/0.1000E-04
# With parameters(tra.):     0.1421E-08   -0.4549E-06    0.5000E-01
# With parameters(rot.):     0.1019E-06    0.4223E-06    0.1676E-05
# Minimization at step:   117 with Value:     0.0000Tol(Act/Req):0.1116E-02/0.1000E-04
# With parameters(tra.):     0.8724E-07   -0.4437E-06    0.5000E-01
# With parameters(rot.):     0.2083E-06    0.4641E-06    0.1216E-05
# Minimization at step:   118 with Value:     0.0000Tol(Act/Req):0.6794E-03/0.1000E-04
# With parameters(tra.):     0.1515E-06   -0.1036E-06    0.5000E-01
# With parameters(rot.):    -0.3525E-06    0.3819E-06   -0.7486E-07
# Minimization at step:   119 with Value:     0.0000Tol(Act/Req):0.6564E-03/0.1000E-04
# With parameters(tra.):     0.1117E-06   -0.5658E-07    0.5000E-01
# With parameters(rot.):    -0.4174E-06    0.4086E-06    0.2377E-05
# Minimization at step:   120 with Value:     0.0000Tol(Act/Req):0.6495E-03/0.1000E-04
# With parameters(tra.):     0.9231E-07   -0.1377E-06    0.5000E-01
# With parameters(rot.):    -0.2826E-06    0.4313E-06    0.2904E-05
# Minimization at step:   121 with Value:     0.0000Tol(Act/Req):0.4721E-03/0.1000E-04
# With parameters(tra.):     0.1599E-06   -0.1013E-06    0.5000E-01
# With parameters(rot.):    -0.2804E-06    0.1097E-06    0.3821E-05
# Minimization at step:   122 with Value:     0.0000Tol(Act/Req):0.3787E-03/0.1000E-04
# With parameters(tra.):     0.2675E-07   -0.8164E-07    0.5000E-01
# With parameters(rot.):    -0.3163E-06    0.8863E-09   -0.2652E-05
# Minimization at step:   123 with Value:     0.0000Tol(Act/Req):0.1319E-03/0.1000E-04
# With parameters(tra.):     0.6462E-07   -0.4588E-07    0.5000E-01
# With parameters(rot.):    -0.3068E-06   -0.1679E-07   -0.3204E-05
# Minimization at step:   124 with Value:     0.0000Tol(Act/Req):0.1218E-03/0.1000E-04
# With parameters(tra.):     0.5262E-07   -0.7878E-07    0.5000E-01
# With parameters(rot.):    -0.2414E-06   -0.4275E-07   -0.3449E-05
# Minimization at step:   125 with Value:     0.0000Tol(Act/Req):0.1176E-03/0.1000E-04
# With parameters(tra.):     0.3241E-07   -0.8297E-07    0.5000E-01
# With parameters(rot.):    -0.2385E-06   -0.1851E-08   -0.4208E-05
# Minimization at step:   126 with Value:     0.0000Tol(Act/Req):0.1088E-03/0.1000E-04
# With parameters(tra.):    -0.7369E-07    0.2292E-08    0.5000E-01
# With parameters(rot.):    -0.3086E-06   -0.8539E-07   -0.1499E-05
# Minimization at step:   127 with Value:     0.0000Tol(Act/Req):0.8513E-04/0.1000E-04
# With parameters(tra.):    -0.3222E-07    0.1345E-07    0.5000E-01
# With parameters(rot.):    -0.2887E-06   -0.5255E-07    0.2026E-05
# Minimization at step:   128 with Value:     0.0000Tol(Act/Req):0.4309E-04/0.1000E-04
# With parameters(tra.):    -0.2238E-08   -0.6938E-08    0.5000E-01
# With parameters(rot.):    -0.2695E-06   -0.2893E-07    0.1642E-05
# Minimization at step:   129 with Value:     0.0000Tol(Act/Req):0.4140E-04/0.1000E-04
# With parameters(tra.):     0.1112E-07    0.1419E-07    0.5000E-01
# With parameters(rot.):    -0.2617E-06   -0.3878E-07    0.1770E-05
# Minimization at step:   130 with Value:     0.0000Tol(Act/Req):0.3146E-04/0.1000E-04
# With parameters(tra.):    -0.2672E-07   -0.2062E-07    0.5000E-01
# With parameters(rot.):    -0.1377E-06   -0.8938E-07    0.3019E-05
# Minimization at step:   131 with Value:     0.0000Tol(Act/Req):0.2770E-04/0.1000E-04
# With parameters(tra.):    -0.5253E-07   -0.3941E-07    0.5000E-01
# With parameters(rot.):    -0.1006E-06   -0.1235E-06    0.9999E-06
# Minimization at step:   132 with Value:     0.0000Tol(Act/Req):0.2682E-04/0.1000E-04
# With parameters(tra.):    -0.4522E-07   -0.3228E-07    0.5000E-01
# With parameters(rot.):    -0.1285E-06   -0.1137E-06    0.5195E-06
# Minimization at step:   133 with Value:     0.0000Tol(Act/Req):0.1681E-04/0.1000E-04
# With parameters(tra.):    -0.1100E-07   -0.6919E-07    0.5000E-01
# With parameters(rot.):    -0.6449E-07   -0.9952E-07   -0.3365E-06
# Minimization at step:   134 with Value:     0.0000Tol(Act/Req):0.1554E-04/0.1000E-04
# With parameters(tra.):    -0.1083E-08   -0.6697E-07    0.5000E-01
# With parameters(rot.):    -0.7076E-07   -0.8897E-07    0.5677E-07
# Minimization at step:   135 with Value:     0.0000Tol(Act/Req):0.8813E-05/0.1000E-04
# With parameters(tra.):    -0.3977E-07   -0.6925E-07    0.5000E-01
# With parameters(rot.):    -0.2448E-07   -0.4940E-07   -0.1494E-07
# CSM Values after z minimization.
# Final Number of optim. Steps:   135
#      Before min is:      0.00000000000
# Final CSM Simplex Value is:      0.00000000000
# CSM Summary.
#    Inizial CSM Value is:      0.00000000000
#   After optimization is:      0.00000000000
#          Along x axe is:      0.00000000000
#          Along y axe is:      0.00000000000
#          Along z axe is:      0.00000000000
# The Lowest CSM Value is:      0.00000000000
#    Obtained CSM in % is:      0.00000000011
