# [csmmod_rdinput] messages reinitialized.
# MESLOG:[csmmod_rdinput] messages reinitialized.
# Input  file unit is: 5
# Input  file name is:stdin
# Output file unit is: 6
# Output file name is:stdout
# Error  file unit is: 6
# Error  file name is:stderr
# Log    file unit is: 6
# Log    file name is:stdlog
# MESLOG:[csm_rdinput] molecule_init called with debug.
[molecule] Nrec=   2 Format=nscxyz
  c                1    6    0.00000000D+00   0.00000000D+00   0.00000000D+00
  n                2    7    0.10000000D+01   0.10000000D+01   0.10000000D+01
# Molecule moved to the center of mass
# Shift Vector is:        0.28494149       0.28494149       0.28494149
# Inertia Tensor: (Before Diagonalization)
# Up Diagonal Columnwise
#    0.18094140D+01  -0.90470701D+00   0.18094140D+01  -0.90470701D+00  -0.90470701D+00   0.18094140D+01
# Inertia Tensor: (Full Matrix)
# 1,1 - 1,3           0.18094140D+01  -0.90470701D+00  -0.90470701D+00
# 2,1 - 2,3          -0.90470701D+00   0.18094140D+01  -0.90470701D+00
# 3,1 - 3,3          -0.90470701D+00  -0.90470701D+00   0.18094140D+01
# Inertia Tensor
# Inertia EigenValues:    -0.11102230D-15   0.27141210D+01   0.27141210D+01
# Eigen Vectors:
# 1,1 - 1,3           0.57735027D+00  -0.77151675D+00   0.26726124D+00
# 2,1 - 2,3           0.57735027D+00   0.15430335D+00  -0.80178373D+00
# 3,1 - 3,3           0.57735027D+00   0.61721340D+00   0.53452248D+00
# Molecule Rotated to match inertia axes
[molecule] Nrec=   2 Format=nscxyz
  c                1    6   -0.93264274D+00  -0.94414271D-16  -0.34922009D-16
  n                2    7    0.79940807D+00   0.55401425D-16   0.11843216D-16
# Initial Integrals follow ...
# INT: Number of electrons from integrated RHO:     12.99999867154
# INT: \int \rho \rho dr:       6.89365654770
# INT: \int \rho \tilde{\rho} dr/ng:       6.86533190993
# INT: \int \rho \tilde{\rho}m dr/ng:       3.41850363608
#  DEBUG     \int rr  =      6.89365654770
#  DEBUG     \int rr~ =      6.86533190993
#  DEBUG     \int rr~ =      6.86533190993
#  DEBUG     CSM value =      0.00410879735
#  DEBUG     CSM value =      0.00410879735
# Number of electrons =     12.99999867154
# Initial rho^2 value =      6.89365654770
#  Initial rrii value =      4.05612812861
#  Initial rrij value =      2.83752841909
#  Initial imj  value =      6.86533190993
#  Initial impj value =      3.41850363608
#  Initial CSM  value =      0.00410879735
#  Initial CSM% value =      0.41087973512
[molecule] Nrec=   2 Format=nscxyz
  c                1    6   -0.93264274D+00  -0.94414271D-16  -0.34922009D-16
  n                2    7    0.79940807D+00   0.55401425D-16   0.11843216D-16
# Request Simplex: Run it with internal procedure. NOT IMPLEMENTED!
# Request for Simplex: Initial Coordinates.
[molecule] Nrec=   2 Format=nscxyz
  c                1    6   -0.93264274D+00  -0.94414271D-16  -0.34922009D-16
  n                2    7    0.79940807D+00   0.55401425D-16   0.11843216D-16
# Minimization at step:     0 with Value:     0.0049Tol(Act/Req):0.1071E+01/0.1000E-04
# With parameters(tra.):     0.1429E-01    0.1429E-01    0.1429E-01
# With parameters(rot.):     0.1429E-01    0.1429E-01    0.1429E-01
# Minimization at step:     1 with Value:     0.0043Tol(Act/Req):0.6324E+00/0.1000E-04
# With parameters(tra.):     0.1548E-01    0.1548E-01    0.7143E-02
# With parameters(rot.):     0.1548E-01    0.1548E-01    0.1548E-01
# Minimization at step:     2 with Value:     0.0041Tol(Act/Req):0.6324E+00/0.1000E-04
# With parameters(tra.):    -0.1270E-01    0.2063E-01    0.9524E-02
# With parameters(rot.):     0.2063E-01    0.2063E-01    0.2063E-01
# Minimization at step:     3 with Value:     0.0039Tol(Act/Req):0.5379E+00/0.1000E-04
# With parameters(tra.):    -0.1376E-01    0.1402E-01    0.1032E-01
# With parameters(rot.):     0.2235E-01    0.2235E-01    0.2235E-01
# Minimization at step:     4 with Value:     0.0038Tol(Act/Req):0.4100E+00/0.1000E-04
# With parameters(tra.):    -0.2112E-01    0.1592E-01   -0.2910E-02
# With parameters(rot.):     0.2703E-01    0.2703E-01    0.2703E-01
# Minimization at step:     5 with Value:     0.0037Tol(Act/Req):0.3817E+00/0.1000E-04
# With parameters(tra.):    -0.1478E-01    0.1423E-01   -0.4541E-02
# With parameters(rot.):     0.2627E-01    0.2627E-01    0.2627E-01
# Minimization at step:     6 with Value:     0.0036Tol(Act/Req):0.3817E+00/0.1000E-04
# With parameters(tra.):    -0.1970E-01    0.1898E-01   -0.6055E-02
# With parameters(rot.):     0.3503E-01    0.3503E-01    0.3503E-01
# Minimization at step:     7 with Value:     0.0033Tol(Act/Req):0.5727E+00/0.1000E-04
# With parameters(tra.):    -0.2956E-01    0.2847E-01   -0.9083E-02
# With parameters(rot.):     0.2543E-02    0.5254E-01    0.5254E-01
# Minimization at step:     8 with Value:     0.0029Tol(Act/Req):0.1010E+01/0.1000E-04
# With parameters(tra.):    -0.4063E-01    0.1585E-01   -0.1640E-01
# With parameters(rot.):    -0.2205E-02    0.7280E-01    0.7280E-01
# Minimization at step:     9 with Value:     0.0027Tol(Act/Req):0.9474E+00/0.1000E-04
# With parameters(tra.):    -0.3977E-01    0.1393E-01   -0.7672E-02
# With parameters(rot.):    -0.1662E-01    0.8338E-01    0.8338E-01
# Minimization at step:    10 with Value:     0.0024Tol(Act/Req):0.9006E+00/0.1000E-04
# With parameters(tra.):    -0.3542E-01    0.1047E-01   -0.1198E-01
# With parameters(rot.):    -0.3243E-01    0.1009E+00    0.1009E+00
# Minimization at step:    11 with Value:     0.0020Tol(Act/Req):0.9101E+00/0.1000E-04
# With parameters(tra.):    -0.4722E-01    0.1396E-01   -0.1597E-01
# With parameters(rot.):    -0.4325E-01    0.1345E+00    0.1012E+00
# Minimization at step:    12 with Value:     0.0017Tol(Act/Req):0.1564E+01/0.1000E-04
# With parameters(tra.):    -0.5359E-01    0.4327E-02   -0.1866E-01
# With parameters(rot.):    -0.9552E-01    0.1711E+00    0.1211E+00
# Minimization at step:    13 with Value:     0.0014Tol(Act/Req):0.1487E+01/0.1000E-04
# With parameters(tra.):    -0.7146E-01    0.5769E-02   -0.2488E-01
# With parameters(rot.):    -0.1274E+00    0.1949E+00    0.1615E+00
# Minimization at step:    14 with Value:     0.0013Tol(Act/Req):0.1471E+01/0.1000E-04
# With parameters(tra.):    -0.7432E-01    0.5569E-02   -0.2849E-01
# With parameters(rot.):    -0.1330E+00    0.2015E+00    0.1654E+00
# Minimization at step:    15 with Value:     0.0010Tol(Act/Req):0.1699E+01/0.1000E-04
# With parameters(tra.):    -0.7699E-01   -0.2486E-01   -0.3214E-01
# With parameters(rot.):    -0.1358E+00    0.2410E+00    0.1868E+00
# Minimization at step:    16 with Value:     0.0008Tol(Act/Req):0.1653E+01/0.1000E-04
# With parameters(tra.):    -0.9520E-01   -0.3317E-01   -0.3456E-01
# With parameters(rot.):    -0.1544E+00    0.2701E+00    0.1979E+00
# Minimization at step:    17 with Value:     0.0007Tol(Act/Req):0.1644E+01/0.1000E-04
# With parameters(tra.):    -0.9863E-01   -0.3269E-01   -0.3085E-01
# With parameters(rot.):    -0.1988E+00    0.3089E+00    0.2126E+00
# Minimization at step:    18 with Value:     0.0006Tol(Act/Req):0.1642E+01/0.1000E-04
# With parameters(tra.):    -0.1021E+00   -0.3598E-01   -0.3286E-01
# With parameters(rot.):    -0.2071E+00    0.3212E+00    0.2185E+00
# Minimization at step:    19 with Value:     0.0004Tol(Act/Req):0.1681E+01/0.1000E-04
# With parameters(tra.):    -0.9442E-01   -0.5133E-01   -0.2930E-01
# With parameters(rot.):    -0.2019E+00    0.3396E+00    0.1971E+00
# Minimization at step:    20 with Value:     0.0003Tol(Act/Req):0.1368E+01/0.1000E-04
# With parameters(tra.):    -0.9737E-01   -0.7027E-01   -0.2964E-01
# With parameters(rot.):    -0.2334E+00    0.3656E+00    0.2208E+00
# Minimization at step:    21 with Value:     0.0003Tol(Act/Req):0.1252E+01/0.1000E-04
# With parameters(tra.):    -0.9352E-01   -0.8328E-01   -0.3294E-01
# With parameters(rot.):    -0.2005E+00    0.3457E+00    0.2089E+00
# Minimization at step:    22 with Value:     0.0003Tol(Act/Req):0.1234E+01/0.1000E-04
# With parameters(tra.):    -0.7475E-01   -0.9168E-01   -0.2998E-01
# With parameters(rot.):    -0.1973E+00    0.3418E+00    0.2014E+00
# Minimization at step:    23 with Value:     0.0003Tol(Act/Req):0.1210E+01/0.1000E-04
# With parameters(tra.):    -0.7255E-01   -0.1168E+00   -0.3303E-01
# With parameters(rot.):    -0.2106E+00    0.3732E+00    0.2074E+00
# Minimization at step:    24 with Value:     0.0002Tol(Act/Req):0.1303E+01/0.1000E-04
# With parameters(tra.):    -0.7176E-01   -0.1164E+00   -0.3221E-01
# With parameters(rot.):    -0.2196E+00    0.3804E+00    0.2103E+00
# Minimization at step:    25 with Value:     0.0002Tol(Act/Req):0.1206E+01/0.1000E-04
# With parameters(tra.):    -0.7115E-01   -0.1232E+00   -0.3245E-01
# With parameters(rot.):    -0.2125E+00    0.3856E+00    0.2111E+00
# Minimization at step:    26 with Value:     0.0001Tol(Act/Req):0.1176E+01/0.1000E-04
# With parameters(tra.):    -0.7555E-01   -0.1237E+00   -0.3339E-01
# With parameters(rot.):    -0.2146E+00    0.3903E+00    0.2138E+00
# Minimization at step:    27 with Value:     0.0001Tol(Act/Req):0.1174E+01/0.1000E-04
# With parameters(tra.):    -0.7875E-01   -0.1009E+00   -0.3046E-01
# With parameters(rot.):    -0.2027E+00    0.3646E+00    0.2098E+00
# Minimization at step:    28 with Value:     0.0001Tol(Act/Req):0.1331E+01/0.1000E-04
# With parameters(tra.):    -0.7670E-01   -0.1003E+00   -0.3047E-01
# With parameters(rot.):    -0.1949E+00    0.3602E+00    0.2050E+00
# Minimization at step:    29 with Value:     0.0001Tol(Act/Req):0.1115E+01/0.1000E-04
# With parameters(tra.):    -0.7573E-01   -0.1060E+00   -0.3121E-01
# With parameters(rot.):    -0.1972E+00    0.3662E+00    0.2055E+00
# Minimization at step:    30 with Value:     0.0001Tol(Act/Req):0.1234E+01/0.1000E-04
# With parameters(tra.):    -0.7474E-01   -0.1026E+00   -0.2991E-01
# With parameters(rot.):    -0.2014E+00    0.3635E+00    0.2000E+00
# Minimization at step:    31 with Value:     0.0001Tol(Act/Req):0.1080E+01/0.1000E-04
# With parameters(tra.):    -0.7583E-01   -0.1043E+00   -0.3368E-01
# With parameters(rot.):    -0.2065E+00    0.3531E+00    0.2223E+00
# Minimization at step:    32 with Value:     0.0000Tol(Act/Req):0.1364E+01/0.1000E-04
# With parameters(tra.):    -0.7805E-01   -0.1029E+00   -0.3417E-01
# With parameters(rot.):    -0.2068E+00    0.3524E+00    0.2244E+00
# Minimization at step:    33 with Value:     0.0000Tol(Act/Req):0.1375E+01/0.1000E-04
# With parameters(tra.):    -0.7819E-01   -0.1016E+00   -0.3393E-01
# With parameters(rot.):    -0.2103E+00    0.3536E+00    0.2270E+00
# Minimization at step:    34 with Value:     0.0000Tol(Act/Req):0.1375E+01/0.1000E-04
# With parameters(tra.):    -0.7847E-01   -0.1032E+00   -0.3417E-01
# With parameters(rot.):    -0.2066E+00    0.3536E+00    0.2287E+00
# Minimization at step:    35 with Value:     0.0000Tol(Act/Req):0.1011E+01/0.1000E-04
# With parameters(tra.):    -0.7830E-01   -0.1017E+00   -0.3147E-01
# With parameters(rot.):    -0.2028E+00    0.3615E+00    0.2135E+00
# Minimization at step:    36 with Value:     0.0000Tol(Act/Req):0.1182E+01/0.1000E-04
# With parameters(tra.):    -0.7803E-01   -0.1041E+00   -0.3186E-01
# With parameters(rot.):    -0.2044E+00    0.3641E+00    0.2145E+00
# Minimization at step:    37 with Value:     0.0000Tol(Act/Req):0.1325E+01/0.1000E-04
# With parameters(tra.):    -0.7712E-01   -0.1041E+00   -0.3198E-01
# With parameters(rot.):    -0.2013E+00    0.3623E+00    0.2128E+00
# Minimization at step:    38 with Value:     0.0000Tol(Act/Req):0.1339E+01/0.1000E-04
# With parameters(tra.):    -0.7682E-01   -0.1026E+00   -0.3150E-01
# With parameters(rot.):    -0.2034E+00    0.3608E+00    0.2111E+00
# Minimization at step:    39 with Value:     0.0000Tol(Act/Req):0.1354E+01/0.1000E-04
# With parameters(tra.):    -0.7682E-01   -0.1033E+00   -0.3140E-01
# With parameters(rot.):    -0.2013E+00    0.3614E+00    0.2105E+00
# Minimization at step:    40 with Value:     0.0000Tol(Act/Req):0.1213E+01/0.1000E-04
# With parameters(tra.):    -0.7644E-01   -0.1049E+00   -0.3318E-01
# With parameters(rot.):    -0.2033E+00    0.3561E+00    0.2196E+00
# Minimization at step:    41 with Value:     0.0000Tol(Act/Req):0.1176E+01/0.1000E-04
# With parameters(tra.):    -0.7742E-01   -0.1044E+00   -0.3334E-01
# With parameters(rot.):    -0.2032E+00    0.3560E+00    0.2203E+00
# Minimization at step:    42 with Value:     0.0000Tol(Act/Req):0.9191E+00/0.1000E-04
# With parameters(tra.):    -0.7742E-01   -0.1027E+00   -0.3266E-01
# With parameters(rot.):    -0.2077E+00    0.3593E+00    0.2232E+00
# Minimization at step:    43 with Value:     0.0000Tol(Act/Req):0.1284E+01/0.1000E-04
# With parameters(tra.):    -0.7724E-01   -0.1038E+00   -0.3292E-01
# With parameters(rot.):    -0.2088E+00    0.3602E+00    0.2244E+00
# Minimization at step:    44 with Value:     0.0000Tol(Act/Req):0.1251E+01/0.1000E-04
# With parameters(tra.):    -0.7722E-01   -0.1043E+00   -0.3311E-01
# With parameters(rot.):    -0.2078E+00    0.3595E+00    0.2238E+00
# Minimization at step:    45 with Value:     0.0000Tol(Act/Req):0.9103E+00/0.1000E-04
# With parameters(tra.):    -0.7738E-01   -0.1039E+00   -0.3266E-01
# With parameters(rot.):    -0.2076E+00    0.3611E+00    0.2219E+00
# Minimization at step:    46 with Value:     0.0000Tol(Act/Req):0.1309E+01/0.1000E-04
# With parameters(tra.):    -0.7695E-01   -0.1039E+00   -0.3278E-01
# With parameters(rot.):    -0.2066E+00    0.3601E+00    0.2218E+00
# Minimization at step:    47 with Value:     0.0000Tol(Act/Req):0.1532E+01/0.1000E-04
# With parameters(tra.):    -0.7681E-01   -0.1032E+00   -0.3265E-01
# With parameters(rot.):    -0.2079E+00    0.3593E+00    0.2218E+00
# Minimization at step:    48 with Value:     0.0000Tol(Act/Req):0.1456E+01/0.1000E-04
# With parameters(tra.):    -0.7724E-01   -0.1028E+00   -0.3267E-01
# With parameters(rot.):    -0.2083E+00    0.3595E+00    0.2223E+00
# Minimization at step:    49 with Value:     0.0000Tol(Act/Req):0.1210E+01/0.1000E-04
# With parameters(tra.):    -0.7739E-01   -0.1042E+00   -0.3289E-01
# With parameters(rot.):    -0.2063E+00    0.3600E+00    0.2250E+00
# Minimization at step:    50 with Value:     0.0000Tol(Act/Req):0.1178E+01/0.1000E-04
# With parameters(tra.):    -0.7740E-01   -0.1044E+00   -0.3297E-01
# With parameters(rot.):    -0.2057E+00    0.3597E+00    0.2248E+00
# Minimization at step:    51 with Value:     0.0000Tol(Act/Req):0.1281E+01/0.1000E-04
# With parameters(tra.):    -0.7748E-01   -0.1042E+00   -0.3277E-01
# With parameters(rot.):    -0.2055E+00    0.3604E+00    0.2240E+00
# Minimization at step:    52 with Value:     0.0000Tol(Act/Req):0.1443E+01/0.1000E-04
# With parameters(tra.):    -0.7741E-01   -0.1048E+00   -0.3289E-01
# With parameters(rot.):    -0.2057E+00    0.3609E+00    0.2246E+00
# Minimization at step:    53 with Value:     0.0000Tol(Act/Req):0.1089E+01/0.1000E-04
# With parameters(tra.):    -0.7737E-01   -0.1046E+00   -0.3284E-01
# With parameters(rot.):    -0.2062E+00    0.3608E+00    0.2239E+00
# Minimization at step:    54 with Value:     0.0000Tol(Act/Req):0.9965E+00/0.1000E-04
# With parameters(tra.):    -0.7719E-01   -0.1046E+00   -0.3290E-01
# With parameters(rot.):    -0.2056E+00    0.3603E+00    0.2240E+00
# Minimization at step:    55 with Value:     0.0000Tol(Act/Req):0.1317E+01/0.1000E-04
# With parameters(tra.):    -0.7740E-01   -0.1046E+00   -0.3293E-01
# With parameters(rot.):    -0.2056E+00    0.3605E+00    0.2244E+00
# Minimization at step:    56 with Value:     0.0000Tol(Act/Req):0.1301E+01/0.1000E-04
# With parameters(tra.):    -0.7738E-01   -0.1044E+00   -0.3289E-01
# With parameters(rot.):    -0.2060E+00    0.3602E+00    0.2246E+00
# Minimization at step:    57 with Value:     0.0000Tol(Act/Req):0.1153E+01/0.1000E-04
# With parameters(tra.):    -0.7739E-01   -0.1047E+00   -0.3299E-01
# With parameters(rot.):    -0.2051E+00    0.3599E+00    0.2243E+00
# Minimization at step:    58 with Value:     0.0000Tol(Act/Req):0.1308E+01/0.1000E-04
# With parameters(tra.):    -0.7737E-01   -0.1046E+00   -0.3297E-01
# With parameters(rot.):    -0.2053E+00    0.3598E+00    0.2239E+00
# Minimization at step:    59 with Value:     0.0000Tol(Act/Req):0.1164E+01/0.1000E-04
# With parameters(tra.):    -0.7740E-01   -0.1045E+00   -0.3289E-01
# With parameters(rot.):    -0.2051E+00    0.3600E+00    0.2236E+00
# Minimization at step:    60 with Value:     0.0000Tol(Act/Req):0.1118E+01/0.1000E-04
# With parameters(tra.):    -0.7737E-01   -0.1048E+00   -0.3295E-01
# With parameters(rot.):    -0.2052E+00    0.3602E+00    0.2238E+00
# Minimization at step:    61 with Value:     0.0000Tol(Act/Req):0.1062E+01/0.1000E-04
# With parameters(tra.):    -0.7729E-01   -0.1048E+00   -0.3298E-01
# With parameters(rot.):    -0.2049E+00    0.3600E+00    0.2238E+00
# Minimization at step:    62 with Value:     0.0000Tol(Act/Req):0.9864E+00/0.1000E-04
# With parameters(tra.):    -0.7725E-01   -0.1046E+00   -0.3292E-01
# With parameters(rot.):    -0.2054E+00    0.3603E+00    0.2239E+00
# Minimization at step:    63 with Value:     0.0000Tol(Act/Req):0.1132E+01/0.1000E-04
# With parameters(tra.):    -0.7723E-01   -0.1046E+00   -0.3290E-01
# With parameters(rot.):    -0.2056E+00    0.3601E+00    0.2240E+00
# Minimization at step:    64 with Value:     0.0000Tol(Act/Req):0.1108E+01/0.1000E-04
# With parameters(tra.):    -0.7733E-01   -0.1045E+00   -0.3291E-01
# With parameters(rot.):    -0.2056E+00    0.3602E+00    0.2241E+00
# Minimization at step:    65 with Value:     0.0000Tol(Act/Req):0.1104E+01/0.1000E-04
# With parameters(tra.):    -0.7731E-01   -0.1045E+00   -0.3290E-01
# With parameters(rot.):    -0.2057E+00    0.3602E+00    0.2240E+00
# Minimization at step:    66 with Value:     0.0000Tol(Act/Req):0.1113E+01/0.1000E-04
# With parameters(tra.):    -0.7732E-01   -0.1044E+00   -0.3286E-01
# With parameters(rot.):    -0.2057E+00    0.3603E+00    0.2238E+00
# Minimization at step:    67 with Value:     0.0000Tol(Act/Req):0.1100E+01/0.1000E-04
# With parameters(tra.):    -0.7734E-01   -0.1045E+00   -0.3287E-01
# With parameters(rot.):    -0.2056E+00    0.3602E+00    0.2238E+00
# Minimization at step:    68 with Value:     0.0000Tol(Act/Req):0.9326E+00/0.1000E-04
# With parameters(tra.):    -0.7732E-01   -0.1046E+00   -0.3289E-01
# With parameters(rot.):    -0.2056E+00    0.3603E+00    0.2239E+00
# Minimization at step:    69 with Value:     0.0000Tol(Act/Req):0.7820E+00/0.1000E-04
# With parameters(tra.):    -0.7721E-01   -0.1046E+00   -0.3292E-01
# With parameters(rot.):    -0.2053E+00    0.3601E+00    0.2240E+00
# Minimization at step:    70 with Value:     0.0000Tol(Act/Req):0.7064E+00/0.1000E-04
# With parameters(tra.):    -0.7720E-01   -0.1045E+00   -0.3292E-01
# With parameters(rot.):    -0.2054E+00    0.3600E+00    0.2240E+00
# Minimization at step:    71 with Value:     0.0000Tol(Act/Req):0.7482E+00/0.1000E-04
# With parameters(tra.):    -0.7723E-01   -0.1045E+00   -0.3292E-01
# With parameters(rot.):    -0.2054E+00    0.3600E+00    0.2241E+00
# Minimization at step:    72 with Value:     0.0000Tol(Act/Req):0.7484E+00/0.1000E-04
# With parameters(tra.):    -0.7722E-01   -0.1045E+00   -0.3292E-01
# With parameters(rot.):    -0.2054E+00    0.3600E+00    0.2240E+00
# Minimization at step:    73 with Value:     0.0000Tol(Act/Req):0.8744E+00/0.1000E-04
# With parameters(tra.):    -0.7722E-01   -0.1045E+00   -0.3290E-01
# With parameters(rot.):    -0.2054E+00    0.3600E+00    0.2239E+00
# Minimization at step:    74 with Value:     0.0000Tol(Act/Req):0.7062E+00/0.1000E-04
# With parameters(tra.):    -0.7721E-01   -0.1045E+00   -0.3291E-01
# With parameters(rot.):    -0.2053E+00    0.3600E+00    0.2239E+00
# Minimization at step:    75 with Value:     0.0000Tol(Act/Req):0.6723E+00/0.1000E-04
# With parameters(tra.):    -0.7716E-01   -0.1046E+00   -0.3295E-01
# With parameters(rot.):    -0.2053E+00    0.3600E+00    0.2241E+00
# Minimization at step:    76 with Value:     0.0000Tol(Act/Req):0.5249E+00/0.1000E-04
# With parameters(tra.):    -0.7717E-01   -0.1046E+00   -0.3295E-01
# With parameters(rot.):    -0.2054E+00    0.3601E+00    0.2241E+00
# Minimization at step:    77 with Value:     0.0000Tol(Act/Req):0.3856E+00/0.1000E-04
# With parameters(tra.):    -0.7714E-01   -0.1046E+00   -0.3294E-01
# With parameters(rot.):    -0.2055E+00    0.3599E+00    0.2242E+00
# Minimization at step:    78 with Value:     0.0000Tol(Act/Req):0.3085E+00/0.1000E-04
# With parameters(tra.):    -0.7715E-01   -0.1046E+00   -0.3295E-01
# With parameters(rot.):    -0.2055E+00    0.3599E+00    0.2242E+00
# Minimization at step:    79 with Value:     0.0000Tol(Act/Req):0.2792E+00/0.1000E-04
# With parameters(tra.):    -0.7713E-01   -0.1046E+00   -0.3295E-01
# With parameters(rot.):    -0.2055E+00    0.3599E+00    0.2242E+00
# Minimization at step:    80 with Value:     0.0000Tol(Act/Req):0.2782E+00/0.1000E-04
# With parameters(tra.):    -0.7714E-01   -0.1046E+00   -0.3294E-01
# With parameters(rot.):    -0.2055E+00    0.3599E+00    0.2242E+00
# Minimization at step:    81 with Value:     0.0000Tol(Act/Req):0.2670E+00/0.1000E-04
# With parameters(tra.):    -0.7715E-01   -0.1046E+00   -0.3294E-01
# With parameters(rot.):    -0.2055E+00    0.3599E+00    0.2242E+00
# Minimization at step:    82 with Value:     0.0000Tol(Act/Req):0.2617E+00/0.1000E-04
# With parameters(tra.):    -0.7716E-01   -0.1046E+00   -0.3294E-01
# With parameters(rot.):    -0.2055E+00    0.3599E+00    0.2242E+00
# Minimization at step:    83 with Value:     0.0000Tol(Act/Req):0.1996E+00/0.1000E-04
# With parameters(tra.):    -0.7715E-01   -0.1046E+00   -0.3294E-01
# With parameters(rot.):    -0.2055E+00    0.3599E+00    0.2242E+00
# Minimization at step:    84 with Value:     0.0000Tol(Act/Req):0.1536E+00/0.1000E-04
# With parameters(tra.):    -0.7714E-01   -0.1046E+00   -0.3294E-01
# With parameters(rot.):    -0.2055E+00    0.3599E+00    0.2242E+00
# Minimization at step:    85 with Value:     0.0000Tol(Act/Req):0.1007E+00/0.1000E-04
# With parameters(tra.):    -0.7715E-01   -0.1046E+00   -0.3295E-01
# With parameters(rot.):    -0.2055E+00    0.3599E+00    0.2243E+00
# Minimization at step:    86 with Value:     0.0000Tol(Act/Req):0.5963E-01/0.1000E-04
# With parameters(tra.):    -0.7715E-01   -0.1046E+00   -0.3295E-01
# With parameters(rot.):    -0.2055E+00    0.3599E+00    0.2243E+00
# Minimization at step:    87 with Value:     0.0000Tol(Act/Req):0.7478E-01/0.1000E-04
# With parameters(tra.):    -0.7715E-01   -0.1046E+00   -0.3295E-01
# With parameters(rot.):    -0.2055E+00    0.3599E+00    0.2243E+00
# Minimization at step:    88 with Value:     0.0000Tol(Act/Req):0.7175E-01/0.1000E-04
# With parameters(tra.):    -0.7716E-01   -0.1046E+00   -0.3295E-01
# With parameters(rot.):    -0.2055E+00    0.3599E+00    0.2243E+00
# Minimization at step:    89 with Value:     0.0000Tol(Act/Req):0.5050E-01/0.1000E-04
# With parameters(tra.):    -0.7716E-01   -0.1046E+00   -0.3295E-01
# With parameters(rot.):    -0.2055E+00    0.3599E+00    0.2243E+00
# Minimization at step:    90 with Value:     0.0000Tol(Act/Req):0.3795E-01/0.1000E-04
# With parameters(tra.):    -0.7716E-01   -0.1046E+00   -0.3295E-01
# With parameters(rot.):    -0.2055E+00    0.3599E+00    0.2243E+00
# Minimization at step:    91 with Value:     0.0000Tol(Act/Req):0.3407E-01/0.1000E-04
# With parameters(tra.):    -0.7715E-01   -0.1046E+00   -0.3296E-01
# With parameters(rot.):    -0.2055E+00    0.3599E+00    0.2243E+00
# Minimization at step:    92 with Value:     0.0000Tol(Act/Req):0.2828E-01/0.1000E-04
# With parameters(tra.):    -0.7715E-01   -0.1046E+00   -0.3296E-01
# With parameters(rot.):    -0.2055E+00    0.3599E+00    0.2243E+00
# Minimization at step:    93 with Value:     0.0000Tol(Act/Req):0.1338E-01/0.1000E-04
# With parameters(tra.):    -0.7715E-01   -0.1046E+00   -0.3296E-01
# With parameters(rot.):    -0.2055E+00    0.3599E+00    0.2243E+00
# Minimization at step:    94 with Value:     0.0000Tol(Act/Req):0.1588E-01/0.1000E-04
# With parameters(tra.):    -0.7715E-01   -0.1046E+00   -0.3296E-01
# With parameters(rot.):    -0.2055E+00    0.3599E+00    0.2243E+00
# Minimization at step:    95 with Value:     0.0000Tol(Act/Req):0.1176E-01/0.1000E-04
# With parameters(tra.):    -0.7715E-01   -0.1046E+00   -0.3296E-01
# With parameters(rot.):    -0.2055E+00    0.3599E+00    0.2243E+00
# Minimization at step:    96 with Value:     0.0000Tol(Act/Req):0.1132E-01/0.1000E-04
# With parameters(tra.):    -0.7715E-01   -0.1046E+00   -0.3296E-01
# With parameters(rot.):    -0.2055E+00    0.3599E+00    0.2243E+00
# Minimization at step:    97 with Value:     0.0000Tol(Act/Req):0.9707E-02/0.1000E-04
# With parameters(tra.):    -0.7715E-01   -0.1046E+00   -0.3296E-01
# With parameters(rot.):    -0.2055E+00    0.3599E+00    0.2243E+00
# Minimization at step:    98 with Value:     0.0000Tol(Act/Req):0.7519E-02/0.1000E-04
# With parameters(tra.):    -0.7715E-01   -0.1046E+00   -0.3296E-01
# With parameters(rot.):    -0.2055E+00    0.3599E+00    0.2243E+00
# Minimization at step:    99 with Value:     0.0000Tol(Act/Req):0.6661E-02/0.1000E-04
# With parameters(tra.):    -0.7715E-01   -0.1046E+00   -0.3296E-01
# With parameters(rot.):    -0.2055E+00    0.3599E+00    0.2243E+00
# Minimization at step:   100 with Value:     0.0000Tol(Act/Req):0.2485E-02/0.1000E-04
# With parameters(tra.):    -0.7715E-01   -0.1046E+00   -0.3296E-01
# With parameters(rot.):    -0.2055E+00    0.3599E+00    0.2243E+00
# Minimization at step:   101 with Value:     0.0000Tol(Act/Req):0.3183E-02/0.1000E-04
# With parameters(tra.):    -0.7715E-01   -0.1046E+00   -0.3296E-01
# With parameters(rot.):    -0.2055E+00    0.3599E+00    0.2243E+00
# Minimization at step:   102 with Value:     0.0000Tol(Act/Req):0.2120E-02/0.1000E-04
# With parameters(tra.):    -0.7715E-01   -0.1046E+00   -0.3296E-01
# With parameters(rot.):    -0.2055E+00    0.3599E+00    0.2243E+00
# Minimization at step:   103 with Value:     0.0000Tol(Act/Req):0.2256E-02/0.1000E-04
# With parameters(tra.):    -0.7715E-01   -0.1046E+00   -0.3296E-01
# With parameters(rot.):    -0.2055E+00    0.3599E+00    0.2243E+00
# Minimization at step:   104 with Value:     0.0000Tol(Act/Req):0.1725E-02/0.1000E-04
# With parameters(tra.):    -0.7715E-01   -0.1046E+00   -0.3296E-01
# With parameters(rot.):    -0.2055E+00    0.3599E+00    0.2243E+00
# Minimization at step:   105 with Value:     0.0000Tol(Act/Req):0.1737E-02/0.1000E-04
# With parameters(tra.):    -0.7715E-01   -0.1046E+00   -0.3296E-01
# With parameters(rot.):    -0.2055E+00    0.3599E+00    0.2243E+00
# Minimization at step:   106 with Value:     0.0000Tol(Act/Req):0.1690E-02/0.1000E-04
# With parameters(tra.):    -0.7715E-01   -0.1046E+00   -0.3296E-01
# With parameters(rot.):    -0.2055E+00    0.3599E+00    0.2243E+00
# Minimization at step:   107 with Value:     0.0000Tol(Act/Req):0.1243E-02/0.1000E-04
# With parameters(tra.):    -0.7715E-01   -0.1046E+00   -0.3296E-01
# With parameters(rot.):    -0.2055E+00    0.3599E+00    0.2243E+00
# Minimization at step:   108 with Value:     0.0000Tol(Act/Req):0.5989E-03/0.1000E-04
# With parameters(tra.):    -0.7715E-01   -0.1046E+00   -0.3296E-01
# With parameters(rot.):    -0.2055E+00    0.3599E+00    0.2243E+00
# Minimization at step:   109 with Value:     0.0000Tol(Act/Req):0.7169E-03/0.1000E-04
# With parameters(tra.):    -0.7715E-01   -0.1046E+00   -0.3296E-01
# With parameters(rot.):    -0.2055E+00    0.3599E+00    0.2243E+00
# Minimization at step:   110 with Value:     0.0000Tol(Act/Req):0.4338E-03/0.1000E-04
# With parameters(tra.):    -0.7715E-01   -0.1046E+00   -0.3296E-01
# With parameters(rot.):    -0.2055E+00    0.3599E+00    0.2243E+00
# Minimization at step:   111 with Value:     0.0000Tol(Act/Req):0.4078E-03/0.1000E-04
# With parameters(tra.):    -0.7715E-01   -0.1046E+00   -0.3296E-01
# With parameters(rot.):    -0.2055E+00    0.3599E+00    0.2243E+00
# Minimization at step:   112 with Value:     0.0000Tol(Act/Req):0.2895E-03/0.1000E-04
# With parameters(tra.):    -0.7715E-01   -0.1046E+00   -0.3296E-01
# With parameters(rot.):    -0.2055E+00    0.3599E+00    0.2243E+00
# Minimization at step:   113 with Value:     0.0000Tol(Act/Req):0.2985E-03/0.1000E-04
# With parameters(tra.):    -0.7715E-01   -0.1046E+00   -0.3296E-01
# With parameters(rot.):    -0.2055E+00    0.3599E+00    0.2243E+00
# Minimization at step:   114 with Value:     0.0000Tol(Act/Req):0.2736E-03/0.1000E-04
# With parameters(tra.):    -0.7715E-01   -0.1046E+00   -0.3296E-01
# With parameters(rot.):    -0.2055E+00    0.3599E+00    0.2243E+00
# Minimization at step:   115 with Value:     0.0000Tol(Act/Req):0.2467E-03/0.1000E-04
# With parameters(tra.):    -0.7715E-01   -0.1046E+00   -0.3296E-01
# With parameters(rot.):    -0.2055E+00    0.3599E+00    0.2243E+00
# Minimization at step:   116 with Value:     0.0000Tol(Act/Req):0.1548E-03/0.1000E-04
# With parameters(tra.):    -0.7715E-01   -0.1046E+00   -0.3296E-01
# With parameters(rot.):    -0.2055E+00    0.3599E+00    0.2243E+00
# Minimization at step:   117 with Value:     0.0000Tol(Act/Req):0.9927E-04/0.1000E-04
# With parameters(tra.):    -0.7715E-01   -0.1046E+00   -0.3296E-01
# With parameters(rot.):    -0.2055E+00    0.3599E+00    0.2243E+00
# Minimization at step:   118 with Value:     0.0000Tol(Act/Req):0.6542E-04/0.1000E-04
# With parameters(tra.):    -0.7715E-01   -0.1046E+00   -0.3296E-01
# With parameters(rot.):    -0.2055E+00    0.3599E+00    0.2243E+00
# Minimization at step:   119 with Value:     0.0000Tol(Act/Req):0.7616E-04/0.1000E-04
# With parameters(tra.):    -0.7715E-01   -0.1046E+00   -0.3296E-01
# With parameters(rot.):    -0.2055E+00    0.3599E+00    0.2243E+00
# Minimization at step:   120 with Value:     0.0000Tol(Act/Req):0.6911E-04/0.1000E-04
# With parameters(tra.):    -0.7715E-01   -0.1046E+00   -0.3296E-01
# With parameters(rot.):    -0.2055E+00    0.3599E+00    0.2243E+00
# Minimization at step:   121 with Value:     0.0000Tol(Act/Req):0.5912E-04/0.1000E-04
# With parameters(tra.):    -0.7715E-01   -0.1046E+00   -0.3296E-01
# With parameters(rot.):    -0.2055E+00    0.3599E+00    0.2243E+00
# Minimization at step:   122 with Value:     0.0000Tol(Act/Req):0.4917E-04/0.1000E-04
# With parameters(tra.):    -0.7715E-01   -0.1046E+00   -0.3296E-01
# With parameters(rot.):    -0.2055E+00    0.3599E+00    0.2243E+00
# Minimization at step:   123 with Value:     0.0000Tol(Act/Req):0.3667E-04/0.1000E-04
# With parameters(tra.):    -0.7715E-01   -0.1046E+00   -0.3296E-01
# With parameters(rot.):    -0.2055E+00    0.3599E+00    0.2243E+00
# Minimization at step:   124 with Value:     0.0000Tol(Act/Req):0.3071E-04/0.1000E-04
# With parameters(tra.):    -0.7715E-01   -0.1046E+00   -0.3296E-01
# With parameters(rot.):    -0.2055E+00    0.3599E+00    0.2243E+00
# Minimization at step:   125 with Value:     0.0000Tol(Act/Req):0.2563E-04/0.1000E-04
# With parameters(tra.):    -0.7715E-01   -0.1046E+00   -0.3296E-01
# With parameters(rot.):    -0.2055E+00    0.3599E+00    0.2243E+00
# Minimization at step:   126 with Value:     0.0000Tol(Act/Req):0.1825E-04/0.1000E-04
# With parameters(tra.):    -0.7715E-01   -0.1046E+00   -0.3296E-01
# With parameters(rot.):    -0.2055E+00    0.3599E+00    0.2243E+00
# Minimization at step:   127 with Value:     0.0000Tol(Act/Req):0.1151E-04/0.1000E-04
# With parameters(tra.):    -0.7715E-01   -0.1046E+00   -0.3296E-01
# With parameters(rot.):    -0.2055E+00    0.3599E+00    0.2243E+00
# Minimization at step:   128 with Value:    -0.0000Tol(Act/Req):0.1114E-04/0.1000E-04
# With parameters(tra.):    -0.7715E-01   -0.1046E+00   -0.3296E-01
# With parameters(rot.):    -0.2055E+00    0.3599E+00    0.2243E+00
# Minimization at step:   129 with Value:    -0.0000Tol(Act/Req):0.1085E-04/0.1000E-04
# With parameters(tra.):    -0.7715E-01   -0.1046E+00   -0.3296E-01
# With parameters(rot.):    -0.2055E+00    0.3599E+00    0.2243E+00
# Minimization at step:   130 with Value:    -0.0000Tol(Act/Req):0.8637E-05/0.1000E-04
# With parameters(tra.):    -0.7715E-01   -0.1046E+00   -0.3296E-01
# With parameters(rot.):    -0.2055E+00    0.3599E+00    0.2243E+00
# CSM Simplex Values from input minimization.
# Final Number of Simplex optim. Steps:   130
# Final CSM Simplex Value is:     -0.00000000000
[molecule] Nrec=   2 Format=nscxyz
  c                1    6   -0.98950077D+00   0.40305249D-01  -0.47459762D+00
  n                2    7    0.59098634D+00  -0.32027182D+00   0.13535704D+00
# Coordinates rotated along X. New coordinates:
[molecule] Nrec=   2 Format=nscxyz
  c                1    6   -0.93264274D+00   0.11505838D-15   0.37306373D-16
  n                2    7    0.79940807D+00  -0.11671141D-15  -0.64517982D-17
# Minimization at step:     0 with Value:     0.0049Tol(Act/Req):0.1071E+01/0.1000E-04
# With parameters(tra.):     0.1429E-01    0.1429E-01    0.1429E-01
# With parameters(rot.):     0.1429E-01    0.1429E-01    0.1429E-01
# Minimization at step:     1 with Value:     0.0043Tol(Act/Req):0.6324E+00/0.1000E-04
# With parameters(tra.):     0.1548E-01    0.1548E-01    0.7143E-02
# With parameters(rot.):     0.1548E-01    0.1548E-01    0.1548E-01
# Minimization at step:     2 with Value:     0.0041Tol(Act/Req):0.6324E+00/0.1000E-04
# With parameters(tra.):    -0.1270E-01    0.2063E-01    0.9524E-02
# With parameters(rot.):     0.2063E-01    0.2063E-01    0.2063E-01
# Minimization at step:     3 with Value:     0.0039Tol(Act/Req):0.5379E+00/0.1000E-04
# With parameters(tra.):    -0.1376E-01    0.1402E-01    0.1032E-01
# With parameters(rot.):     0.2235E-01    0.2235E-01    0.2235E-01
# Minimization at step:     4 with Value:     0.0038Tol(Act/Req):0.4100E+00/0.1000E-04
# With parameters(tra.):    -0.2112E-01    0.1592E-01   -0.2910E-02
# With parameters(rot.):     0.2703E-01    0.2703E-01    0.2703E-01
# Minimization at step:     5 with Value:     0.0037Tol(Act/Req):0.3817E+00/0.1000E-04
# With parameters(tra.):    -0.1478E-01    0.1423E-01   -0.4541E-02
# With parameters(rot.):     0.2627E-01    0.2627E-01    0.2627E-01
# Minimization at step:     6 with Value:     0.0036Tol(Act/Req):0.3817E+00/0.1000E-04
# With parameters(tra.):    -0.1970E-01    0.1898E-01   -0.6055E-02
# With parameters(rot.):     0.3503E-01    0.3503E-01    0.3503E-01
# Minimization at step:     7 with Value:     0.0033Tol(Act/Req):0.5727E+00/0.1000E-04
# With parameters(tra.):    -0.2956E-01    0.2847E-01   -0.9083E-02
# With parameters(rot.):     0.2543E-02    0.5254E-01    0.5254E-01
# Minimization at step:     8 with Value:     0.0029Tol(Act/Req):0.1010E+01/0.1000E-04
# With parameters(tra.):    -0.4063E-01    0.1585E-01   -0.1640E-01
# With parameters(rot.):    -0.2205E-02    0.7280E-01    0.7280E-01
# Minimization at step:     9 with Value:     0.0027Tol(Act/Req):0.9474E+00/0.1000E-04
# With parameters(tra.):    -0.3977E-01    0.1393E-01   -0.7672E-02
# With parameters(rot.):    -0.1662E-01    0.8338E-01    0.8338E-01
# Minimization at step:    10 with Value:     0.0024Tol(Act/Req):0.9006E+00/0.1000E-04
# With parameters(tra.):    -0.3542E-01    0.1047E-01   -0.1198E-01
# With parameters(rot.):    -0.3243E-01    0.1009E+00    0.1009E+00
# Minimization at step:    11 with Value:     0.0020Tol(Act/Req):0.9101E+00/0.1000E-04
# With parameters(tra.):    -0.4722E-01    0.1396E-01   -0.1597E-01
# With parameters(rot.):    -0.4325E-01    0.1345E+00    0.1012E+00
# Minimization at step:    12 with Value:     0.0017Tol(Act/Req):0.1564E+01/0.1000E-04
# With parameters(tra.):    -0.5359E-01    0.4327E-02   -0.1866E-01
# With parameters(rot.):    -0.9552E-01    0.1711E+00    0.1211E+00
# Minimization at step:    13 with Value:     0.0014Tol(Act/Req):0.1487E+01/0.1000E-04
# With parameters(tra.):    -0.7146E-01    0.5769E-02   -0.2488E-01
# With parameters(rot.):    -0.1274E+00    0.1949E+00    0.1615E+00
# Minimization at step:    14 with Value:     0.0013Tol(Act/Req):0.1471E+01/0.1000E-04
# With parameters(tra.):    -0.7432E-01    0.5569E-02   -0.2849E-01
# With parameters(rot.):    -0.1330E+00    0.2015E+00    0.1654E+00
# Minimization at step:    15 with Value:     0.0010Tol(Act/Req):0.1699E+01/0.1000E-04
# With parameters(tra.):    -0.7699E-01   -0.2486E-01   -0.3214E-01
# With parameters(rot.):    -0.1358E+00    0.2410E+00    0.1868E+00
# Minimization at step:    16 with Value:     0.0008Tol(Act/Req):0.1653E+01/0.1000E-04
# With parameters(tra.):    -0.9520E-01   -0.3317E-01   -0.3456E-01
# With parameters(rot.):    -0.1544E+00    0.2701E+00    0.1979E+00
# Minimization at step:    17 with Value:     0.0007Tol(Act/Req):0.1644E+01/0.1000E-04
# With parameters(tra.):    -0.9863E-01   -0.3269E-01   -0.3085E-01
# With parameters(rot.):    -0.1988E+00    0.3089E+00    0.2126E+00
# Minimization at step:    18 with Value:     0.0006Tol(Act/Req):0.1642E+01/0.1000E-04
# With parameters(tra.):    -0.1021E+00   -0.3598E-01   -0.3286E-01
# With parameters(rot.):    -0.2071E+00    0.3212E+00    0.2185E+00
# Minimization at step:    19 with Value:     0.0004Tol(Act/Req):0.1681E+01/0.1000E-04
# With parameters(tra.):    -0.9442E-01   -0.5133E-01   -0.2930E-01
# With parameters(rot.):    -0.2019E+00    0.3396E+00    0.1971E+00
# Minimization at step:    20 with Value:     0.0003Tol(Act/Req):0.1368E+01/0.1000E-04
# With parameters(tra.):    -0.9737E-01   -0.7027E-01   -0.2964E-01
# With parameters(rot.):    -0.2334E+00    0.3656E+00    0.2208E+00
# Minimization at step:    21 with Value:     0.0003Tol(Act/Req):0.1252E+01/0.1000E-04
# With parameters(tra.):    -0.9352E-01   -0.8328E-01   -0.3294E-01
# With parameters(rot.):    -0.2005E+00    0.3457E+00    0.2089E+00
# Minimization at step:    22 with Value:     0.0003Tol(Act/Req):0.1234E+01/0.1000E-04
# With parameters(tra.):    -0.7475E-01   -0.9168E-01   -0.2998E-01
# With parameters(rot.):    -0.1973E+00    0.3418E+00    0.2014E+00
# Minimization at step:    23 with Value:     0.0003Tol(Act/Req):0.1210E+01/0.1000E-04
# With parameters(tra.):    -0.7255E-01   -0.1168E+00   -0.3303E-01
# With parameters(rot.):    -0.2106E+00    0.3732E+00    0.2074E+00
# Minimization at step:    24 with Value:     0.0002Tol(Act/Req):0.1303E+01/0.1000E-04
# With parameters(tra.):    -0.7176E-01   -0.1164E+00   -0.3221E-01
# With parameters(rot.):    -0.2196E+00    0.3804E+00    0.2103E+00
# Minimization at step:    25 with Value:     0.0002Tol(Act/Req):0.1206E+01/0.1000E-04
# With parameters(tra.):    -0.7115E-01   -0.1232E+00   -0.3245E-01
# With parameters(rot.):    -0.2125E+00    0.3856E+00    0.2111E+00
# Minimization at step:    26 with Value:     0.0001Tol(Act/Req):0.1176E+01/0.1000E-04
# With parameters(tra.):    -0.7555E-01   -0.1237E+00   -0.3339E-01
# With parameters(rot.):    -0.2146E+00    0.3903E+00    0.2138E+00
# Minimization at step:    27 with Value:     0.0001Tol(Act/Req):0.1174E+01/0.1000E-04
# With parameters(tra.):    -0.7875E-01   -0.1009E+00   -0.3046E-01
# With parameters(rot.):    -0.2027E+00    0.3646E+00    0.2098E+00
# Minimization at step:    28 with Value:     0.0001Tol(Act/Req):0.1331E+01/0.1000E-04
# With parameters(tra.):    -0.7670E-01   -0.1003E+00   -0.3047E-01
# With parameters(rot.):    -0.1949E+00    0.3602E+00    0.2050E+00
# Minimization at step:    29 with Value:     0.0001Tol(Act/Req):0.1115E+01/0.1000E-04
# With parameters(tra.):    -0.7573E-01   -0.1060E+00   -0.3121E-01
# With parameters(rot.):    -0.1972E+00    0.3662E+00    0.2055E+00
# Minimization at step:    30 with Value:     0.0001Tol(Act/Req):0.1234E+01/0.1000E-04
# With parameters(tra.):    -0.7474E-01   -0.1026E+00   -0.2991E-01
# With parameters(rot.):    -0.2014E+00    0.3635E+00    0.2000E+00
# Minimization at step:    31 with Value:     0.0001Tol(Act/Req):0.1080E+01/0.1000E-04
# With parameters(tra.):    -0.7583E-01   -0.1043E+00   -0.3368E-01
# With parameters(rot.):    -0.2065E+00    0.3531E+00    0.2223E+00
# Minimization at step:    32 with Value:     0.0000Tol(Act/Req):0.1364E+01/0.1000E-04
# With parameters(tra.):    -0.7805E-01   -0.1029E+00   -0.3417E-01
# With parameters(rot.):    -0.2068E+00    0.3524E+00    0.2244E+00
# Minimization at step:    33 with Value:     0.0000Tol(Act/Req):0.1375E+01/0.1000E-04
# With parameters(tra.):    -0.7819E-01   -0.1016E+00   -0.3393E-01
# With parameters(rot.):    -0.2103E+00    0.3536E+00    0.2270E+00
# Minimization at step:    34 with Value:     0.0000Tol(Act/Req):0.1375E+01/0.1000E-04
# With parameters(tra.):    -0.7847E-01   -0.1032E+00   -0.3417E-01
# With parameters(rot.):    -0.2066E+00    0.3536E+00    0.2287E+00
# Minimization at step:    35 with Value:     0.0000Tol(Act/Req):0.1011E+01/0.1000E-04
# With parameters(tra.):    -0.7830E-01   -0.1017E+00   -0.3147E-01
# With parameters(rot.):    -0.2028E+00    0.3615E+00    0.2135E+00
# Minimization at step:    36 with Value:     0.0000Tol(Act/Req):0.1182E+01/0.1000E-04
# With parameters(tra.):    -0.7803E-01   -0.1041E+00   -0.3186E-01
# With parameters(rot.):    -0.2044E+00    0.3641E+00    0.2145E+00
# Minimization at step:    37 with Value:     0.0000Tol(Act/Req):0.1325E+01/0.1000E-04
# With parameters(tra.):    -0.7712E-01   -0.1041E+00   -0.3198E-01
# With parameters(rot.):    -0.2013E+00    0.3623E+00    0.2128E+00
# Minimization at step:    38 with Value:     0.0000Tol(Act/Req):0.1339E+01/0.1000E-04
# With parameters(tra.):    -0.7682E-01   -0.1026E+00   -0.3150E-01
# With parameters(rot.):    -0.2034E+00    0.3608E+00    0.2111E+00
# Minimization at step:    39 with Value:     0.0000Tol(Act/Req):0.1354E+01/0.1000E-04
# With parameters(tra.):    -0.7682E-01   -0.1033E+00   -0.3140E-01
# With parameters(rot.):    -0.2013E+00    0.3614E+00    0.2105E+00
# Minimization at step:    40 with Value:     0.0000Tol(Act/Req):0.1213E+01/0.1000E-04
# With parameters(tra.):    -0.7644E-01   -0.1049E+00   -0.3318E-01
# With parameters(rot.):    -0.2033E+00    0.3561E+00    0.2196E+00
# Minimization at step:    41 with Value:     0.0000Tol(Act/Req):0.1176E+01/0.1000E-04
# With parameters(tra.):    -0.7742E-01   -0.1044E+00   -0.3334E-01
# With parameters(rot.):    -0.2032E+00    0.3560E+00    0.2203E+00
# Minimization at step:    42 with Value:     0.0000Tol(Act/Req):0.9191E+00/0.1000E-04
# With parameters(tra.):    -0.7742E-01   -0.1027E+00   -0.3266E-01
# With parameters(rot.):    -0.2077E+00    0.3593E+00    0.2232E+00
# Minimization at step:    43 with Value:     0.0000Tol(Act/Req):0.1284E+01/0.1000E-04
# With parameters(tra.):    -0.7724E-01   -0.1038E+00   -0.3292E-01
# With parameters(rot.):    -0.2088E+00    0.3602E+00    0.2244E+00
# Minimization at step:    44 with Value:     0.0000Tol(Act/Req):0.1251E+01/0.1000E-04
# With parameters(tra.):    -0.7722E-01   -0.1043E+00   -0.3311E-01
# With parameters(rot.):    -0.2078E+00    0.3595E+00    0.2238E+00
# Minimization at step:    45 with Value:     0.0000Tol(Act/Req):0.9103E+00/0.1000E-04
# With parameters(tra.):    -0.7738E-01   -0.1039E+00   -0.3266E-01
# With parameters(rot.):    -0.2076E+00    0.3611E+00    0.2219E+00
# Minimization at step:    46 with Value:     0.0000Tol(Act/Req):0.1309E+01/0.1000E-04
# With parameters(tra.):    -0.7695E-01   -0.1039E+00   -0.3278E-01
# With parameters(rot.):    -0.2066E+00    0.3601E+00    0.2218E+00
# Minimization at step:    47 with Value:     0.0000Tol(Act/Req):0.1532E+01/0.1000E-04
# With parameters(tra.):    -0.7681E-01   -0.1032E+00   -0.3265E-01
# With parameters(rot.):    -0.2079E+00    0.3593E+00    0.2218E+00
# Minimization at step:    48 with Value:     0.0000Tol(Act/Req):0.1456E+01/0.1000E-04
# With parameters(tra.):    -0.7724E-01   -0.1028E+00   -0.3267E-01
# With parameters(rot.):    -0.2083E+00    0.3595E+00    0.2223E+00
# Minimization at step:    49 with Value:     0.0000Tol(Act/Req):0.1210E+01/0.1000E-04
# With parameters(tra.):    -0.7739E-01   -0.1042E+00   -0.3289E-01
# With parameters(rot.):    -0.2063E+00    0.3600E+00    0.2250E+00
# Minimization at step:    50 with Value:     0.0000Tol(Act/Req):0.1178E+01/0.1000E-04
# With parameters(tra.):    -0.7740E-01   -0.1044E+00   -0.3297E-01
# With parameters(rot.):    -0.2057E+00    0.3597E+00    0.2248E+00
# Minimization at step:    51 with Value:     0.0000Tol(Act/Req):0.1281E+01/0.1000E-04
# With parameters(tra.):    -0.7748E-01   -0.1042E+00   -0.3277E-01
# With parameters(rot.):    -0.2055E+00    0.3604E+00    0.2240E+00
# Minimization at step:    52 with Value:     0.0000Tol(Act/Req):0.1443E+01/0.1000E-04
# With parameters(tra.):    -0.7741E-01   -0.1048E+00   -0.3289E-01
# With parameters(rot.):    -0.2057E+00    0.3609E+00    0.2246E+00
# Minimization at step:    53 with Value:     0.0000Tol(Act/Req):0.1089E+01/0.1000E-04
# With parameters(tra.):    -0.7737E-01   -0.1046E+00   -0.3284E-01
# With parameters(rot.):    -0.2062E+00    0.3608E+00    0.2239E+00
# Minimization at step:    54 with Value:     0.0000Tol(Act/Req):0.9965E+00/0.1000E-04
# With parameters(tra.):    -0.7719E-01   -0.1046E+00   -0.3290E-01
# With parameters(rot.):    -0.2056E+00    0.3603E+00    0.2240E+00
# Minimization at step:    55 with Value:     0.0000Tol(Act/Req):0.1317E+01/0.1000E-04
# With parameters(tra.):    -0.7740E-01   -0.1046E+00   -0.3293E-01
# With parameters(rot.):    -0.2056E+00    0.3605E+00    0.2244E+00
# Minimization at step:    56 with Value:     0.0000Tol(Act/Req):0.1301E+01/0.1000E-04
# With parameters(tra.):    -0.7738E-01   -0.1044E+00   -0.3289E-01
# With parameters(rot.):    -0.2060E+00    0.3602E+00    0.2246E+00
# Minimization at step:    57 with Value:     0.0000Tol(Act/Req):0.1153E+01/0.1000E-04
# With parameters(tra.):    -0.7739E-01   -0.1047E+00   -0.3299E-01
# With parameters(rot.):    -0.2051E+00    0.3599E+00    0.2243E+00
# Minimization at step:    58 with Value:     0.0000Tol(Act/Req):0.1308E+01/0.1000E-04
# With parameters(tra.):    -0.7737E-01   -0.1046E+00   -0.3297E-01
# With parameters(rot.):    -0.2053E+00    0.3598E+00    0.2239E+00
# Minimization at step:    59 with Value:     0.0000Tol(Act/Req):0.1164E+01/0.1000E-04
# With parameters(tra.):    -0.7740E-01   -0.1045E+00   -0.3289E-01
# With parameters(rot.):    -0.2051E+00    0.3600E+00    0.2236E+00
# Minimization at step:    60 with Value:     0.0000Tol(Act/Req):0.1118E+01/0.1000E-04
# With parameters(tra.):    -0.7737E-01   -0.1048E+00   -0.3295E-01
# With parameters(rot.):    -0.2052E+00    0.3602E+00    0.2238E+00
# Minimization at step:    61 with Value:     0.0000Tol(Act/Req):0.1062E+01/0.1000E-04
# With parameters(tra.):    -0.7729E-01   -0.1048E+00   -0.3298E-01
# With parameters(rot.):    -0.2049E+00    0.3600E+00    0.2238E+00
# Minimization at step:    62 with Value:     0.0000Tol(Act/Req):0.9864E+00/0.1000E-04
# With parameters(tra.):    -0.7725E-01   -0.1046E+00   -0.3292E-01
# With parameters(rot.):    -0.2054E+00    0.3603E+00    0.2239E+00
# Minimization at step:    63 with Value:     0.0000Tol(Act/Req):0.1132E+01/0.1000E-04
# With parameters(tra.):    -0.7723E-01   -0.1046E+00   -0.3290E-01
# With parameters(rot.):    -0.2056E+00    0.3601E+00    0.2240E+00
# Minimization at step:    64 with Value:     0.0000Tol(Act/Req):0.1108E+01/0.1000E-04
# With parameters(tra.):    -0.7733E-01   -0.1045E+00   -0.3291E-01
# With parameters(rot.):    -0.2056E+00    0.3602E+00    0.2241E+00
# Minimization at step:    65 with Value:     0.0000Tol(Act/Req):0.1104E+01/0.1000E-04
# With parameters(tra.):    -0.7731E-01   -0.1045E+00   -0.3290E-01
# With parameters(rot.):    -0.2057E+00    0.3602E+00    0.2240E+00
# Minimization at step:    66 with Value:     0.0000Tol(Act/Req):0.1113E+01/0.1000E-04
# With parameters(tra.):    -0.7732E-01   -0.1044E+00   -0.3286E-01
# With parameters(rot.):    -0.2057E+00    0.3603E+00    0.2238E+00
# Minimization at step:    67 with Value:     0.0000Tol(Act/Req):0.1100E+01/0.1000E-04
# With parameters(tra.):    -0.7734E-01   -0.1045E+00   -0.3287E-01
# With parameters(rot.):    -0.2056E+00    0.3602E+00    0.2238E+00
# Minimization at step:    68 with Value:     0.0000Tol(Act/Req):0.9326E+00/0.1000E-04
# With parameters(tra.):    -0.7732E-01   -0.1046E+00   -0.3289E-01
# With parameters(rot.):    -0.2056E+00    0.3603E+00    0.2239E+00
# Minimization at step:    69 with Value:     0.0000Tol(Act/Req):0.7820E+00/0.1000E-04
# With parameters(tra.):    -0.7721E-01   -0.1046E+00   -0.3292E-01
# With parameters(rot.):    -0.2053E+00    0.3601E+00    0.2240E+00
# Minimization at step:    70 with Value:     0.0000Tol(Act/Req):0.7064E+00/0.1000E-04
# With parameters(tra.):    -0.7720E-01   -0.1045E+00   -0.3292E-01
# With parameters(rot.):    -0.2054E+00    0.3600E+00    0.2240E+00
# Minimization at step:    71 with Value:     0.0000Tol(Act/Req):0.7482E+00/0.1000E-04
# With parameters(tra.):    -0.7723E-01   -0.1045E+00   -0.3292E-01
# With parameters(rot.):    -0.2054E+00    0.3600E+00    0.2241E+00
# Minimization at step:    72 with Value:     0.0000Tol(Act/Req):0.7484E+00/0.1000E-04
# With parameters(tra.):    -0.7722E-01   -0.1045E+00   -0.3292E-01
# With parameters(rot.):    -0.2054E+00    0.3600E+00    0.2240E+00
# Minimization at step:    73 with Value:     0.0000Tol(Act/Req):0.8744E+00/0.1000E-04
# With parameters(tra.):    -0.7722E-01   -0.1045E+00   -0.3290E-01
# With parameters(rot.):    -0.2054E+00    0.3600E+00    0.2239E+00
# Minimization at step:    74 with Value:     0.0000Tol(Act/Req):0.7062E+00/0.1000E-04
# With parameters(tra.):    -0.7721E-01   -0.1045E+00   -0.3291E-01
# With parameters(rot.):    -0.2053E+00    0.3600E+00    0.2239E+00
# Minimization at step:    75 with Value:     0.0000Tol(Act/Req):0.6723E+00/0.1000E-04
# With parameters(tra.):    -0.7716E-01   -0.1046E+00   -0.3295E-01
# With parameters(rot.):    -0.2053E+00    0.3600E+00    0.2241E+00
# Minimization at step:    76 with Value:     0.0000Tol(Act/Req):0.5249E+00/0.1000E-04
# With parameters(tra.):    -0.7717E-01   -0.1046E+00   -0.3295E-01
# With parameters(rot.):    -0.2054E+00    0.3601E+00    0.2241E+00
# Minimization at step:    77 with Value:     0.0000Tol(Act/Req):0.3856E+00/0.1000E-04
# With parameters(tra.):    -0.7714E-01   -0.1046E+00   -0.3294E-01
# With parameters(rot.):    -0.2055E+00    0.3599E+00    0.2242E+00
# Minimization at step:    78 with Value:     0.0000Tol(Act/Req):0.3085E+00/0.1000E-04
# With parameters(tra.):    -0.7715E-01   -0.1046E+00   -0.3295E-01
# With parameters(rot.):    -0.2055E+00    0.3599E+00    0.2242E+00
# Minimization at step:    79 with Value:     0.0000Tol(Act/Req):0.2792E+00/0.1000E-04
# With parameters(tra.):    -0.7713E-01   -0.1046E+00   -0.3295E-01
# With parameters(rot.):    -0.2055E+00    0.3599E+00    0.2242E+00
# Minimization at step:    80 with Value:     0.0000Tol(Act/Req):0.2782E+00/0.1000E-04
# With parameters(tra.):    -0.7714E-01   -0.1046E+00   -0.3294E-01
# With parameters(rot.):    -0.2055E+00    0.3599E+00    0.2242E+00
# Minimization at step:    81 with Value:     0.0000Tol(Act/Req):0.2670E+00/0.1000E-04
# With parameters(tra.):    -0.7715E-01   -0.1046E+00   -0.3294E-01
# With parameters(rot.):    -0.2055E+00    0.3599E+00    0.2242E+00
# Minimization at step:    82 with Value:     0.0000Tol(Act/Req):0.2617E+00/0.1000E-04
# With parameters(tra.):    -0.7716E-01   -0.1046E+00   -0.3294E-01
# With parameters(rot.):    -0.2055E+00    0.3599E+00    0.2242E+00
# Minimization at step:    83 with Value:     0.0000Tol(Act/Req):0.1996E+00/0.1000E-04
# With parameters(tra.):    -0.7715E-01   -0.1046E+00   -0.3294E-01
# With parameters(rot.):    -0.2055E+00    0.3599E+00    0.2242E+00
# Minimization at step:    84 with Value:     0.0000Tol(Act/Req):0.1536E+00/0.1000E-04
# With parameters(tra.):    -0.7714E-01   -0.1046E+00   -0.3294E-01
# With parameters(rot.):    -0.2055E+00    0.3599E+00    0.2242E+00
# Minimization at step:    85 with Value:     0.0000Tol(Act/Req):0.1007E+00/0.1000E-04
# With parameters(tra.):    -0.7715E-01   -0.1046E+00   -0.3295E-01
# With parameters(rot.):    -0.2055E+00    0.3599E+00    0.2243E+00
# Minimization at step:    86 with Value:     0.0000Tol(Act/Req):0.5963E-01/0.1000E-04
# With parameters(tra.):    -0.7715E-01   -0.1046E+00   -0.3295E-01
# With parameters(rot.):    -0.2055E+00    0.3599E+00    0.2243E+00
# Minimization at step:    87 with Value:     0.0000Tol(Act/Req):0.7478E-01/0.1000E-04
# With parameters(tra.):    -0.7715E-01   -0.1046E+00   -0.3295E-01
# With parameters(rot.):    -0.2055E+00    0.3599E+00    0.2243E+00
# Minimization at step:    88 with Value:     0.0000Tol(Act/Req):0.7175E-01/0.1000E-04
# With parameters(tra.):    -0.7716E-01   -0.1046E+00   -0.3295E-01
# With parameters(rot.):    -0.2055E+00    0.3599E+00    0.2243E+00
# Minimization at step:    89 with Value:     0.0000Tol(Act/Req):0.5050E-01/0.1000E-04
# With parameters(tra.):    -0.7716E-01   -0.1046E+00   -0.3295E-01
# With parameters(rot.):    -0.2055E+00    0.3599E+00    0.2243E+00
# Minimization at step:    90 with Value:     0.0000Tol(Act/Req):0.3795E-01/0.1000E-04
# With parameters(tra.):    -0.7716E-01   -0.1046E+00   -0.3295E-01
# With parameters(rot.):    -0.2055E+00    0.3599E+00    0.2243E+00
# Minimization at step:    91 with Value:     0.0000Tol(Act/Req):0.3407E-01/0.1000E-04
# With parameters(tra.):    -0.7715E-01   -0.1046E+00   -0.3296E-01
# With parameters(rot.):    -0.2055E+00    0.3599E+00    0.2243E+00
# Minimization at step:    92 with Value:     0.0000Tol(Act/Req):0.2828E-01/0.1000E-04
# With parameters(tra.):    -0.7715E-01   -0.1046E+00   -0.3296E-01
# With parameters(rot.):    -0.2055E+00    0.3599E+00    0.2243E+00
# Minimization at step:    93 with Value:     0.0000Tol(Act/Req):0.1338E-01/0.1000E-04
# With parameters(tra.):    -0.7715E-01   -0.1046E+00   -0.3296E-01
# With parameters(rot.):    -0.2055E+00    0.3599E+00    0.2243E+00
# Minimization at step:    94 with Value:     0.0000Tol(Act/Req):0.1588E-01/0.1000E-04
# With parameters(tra.):    -0.7715E-01   -0.1046E+00   -0.3296E-01
# With parameters(rot.):    -0.2055E+00    0.3599E+00    0.2243E+00
# Minimization at step:    95 with Value:     0.0000Tol(Act/Req):0.1176E-01/0.1000E-04
# With parameters(tra.):    -0.7715E-01   -0.1046E+00   -0.3296E-01
# With parameters(rot.):    -0.2055E+00    0.3599E+00    0.2243E+00
# Minimization at step:    96 with Value:     0.0000Tol(Act/Req):0.1132E-01/0.1000E-04
# With parameters(tra.):    -0.7715E-01   -0.1046E+00   -0.3296E-01
# With parameters(rot.):    -0.2055E+00    0.3599E+00    0.2243E+00
# Minimization at step:    97 with Value:     0.0000Tol(Act/Req):0.9707E-02/0.1000E-04
# With parameters(tra.):    -0.7715E-01   -0.1046E+00   -0.3296E-01
# With parameters(rot.):    -0.2055E+00    0.3599E+00    0.2243E+00
# Minimization at step:    98 with Value:     0.0000Tol(Act/Req):0.7519E-02/0.1000E-04
# With parameters(tra.):    -0.7715E-01   -0.1046E+00   -0.3296E-01
# With parameters(rot.):    -0.2055E+00    0.3599E+00    0.2243E+00
# Minimization at step:    99 with Value:     0.0000Tol(Act/Req):0.6661E-02/0.1000E-04
# With parameters(tra.):    -0.7715E-01   -0.1046E+00   -0.3296E-01
# With parameters(rot.):    -0.2055E+00    0.3599E+00    0.2243E+00
# Minimization at step:   100 with Value:     0.0000Tol(Act/Req):0.2485E-02/0.1000E-04
# With parameters(tra.):    -0.7715E-01   -0.1046E+00   -0.3296E-01
# With parameters(rot.):    -0.2055E+00    0.3599E+00    0.2243E+00
# Minimization at step:   101 with Value:     0.0000Tol(Act/Req):0.3183E-02/0.1000E-04
# With parameters(tra.):    -0.7715E-01   -0.1046E+00   -0.3296E-01
# With parameters(rot.):    -0.2055E+00    0.3599E+00    0.2243E+00
# Minimization at step:   102 with Value:     0.0000Tol(Act/Req):0.2120E-02/0.1000E-04
# With parameters(tra.):    -0.7715E-01   -0.1046E+00   -0.3296E-01
# With parameters(rot.):    -0.2055E+00    0.3599E+00    0.2243E+00
# Minimization at step:   103 with Value:     0.0000Tol(Act/Req):0.2256E-02/0.1000E-04
# With parameters(tra.):    -0.7715E-01   -0.1046E+00   -0.3296E-01
# With parameters(rot.):    -0.2055E+00    0.3599E+00    0.2243E+00
# Minimization at step:   104 with Value:     0.0000Tol(Act/Req):0.1725E-02/0.1000E-04
# With parameters(tra.):    -0.7715E-01   -0.1046E+00   -0.3296E-01
# With parameters(rot.):    -0.2055E+00    0.3599E+00    0.2243E+00
# Minimization at step:   105 with Value:     0.0000Tol(Act/Req):0.1737E-02/0.1000E-04
# With parameters(tra.):    -0.7715E-01   -0.1046E+00   -0.3296E-01
# With parameters(rot.):    -0.2055E+00    0.3599E+00    0.2243E+00
# Minimization at step:   106 with Value:     0.0000Tol(Act/Req):0.1690E-02/0.1000E-04
# With parameters(tra.):    -0.7715E-01   -0.1046E+00   -0.3296E-01
# With parameters(rot.):    -0.2055E+00    0.3599E+00    0.2243E+00
# Minimization at step:   107 with Value:     0.0000Tol(Act/Req):0.1243E-02/0.1000E-04
# With parameters(tra.):    -0.7715E-01   -0.1046E+00   -0.3296E-01
# With parameters(rot.):    -0.2055E+00    0.3599E+00    0.2243E+00
# Minimization at step:   108 with Value:     0.0000Tol(Act/Req):0.5989E-03/0.1000E-04
# With parameters(tra.):    -0.7715E-01   -0.1046E+00   -0.3296E-01
# With parameters(rot.):    -0.2055E+00    0.3599E+00    0.2243E+00
# Minimization at step:   109 with Value:     0.0000Tol(Act/Req):0.7169E-03/0.1000E-04
# With parameters(tra.):    -0.7715E-01   -0.1046E+00   -0.3296E-01
# With parameters(rot.):    -0.2055E+00    0.3599E+00    0.2243E+00
# Minimization at step:   110 with Value:     0.0000Tol(Act/Req):0.4338E-03/0.1000E-04
# With parameters(tra.):    -0.7715E-01   -0.1046E+00   -0.3296E-01
# With parameters(rot.):    -0.2055E+00    0.3599E+00    0.2243E+00
# Minimization at step:   111 with Value:     0.0000Tol(Act/Req):0.4078E-03/0.1000E-04
# With parameters(tra.):    -0.7715E-01   -0.1046E+00   -0.3296E-01
# With parameters(rot.):    -0.2055E+00    0.3599E+00    0.2243E+00
# Minimization at step:   112 with Value:     0.0000Tol(Act/Req):0.2895E-03/0.1000E-04
# With parameters(tra.):    -0.7715E-01   -0.1046E+00   -0.3296E-01
# With parameters(rot.):    -0.2055E+00    0.3599E+00    0.2243E+00
# Minimization at step:   113 with Value:     0.0000Tol(Act/Req):0.2985E-03/0.1000E-04
# With parameters(tra.):    -0.7715E-01   -0.1046E+00   -0.3296E-01
# With parameters(rot.):    -0.2055E+00    0.3599E+00    0.2243E+00
# Minimization at step:   114 with Value:     0.0000Tol(Act/Req):0.2736E-03/0.1000E-04
# With parameters(tra.):    -0.7715E-01   -0.1046E+00   -0.3296E-01
# With parameters(rot.):    -0.2055E+00    0.3599E+00    0.2243E+00
# Minimization at step:   115 with Value:     0.0000Tol(Act/Req):0.2467E-03/0.1000E-04
# With parameters(tra.):    -0.7715E-01   -0.1046E+00   -0.3296E-01
# With parameters(rot.):    -0.2055E+00    0.3599E+00    0.2243E+00
# Minimization at step:   116 with Value:     0.0000Tol(Act/Req):0.1548E-03/0.1000E-04
# With parameters(tra.):    -0.7715E-01   -0.1046E+00   -0.3296E-01
# With parameters(rot.):    -0.2055E+00    0.3599E+00    0.2243E+00
# Minimization at step:   117 with Value:     0.0000Tol(Act/Req):0.9927E-04/0.1000E-04
# With parameters(tra.):    -0.7715E-01   -0.1046E+00   -0.3296E-01
# With parameters(rot.):    -0.2055E+00    0.3599E+00    0.2243E+00
# Minimization at step:   118 with Value:     0.0000Tol(Act/Req):0.6542E-04/0.1000E-04
# With parameters(tra.):    -0.7715E-01   -0.1046E+00   -0.3296E-01
# With parameters(rot.):    -0.2055E+00    0.3599E+00    0.2243E+00
# Minimization at step:   119 with Value:     0.0000Tol(Act/Req):0.7616E-04/0.1000E-04
# With parameters(tra.):    -0.7715E-01   -0.1046E+00   -0.3296E-01
# With parameters(rot.):    -0.2055E+00    0.3599E+00    0.2243E+00
# Minimization at step:   120 with Value:     0.0000Tol(Act/Req):0.6911E-04/0.1000E-04
# With parameters(tra.):    -0.7715E-01   -0.1046E+00   -0.3296E-01
# With parameters(rot.):    -0.2055E+00    0.3599E+00    0.2243E+00
# Minimization at step:   121 with Value:     0.0000Tol(Act/Req):0.5912E-04/0.1000E-04
# With parameters(tra.):    -0.7715E-01   -0.1046E+00   -0.3296E-01
# With parameters(rot.):    -0.2055E+00    0.3599E+00    0.2243E+00
# Minimization at step:   122 with Value:     0.0000Tol(Act/Req):0.4917E-04/0.1000E-04
# With parameters(tra.):    -0.7715E-01   -0.1046E+00   -0.3296E-01
# With parameters(rot.):    -0.2055E+00    0.3599E+00    0.2243E+00
# Minimization at step:   123 with Value:     0.0000Tol(Act/Req):0.3667E-04/0.1000E-04
# With parameters(tra.):    -0.7715E-01   -0.1046E+00   -0.3296E-01
# With parameters(rot.):    -0.2055E+00    0.3599E+00    0.2243E+00
# Minimization at step:   124 with Value:     0.0000Tol(Act/Req):0.3071E-04/0.1000E-04
# With parameters(tra.):    -0.7715E-01   -0.1046E+00   -0.3296E-01
# With parameters(rot.):    -0.2055E+00    0.3599E+00    0.2243E+00
# Minimization at step:   125 with Value:     0.0000Tol(Act/Req):0.2563E-04/0.1000E-04
# With parameters(tra.):    -0.7715E-01   -0.1046E+00   -0.3296E-01
# With parameters(rot.):    -0.2055E+00    0.3599E+00    0.2243E+00
# Minimization at step:   126 with Value:     0.0000Tol(Act/Req):0.1825E-04/0.1000E-04
# With parameters(tra.):    -0.7715E-01   -0.1046E+00   -0.3296E-01
# With parameters(rot.):    -0.2055E+00    0.3599E+00    0.2243E+00
# Minimization at step:   127 with Value:     0.0000Tol(Act/Req):0.1151E-04/0.1000E-04
# With parameters(tra.):    -0.7715E-01   -0.1046E+00   -0.3296E-01
# With parameters(rot.):    -0.2055E+00    0.3599E+00    0.2243E+00
# Minimization at step:   128 with Value:    -0.0000Tol(Act/Req):0.1114E-04/0.1000E-04
# With parameters(tra.):    -0.7715E-01   -0.1046E+00   -0.3296E-01
# With parameters(rot.):    -0.2055E+00    0.3599E+00    0.2243E+00
# Minimization at step:   129 with Value:    -0.0000Tol(Act/Req):0.1085E-04/0.1000E-04
# With parameters(tra.):    -0.7715E-01   -0.1046E+00   -0.3296E-01
# With parameters(rot.):    -0.2055E+00    0.3599E+00    0.2243E+00
# Minimization at step:   130 with Value:    -0.0000Tol(Act/Req):0.8637E-05/0.1000E-04
# With parameters(tra.):    -0.7715E-01   -0.1046E+00   -0.3296E-01
# With parameters(rot.):    -0.2055E+00    0.3599E+00    0.2243E+00
# CSM Values after x minimization.
# Final Number of optim. Steps:   130
#      Before min is:      0.00410879735
# Final CSM Value is:     -0.00000000000
# Coordinates rotated along Y.
[molecule] Nrec=   2 Format=nscxyz
  c                1    6   -0.22185888D-16  -0.94414271D-16  -0.93264274D+00
  n                2    7    0.37106410D-16   0.55401425D-16   0.79940807D+00
# Minimization at step:     0 with Value:     0.0049Tol(Act/Req):0.1071E+01/0.1000E-04
# With parameters(tra.):     0.1429E-01    0.1429E-01    0.1429E-01
# With parameters(rot.):     0.1429E-01    0.1429E-01    0.1429E-01
# Minimization at step:     1 with Value:     0.0043Tol(Act/Req):0.6324E+00/0.1000E-04
# With parameters(tra.):     0.1548E-01    0.1548E-01    0.7143E-02
# With parameters(rot.):     0.1548E-01    0.1548E-01    0.1548E-01
# Minimization at step:     2 with Value:     0.0041Tol(Act/Req):0.6324E+00/0.1000E-04
# With parameters(tra.):    -0.1270E-01    0.2063E-01    0.9524E-02
# With parameters(rot.):     0.2063E-01    0.2063E-01    0.2063E-01
# Minimization at step:     3 with Value:     0.0039Tol(Act/Req):0.5379E+00/0.1000E-04
# With parameters(tra.):    -0.1376E-01    0.1402E-01    0.1032E-01
# With parameters(rot.):     0.2235E-01    0.2235E-01    0.2235E-01
# Minimization at step:     4 with Value:     0.0038Tol(Act/Req):0.4100E+00/0.1000E-04
# With parameters(tra.):    -0.2112E-01    0.1592E-01   -0.2910E-02
# With parameters(rot.):     0.2703E-01    0.2703E-01    0.2703E-01
# Minimization at step:     5 with Value:     0.0037Tol(Act/Req):0.3817E+00/0.1000E-04
# With parameters(tra.):    -0.1478E-01    0.1423E-01   -0.4541E-02
# With parameters(rot.):     0.2627E-01    0.2627E-01    0.2627E-01
# Minimization at step:     6 with Value:     0.0036Tol(Act/Req):0.3817E+00/0.1000E-04
# With parameters(tra.):    -0.1970E-01    0.1898E-01   -0.6055E-02
# With parameters(rot.):     0.3503E-01    0.3503E-01    0.3503E-01
# Minimization at step:     7 with Value:     0.0033Tol(Act/Req):0.5727E+00/0.1000E-04
# With parameters(tra.):    -0.2956E-01    0.2847E-01   -0.9083E-02
# With parameters(rot.):     0.2543E-02    0.5254E-01    0.5254E-01
# Minimization at step:     8 with Value:     0.0029Tol(Act/Req):0.1010E+01/0.1000E-04
# With parameters(tra.):    -0.4063E-01    0.1585E-01   -0.1640E-01
# With parameters(rot.):    -0.2205E-02    0.7280E-01    0.7280E-01
# Minimization at step:     9 with Value:     0.0027Tol(Act/Req):0.9474E+00/0.1000E-04
# With parameters(tra.):    -0.3977E-01    0.1393E-01   -0.7672E-02
# With parameters(rot.):    -0.1662E-01    0.8338E-01    0.8338E-01
# Minimization at step:    10 with Value:     0.0024Tol(Act/Req):0.9006E+00/0.1000E-04
# With parameters(tra.):    -0.3542E-01    0.1047E-01   -0.1198E-01
# With parameters(rot.):    -0.3243E-01    0.1009E+00    0.1009E+00
# Minimization at step:    11 with Value:     0.0020Tol(Act/Req):0.9101E+00/0.1000E-04
# With parameters(tra.):    -0.4722E-01    0.1396E-01   -0.1597E-01
# With parameters(rot.):    -0.4325E-01    0.1345E+00    0.1012E+00
# Minimization at step:    12 with Value:     0.0017Tol(Act/Req):0.1564E+01/0.1000E-04
# With parameters(tra.):    -0.5359E-01    0.4327E-02   -0.1866E-01
# With parameters(rot.):    -0.9552E-01    0.1711E+00    0.1211E+00
# Minimization at step:    13 with Value:     0.0014Tol(Act/Req):0.1487E+01/0.1000E-04
# With parameters(tra.):    -0.7146E-01    0.5769E-02   -0.2488E-01
# With parameters(rot.):    -0.1274E+00    0.1949E+00    0.1615E+00
# Minimization at step:    14 with Value:     0.0013Tol(Act/Req):0.1471E+01/0.1000E-04
# With parameters(tra.):    -0.7432E-01    0.5569E-02   -0.2849E-01
# With parameters(rot.):    -0.1330E+00    0.2015E+00    0.1654E+00
# Minimization at step:    15 with Value:     0.0010Tol(Act/Req):0.1699E+01/0.1000E-04
# With parameters(tra.):    -0.7699E-01   -0.2486E-01   -0.3214E-01
# With parameters(rot.):    -0.1358E+00    0.2410E+00    0.1868E+00
# Minimization at step:    16 with Value:     0.0008Tol(Act/Req):0.1653E+01/0.1000E-04
# With parameters(tra.):    -0.9520E-01   -0.3317E-01   -0.3456E-01
# With parameters(rot.):    -0.1544E+00    0.2701E+00    0.1979E+00
# Minimization at step:    17 with Value:     0.0007Tol(Act/Req):0.1644E+01/0.1000E-04
# With parameters(tra.):    -0.9863E-01   -0.3269E-01   -0.3085E-01
# With parameters(rot.):    -0.1988E+00    0.3089E+00    0.2126E+00
# Minimization at step:    18 with Value:     0.0006Tol(Act/Req):0.1642E+01/0.1000E-04
# With parameters(tra.):    -0.1021E+00   -0.3598E-01   -0.3286E-01
# With parameters(rot.):    -0.2071E+00    0.3212E+00    0.2185E+00
# Minimization at step:    19 with Value:     0.0004Tol(Act/Req):0.1681E+01/0.1000E-04
# With parameters(tra.):    -0.9442E-01   -0.5133E-01   -0.2930E-01
# With parameters(rot.):    -0.2019E+00    0.3396E+00    0.1971E+00
# Minimization at step:    20 with Value:     0.0003Tol(Act/Req):0.1368E+01/0.1000E-04
# With parameters(tra.):    -0.9737E-01   -0.7027E-01   -0.2964E-01
# With parameters(rot.):    -0.2334E+00    0.3656E+00    0.2208E+00
# Minimization at step:    21 with Value:     0.0003Tol(Act/Req):0.1252E+01/0.1000E-04
# With parameters(tra.):    -0.9352E-01   -0.8328E-01   -0.3294E-01
# With parameters(rot.):    -0.2005E+00    0.3457E+00    0.2089E+00
# Minimization at step:    22 with Value:     0.0003Tol(Act/Req):0.1234E+01/0.1000E-04
# With parameters(tra.):    -0.7475E-01   -0.9168E-01   -0.2998E-01
# With parameters(rot.):    -0.1973E+00    0.3418E+00    0.2014E+00
# Minimization at step:    23 with Value:     0.0003Tol(Act/Req):0.1210E+01/0.1000E-04
# With parameters(tra.):    -0.7255E-01   -0.1168E+00   -0.3303E-01
# With parameters(rot.):    -0.2106E+00    0.3732E+00    0.2074E+00
# Minimization at step:    24 with Value:     0.0002Tol(Act/Req):0.1303E+01/0.1000E-04
# With parameters(tra.):    -0.7176E-01   -0.1164E+00   -0.3221E-01
# With parameters(rot.):    -0.2196E+00    0.3804E+00    0.2103E+00
# Minimization at step:    25 with Value:     0.0002Tol(Act/Req):0.1206E+01/0.1000E-04
# With parameters(tra.):    -0.7115E-01   -0.1232E+00   -0.3245E-01
# With parameters(rot.):    -0.2125E+00    0.3856E+00    0.2111E+00
# Minimization at step:    26 with Value:     0.0001Tol(Act/Req):0.1176E+01/0.1000E-04
# With parameters(tra.):    -0.7555E-01   -0.1237E+00   -0.3339E-01
# With parameters(rot.):    -0.2146E+00    0.3903E+00    0.2138E+00
# Minimization at step:    27 with Value:     0.0001Tol(Act/Req):0.1174E+01/0.1000E-04
# With parameters(tra.):    -0.7875E-01   -0.1009E+00   -0.3046E-01
# With parameters(rot.):    -0.2027E+00    0.3646E+00    0.2098E+00
# Minimization at step:    28 with Value:     0.0001Tol(Act/Req):0.1331E+01/0.1000E-04
# With parameters(tra.):    -0.7670E-01   -0.1003E+00   -0.3047E-01
# With parameters(rot.):    -0.1949E+00    0.3602E+00    0.2050E+00
# Minimization at step:    29 with Value:     0.0001Tol(Act/Req):0.1115E+01/0.1000E-04
# With parameters(tra.):    -0.7573E-01   -0.1060E+00   -0.3121E-01
# With parameters(rot.):    -0.1972E+00    0.3662E+00    0.2055E+00
# Minimization at step:    30 with Value:     0.0001Tol(Act/Req):0.1234E+01/0.1000E-04
# With parameters(tra.):    -0.7474E-01   -0.1026E+00   -0.2991E-01
# With parameters(rot.):    -0.2014E+00    0.3635E+00    0.2000E+00
# Minimization at step:    31 with Value:     0.0001Tol(Act/Req):0.1080E+01/0.1000E-04
# With parameters(tra.):    -0.7583E-01   -0.1043E+00   -0.3368E-01
# With parameters(rot.):    -0.2065E+00    0.3531E+00    0.2223E+00
# Minimization at step:    32 with Value:     0.0000Tol(Act/Req):0.1364E+01/0.1000E-04
# With parameters(tra.):    -0.7805E-01   -0.1029E+00   -0.3417E-01
# With parameters(rot.):    -0.2068E+00    0.3524E+00    0.2244E+00
# Minimization at step:    33 with Value:     0.0000Tol(Act/Req):0.1375E+01/0.1000E-04
# With parameters(tra.):    -0.7819E-01   -0.1016E+00   -0.3393E-01
# With parameters(rot.):    -0.2103E+00    0.3536E+00    0.2270E+00
# Minimization at step:    34 with Value:     0.0000Tol(Act/Req):0.1375E+01/0.1000E-04
# With parameters(tra.):    -0.7847E-01   -0.1032E+00   -0.3417E-01
# With parameters(rot.):    -0.2066E+00    0.3536E+00    0.2287E+00
# Minimization at step:    35 with Value:     0.0000Tol(Act/Req):0.1011E+01/0.1000E-04
# With parameters(tra.):    -0.7830E-01   -0.1017E+00   -0.3147E-01
# With parameters(rot.):    -0.2028E+00    0.3615E+00    0.2135E+00
# Minimization at step:    36 with Value:     0.0000Tol(Act/Req):0.1182E+01/0.1000E-04
# With parameters(tra.):    -0.7803E-01   -0.1041E+00   -0.3186E-01
# With parameters(rot.):    -0.2044E+00    0.3641E+00    0.2145E+00
# Minimization at step:    37 with Value:     0.0000Tol(Act/Req):0.1325E+01/0.1000E-04
# With parameters(tra.):    -0.7712E-01   -0.1041E+00   -0.3198E-01
# With parameters(rot.):    -0.2013E+00    0.3623E+00    0.2128E+00
# Minimization at step:    38 with Value:     0.0000Tol(Act/Req):0.1339E+01/0.1000E-04
# With parameters(tra.):    -0.7682E-01   -0.1026E+00   -0.3150E-01
# With parameters(rot.):    -0.2034E+00    0.3608E+00    0.2111E+00
# Minimization at step:    39 with Value:     0.0000Tol(Act/Req):0.1354E+01/0.1000E-04
# With parameters(tra.):    -0.7682E-01   -0.1033E+00   -0.3140E-01
# With parameters(rot.):    -0.2013E+00    0.3614E+00    0.2105E+00
# Minimization at step:    40 with Value:     0.0000Tol(Act/Req):0.1213E+01/0.1000E-04
# With parameters(tra.):    -0.7644E-01   -0.1049E+00   -0.3318E-01
# With parameters(rot.):    -0.2033E+00    0.3561E+00    0.2196E+00
# Minimization at step:    41 with Value:     0.0000Tol(Act/Req):0.1176E+01/0.1000E-04
# With parameters(tra.):    -0.7742E-01   -0.1044E+00   -0.3334E-01
# With parameters(rot.):    -0.2032E+00    0.3560E+00    0.2203E+00
# Minimization at step:    42 with Value:     0.0000Tol(Act/Req):0.9191E+00/0.1000E-04
# With parameters(tra.):    -0.7742E-01   -0.1027E+00   -0.3266E-01
# With parameters(rot.):    -0.2077E+00    0.3593E+00    0.2232E+00
# Minimization at step:    43 with Value:     0.0000Tol(Act/Req):0.1284E+01/0.1000E-04
# With parameters(tra.):    -0.7724E-01   -0.1038E+00   -0.3292E-01
# With parameters(rot.):    -0.2088E+00    0.3602E+00    0.2244E+00
# Minimization at step:    44 with Value:     0.0000Tol(Act/Req):0.1251E+01/0.1000E-04
# With parameters(tra.):    -0.7722E-01   -0.1043E+00   -0.3311E-01
# With parameters(rot.):    -0.2078E+00    0.3595E+00    0.2238E+00
# Minimization at step:    45 with Value:     0.0000Tol(Act/Req):0.9103E+00/0.1000E-04
# With parameters(tra.):    -0.7738E-01   -0.1039E+00   -0.3266E-01
# With parameters(rot.):    -0.2076E+00    0.3611E+00    0.2219E+00
# Minimization at step:    46 with Value:     0.0000Tol(Act/Req):0.1309E+01/0.1000E-04
# With parameters(tra.):    -0.7695E-01   -0.1039E+00   -0.3278E-01
# With parameters(rot.):    -0.2066E+00    0.3601E+00    0.2218E+00
# Minimization at step:    47 with Value:     0.0000Tol(Act/Req):0.1532E+01/0.1000E-04
# With parameters(tra.):    -0.7681E-01   -0.1032E+00   -0.3265E-01
# With parameters(rot.):    -0.2079E+00    0.3593E+00    0.2218E+00
# Minimization at step:    48 with Value:     0.0000Tol(Act/Req):0.1456E+01/0.1000E-04
# With parameters(tra.):    -0.7724E-01   -0.1028E+00   -0.3267E-01
# With parameters(rot.):    -0.2083E+00    0.3595E+00    0.2223E+00
# Minimization at step:    49 with Value:     0.0000Tol(Act/Req):0.1210E+01/0.1000E-04
# With parameters(tra.):    -0.7739E-01   -0.1042E+00   -0.3289E-01
# With parameters(rot.):    -0.2063E+00    0.3600E+00    0.2250E+00
# Minimization at step:    50 with Value:     0.0000Tol(Act/Req):0.1178E+01/0.1000E-04
# With parameters(tra.):    -0.7740E-01   -0.1044E+00   -0.3297E-01
# With parameters(rot.):    -0.2057E+00    0.3597E+00    0.2248E+00
# Minimization at step:    51 with Value:     0.0000Tol(Act/Req):0.1281E+01/0.1000E-04
# With parameters(tra.):    -0.7748E-01   -0.1042E+00   -0.3277E-01
# With parameters(rot.):    -0.2055E+00    0.3604E+00    0.2240E+00
# Minimization at step:    52 with Value:     0.0000Tol(Act/Req):0.1443E+01/0.1000E-04
# With parameters(tra.):    -0.7741E-01   -0.1048E+00   -0.3289E-01
# With parameters(rot.):    -0.2057E+00    0.3609E+00    0.2246E+00
# Minimization at step:    53 with Value:     0.0000Tol(Act/Req):0.1089E+01/0.1000E-04
# With parameters(tra.):    -0.7737E-01   -0.1046E+00   -0.3284E-01
# With parameters(rot.):    -0.2062E+00    0.3608E+00    0.2239E+00
# Minimization at step:    54 with Value:     0.0000Tol(Act/Req):0.9965E+00/0.1000E-04
# With parameters(tra.):    -0.7719E-01   -0.1046E+00   -0.3290E-01
# With parameters(rot.):    -0.2056E+00    0.3603E+00    0.2240E+00
# Minimization at step:    55 with Value:     0.0000Tol(Act/Req):0.1317E+01/0.1000E-04
# With parameters(tra.):    -0.7740E-01   -0.1046E+00   -0.3293E-01
# With parameters(rot.):    -0.2056E+00    0.3605E+00    0.2244E+00
# Minimization at step:    56 with Value:     0.0000Tol(Act/Req):0.1301E+01/0.1000E-04
# With parameters(tra.):    -0.7738E-01   -0.1044E+00   -0.3289E-01
# With parameters(rot.):    -0.2060E+00    0.3602E+00    0.2246E+00
# Minimization at step:    57 with Value:     0.0000Tol(Act/Req):0.1153E+01/0.1000E-04
# With parameters(tra.):    -0.7739E-01   -0.1047E+00   -0.3299E-01
# With parameters(rot.):    -0.2051E+00    0.3599E+00    0.2243E+00
# Minimization at step:    58 with Value:     0.0000Tol(Act/Req):0.1308E+01/0.1000E-04
# With parameters(tra.):    -0.7737E-01   -0.1046E+00   -0.3297E-01
# With parameters(rot.):    -0.2053E+00    0.3598E+00    0.2239E+00
# Minimization at step:    59 with Value:     0.0000Tol(Act/Req):0.1164E+01/0.1000E-04
# With parameters(tra.):    -0.7740E-01   -0.1045E+00   -0.3289E-01
# With parameters(rot.):    -0.2051E+00    0.3600E+00    0.2236E+00
# Minimization at step:    60 with Value:     0.0000Tol(Act/Req):0.1118E+01/0.1000E-04
# With parameters(tra.):    -0.7737E-01   -0.1048E+00   -0.3295E-01
# With parameters(rot.):    -0.2052E+00    0.3602E+00    0.2238E+00
# Minimization at step:    61 with Value:     0.0000Tol(Act/Req):0.1062E+01/0.1000E-04
# With parameters(tra.):    -0.7729E-01   -0.1048E+00   -0.3298E-01
# With parameters(rot.):    -0.2049E+00    0.3600E+00    0.2238E+00
# Minimization at step:    62 with Value:     0.0000Tol(Act/Req):0.9864E+00/0.1000E-04
# With parameters(tra.):    -0.7725E-01   -0.1046E+00   -0.3292E-01
# With parameters(rot.):    -0.2054E+00    0.3603E+00    0.2239E+00
# Minimization at step:    63 with Value:     0.0000Tol(Act/Req):0.1132E+01/0.1000E-04
# With parameters(tra.):    -0.7723E-01   -0.1046E+00   -0.3290E-01
# With parameters(rot.):    -0.2056E+00    0.3601E+00    0.2240E+00
# Minimization at step:    64 with Value:     0.0000Tol(Act/Req):0.1108E+01/0.1000E-04
# With parameters(tra.):    -0.7733E-01   -0.1045E+00   -0.3291E-01
# With parameters(rot.):    -0.2056E+00    0.3602E+00    0.2241E+00
# Minimization at step:    65 with Value:     0.0000Tol(Act/Req):0.1104E+01/0.1000E-04
# With parameters(tra.):    -0.7731E-01   -0.1045E+00   -0.3290E-01
# With parameters(rot.):    -0.2057E+00    0.3602E+00    0.2240E+00
# Minimization at step:    66 with Value:     0.0000Tol(Act/Req):0.1113E+01/0.1000E-04
# With parameters(tra.):    -0.7732E-01   -0.1044E+00   -0.3286E-01
# With parameters(rot.):    -0.2057E+00    0.3603E+00    0.2238E+00
# Minimization at step:    67 with Value:     0.0000Tol(Act/Req):0.1100E+01/0.1000E-04
# With parameters(tra.):    -0.7734E-01   -0.1045E+00   -0.3287E-01
# With parameters(rot.):    -0.2056E+00    0.3602E+00    0.2238E+00
# Minimization at step:    68 with Value:     0.0000Tol(Act/Req):0.9326E+00/0.1000E-04
# With parameters(tra.):    -0.7732E-01   -0.1046E+00   -0.3289E-01
# With parameters(rot.):    -0.2056E+00    0.3603E+00    0.2239E+00
# Minimization at step:    69 with Value:     0.0000Tol(Act/Req):0.7820E+00/0.1000E-04
# With parameters(tra.):    -0.7721E-01   -0.1046E+00   -0.3292E-01
# With parameters(rot.):    -0.2053E+00    0.3601E+00    0.2240E+00
# Minimization at step:    70 with Value:     0.0000Tol(Act/Req):0.7064E+00/0.1000E-04
# With parameters(tra.):    -0.7720E-01   -0.1045E+00   -0.3292E-01
# With parameters(rot.):    -0.2054E+00    0.3600E+00    0.2240E+00
# Minimization at step:    71 with Value:     0.0000Tol(Act/Req):0.7482E+00/0.1000E-04
# With parameters(tra.):    -0.7723E-01   -0.1045E+00   -0.3292E-01
# With parameters(rot.):    -0.2054E+00    0.3600E+00    0.2241E+00
# Minimization at step:    72 with Value:     0.0000Tol(Act/Req):0.7484E+00/0.1000E-04
# With parameters(tra.):    -0.7722E-01   -0.1045E+00   -0.3292E-01
# With parameters(rot.):    -0.2054E+00    0.3600E+00    0.2240E+00
# Minimization at step:    73 with Value:     0.0000Tol(Act/Req):0.8744E+00/0.1000E-04
# With parameters(tra.):    -0.7722E-01   -0.1045E+00   -0.3290E-01
# With parameters(rot.):    -0.2054E+00    0.3600E+00    0.2239E+00
# Minimization at step:    74 with Value:     0.0000Tol(Act/Req):0.7062E+00/0.1000E-04
# With parameters(tra.):    -0.7721E-01   -0.1045E+00   -0.3291E-01
# With parameters(rot.):    -0.2053E+00    0.3600E+00    0.2239E+00
# Minimization at step:    75 with Value:     0.0000Tol(Act/Req):0.6723E+00/0.1000E-04
# With parameters(tra.):    -0.7716E-01   -0.1046E+00   -0.3295E-01
# With parameters(rot.):    -0.2053E+00    0.3600E+00    0.2241E+00
# Minimization at step:    76 with Value:     0.0000Tol(Act/Req):0.5249E+00/0.1000E-04
# With parameters(tra.):    -0.7717E-01   -0.1046E+00   -0.3295E-01
# With parameters(rot.):    -0.2054E+00    0.3601E+00    0.2241E+00
# Minimization at step:    77 with Value:     0.0000Tol(Act/Req):0.3856E+00/0.1000E-04
# With parameters(tra.):    -0.7714E-01   -0.1046E+00   -0.3294E-01
# With parameters(rot.):    -0.2055E+00    0.3599E+00    0.2242E+00
# Minimization at step:    78 with Value:     0.0000Tol(Act/Req):0.3085E+00/0.1000E-04
# With parameters(tra.):    -0.7715E-01   -0.1046E+00   -0.3295E-01
# With parameters(rot.):    -0.2055E+00    0.3599E+00    0.2242E+00
# Minimization at step:    79 with Value:     0.0000Tol(Act/Req):0.2792E+00/0.1000E-04
# With parameters(tra.):    -0.7713E-01   -0.1046E+00   -0.3295E-01
# With parameters(rot.):    -0.2055E+00    0.3599E+00    0.2242E+00
# Minimization at step:    80 with Value:     0.0000Tol(Act/Req):0.2782E+00/0.1000E-04
# With parameters(tra.):    -0.7714E-01   -0.1046E+00   -0.3294E-01
# With parameters(rot.):    -0.2055E+00    0.3599E+00    0.2242E+00
# Minimization at step:    81 with Value:     0.0000Tol(Act/Req):0.2670E+00/0.1000E-04
# With parameters(tra.):    -0.7715E-01   -0.1046E+00   -0.3294E-01
# With parameters(rot.):    -0.2055E+00    0.3599E+00    0.2242E+00
# Minimization at step:    82 with Value:     0.0000Tol(Act/Req):0.2617E+00/0.1000E-04
# With parameters(tra.):    -0.7716E-01   -0.1046E+00   -0.3294E-01
# With parameters(rot.):    -0.2055E+00    0.3599E+00    0.2242E+00
# Minimization at step:    83 with Value:     0.0000Tol(Act/Req):0.1996E+00/0.1000E-04
# With parameters(tra.):    -0.7715E-01   -0.1046E+00   -0.3294E-01
# With parameters(rot.):    -0.2055E+00    0.3599E+00    0.2242E+00
# Minimization at step:    84 with Value:     0.0000Tol(Act/Req):0.1536E+00/0.1000E-04
# With parameters(tra.):    -0.7714E-01   -0.1046E+00   -0.3294E-01
# With parameters(rot.):    -0.2055E+00    0.3599E+00    0.2242E+00
# Minimization at step:    85 with Value:     0.0000Tol(Act/Req):0.1007E+00/0.1000E-04
# With parameters(tra.):    -0.7715E-01   -0.1046E+00   -0.3295E-01
# With parameters(rot.):    -0.2055E+00    0.3599E+00    0.2243E+00
# Minimization at step:    86 with Value:     0.0000Tol(Act/Req):0.5963E-01/0.1000E-04
# With parameters(tra.):    -0.7715E-01   -0.1046E+00   -0.3295E-01
# With parameters(rot.):    -0.2055E+00    0.3599E+00    0.2243E+00
# Minimization at step:    87 with Value:     0.0000Tol(Act/Req):0.7478E-01/0.1000E-04
# With parameters(tra.):    -0.7715E-01   -0.1046E+00   -0.3295E-01
# With parameters(rot.):    -0.2055E+00    0.3599E+00    0.2243E+00
# Minimization at step:    88 with Value:     0.0000Tol(Act/Req):0.7175E-01/0.1000E-04
# With parameters(tra.):    -0.7716E-01   -0.1046E+00   -0.3295E-01
# With parameters(rot.):    -0.2055E+00    0.3599E+00    0.2243E+00
# Minimization at step:    89 with Value:     0.0000Tol(Act/Req):0.5050E-01/0.1000E-04
# With parameters(tra.):    -0.7716E-01   -0.1046E+00   -0.3295E-01
# With parameters(rot.):    -0.2055E+00    0.3599E+00    0.2243E+00
# Minimization at step:    90 with Value:     0.0000Tol(Act/Req):0.3795E-01/0.1000E-04
# With parameters(tra.):    -0.7716E-01   -0.1046E+00   -0.3295E-01
# With parameters(rot.):    -0.2055E+00    0.3599E+00    0.2243E+00
# Minimization at step:    91 with Value:     0.0000Tol(Act/Req):0.3407E-01/0.1000E-04
# With parameters(tra.):    -0.7715E-01   -0.1046E+00   -0.3296E-01
# With parameters(rot.):    -0.2055E+00    0.3599E+00    0.2243E+00
# Minimization at step:    92 with Value:     0.0000Tol(Act/Req):0.2828E-01/0.1000E-04
# With parameters(tra.):    -0.7715E-01   -0.1046E+00   -0.3296E-01
# With parameters(rot.):    -0.2055E+00    0.3599E+00    0.2243E+00
# Minimization at step:    93 with Value:     0.0000Tol(Act/Req):0.1338E-01/0.1000E-04
# With parameters(tra.):    -0.7715E-01   -0.1046E+00   -0.3296E-01
# With parameters(rot.):    -0.2055E+00    0.3599E+00    0.2243E+00
# Minimization at step:    94 with Value:     0.0000Tol(Act/Req):0.1588E-01/0.1000E-04
# With parameters(tra.):    -0.7715E-01   -0.1046E+00   -0.3296E-01
# With parameters(rot.):    -0.2055E+00    0.3599E+00    0.2243E+00
# Minimization at step:    95 with Value:     0.0000Tol(Act/Req):0.1176E-01/0.1000E-04
# With parameters(tra.):    -0.7715E-01   -0.1046E+00   -0.3296E-01
# With parameters(rot.):    -0.2055E+00    0.3599E+00    0.2243E+00
# Minimization at step:    96 with Value:     0.0000Tol(Act/Req):0.1132E-01/0.1000E-04
# With parameters(tra.):    -0.7715E-01   -0.1046E+00   -0.3296E-01
# With parameters(rot.):    -0.2055E+00    0.3599E+00    0.2243E+00
# Minimization at step:    97 with Value:     0.0000Tol(Act/Req):0.9707E-02/0.1000E-04
# With parameters(tra.):    -0.7715E-01   -0.1046E+00   -0.3296E-01
# With parameters(rot.):    -0.2055E+00    0.3599E+00    0.2243E+00
# Minimization at step:    98 with Value:     0.0000Tol(Act/Req):0.7519E-02/0.1000E-04
# With parameters(tra.):    -0.7715E-01   -0.1046E+00   -0.3296E-01
# With parameters(rot.):    -0.2055E+00    0.3599E+00    0.2243E+00
# Minimization at step:    99 with Value:     0.0000Tol(Act/Req):0.6661E-02/0.1000E-04
# With parameters(tra.):    -0.7715E-01   -0.1046E+00   -0.3296E-01
# With parameters(rot.):    -0.2055E+00    0.3599E+00    0.2243E+00
# Minimization at step:   100 with Value:     0.0000Tol(Act/Req):0.2485E-02/0.1000E-04
# With parameters(tra.):    -0.7715E-01   -0.1046E+00   -0.3296E-01
# With parameters(rot.):    -0.2055E+00    0.3599E+00    0.2243E+00
# Minimization at step:   101 with Value:     0.0000Tol(Act/Req):0.3183E-02/0.1000E-04
# With parameters(tra.):    -0.7715E-01   -0.1046E+00   -0.3296E-01
# With parameters(rot.):    -0.2055E+00    0.3599E+00    0.2243E+00
# Minimization at step:   102 with Value:     0.0000Tol(Act/Req):0.2120E-02/0.1000E-04
# With parameters(tra.):    -0.7715E-01   -0.1046E+00   -0.3296E-01
# With parameters(rot.):    -0.2055E+00    0.3599E+00    0.2243E+00
# Minimization at step:   103 with Value:     0.0000Tol(Act/Req):0.2256E-02/0.1000E-04
# With parameters(tra.):    -0.7715E-01   -0.1046E+00   -0.3296E-01
# With parameters(rot.):    -0.2055E+00    0.3599E+00    0.2243E+00
# Minimization at step:   104 with Value:     0.0000Tol(Act/Req):0.1725E-02/0.1000E-04
# With parameters(tra.):    -0.7715E-01   -0.1046E+00   -0.3296E-01
# With parameters(rot.):    -0.2055E+00    0.3599E+00    0.2243E+00
# Minimization at step:   105 with Value:     0.0000Tol(Act/Req):0.1737E-02/0.1000E-04
# With parameters(tra.):    -0.7715E-01   -0.1046E+00   -0.3296E-01
# With parameters(rot.):    -0.2055E+00    0.3599E+00    0.2243E+00
# Minimization at step:   106 with Value:     0.0000Tol(Act/Req):0.1690E-02/0.1000E-04
# With parameters(tra.):    -0.7715E-01   -0.1046E+00   -0.3296E-01
# With parameters(rot.):    -0.2055E+00    0.3599E+00    0.2243E+00
# Minimization at step:   107 with Value:     0.0000Tol(Act/Req):0.1243E-02/0.1000E-04
# With parameters(tra.):    -0.7715E-01   -0.1046E+00   -0.3296E-01
# With parameters(rot.):    -0.2055E+00    0.3599E+00    0.2243E+00
# Minimization at step:   108 with Value:     0.0000Tol(Act/Req):0.5989E-03/0.1000E-04
# With parameters(tra.):    -0.7715E-01   -0.1046E+00   -0.3296E-01
# With parameters(rot.):    -0.2055E+00    0.3599E+00    0.2243E+00
# Minimization at step:   109 with Value:     0.0000Tol(Act/Req):0.7169E-03/0.1000E-04
# With parameters(tra.):    -0.7715E-01   -0.1046E+00   -0.3296E-01
# With parameters(rot.):    -0.2055E+00    0.3599E+00    0.2243E+00
# Minimization at step:   110 with Value:     0.0000Tol(Act/Req):0.4338E-03/0.1000E-04
# With parameters(tra.):    -0.7715E-01   -0.1046E+00   -0.3296E-01
# With parameters(rot.):    -0.2055E+00    0.3599E+00    0.2243E+00
# Minimization at step:   111 with Value:     0.0000Tol(Act/Req):0.4078E-03/0.1000E-04
# With parameters(tra.):    -0.7715E-01   -0.1046E+00   -0.3296E-01
# With parameters(rot.):    -0.2055E+00    0.3599E+00    0.2243E+00
# Minimization at step:   112 with Value:     0.0000Tol(Act/Req):0.2895E-03/0.1000E-04
# With parameters(tra.):    -0.7715E-01   -0.1046E+00   -0.3296E-01
# With parameters(rot.):    -0.2055E+00    0.3599E+00    0.2243E+00
# Minimization at step:   113 with Value:     0.0000Tol(Act/Req):0.2985E-03/0.1000E-04
# With parameters(tra.):    -0.7715E-01   -0.1046E+00   -0.3296E-01
# With parameters(rot.):    -0.2055E+00    0.3599E+00    0.2243E+00
# Minimization at step:   114 with Value:     0.0000Tol(Act/Req):0.2736E-03/0.1000E-04
# With parameters(tra.):    -0.7715E-01   -0.1046E+00   -0.3296E-01
# With parameters(rot.):    -0.2055E+00    0.3599E+00    0.2243E+00
# Minimization at step:   115 with Value:     0.0000Tol(Act/Req):0.2467E-03/0.1000E-04
# With parameters(tra.):    -0.7715E-01   -0.1046E+00   -0.3296E-01
# With parameters(rot.):    -0.2055E+00    0.3599E+00    0.2243E+00
# Minimization at step:   116 with Value:     0.0000Tol(Act/Req):0.1548E-03/0.1000E-04
# With parameters(tra.):    -0.7715E-01   -0.1046E+00   -0.3296E-01
# With parameters(rot.):    -0.2055E+00    0.3599E+00    0.2243E+00
# Minimization at step:   117 with Value:     0.0000Tol(Act/Req):0.9927E-04/0.1000E-04
# With parameters(tra.):    -0.7715E-01   -0.1046E+00   -0.3296E-01
# With parameters(rot.):    -0.2055E+00    0.3599E+00    0.2243E+00
# Minimization at step:   118 with Value:     0.0000Tol(Act/Req):0.6542E-04/0.1000E-04
# With parameters(tra.):    -0.7715E-01   -0.1046E+00   -0.3296E-01
# With parameters(rot.):    -0.2055E+00    0.3599E+00    0.2243E+00
# Minimization at step:   119 with Value:     0.0000Tol(Act/Req):0.7616E-04/0.1000E-04
# With parameters(tra.):    -0.7715E-01   -0.1046E+00   -0.3296E-01
# With parameters(rot.):    -0.2055E+00    0.3599E+00    0.2243E+00
# Minimization at step:   120 with Value:     0.0000Tol(Act/Req):0.6911E-04/0.1000E-04
# With parameters(tra.):    -0.7715E-01   -0.1046E+00   -0.3296E-01
# With parameters(rot.):    -0.2055E+00    0.3599E+00    0.2243E+00
# Minimization at step:   121 with Value:     0.0000Tol(Act/Req):0.5912E-04/0.1000E-04
# With parameters(tra.):    -0.7715E-01   -0.1046E+00   -0.3296E-01
# With parameters(rot.):    -0.2055E+00    0.3599E+00    0.2243E+00
# Minimization at step:   122 with Value:     0.0000Tol(Act/Req):0.4917E-04/0.1000E-04
# With parameters(tra.):    -0.7715E-01   -0.1046E+00   -0.3296E-01
# With parameters(rot.):    -0.2055E+00    0.3599E+00    0.2243E+00
# Minimization at step:   123 with Value:     0.0000Tol(Act/Req):0.3667E-04/0.1000E-04
# With parameters(tra.):    -0.7715E-01   -0.1046E+00   -0.3296E-01
# With parameters(rot.):    -0.2055E+00    0.3599E+00    0.2243E+00
# Minimization at step:   124 with Value:     0.0000Tol(Act/Req):0.3071E-04/0.1000E-04
# With parameters(tra.):    -0.7715E-01   -0.1046E+00   -0.3296E-01
# With parameters(rot.):    -0.2055E+00    0.3599E+00    0.2243E+00
# Minimization at step:   125 with Value:     0.0000Tol(Act/Req):0.2563E-04/0.1000E-04
# With parameters(tra.):    -0.7715E-01   -0.1046E+00   -0.3296E-01
# With parameters(rot.):    -0.2055E+00    0.3599E+00    0.2243E+00
# Minimization at step:   126 with Value:     0.0000Tol(Act/Req):0.1825E-04/0.1000E-04
# With parameters(tra.):    -0.7715E-01   -0.1046E+00   -0.3296E-01
# With parameters(rot.):    -0.2055E+00    0.3599E+00    0.2243E+00
# Minimization at step:   127 with Value:     0.0000Tol(Act/Req):0.1151E-04/0.1000E-04
# With parameters(tra.):    -0.7715E-01   -0.1046E+00   -0.3296E-01
# With parameters(rot.):    -0.2055E+00    0.3599E+00    0.2243E+00
# Minimization at step:   128 with Value:    -0.0000Tol(Act/Req):0.1114E-04/0.1000E-04
# With parameters(tra.):    -0.7715E-01   -0.1046E+00   -0.3296E-01
# With parameters(rot.):    -0.2055E+00    0.3599E+00    0.2243E+00
# Minimization at step:   129 with Value:    -0.0000Tol(Act/Req):0.1085E-04/0.1000E-04
# With parameters(tra.):    -0.7715E-01   -0.1046E+00   -0.3296E-01
# With parameters(rot.):    -0.2055E+00    0.3599E+00    0.2243E+00
# Minimization at step:   130 with Value:    -0.0000Tol(Act/Req):0.8637E-05/0.1000E-04
# With parameters(tra.):    -0.7715E-01   -0.1046E+00   -0.3296E-01
# With parameters(rot.):    -0.2055E+00    0.3599E+00    0.2243E+00
# CSM Values after y minimization.
# Final Number of optim. Steps:   130
#      Before min is:      0.00656177938
# Final CSM Value is:     -0.00000000000
# Coordinates rotated along Z.
[molecule] Nrec=   2 Format=nscxyz
  c                1    6   -0.15152217D-15   0.93264274D+00  -0.34922009D-16
  n                2    7    0.10435105D-15  -0.79940807D+00   0.11843216D-16
# Minimization at step:     0 with Value:     0.0049Tol(Act/Req):0.1071E+01/0.1000E-04
# With parameters(tra.):     0.1429E-01    0.1429E-01    0.1429E-01
# With parameters(rot.):     0.1429E-01    0.1429E-01    0.1429E-01
# Minimization at step:     1 with Value:     0.0043Tol(Act/Req):0.6324E+00/0.1000E-04
# With parameters(tra.):     0.1548E-01    0.1548E-01    0.7143E-02
# With parameters(rot.):     0.1548E-01    0.1548E-01    0.1548E-01
# Minimization at step:     2 with Value:     0.0041Tol(Act/Req):0.6324E+00/0.1000E-04
# With parameters(tra.):    -0.1270E-01    0.2063E-01    0.9524E-02
# With parameters(rot.):     0.2063E-01    0.2063E-01    0.2063E-01
# Minimization at step:     3 with Value:     0.0039Tol(Act/Req):0.5379E+00/0.1000E-04
# With parameters(tra.):    -0.1376E-01    0.1402E-01    0.1032E-01
# With parameters(rot.):     0.2235E-01    0.2235E-01    0.2235E-01
# Minimization at step:     4 with Value:     0.0038Tol(Act/Req):0.4100E+00/0.1000E-04
# With parameters(tra.):    -0.2112E-01    0.1592E-01   -0.2910E-02
# With parameters(rot.):     0.2703E-01    0.2703E-01    0.2703E-01
# Minimization at step:     5 with Value:     0.0037Tol(Act/Req):0.3817E+00/0.1000E-04
# With parameters(tra.):    -0.1478E-01    0.1423E-01   -0.4541E-02
# With parameters(rot.):     0.2627E-01    0.2627E-01    0.2627E-01
# Minimization at step:     6 with Value:     0.0036Tol(Act/Req):0.3817E+00/0.1000E-04
# With parameters(tra.):    -0.1970E-01    0.1898E-01   -0.6055E-02
# With parameters(rot.):     0.3503E-01    0.3503E-01    0.3503E-01
# Minimization at step:     7 with Value:     0.0033Tol(Act/Req):0.5727E+00/0.1000E-04
# With parameters(tra.):    -0.2956E-01    0.2847E-01   -0.9083E-02
# With parameters(rot.):     0.2543E-02    0.5254E-01    0.5254E-01
# Minimization at step:     8 with Value:     0.0029Tol(Act/Req):0.1010E+01/0.1000E-04
# With parameters(tra.):    -0.4063E-01    0.1585E-01   -0.1640E-01
# With parameters(rot.):    -0.2205E-02    0.7280E-01    0.7280E-01
# Minimization at step:     9 with Value:     0.0027Tol(Act/Req):0.9474E+00/0.1000E-04
# With parameters(tra.):    -0.3977E-01    0.1393E-01   -0.7672E-02
# With parameters(rot.):    -0.1662E-01    0.8338E-01    0.8338E-01
# Minimization at step:    10 with Value:     0.0024Tol(Act/Req):0.9006E+00/0.1000E-04
# With parameters(tra.):    -0.3542E-01    0.1047E-01   -0.1198E-01
# With parameters(rot.):    -0.3243E-01    0.1009E+00    0.1009E+00
# Minimization at step:    11 with Value:     0.0020Tol(Act/Req):0.9101E+00/0.1000E-04
# With parameters(tra.):    -0.4722E-01    0.1396E-01   -0.1597E-01
# With parameters(rot.):    -0.4325E-01    0.1345E+00    0.1012E+00
# Minimization at step:    12 with Value:     0.0017Tol(Act/Req):0.1564E+01/0.1000E-04
# With parameters(tra.):    -0.5359E-01    0.4327E-02   -0.1866E-01
# With parameters(rot.):    -0.9552E-01    0.1711E+00    0.1211E+00
# Minimization at step:    13 with Value:     0.0014Tol(Act/Req):0.1487E+01/0.1000E-04
# With parameters(tra.):    -0.7146E-01    0.5769E-02   -0.2488E-01
# With parameters(rot.):    -0.1274E+00    0.1949E+00    0.1615E+00
# Minimization at step:    14 with Value:     0.0013Tol(Act/Req):0.1471E+01/0.1000E-04
# With parameters(tra.):    -0.7432E-01    0.5569E-02   -0.2849E-01
# With parameters(rot.):    -0.1330E+00    0.2015E+00    0.1654E+00
# Minimization at step:    15 with Value:     0.0010Tol(Act/Req):0.1699E+01/0.1000E-04
# With parameters(tra.):    -0.7699E-01   -0.2486E-01   -0.3214E-01
# With parameters(rot.):    -0.1358E+00    0.2410E+00    0.1868E+00
# Minimization at step:    16 with Value:     0.0008Tol(Act/Req):0.1653E+01/0.1000E-04
# With parameters(tra.):    -0.9520E-01   -0.3317E-01   -0.3456E-01
# With parameters(rot.):    -0.1544E+00    0.2701E+00    0.1979E+00
# Minimization at step:    17 with Value:     0.0007Tol(Act/Req):0.1644E+01/0.1000E-04
# With parameters(tra.):    -0.9863E-01   -0.3269E-01   -0.3085E-01
# With parameters(rot.):    -0.1988E+00    0.3089E+00    0.2126E+00
# Minimization at step:    18 with Value:     0.0006Tol(Act/Req):0.1642E+01/0.1000E-04
# With parameters(tra.):    -0.1021E+00   -0.3598E-01   -0.3286E-01
# With parameters(rot.):    -0.2071E+00    0.3212E+00    0.2185E+00
# Minimization at step:    19 with Value:     0.0004Tol(Act/Req):0.1681E+01/0.1000E-04
# With parameters(tra.):    -0.9442E-01   -0.5133E-01   -0.2930E-01
# With parameters(rot.):    -0.2019E+00    0.3396E+00    0.1971E+00
# Minimization at step:    20 with Value:     0.0003Tol(Act/Req):0.1368E+01/0.1000E-04
# With parameters(tra.):    -0.9737E-01   -0.7027E-01   -0.2964E-01
# With parameters(rot.):    -0.2334E+00    0.3656E+00    0.2208E+00
# Minimization at step:    21 with Value:     0.0003Tol(Act/Req):0.1252E+01/0.1000E-04
# With parameters(tra.):    -0.9352E-01   -0.8328E-01   -0.3294E-01
# With parameters(rot.):    -0.2005E+00    0.3457E+00    0.2089E+00
# Minimization at step:    22 with Value:     0.0003Tol(Act/Req):0.1234E+01/0.1000E-04
# With parameters(tra.):    -0.7475E-01   -0.9168E-01   -0.2998E-01
# With parameters(rot.):    -0.1973E+00    0.3418E+00    0.2014E+00
# Minimization at step:    23 with Value:     0.0003Tol(Act/Req):0.1210E+01/0.1000E-04
# With parameters(tra.):    -0.7255E-01   -0.1168E+00   -0.3303E-01
# With parameters(rot.):    -0.2106E+00    0.3732E+00    0.2074E+00
# Minimization at step:    24 with Value:     0.0002Tol(Act/Req):0.1303E+01/0.1000E-04
# With parameters(tra.):    -0.7176E-01   -0.1164E+00   -0.3221E-01
# With parameters(rot.):    -0.2196E+00    0.3804E+00    0.2103E+00
# Minimization at step:    25 with Value:     0.0002Tol(Act/Req):0.1206E+01/0.1000E-04
# With parameters(tra.):    -0.7115E-01   -0.1232E+00   -0.3245E-01
# With parameters(rot.):    -0.2125E+00    0.3856E+00    0.2111E+00
# Minimization at step:    26 with Value:     0.0001Tol(Act/Req):0.1176E+01/0.1000E-04
# With parameters(tra.):    -0.7555E-01   -0.1237E+00   -0.3339E-01
# With parameters(rot.):    -0.2146E+00    0.3903E+00    0.2138E+00
# Minimization at step:    27 with Value:     0.0001Tol(Act/Req):0.1174E+01/0.1000E-04
# With parameters(tra.):    -0.7875E-01   -0.1009E+00   -0.3046E-01
# With parameters(rot.):    -0.2027E+00    0.3646E+00    0.2098E+00
# Minimization at step:    28 with Value:     0.0001Tol(Act/Req):0.1331E+01/0.1000E-04
# With parameters(tra.):    -0.7670E-01   -0.1003E+00   -0.3047E-01
# With parameters(rot.):    -0.1949E+00    0.3602E+00    0.2050E+00
# Minimization at step:    29 with Value:     0.0001Tol(Act/Req):0.1115E+01/0.1000E-04
# With parameters(tra.):    -0.7573E-01   -0.1060E+00   -0.3121E-01
# With parameters(rot.):    -0.1972E+00    0.3662E+00    0.2055E+00
# Minimization at step:    30 with Value:     0.0001Tol(Act/Req):0.1234E+01/0.1000E-04
# With parameters(tra.):    -0.7474E-01   -0.1026E+00   -0.2991E-01
# With parameters(rot.):    -0.2014E+00    0.3635E+00    0.2000E+00
# Minimization at step:    31 with Value:     0.0001Tol(Act/Req):0.1080E+01/0.1000E-04
# With parameters(tra.):    -0.7583E-01   -0.1043E+00   -0.3368E-01
# With parameters(rot.):    -0.2065E+00    0.3531E+00    0.2223E+00
# Minimization at step:    32 with Value:     0.0000Tol(Act/Req):0.1364E+01/0.1000E-04
# With parameters(tra.):    -0.7805E-01   -0.1029E+00   -0.3417E-01
# With parameters(rot.):    -0.2068E+00    0.3524E+00    0.2244E+00
# Minimization at step:    33 with Value:     0.0000Tol(Act/Req):0.1375E+01/0.1000E-04
# With parameters(tra.):    -0.7819E-01   -0.1016E+00   -0.3393E-01
# With parameters(rot.):    -0.2103E+00    0.3536E+00    0.2270E+00
# Minimization at step:    34 with Value:     0.0000Tol(Act/Req):0.1375E+01/0.1000E-04
# With parameters(tra.):    -0.7847E-01   -0.1032E+00   -0.3417E-01
# With parameters(rot.):    -0.2066E+00    0.3536E+00    0.2287E+00
# Minimization at step:    35 with Value:     0.0000Tol(Act/Req):0.1011E+01/0.1000E-04
# With parameters(tra.):    -0.7830E-01   -0.1017E+00   -0.3147E-01
# With parameters(rot.):    -0.2028E+00    0.3615E+00    0.2135E+00
# Minimization at step:    36 with Value:     0.0000Tol(Act/Req):0.1182E+01/0.1000E-04
# With parameters(tra.):    -0.7803E-01   -0.1041E+00   -0.3186E-01
# With parameters(rot.):    -0.2044E+00    0.3641E+00    0.2145E+00
# Minimization at step:    37 with Value:     0.0000Tol(Act/Req):0.1325E+01/0.1000E-04
# With parameters(tra.):    -0.7712E-01   -0.1041E+00   -0.3198E-01
# With parameters(rot.):    -0.2013E+00    0.3623E+00    0.2128E+00
# Minimization at step:    38 with Value:     0.0000Tol(Act/Req):0.1339E+01/0.1000E-04
# With parameters(tra.):    -0.7682E-01   -0.1026E+00   -0.3150E-01
# With parameters(rot.):    -0.2034E+00    0.3608E+00    0.2111E+00
# Minimization at step:    39 with Value:     0.0000Tol(Act/Req):0.1354E+01/0.1000E-04
# With parameters(tra.):    -0.7682E-01   -0.1033E+00   -0.3140E-01
# With parameters(rot.):    -0.2013E+00    0.3614E+00    0.2105E+00
# Minimization at step:    40 with Value:     0.0000Tol(Act/Req):0.1213E+01/0.1000E-04
# With parameters(tra.):    -0.7644E-01   -0.1049E+00   -0.3318E-01
# With parameters(rot.):    -0.2033E+00    0.3561E+00    0.2196E+00
# Minimization at step:    41 with Value:     0.0000Tol(Act/Req):0.1176E+01/0.1000E-04
# With parameters(tra.):    -0.7742E-01   -0.1044E+00   -0.3334E-01
# With parameters(rot.):    -0.2032E+00    0.3560E+00    0.2203E+00
# Minimization at step:    42 with Value:     0.0000Tol(Act/Req):0.9191E+00/0.1000E-04
# With parameters(tra.):    -0.7742E-01   -0.1027E+00   -0.3266E-01
# With parameters(rot.):    -0.2077E+00    0.3593E+00    0.2232E+00
# Minimization at step:    43 with Value:     0.0000Tol(Act/Req):0.1284E+01/0.1000E-04
# With parameters(tra.):    -0.7724E-01   -0.1038E+00   -0.3292E-01
# With parameters(rot.):    -0.2088E+00    0.3602E+00    0.2244E+00
# Minimization at step:    44 with Value:     0.0000Tol(Act/Req):0.1251E+01/0.1000E-04
# With parameters(tra.):    -0.7722E-01   -0.1043E+00   -0.3311E-01
# With parameters(rot.):    -0.2078E+00    0.3595E+00    0.2238E+00
# Minimization at step:    45 with Value:     0.0000Tol(Act/Req):0.9103E+00/0.1000E-04
# With parameters(tra.):    -0.7738E-01   -0.1039E+00   -0.3266E-01
# With parameters(rot.):    -0.2076E+00    0.3611E+00    0.2219E+00
# Minimization at step:    46 with Value:     0.0000Tol(Act/Req):0.1309E+01/0.1000E-04
# With parameters(tra.):    -0.7695E-01   -0.1039E+00   -0.3278E-01
# With parameters(rot.):    -0.2066E+00    0.3601E+00    0.2218E+00
# Minimization at step:    47 with Value:     0.0000Tol(Act/Req):0.1532E+01/0.1000E-04
# With parameters(tra.):    -0.7681E-01   -0.1032E+00   -0.3265E-01
# With parameters(rot.):    -0.2079E+00    0.3593E+00    0.2218E+00
# Minimization at step:    48 with Value:     0.0000Tol(Act/Req):0.1456E+01/0.1000E-04
# With parameters(tra.):    -0.7724E-01   -0.1028E+00   -0.3267E-01
# With parameters(rot.):    -0.2083E+00    0.3595E+00    0.2223E+00
# Minimization at step:    49 with Value:     0.0000Tol(Act/Req):0.1210E+01/0.1000E-04
# With parameters(tra.):    -0.7739E-01   -0.1042E+00   -0.3289E-01
# With parameters(rot.):    -0.2063E+00    0.3600E+00    0.2250E+00
# Minimization at step:    50 with Value:     0.0000Tol(Act/Req):0.1178E+01/0.1000E-04
# With parameters(tra.):    -0.7740E-01   -0.1044E+00   -0.3297E-01
# With parameters(rot.):    -0.2057E+00    0.3597E+00    0.2248E+00
# Minimization at step:    51 with Value:     0.0000Tol(Act/Req):0.1281E+01/0.1000E-04
# With parameters(tra.):    -0.7748E-01   -0.1042E+00   -0.3277E-01
# With parameters(rot.):    -0.2055E+00    0.3604E+00    0.2240E+00
# Minimization at step:    52 with Value:     0.0000Tol(Act/Req):0.1443E+01/0.1000E-04
# With parameters(tra.):    -0.7741E-01   -0.1048E+00   -0.3289E-01
# With parameters(rot.):    -0.2057E+00    0.3609E+00    0.2246E+00
# Minimization at step:    53 with Value:     0.0000Tol(Act/Req):0.1089E+01/0.1000E-04
# With parameters(tra.):    -0.7737E-01   -0.1046E+00   -0.3284E-01
# With parameters(rot.):    -0.2062E+00    0.3608E+00    0.2239E+00
# Minimization at step:    54 with Value:     0.0000Tol(Act/Req):0.9965E+00/0.1000E-04
# With parameters(tra.):    -0.7719E-01   -0.1046E+00   -0.3290E-01
# With parameters(rot.):    -0.2056E+00    0.3603E+00    0.2240E+00
# Minimization at step:    55 with Value:     0.0000Tol(Act/Req):0.1317E+01/0.1000E-04
# With parameters(tra.):    -0.7740E-01   -0.1046E+00   -0.3293E-01
# With parameters(rot.):    -0.2056E+00    0.3605E+00    0.2244E+00
# Minimization at step:    56 with Value:     0.0000Tol(Act/Req):0.1301E+01/0.1000E-04
# With parameters(tra.):    -0.7738E-01   -0.1044E+00   -0.3289E-01
# With parameters(rot.):    -0.2060E+00    0.3602E+00    0.2246E+00
# Minimization at step:    57 with Value:     0.0000Tol(Act/Req):0.1153E+01/0.1000E-04
# With parameters(tra.):    -0.7739E-01   -0.1047E+00   -0.3299E-01
# With parameters(rot.):    -0.2051E+00    0.3599E+00    0.2243E+00
# Minimization at step:    58 with Value:     0.0000Tol(Act/Req):0.1308E+01/0.1000E-04
# With parameters(tra.):    -0.7737E-01   -0.1046E+00   -0.3297E-01
# With parameters(rot.):    -0.2053E+00    0.3598E+00    0.2239E+00
# Minimization at step:    59 with Value:     0.0000Tol(Act/Req):0.1164E+01/0.1000E-04
# With parameters(tra.):    -0.7740E-01   -0.1045E+00   -0.3289E-01
# With parameters(rot.):    -0.2051E+00    0.3600E+00    0.2236E+00
# Minimization at step:    60 with Value:     0.0000Tol(Act/Req):0.1118E+01/0.1000E-04
# With parameters(tra.):    -0.7737E-01   -0.1048E+00   -0.3295E-01
# With parameters(rot.):    -0.2052E+00    0.3602E+00    0.2238E+00
# Minimization at step:    61 with Value:     0.0000Tol(Act/Req):0.1062E+01/0.1000E-04
# With parameters(tra.):    -0.7729E-01   -0.1048E+00   -0.3298E-01
# With parameters(rot.):    -0.2049E+00    0.3600E+00    0.2238E+00
# Minimization at step:    62 with Value:     0.0000Tol(Act/Req):0.9864E+00/0.1000E-04
# With parameters(tra.):    -0.7725E-01   -0.1046E+00   -0.3292E-01
# With parameters(rot.):    -0.2054E+00    0.3603E+00    0.2239E+00
# Minimization at step:    63 with Value:     0.0000Tol(Act/Req):0.1132E+01/0.1000E-04
# With parameters(tra.):    -0.7723E-01   -0.1046E+00   -0.3290E-01
# With parameters(rot.):    -0.2056E+00    0.3601E+00    0.2240E+00
# Minimization at step:    64 with Value:     0.0000Tol(Act/Req):0.1108E+01/0.1000E-04
# With parameters(tra.):    -0.7733E-01   -0.1045E+00   -0.3291E-01
# With parameters(rot.):    -0.2056E+00    0.3602E+00    0.2241E+00
# Minimization at step:    65 with Value:     0.0000Tol(Act/Req):0.1104E+01/0.1000E-04
# With parameters(tra.):    -0.7731E-01   -0.1045E+00   -0.3290E-01
# With parameters(rot.):    -0.2057E+00    0.3602E+00    0.2240E+00
# Minimization at step:    66 with Value:     0.0000Tol(Act/Req):0.1113E+01/0.1000E-04
# With parameters(tra.):    -0.7732E-01   -0.1044E+00   -0.3286E-01
# With parameters(rot.):    -0.2057E+00    0.3603E+00    0.2238E+00
# Minimization at step:    67 with Value:     0.0000Tol(Act/Req):0.1100E+01/0.1000E-04
# With parameters(tra.):    -0.7734E-01   -0.1045E+00   -0.3287E-01
# With parameters(rot.):    -0.2056E+00    0.3602E+00    0.2238E+00
# Minimization at step:    68 with Value:     0.0000Tol(Act/Req):0.9326E+00/0.1000E-04
# With parameters(tra.):    -0.7732E-01   -0.1046E+00   -0.3289E-01
# With parameters(rot.):    -0.2056E+00    0.3603E+00    0.2239E+00
# Minimization at step:    69 with Value:     0.0000Tol(Act/Req):0.7820E+00/0.1000E-04
# With parameters(tra.):    -0.7721E-01   -0.1046E+00   -0.3292E-01
# With parameters(rot.):    -0.2053E+00    0.3601E+00    0.2240E+00
# Minimization at step:    70 with Value:     0.0000Tol(Act/Req):0.7064E+00/0.1000E-04
# With parameters(tra.):    -0.7720E-01   -0.1045E+00   -0.3292E-01
# With parameters(rot.):    -0.2054E+00    0.3600E+00    0.2240E+00
# Minimization at step:    71 with Value:     0.0000Tol(Act/Req):0.7482E+00/0.1000E-04
# With parameters(tra.):    -0.7723E-01   -0.1045E+00   -0.3292E-01
# With parameters(rot.):    -0.2054E+00    0.3600E+00    0.2241E+00
# Minimization at step:    72 with Value:     0.0000Tol(Act/Req):0.7484E+00/0.1000E-04
# With parameters(tra.):    -0.7722E-01   -0.1045E+00   -0.3292E-01
# With parameters(rot.):    -0.2054E+00    0.3600E+00    0.2240E+00
# Minimization at step:    73 with Value:     0.0000Tol(Act/Req):0.8744E+00/0.1000E-04
# With parameters(tra.):    -0.7722E-01   -0.1045E+00   -0.3290E-01
# With parameters(rot.):    -0.2054E+00    0.3600E+00    0.2239E+00
# Minimization at step:    74 with Value:     0.0000Tol(Act/Req):0.7062E+00/0.1000E-04
# With parameters(tra.):    -0.7721E-01   -0.1045E+00   -0.3291E-01
# With parameters(rot.):    -0.2053E+00    0.3600E+00    0.2239E+00
# Minimization at step:    75 with Value:     0.0000Tol(Act/Req):0.6723E+00/0.1000E-04
# With parameters(tra.):    -0.7716E-01   -0.1046E+00   -0.3295E-01
# With parameters(rot.):    -0.2053E+00    0.3600E+00    0.2241E+00
# Minimization at step:    76 with Value:     0.0000Tol(Act/Req):0.5249E+00/0.1000E-04
# With parameters(tra.):    -0.7717E-01   -0.1046E+00   -0.3295E-01
# With parameters(rot.):    -0.2054E+00    0.3601E+00    0.2241E+00
# Minimization at step:    77 with Value:     0.0000Tol(Act/Req):0.3856E+00/0.1000E-04
# With parameters(tra.):    -0.7714E-01   -0.1046E+00   -0.3294E-01
# With parameters(rot.):    -0.2055E+00    0.3599E+00    0.2242E+00
# Minimization at step:    78 with Value:     0.0000Tol(Act/Req):0.3085E+00/0.1000E-04
# With parameters(tra.):    -0.7715E-01   -0.1046E+00   -0.3295E-01
# With parameters(rot.):    -0.2055E+00    0.3599E+00    0.2242E+00
# Minimization at step:    79 with Value:     0.0000Tol(Act/Req):0.2792E+00/0.1000E-04
# With parameters(tra.):    -0.7713E-01   -0.1046E+00   -0.3295E-01
# With parameters(rot.):    -0.2055E+00    0.3599E+00    0.2242E+00
# Minimization at step:    80 with Value:     0.0000Tol(Act/Req):0.2782E+00/0.1000E-04
# With parameters(tra.):    -0.7714E-01   -0.1046E+00   -0.3294E-01
# With parameters(rot.):    -0.2055E+00    0.3599E+00    0.2242E+00
# Minimization at step:    81 with Value:     0.0000Tol(Act/Req):0.2670E+00/0.1000E-04
# With parameters(tra.):    -0.7715E-01   -0.1046E+00   -0.3294E-01
# With parameters(rot.):    -0.2055E+00    0.3599E+00    0.2242E+00
# Minimization at step:    82 with Value:     0.0000Tol(Act/Req):0.2617E+00/0.1000E-04
# With parameters(tra.):    -0.7716E-01   -0.1046E+00   -0.3294E-01
# With parameters(rot.):    -0.2055E+00    0.3599E+00    0.2242E+00
# Minimization at step:    83 with Value:     0.0000Tol(Act/Req):0.1996E+00/0.1000E-04
# With parameters(tra.):    -0.7715E-01   -0.1046E+00   -0.3294E-01
# With parameters(rot.):    -0.2055E+00    0.3599E+00    0.2242E+00
# Minimization at step:    84 with Value:     0.0000Tol(Act/Req):0.1536E+00/0.1000E-04
# With parameters(tra.):    -0.7714E-01   -0.1046E+00   -0.3294E-01
# With parameters(rot.):    -0.2055E+00    0.3599E+00    0.2242E+00
# Minimization at step:    85 with Value:     0.0000Tol(Act/Req):0.1007E+00/0.1000E-04
# With parameters(tra.):    -0.7715E-01   -0.1046E+00   -0.3295E-01
# With parameters(rot.):    -0.2055E+00    0.3599E+00    0.2243E+00
# Minimization at step:    86 with Value:     0.0000Tol(Act/Req):0.5963E-01/0.1000E-04
# With parameters(tra.):    -0.7715E-01   -0.1046E+00   -0.3295E-01
# With parameters(rot.):    -0.2055E+00    0.3599E+00    0.2243E+00
# Minimization at step:    87 with Value:     0.0000Tol(Act/Req):0.7478E-01/0.1000E-04
# With parameters(tra.):    -0.7715E-01   -0.1046E+00   -0.3295E-01
# With parameters(rot.):    -0.2055E+00    0.3599E+00    0.2243E+00
# Minimization at step:    88 with Value:     0.0000Tol(Act/Req):0.7175E-01/0.1000E-04
# With parameters(tra.):    -0.7716E-01   -0.1046E+00   -0.3295E-01
# With parameters(rot.):    -0.2055E+00    0.3599E+00    0.2243E+00
# Minimization at step:    89 with Value:     0.0000Tol(Act/Req):0.5050E-01/0.1000E-04
# With parameters(tra.):    -0.7716E-01   -0.1046E+00   -0.3295E-01
# With parameters(rot.):    -0.2055E+00    0.3599E+00    0.2243E+00
# Minimization at step:    90 with Value:     0.0000Tol(Act/Req):0.3795E-01/0.1000E-04
# With parameters(tra.):    -0.7716E-01   -0.1046E+00   -0.3295E-01
# With parameters(rot.):    -0.2055E+00    0.3599E+00    0.2243E+00
# Minimization at step:    91 with Value:     0.0000Tol(Act/Req):0.3407E-01/0.1000E-04
# With parameters(tra.):    -0.7715E-01   -0.1046E+00   -0.3296E-01
# With parameters(rot.):    -0.2055E+00    0.3599E+00    0.2243E+00
# Minimization at step:    92 with Value:     0.0000Tol(Act/Req):0.2828E-01/0.1000E-04
# With parameters(tra.):    -0.7715E-01   -0.1046E+00   -0.3296E-01
# With parameters(rot.):    -0.2055E+00    0.3599E+00    0.2243E+00
# Minimization at step:    93 with Value:     0.0000Tol(Act/Req):0.1338E-01/0.1000E-04
# With parameters(tra.):    -0.7715E-01   -0.1046E+00   -0.3296E-01
# With parameters(rot.):    -0.2055E+00    0.3599E+00    0.2243E+00
# Minimization at step:    94 with Value:     0.0000Tol(Act/Req):0.1588E-01/0.1000E-04
# With parameters(tra.):    -0.7715E-01   -0.1046E+00   -0.3296E-01
# With parameters(rot.):    -0.2055E+00    0.3599E+00    0.2243E+00
# Minimization at step:    95 with Value:     0.0000Tol(Act/Req):0.1176E-01/0.1000E-04
# With parameters(tra.):    -0.7715E-01   -0.1046E+00   -0.3296E-01
# With parameters(rot.):    -0.2055E+00    0.3599E+00    0.2243E+00
# Minimization at step:    96 with Value:     0.0000Tol(Act/Req):0.1132E-01/0.1000E-04
# With parameters(tra.):    -0.7715E-01   -0.1046E+00   -0.3296E-01
# With parameters(rot.):    -0.2055E+00    0.3599E+00    0.2243E+00
# Minimization at step:    97 with Value:     0.0000Tol(Act/Req):0.9707E-02/0.1000E-04
# With parameters(tra.):    -0.7715E-01   -0.1046E+00   -0.3296E-01
# With parameters(rot.):    -0.2055E+00    0.3599E+00    0.2243E+00
# Minimization at step:    98 with Value:     0.0000Tol(Act/Req):0.7519E-02/0.1000E-04
# With parameters(tra.):    -0.7715E-01   -0.1046E+00   -0.3296E-01
# With parameters(rot.):    -0.2055E+00    0.3599E+00    0.2243E+00
# Minimization at step:    99 with Value:     0.0000Tol(Act/Req):0.6661E-02/0.1000E-04
# With parameters(tra.):    -0.7715E-01   -0.1046E+00   -0.3296E-01
# With parameters(rot.):    -0.2055E+00    0.3599E+00    0.2243E+00
# Minimization at step:   100 with Value:     0.0000Tol(Act/Req):0.2485E-02/0.1000E-04
# With parameters(tra.):    -0.7715E-01   -0.1046E+00   -0.3296E-01
# With parameters(rot.):    -0.2055E+00    0.3599E+00    0.2243E+00
# Minimization at step:   101 with Value:     0.0000Tol(Act/Req):0.3183E-02/0.1000E-04
# With parameters(tra.):    -0.7715E-01   -0.1046E+00   -0.3296E-01
# With parameters(rot.):    -0.2055E+00    0.3599E+00    0.2243E+00
# Minimization at step:   102 with Value:     0.0000Tol(Act/Req):0.2120E-02/0.1000E-04
# With parameters(tra.):    -0.7715E-01   -0.1046E+00   -0.3296E-01
# With parameters(rot.):    -0.2055E+00    0.3599E+00    0.2243E+00
# Minimization at step:   103 with Value:     0.0000Tol(Act/Req):0.2256E-02/0.1000E-04
# With parameters(tra.):    -0.7715E-01   -0.1046E+00   -0.3296E-01
# With parameters(rot.):    -0.2055E+00    0.3599E+00    0.2243E+00
# Minimization at step:   104 with Value:     0.0000Tol(Act/Req):0.1725E-02/0.1000E-04
# With parameters(tra.):    -0.7715E-01   -0.1046E+00   -0.3296E-01
# With parameters(rot.):    -0.2055E+00    0.3599E+00    0.2243E+00
# Minimization at step:   105 with Value:     0.0000Tol(Act/Req):0.1737E-02/0.1000E-04
# With parameters(tra.):    -0.7715E-01   -0.1046E+00   -0.3296E-01
# With parameters(rot.):    -0.2055E+00    0.3599E+00    0.2243E+00
# Minimization at step:   106 with Value:     0.0000Tol(Act/Req):0.1690E-02/0.1000E-04
# With parameters(tra.):    -0.7715E-01   -0.1046E+00   -0.3296E-01
# With parameters(rot.):    -0.2055E+00    0.3599E+00    0.2243E+00
# Minimization at step:   107 with Value:     0.0000Tol(Act/Req):0.1243E-02/0.1000E-04
# With parameters(tra.):    -0.7715E-01   -0.1046E+00   -0.3296E-01
# With parameters(rot.):    -0.2055E+00    0.3599E+00    0.2243E+00
# Minimization at step:   108 with Value:     0.0000Tol(Act/Req):0.5989E-03/0.1000E-04
# With parameters(tra.):    -0.7715E-01   -0.1046E+00   -0.3296E-01
# With parameters(rot.):    -0.2055E+00    0.3599E+00    0.2243E+00
# Minimization at step:   109 with Value:     0.0000Tol(Act/Req):0.7169E-03/0.1000E-04
# With parameters(tra.):    -0.7715E-01   -0.1046E+00   -0.3296E-01
# With parameters(rot.):    -0.2055E+00    0.3599E+00    0.2243E+00
# Minimization at step:   110 with Value:     0.0000Tol(Act/Req):0.4338E-03/0.1000E-04
# With parameters(tra.):    -0.7715E-01   -0.1046E+00   -0.3296E-01
# With parameters(rot.):    -0.2055E+00    0.3599E+00    0.2243E+00
# Minimization at step:   111 with Value:     0.0000Tol(Act/Req):0.4078E-03/0.1000E-04
# With parameters(tra.):    -0.7715E-01   -0.1046E+00   -0.3296E-01
# With parameters(rot.):    -0.2055E+00    0.3599E+00    0.2243E+00
# Minimization at step:   112 with Value:     0.0000Tol(Act/Req):0.2895E-03/0.1000E-04
# With parameters(tra.):    -0.7715E-01   -0.1046E+00   -0.3296E-01
# With parameters(rot.):    -0.2055E+00    0.3599E+00    0.2243E+00
# Minimization at step:   113 with Value:     0.0000Tol(Act/Req):0.2985E-03/0.1000E-04
# With parameters(tra.):    -0.7715E-01   -0.1046E+00   -0.3296E-01
# With parameters(rot.):    -0.2055E+00    0.3599E+00    0.2243E+00
# Minimization at step:   114 with Value:     0.0000Tol(Act/Req):0.2736E-03/0.1000E-04
# With parameters(tra.):    -0.7715E-01   -0.1046E+00   -0.3296E-01
# With parameters(rot.):    -0.2055E+00    0.3599E+00    0.2243E+00
# Minimization at step:   115 with Value:     0.0000Tol(Act/Req):0.2467E-03/0.1000E-04
# With parameters(tra.):    -0.7715E-01   -0.1046E+00   -0.3296E-01
# With parameters(rot.):    -0.2055E+00    0.3599E+00    0.2243E+00
# Minimization at step:   116 with Value:     0.0000Tol(Act/Req):0.1548E-03/0.1000E-04
# With parameters(tra.):    -0.7715E-01   -0.1046E+00   -0.3296E-01
# With parameters(rot.):    -0.2055E+00    0.3599E+00    0.2243E+00
# Minimization at step:   117 with Value:     0.0000Tol(Act/Req):0.9927E-04/0.1000E-04
# With parameters(tra.):    -0.7715E-01   -0.1046E+00   -0.3296E-01
# With parameters(rot.):    -0.2055E+00    0.3599E+00    0.2243E+00
# Minimization at step:   118 with Value:     0.0000Tol(Act/Req):0.6542E-04/0.1000E-04
# With parameters(tra.):    -0.7715E-01   -0.1046E+00   -0.3296E-01
# With parameters(rot.):    -0.2055E+00    0.3599E+00    0.2243E+00
# Minimization at step:   119 with Value:     0.0000Tol(Act/Req):0.7616E-04/0.1000E-04
# With parameters(tra.):    -0.7715E-01   -0.1046E+00   -0.3296E-01
# With parameters(rot.):    -0.2055E+00    0.3599E+00    0.2243E+00
# Minimization at step:   120 with Value:     0.0000Tol(Act/Req):0.6911E-04/0.1000E-04
# With parameters(tra.):    -0.7715E-01   -0.1046E+00   -0.3296E-01
# With parameters(rot.):    -0.2055E+00    0.3599E+00    0.2243E+00
# Minimization at step:   121 with Value:     0.0000Tol(Act/Req):0.5912E-04/0.1000E-04
# With parameters(tra.):    -0.7715E-01   -0.1046E+00   -0.3296E-01
# With parameters(rot.):    -0.2055E+00    0.3599E+00    0.2243E+00
# Minimization at step:   122 with Value:     0.0000Tol(Act/Req):0.4917E-04/0.1000E-04
# With parameters(tra.):    -0.7715E-01   -0.1046E+00   -0.3296E-01
# With parameters(rot.):    -0.2055E+00    0.3599E+00    0.2243E+00
# Minimization at step:   123 with Value:     0.0000Tol(Act/Req):0.3667E-04/0.1000E-04
# With parameters(tra.):    -0.7715E-01   -0.1046E+00   -0.3296E-01
# With parameters(rot.):    -0.2055E+00    0.3599E+00    0.2243E+00
# Minimization at step:   124 with Value:     0.0000Tol(Act/Req):0.3071E-04/0.1000E-04
# With parameters(tra.):    -0.7715E-01   -0.1046E+00   -0.3296E-01
# With parameters(rot.):    -0.2055E+00    0.3599E+00    0.2243E+00
# Minimization at step:   125 with Value:     0.0000Tol(Act/Req):0.2563E-04/0.1000E-04
# With parameters(tra.):    -0.7715E-01   -0.1046E+00   -0.3296E-01
# With parameters(rot.):    -0.2055E+00    0.3599E+00    0.2243E+00
# Minimization at step:   126 with Value:     0.0000Tol(Act/Req):0.1825E-04/0.1000E-04
# With parameters(tra.):    -0.7715E-01   -0.1046E+00   -0.3296E-01
# With parameters(rot.):    -0.2055E+00    0.3599E+00    0.2243E+00
# Minimization at step:   127 with Value:     0.0000Tol(Act/Req):0.1151E-04/0.1000E-04
# With parameters(tra.):    -0.7715E-01   -0.1046E+00   -0.3296E-01
# With parameters(rot.):    -0.2055E+00    0.3599E+00    0.2243E+00
# Minimization at step:   128 with Value:    -0.0000Tol(Act/Req):0.1114E-04/0.1000E-04
# With parameters(tra.):    -0.7715E-01   -0.1046E+00   -0.3296E-01
# With parameters(rot.):    -0.2055E+00    0.3599E+00    0.2243E+00
# Minimization at step:   129 with Value:    -0.0000Tol(Act/Req):0.1085E-04/0.1000E-04
# With parameters(tra.):    -0.7715E-01   -0.1046E+00   -0.3296E-01
# With parameters(rot.):    -0.2055E+00    0.3599E+00    0.2243E+00
# Minimization at step:   130 with Value:    -0.0000Tol(Act/Req):0.8637E-05/0.1000E-04
# With parameters(tra.):    -0.7715E-01   -0.1046E+00   -0.3296E-01
# With parameters(rot.):    -0.2055E+00    0.3599E+00    0.2243E+00
# CSM Values after z minimization.
# Final Number of optim. Steps:   130
#      Before min is:      0.00410879735
# Final CSM Simplex Value is:     -0.00000000000
# CSM Summary.
#    Inizial CSM Value is:      0.00410879735
#   After optimization is:     -0.00000000000
#          Along x axe is:     -0.00000000000
#          Along y axe is:     -0.00000000000
#          Along z axe is:     -0.00000000000
# The Lowest CSM Value is:     -0.00000000000
#    Obtained CSM in % is:     -0.00000000000
