# [csmmod_rdinput] messages reinitialized.
# MESLOG:[csmmod_rdinput] messages reinitialized.
# Input  file unit is: 5
# Input  file name is:stdin
# Output file unit is: 6
# Output file name is:stdout
# Error  file unit is: 6
# Error  file name is:stderr
# Log    file unit is: 6
# Log    file name is:stdlog
# MESLOG:[csm_rdinput] molecule_init called with debug.
[molecule] Nrec=   4 Format=nscxyz
  h                1    1    0.10000000D+01   0.00000000D+00   0.10000000D+01
  h                2    1   -0.10000000D+01   0.00000000D+00   0.10000000D+01
  he               3    2    0.00000000D+00   0.10000000D+01   0.10000000D+01
  he               4    2    0.00000000D+00  -0.10000000D+01   0.10000000D+01
# Molecule moved to the center of mass
# Shift Vector is:        0.00000000       0.00000000       0.52917706
# Inertia Tensor: (Before Diagonalization)
# Up Diagonal Columnwise
#    0.11201134D+01  -0.00000000D+00   0.56005672D+00  -0.00000000D+00  -0.00000000D+00   0.16801702D+01
# Inertia Tensor: (Full Matrix)
# 1,1 - 1,3           0.11201134D+01  -0.00000000D+00  -0.00000000D+00
# 2,1 - 2,3          -0.00000000D+00   0.56005672D+00  -0.00000000D+00
# 3,1 - 3,3          -0.00000000D+00  -0.00000000D+00   0.16801702D+01
# Inertia Tensor
# Inertia EigenValues:     0.56005672D+00   0.11201134D+01   0.16801702D+01
# Eigen Vectors:
# 1,1 - 1,3           0.00000000D+00   0.10000000D+01   0.00000000D+00
# 2,1 - 2,3           0.10000000D+01   0.00000000D+00   0.00000000D+00
# 3,1 - 3,3           0.00000000D+00   0.00000000D+00   0.10000000D+01
# Molecule Rotated to match inertia axes
[molecule] Nrec=   4 Format=nscxyz
  h                1    1    0.00000000D+00   0.10000000D+01   0.00000000D+00
  h                2    1    0.00000000D+00  -0.10000000D+01   0.00000000D+00
  he               3    2    0.10000000D+01   0.00000000D+00   0.00000000D+00
  he               4    2   -0.10000000D+01   0.00000000D+00   0.00000000D+00
# Initial Integrals follow ...
# INT: Number of electrons from integrated RHO:      5.99999626199
# INT: \int \rho \rho dr:       4.53097947860
# INT: \int \rho \tilde{\rho} dr/ng:       4.53097947860
# INT: \int \rho \tilde{\rho}m dr/ng:       3.96460704378
#  DEBUG     \int rr  =      4.53097947860
#  DEBUG     \int rr~ =      4.53097947860
#  DEBUG     \int rr~ =      4.53097947860
#  DEBUG     CSM value =      0.00000000000
#  DEBUG     CSM value =      0.00000000000
# Number of electrons =      5.99999626199
# Initial rho^2 value =      4.53097947860
#  Initial rrii value =      3.07858109601
#  Initial rrij value =      1.45239838259
#  Initial imj  value =      4.53097947860
#  Initial impj value =      3.96460704378
#  Initial CSM  value =      0.00000000000
#  Initial CSM% value =      0.00000000000
[molecule] Nrec=   4 Format=nscxyz
  h                1    1    0.00000000D+00   0.10000000D+01   0.00000000D+00
  h                2    1    0.00000000D+00  -0.10000000D+01   0.00000000D+00
  he               3    2    0.10000000D+01   0.00000000D+00   0.00000000D+00
  he               4    2   -0.10000000D+01   0.00000000D+00   0.00000000D+00
# Request Simplex: Run it with internal procedure. NOT IMPLEMENTED!
# Request for Simplex: Initial Coordinates.
[molecule] Nrec=   4 Format=nscxyz
  h                1    1    0.00000000D+00   0.10000000D+01   0.00000000D+00
  h                2    1    0.00000000D+00  -0.10000000D+01   0.00000000D+00
  he               3    2    0.10000000D+01   0.00000000D+00   0.00000000D+00
  he               4    2   -0.10000000D+01   0.00000000D+00   0.00000000D+00
# Minimization at step:     0 with Value:     0.0228Tol(Act/Req):0.2000E+01/0.1000E-04
# With parameters(tra.):     0.1429E-01    0.1429E-01    0.1429E-01
# With parameters(rot.):     0.1429E-01    0.1429E-01    0.1429E-01
# Minimization at step:     1 with Value:     0.0179Tol(Act/Req):0.2000E+01/0.1000E-04
# With parameters(tra.):     0.1548E-01    0.1548E-01    0.7143E-02
# With parameters(rot.):     0.1548E-01    0.1548E-01    0.1548E-01
# Minimization at step:     2 with Value:     0.0132Tol(Act/Req):0.2000E+01/0.1000E-04
# With parameters(tra.):     0.8433E-02    0.1677E-01    0.7738E-02
# With parameters(rot.):     0.1677E-01    0.1677E-01    0.1677E-01
# Minimization at step:     3 with Value:     0.0090Tol(Act/Req):0.2000E+01/0.1000E-04
# With parameters(tra.):     0.9135E-02    0.9830E-02    0.8383E-02
# With parameters(rot.):     0.1816E-01    0.1816E-01    0.1816E-01
# Minimization at step:     4 with Value:     0.0078Tol(Act/Req):0.2000E+01/0.1000E-04
# With parameters(tra.):     0.9202E-02    0.9954E-02    0.4915E-02
# With parameters(rot.):     0.1898E-01    0.1898E-01    0.1898E-01
# Minimization at step:     5 with Value:     0.0065Tol(Act/Req):0.2000E+01/0.1000E-04
# With parameters(tra.):     0.5744E-02    0.1003E-01    0.4977E-02
# With parameters(rot.):     0.1981E-01    0.1981E-01    0.1981E-01
# Minimization at step:     6 with Value:     0.0053Tol(Act/Req):0.2000E+01/0.1000E-04
# With parameters(tra.):     0.6223E-02    0.1087E-01    0.5392E-02
# With parameters(rot.):     0.1313E-01    0.2146E-01    0.2146E-01
# Minimization at step:     7 with Value:     0.0042Tol(Act/Req):0.2000E+01/0.1000E-04
# With parameters(tra.):     0.6742E-02    0.1177E-01    0.5841E-02
# With parameters(rot.):     0.1422E-01    0.2325E-01    0.1492E-01
# Minimization at step:     8 with Value:     0.0029Tol(Act/Req):0.2000E+01/0.1000E-04
# With parameters(tra.):     0.7197E-02    0.1855E-02    0.6173E-02
# With parameters(rot.):     0.1533E-01    0.2662E-01    0.1620E-01
# Minimization at step:     9 with Value:     0.0027Tol(Act/Req):0.2000E+01/0.1000E-04
# With parameters(tra.):     0.6663E-02   -0.5956E-03   -0.3436E-03
# With parameters(rot.):     0.1576E-01    0.3080E-01    0.1691E-01
# Minimization at step:    10 with Value:     0.0026Tol(Act/Req):0.2000E+01/0.1000E-04
# With parameters(tra.):     0.5348E-04   -0.3984E-02   -0.1993E-02
# With parameters(rot.):     0.1606E-01    0.3613E-01    0.1761E-01
# Minimization at step:    11 with Value:     0.0026Tol(Act/Req):0.2000E+01/0.1000E-04
# With parameters(tra.):    -0.1046E-02   -0.7262E-02   -0.3624E-02
# With parameters(rot.):     0.3677E-02    0.4432E-01    0.1962E-01
# Minimization at step:    12 with Value:     0.0022Tol(Act/Req):0.2000E+01/0.1000E-04
# With parameters(tra.):    -0.1435E-02   -0.8396E-02   -0.4189E-02
# With parameters(rot.):     0.3346E-02    0.4696E-01    0.1674E-01
# Minimization at step:    13 with Value:     0.0021Tol(Act/Req):0.2000E+01/0.1000E-04
# With parameters(tra.):     0.4678E-02   -0.6478E-02   -0.3272E-02
# With parameters(rot.):    -0.1201E-02    0.4526E-01    0.1576E-01
# Minimization at step:    14 with Value:     0.0018Tol(Act/Req):0.2000E+01/0.1000E-04
# With parameters(tra.):     0.5429E-02   -0.5593E-02   -0.2834E-02
# With parameters(rot.):     0.1489E-02    0.4329E-01    0.1494E-01
# Minimization at step:    15 with Value:     0.0017Tol(Act/Req):0.2000E+01/0.1000E-04
# With parameters(tra.):     0.5553E-02   -0.4809E-02    0.2852E-02
# With parameters(rot.):    -0.3689E-02    0.4326E-01    0.1357E-01
# Minimization at step:    16 with Value:     0.0016Tol(Act/Req):0.2000E+01/0.1000E-04
# With parameters(tra.):    -0.2684E-03   -0.6170E-02    0.3977E-02
# With parameters(rot.):     0.2823E-04    0.4431E-01    0.1381E-01
# Minimization at step:    17 with Value:     0.0015Tol(Act/Req):0.2000E+01/0.1000E-04
# With parameters(tra.):    -0.3061E-02   -0.2232E-02    0.3023E-02
# With parameters(rot.):    -0.5814E-02    0.4796E-01    0.1216E-01
# Minimization at step:    18 with Value:     0.0012Tol(Act/Req):0.2000E+01/0.1000E-04
# With parameters(tra.):    -0.3809E-02   -0.2213E-02    0.1616E-02
# With parameters(rot.):    -0.4697E-02    0.4836E-01    0.1239E-01
# Minimization at step:    19 with Value:     0.0009Tol(Act/Req):0.2000E+01/0.1000E-04
# With parameters(tra.):    -0.3287E-03   -0.2038E-03    0.1822E-03
# With parameters(rot.):    -0.8666E-02    0.4859E-01    0.1185E-01
# Minimization at step:    20 with Value:     0.0008Tol(Act/Req):0.2000E+01/0.1000E-04
# With parameters(tra.):     0.5971E-03   -0.1019E-02    0.1839E-03
# With parameters(rot.):    -0.7443E-02    0.4772E-01    0.1223E-01
# Minimization at step:    21 with Value:     0.0007Tol(Act/Req):0.2000E+01/0.1000E-04
# With parameters(tra.):     0.4952E-03   -0.8273E-03    0.5130E-03
# With parameters(rot.):    -0.1170E-01    0.5328E-01    0.4967E-02
# Minimization at step:    22 with Value:     0.0006Tol(Act/Req):0.2000E+01/0.1000E-04
# With parameters(tra.):     0.4599E-03    0.1234E-04    0.1011E-02
# With parameters(rot.):    -0.1146E-01    0.5313E-01    0.3724E-02
# Minimization at step:    23 with Value:     0.0005Tol(Act/Req):0.2000E+01/0.1000E-04
# With parameters(tra.):     0.4824E-03    0.3434E-04    0.9699E-03
# With parameters(rot.):    -0.1037E-01    0.5172E-01    0.5436E-02
# Minimization at step:    24 with Value:     0.0004Tol(Act/Req):0.2000E+01/0.1000E-04
# With parameters(tra.):     0.4324E-03    0.6241E-03   -0.1303E-02
# With parameters(rot.):    -0.1011E-01    0.5316E-01    0.4037E-02
# Minimization at step:    25 with Value:     0.0003Tol(Act/Req):0.2000E+01/0.1000E-04
# With parameters(tra.):    -0.1634E-02   -0.4396E-03   -0.8420E-03
# With parameters(rot.):    -0.7951E-02    0.5454E-01    0.1796E-02
# Minimization at step:    26 with Value:     0.0003Tol(Act/Req):0.2000E+01/0.1000E-04
# With parameters(tra.):    -0.5267E-03   -0.1877E-02   -0.1181E-02
# With parameters(rot.):    -0.5674E-02    0.5508E-01   -0.9096E-03
# Minimization at step:    27 with Value:     0.0003Tol(Act/Req):0.2000E+01/0.1000E-04
# With parameters(tra.):    -0.8263E-03   -0.1090E-02   -0.9821E-03
# With parameters(rot.):    -0.3860E-02    0.5535E-01   -0.3934E-02
# Minimization at step:    28 with Value:     0.0002Tol(Act/Req):0.2000E+01/0.1000E-04
# With parameters(tra.):    -0.1218E-02   -0.1421E-02   -0.1714E-02
# With parameters(rot.):     0.4813E-03    0.5375E-01   -0.3632E-02
# Minimization at step:    29 with Value:     0.0002Tol(Act/Req):0.2000E+01/0.1000E-04
# With parameters(tra.):    -0.6661E-03   -0.1237E-02   -0.1902E-02
# With parameters(rot.):     0.6431E-03    0.5334E-01   -0.3524E-02
# Minimization at step:    30 with Value:     0.0002Tol(Act/Req):0.2000E+01/0.1000E-04
# With parameters(tra.):    -0.5224E-03   -0.1139E-02   -0.1735E-02
# With parameters(rot.):    -0.4287E-03    0.5371E-01   -0.3590E-02
# Minimization at step:    31 with Value:     0.0002Tol(Act/Req):0.2000E+01/0.1000E-04
# With parameters(tra.):    -0.1629E-02    0.5450E-03   -0.1581E-02
# With parameters(rot.):    -0.9568E-03    0.5270E-01   -0.1779E-02
# Minimization at step:    32 with Value:     0.0001Tol(Act/Req):0.2000E+01/0.1000E-04
# With parameters(tra.):    -0.1792E-02    0.4402E-03   -0.1225E-02
# With parameters(rot.):    -0.2366E-03    0.5242E-01   -0.2030E-02
# Minimization at step:    33 with Value:     0.0001Tol(Act/Req):0.2000E+01/0.1000E-04
# With parameters(tra.):    -0.1529E-02    0.1049E-04   -0.1234E-02
# With parameters(rot.):    -0.4455E-04    0.5265E-01   -0.2504E-02
# Minimization at step:    34 with Value:     0.0001Tol(Act/Req):0.2000E+01/0.1000E-04
# With parameters(tra.):    -0.1564E-02   -0.1474E-03   -0.1451E-02
# With parameters(rot.):     0.1781E-04    0.5158E-01   -0.1123E-04
# Minimization at step:    35 with Value:     0.0001Tol(Act/Req):0.2000E+01/0.1000E-04
# With parameters(tra.):    -0.7599E-03    0.5841E-03   -0.1676E-02
# With parameters(rot.):     0.1330E-03    0.5017E-01    0.1375E-02
# Minimization at step:    36 with Value:     0.0001Tol(Act/Req):0.2000E+01/0.1000E-04
# With parameters(tra.):    -0.7078E-03    0.7767E-03   -0.1587E-02
# With parameters(rot.):    -0.3561E-03    0.5006E-01    0.1756E-02
# Minimization at step:    37 with Value:     0.0001Tol(Act/Req):0.2000E+01/0.1000E-04
# With parameters(tra.):    -0.1298E-02    0.2762E-03   -0.1396E-02
# With parameters(rot.):    -0.5648E-03    0.5109E-01    0.8112E-03
# Minimization at step:    38 with Value:     0.0001Tol(Act/Req):0.2000E+01/0.1000E-04
# With parameters(tra.):    -0.1205E-02    0.5005E-03   -0.1220E-02
# With parameters(rot.):    -0.7572E-03    0.5177E-01   -0.8526E-03
# Minimization at step:    39 with Value:     0.0001Tol(Act/Req):0.2000E+01/0.1000E-04
# With parameters(tra.):    -0.1336E-02    0.3108E-03   -0.5072E-03
# With parameters(rot.):     0.5097E-03    0.5099E-01   -0.9629E-03
# Minimization at step:    40 with Value:     0.0000Tol(Act/Req):0.2000E+01/0.1000E-04
# With parameters(tra.):    -0.8937E-03   -0.2586E-03   -0.3388E-03
# With parameters(rot.):     0.9364E-03    0.5092E-01   -0.1289E-02
# Minimization at step:    41 with Value:     0.0000Tol(Act/Req):0.2000E+01/0.1000E-04
# With parameters(tra.):    -0.8241E-03   -0.2586E-03   -0.5030E-03
# With parameters(rot.):     0.6552E-03    0.5111E-01   -0.1288E-02
# Minimization at step:    42 with Value:     0.0000Tol(Act/Req):0.2000E+01/0.1000E-04
# With parameters(tra.):    -0.1099E-02   -0.3448E-03   -0.6706E-03
# With parameters(rot.):     0.8736E-03    0.3481E-01   -0.1718E-02
# Minimization at step:    43 with Value:     0.0000Tol(Act/Req):0.2000E+01/0.1000E-04
# With parameters(tra.):    -0.6393E-03   -0.2182E-03   -0.5562E-03
# With parameters(rot.):     0.1492E-02    0.2870E-01   -0.1931E-02
# Minimization at step:    44 with Value:     0.0000Tol(Act/Req):0.2000E+01/0.1000E-04
# With parameters(tra.):    -0.5123E-03   -0.6073E-03   -0.4522E-03
# With parameters(rot.):     0.2370E-02    0.2056E-01   -0.1181E-02
# Minimization at step:    45 with Value:     0.0000Tol(Act/Req):0.2000E+01/0.1000E-04
# With parameters(tra.):    -0.3430E-03   -0.6834E-03    0.1033E-03
# With parameters(rot.):     0.2301E-02    0.1050E-01   -0.1398E-02
# Minimization at step:    46 with Value:     0.0000Tol(Act/Req):0.2000E+01/0.1000E-04
# With parameters(tra.):    -0.4135E-03   -0.3197E-03    0.1845E-03
# With parameters(rot.):     0.1400E-02    0.1529E-01   -0.2221E-02
# Minimization at step:    47 with Value:     0.0000Tol(Act/Req):0.2000E+01/0.1000E-04
# With parameters(tra.):    -0.2878E-03   -0.2960E-03    0.2977E-03
# With parameters(rot.):     0.1389E-02    0.1774E-01   -0.2155E-02
# Minimization at step:    48 with Value:     0.0000Tol(Act/Req):0.1999E+01/0.1000E-04
# With parameters(tra.):    -0.2596E-03   -0.3850E-03    0.2869E-03
# With parameters(rot.):     0.1613E-02    0.1675E-01   -0.1944E-02
# Minimization at step:    49 with Value:     0.0000Tol(Act/Req):0.1999E+01/0.1000E-04
# With parameters(tra.):     0.6787E-04   -0.4272E-03    0.2218E-03
# With parameters(rot.):     0.1370E-02    0.5670E-02   -0.2162E-02
# Minimization at step:    50 with Value:     0.0000Tol(Act/Req):0.1999E+01/0.1000E-04
# With parameters(tra.):     0.9334E-04   -0.1038E-03    0.2963E-03
# With parameters(rot.):     0.1230E-02   -0.9367E-02   -0.2236E-02
# Minimization at step:    51 with Value:     0.0000Tol(Act/Req):0.1999E+01/0.1000E-04
# With parameters(tra.):     0.6944E-04    0.1655E-03   -0.1949E-03
# With parameters(rot.):     0.9430E-03   -0.5933E-02   -0.2298E-02
# Minimization at step:    52 with Value:     0.0000Tol(Act/Req):0.1999E+01/0.1000E-04
# With parameters(tra.):     0.6108E-04    0.1071E-03   -0.2545E-03
# With parameters(rot.):     0.9540E-03   -0.1888E-02   -0.2284E-02
# Minimization at step:    53 with Value:     0.0000Tol(Act/Req):0.1999E+01/0.1000E-04
# With parameters(tra.):     0.6636E-04    0.3491E-04   -0.1366E-03
# With parameters(rot.):     0.1027E-02   -0.2409E-02   -0.2268E-02
# Minimization at step:    54 with Value:     0.0000Tol(Act/Req):0.1999E+01/0.1000E-04
# With parameters(tra.):    -0.1579E-03   -0.7356E-05   -0.1112E-03
# With parameters(rot.):     0.2531E-03   -0.6671E-02   -0.2167E-02
# Minimization at step:    55 with Value:     0.0000Tol(Act/Req):0.1999E+01/0.1000E-04
# With parameters(tra.):    -0.2585E-03    0.3818E-04   -0.1227E-03
# With parameters(rot.):     0.2207E-03   -0.4930E-02   -0.2113E-02
# Minimization at step:    56 with Value:     0.0000Tol(Act/Req):0.1999E+01/0.1000E-04
# With parameters(tra.):    -0.2019E-03    0.1329E-05   -0.2809E-03
# With parameters(rot.):     0.2054E-03   -0.1414E-01   -0.1748E-02
# Minimization at step:    57 with Value:     0.0000Tol(Act/Req):0.1999E+01/0.1000E-04
# With parameters(tra.):    -0.1319E-03    0.3793E-04   -0.2725E-03
# With parameters(rot.):     0.1014E-03   -0.1558E-01   -0.1681E-02
# Minimization at step:    58 with Value:     0.0000Tol(Act/Req):0.1999E+01/0.1000E-04
# With parameters(tra.):    -0.7367E-04    0.5227E-04   -0.2924E-03
# With parameters(rot.):     0.2822E-03   -0.1525E-01   -0.1666E-02
# Minimization at step:    59 with Value:     0.0000Tol(Act/Req):0.1999E+01/0.1000E-04
# With parameters(tra.):    -0.7713E-04    0.6573E-04   -0.2537E-03
# With parameters(rot.):     0.2924E-03   -0.1304E-01   -0.1750E-02
# Minimization at step:    60 with Value:     0.0000Tol(Act/Req):0.1998E+01/0.1000E-04
# With parameters(tra.):    -0.1399E-03   -0.6487E-04   -0.3727E-03
# With parameters(rot.):     0.9387E-04   -0.8670E-02   -0.1545E-02
# Minimization at step:    61 with Value:     0.0000Tol(Act/Req):0.1998E+01/0.1000E-04
# With parameters(tra.):    -0.1981E-03   -0.2425E-03   -0.2157E-03
# With parameters(rot.):    -0.7160E-04   -0.1180E-01   -0.1271E-02
# Minimization at step:    62 with Value:     0.0000Tol(Act/Req):0.1998E+01/0.1000E-04
# With parameters(tra.):    -0.3794E-03   -0.2450E-03   -0.2696E-03
# With parameters(rot.):    -0.2337E-03   -0.1061E-01   -0.8825E-03
# Minimization at step:    63 with Value:     0.0000Tol(Act/Req):0.1997E+01/0.1000E-04
# With parameters(tra.):    -0.3218E-03   -0.2661E-03   -0.2519E-03
# With parameters(rot.):    -0.5534E-03   -0.1182E-01   -0.4831E-03
# Minimization at step:    64 with Value:     0.0000Tol(Act/Req):0.1997E+01/0.1000E-04
# With parameters(tra.):    -0.3439E-03   -0.2871E-03   -0.2324E-03
# With parameters(rot.):    -0.6188E-03   -0.1061E-01   -0.4198E-03
# Minimization at step:    65 with Value:     0.0000Tol(Act/Req):0.1997E+01/0.1000E-04
# With parameters(tra.):    -0.3175E-03   -0.3715E-03   -0.2520E-03
# With parameters(rot.):    -0.5575E-03   -0.8415E-02    0.2629E-04
# Minimization at step:    66 with Value:     0.0000Tol(Act/Req):0.1997E+01/0.1000E-04
# With parameters(tra.):    -0.2991E-03   -0.2368E-03   -0.4212E-03
# With parameters(rot.):    -0.5540E-03   -0.4157E-02    0.1849E-03
# Minimization at step:    67 with Value:     0.0000Tol(Act/Req):0.1997E+01/0.1000E-04
# With parameters(tra.):    -0.9115E-04   -0.2316E-03   -0.4177E-03
# With parameters(rot.):    -0.4987E-03   -0.3199E-02    0.1519E-03
# Minimization at step:    68 with Value:     0.0000Tol(Act/Req):0.1997E+01/0.1000E-04
# With parameters(tra.):    -0.5296E-04   -0.3313E-03   -0.2900E-03
# With parameters(rot.):    -0.4875E-03   -0.6153E-02    0.2477E-04
# Minimization at step:    69 with Value:     0.0000Tol(Act/Req):0.1997E+01/0.1000E-04
# With parameters(tra.):    -0.2094E-04   -0.3319E-03   -0.3205E-03
# With parameters(rot.):    -0.1458E-03   -0.3055E-02   -0.2054E-03
# Minimization at step:    70 with Value:     0.0000Tol(Act/Req):0.1996E+01/0.1000E-04
# With parameters(tra.):     0.8151E-04   -0.2903E-03   -0.1842E-03
# With parameters(rot.):    -0.2711E-04   -0.5556E-02    0.3626E-04
# Minimization at step:    71 with Value:     0.0000Tol(Act/Req):0.1995E+01/0.1000E-04
# With parameters(tra.):     0.1082E-03   -0.2624E-03   -0.1736E-03
# With parameters(rot.):     0.1773E-05   -0.5866E-02   -0.7442E-04
# Minimization at step:    72 with Value:     0.0000Tol(Act/Req):0.1994E+01/0.1000E-04
# With parameters(tra.):     0.1348E-03   -0.2708E-03   -0.1590E-03
# With parameters(rot.):     0.2080E-04   -0.4867E-02   -0.1400E-04
# Minimization at step:    73 with Value:     0.0000Tol(Act/Req):0.1994E+01/0.1000E-04
# With parameters(tra.):     0.1398E-03   -0.2656E-03   -0.1379E-03
# With parameters(rot.):    -0.5074E-04   -0.5793E-02    0.5951E-04
# Minimization at step:    74 with Value:     0.0000Tol(Act/Req):0.1992E+01/0.1000E-04
# With parameters(tra.):     0.1190E-03   -0.2739E-03   -0.1681E-03
# With parameters(rot.):    -0.8237E-04   -0.5188E-02    0.1019E-05
# Minimization at step:    75 with Value:     0.0000Tol(Act/Req):0.1992E+01/0.1000E-04
# With parameters(tra.):     0.1555E-04   -0.2884E-03   -0.1083E-03
# With parameters(rot.):    -0.1981E-04   -0.6403E-02   -0.1201E-04
# Minimization at step:    76 with Value:     0.0000Tol(Act/Req):0.1988E+01/0.1000E-04
# With parameters(tra.):     0.1292E-04   -0.2077E-03   -0.1329E-03
# With parameters(rot.):     0.1286E-03   -0.4517E-02    0.6051E-04
# Minimization at step:    77 with Value:     0.0000Tol(Act/Req):0.1987E+01/0.1000E-04
# With parameters(tra.):     0.3450E-04   -0.1337E-03   -0.9817E-04
# With parameters(rot.):     0.2286E-03   -0.4688E-02   -0.1159E-03
# Minimization at step:    78 with Value:     0.0000Tol(Act/Req):0.1983E+01/0.1000E-04
# With parameters(tra.):     0.5430E-04   -0.1048E-03   -0.4864E-04
# With parameters(rot.):     0.3360E-03   -0.2630E-02   -0.2899E-04
# Minimization at step:    79 with Value:     0.0000Tol(Act/Req):0.1983E+01/0.1000E-04
# With parameters(tra.):     0.3853E-04   -0.9490E-04   -0.5379E-04
# With parameters(rot.):     0.3550E-03   -0.2114E-02   -0.6074E-04
# Minimization at step:    80 with Value:     0.0000Tol(Act/Req):0.1983E+01/0.1000E-04
# With parameters(tra.):     0.1473E-04   -0.2752E-04    0.1640E-04
# With parameters(rot.):     0.3472E-03   -0.2739E-02    0.4619E-04
# Minimization at step:    81 with Value:     0.0000Tol(Act/Req):0.1983E+01/0.1000E-04
# With parameters(tra.):     0.3190E-04   -0.3362E-05    0.1682E-04
# With parameters(rot.):     0.3673E-03   -0.2231E-02    0.5321E-04
# Minimization at step:    82 with Value:     0.0000Tol(Act/Req):0.1977E+01/0.1000E-04
# With parameters(tra.):     0.2629E-04   -0.1100E-04    0.1772E-04
# With parameters(rot.):     0.3539E-03   -0.1983E-02    0.1114E-03
# Minimization at step:    83 with Value:     0.0000Tol(Act/Req):0.1976E+01/0.1000E-04
# With parameters(tra.):     0.3321E-04   -0.2646E-04    0.2861E-06
# With parameters(rot.):     0.3564E-03   -0.1764E-02    0.9010E-04
# Minimization at step:    84 with Value:     0.0000Tol(Act/Req):0.1974E+01/0.1000E-04
# With parameters(tra.):     0.6378E-05   -0.2923E-04   -0.3294E-04
# With parameters(rot.):     0.2559E-03   -0.3533E-02    0.4292E-04
# Minimization at step:    85 with Value:     0.0000Tol(Act/Req):0.1970E+01/0.1000E-04
# With parameters(tra.):     0.6489E-05   -0.3455E-04   -0.1847E-04
# With parameters(rot.):     0.2294E-03   -0.3923E-02    0.2332E-04
# Minimization at step:    86 with Value:     0.0000Tol(Act/Req):0.1958E+01/0.1000E-04
# With parameters(tra.):     0.1321E-04   -0.3430E-04   -0.8958E-05
# With parameters(rot.):     0.2523E-03   -0.3513E-02    0.3348E-04
# Minimization at step:    87 with Value:     0.0000Tol(Act/Req):0.1953E+01/0.1000E-04
# With parameters(tra.):    -0.2678E-04    0.5752E-05   -0.4317E-05
# With parameters(rot.):     0.2562E-03   -0.2948E-02    0.1401E-05
# Minimization at step:    88 with Value:     0.0000Tol(Act/Req):0.1949E+01/0.1000E-04
# With parameters(tra.):    -0.5569E-04   -0.3935E-05   -0.9850E-05
# With parameters(rot.):     0.1967E-03   -0.2774E-02    0.8111E-04
# Minimization at step:    89 with Value:     0.0000Tol(Act/Req):0.1944E+01/0.1000E-04
# With parameters(tra.):    -0.5054E-04    0.4420E-04   -0.1790E-04
# With parameters(rot.):     0.1801E-03   -0.1940E-02    0.1045E-03
# Minimization at step:    90 with Value:     0.0000Tol(Act/Req):0.1934E+01/0.1000E-04
# With parameters(tra.):    -0.6463E-04    0.3682E-04   -0.5883E-04
# With parameters(rot.):     0.1264E-03   -0.1560E-02    0.6664E-04
# Minimization at step:    91 with Value:     0.0000Tol(Act/Req):0.1933E+01/0.1000E-04
# With parameters(tra.):    -0.3727E-04    0.7124E-05   -0.8165E-04
# With parameters(rot.):     0.7927E-04   -0.1663E-02    0.1205E-03
# Minimization at step:    92 with Value:     0.0000Tol(Act/Req):0.1932E+01/0.1000E-04
# With parameters(tra.):    -0.5163E-04    0.1039E-04   -0.7377E-04
# With parameters(rot.):    -0.2375E-04   -0.1689E-02    0.1137E-03
# Minimization at step:    93 with Value:     0.0000Tol(Act/Req):0.1932E+01/0.1000E-04
# With parameters(tra.):    -0.8378E-04    0.4117E-04   -0.4833E-04
# With parameters(rot.):    -0.1098E-04   -0.1594E-02    0.5756E-04
# Minimization at step:    94 with Value:     0.0000Tol(Act/Req):0.1929E+01/0.1000E-04
# With parameters(tra.):    -0.8850E-04    0.4758E-04   -0.4685E-04
# With parameters(rot.):    -0.2146E-04   -0.1230E-02    0.6464E-04
# Minimization at step:    95 with Value:     0.0000Tol(Act/Req):0.1929E+01/0.1000E-04
# With parameters(tra.):    -0.5793E-04    0.1894E-04   -0.7180E-04
# With parameters(rot.):    -0.3773E-04   -0.1202E-02    0.1231E-03
# Minimization at step:    96 with Value:     0.0000Tol(Act/Req):0.1927E+01/0.1000E-04
# With parameters(tra.):    -0.2976E-04    0.3625E-04   -0.8692E-04
# With parameters(rot.):    -0.5639E-04   -0.8516E-03    0.5740E-04
# Minimization at step:    97 with Value:     0.0000Tol(Act/Req):0.1919E+01/0.1000E-04
# With parameters(tra.):    -0.3506E-04    0.4485E-04   -0.8194E-04
# With parameters(rot.):    -0.5388E-04   -0.8293E-03    0.3730E-04
# Minimization at step:    98 with Value:     0.0000Tol(Act/Req):0.1918E+01/0.1000E-04
# With parameters(tra.):    -0.3506E-04    0.3287E-04   -0.8527E-04
# With parameters(rot.):    -0.6923E-04   -0.9454E-03    0.2587E-04
# Minimization at step:    99 with Value:     0.0000Tol(Act/Req):0.1917E+01/0.1000E-04
# With parameters(tra.):    -0.1111E-04    0.3894E-04   -0.5314E-04
# With parameters(rot.):    -0.8071E-04   -0.1120E-02    0.5010E-04
# Minimization at step:   100 with Value:     0.0000Tol(Act/Req):0.1895E+01/0.1000E-04
# With parameters(tra.):     0.1676E-04    0.4519E-04   -0.5415E-04
# With parameters(rot.):     0.3329E-05   -0.9049E-03    0.3573E-04
# Minimization at step:   101 with Value:     0.0000Tol(Act/Req):0.1888E+01/0.1000E-04
# With parameters(tra.):     0.7268E-05    0.3445E-04   -0.3462E-04
# With parameters(rot.):     0.3226E-04   -0.1181E-02    0.7959E-04
# Minimization at step:   102 with Value:     0.0000Tol(Act/Req):0.1838E+01/0.1000E-04
# With parameters(tra.):    -0.4907E-06    0.3199E-04   -0.3274E-04
# With parameters(rot.):     0.1366E-04   -0.1258E-02    0.8684E-04
# Minimization at step:   103 with Value:     0.0000Tol(Act/Req):0.1830E+01/0.1000E-04
# With parameters(tra.):     0.1940E-04    0.3961E-04   -0.2508E-04
# With parameters(rot.):     0.4403E-05   -0.5377E-03    0.1084E-03
# Minimization at step:   104 with Value:     0.0000Tol(Act/Req):0.1824E+01/0.1000E-04
# With parameters(tra.):     0.2129E-04    0.4348E-04   -0.1786E-04
# With parameters(rot.):     0.1052E-04   -0.5023E-03    0.1043E-03
# Minimization at step:   105 with Value:     0.0000Tol(Act/Req):0.1811E+01/0.1000E-04
# With parameters(tra.):     0.6844E-05    0.3872E-04   -0.2179E-04
# With parameters(rot.):     0.1898E-04   -0.1034E-02    0.8708E-04
# Minimization at step:   106 with Value:     0.0000Tol(Act/Req):0.1799E+01/0.1000E-04
# With parameters(tra.):     0.2353E-05    0.3719E-04   -0.2721E-04
# With parameters(rot.):     0.3016E-04   -0.9827E-03    0.8411E-04
# Minimization at step:   107 with Value:     0.0000Tol(Act/Req):0.1737E+01/0.1000E-04
# With parameters(tra.):     0.1483E-04    0.1467E-04   -0.1451E-04
# With parameters(rot.):     0.3258E-04   -0.1227E-02    0.8066E-04
# Minimization at step:   108 with Value:     0.0000Tol(Act/Req):0.1723E+01/0.1000E-04
# With parameters(tra.):     0.2368E-04    0.1525E-04   -0.2082E-04
# With parameters(rot.):     0.1340E-04   -0.1059E-02    0.5177E-04
# Minimization at step:   109 with Value:     0.0000Tol(Act/Req):0.1700E+01/0.1000E-04
# With parameters(tra.):     0.2130E-04    0.2092E-04   -0.2452E-04
# With parameters(rot.):     0.1120E-04   -0.9833E-03    0.5023E-04
# Minimization at step:   110 with Value:     0.0000Tol(Act/Req):0.1646E+01/0.1000E-04
# With parameters(tra.):     0.1304E-04    0.1232E-04   -0.1803E-04
# With parameters(rot.):    -0.2682E-04   -0.1045E-02    0.5252E-04
# Minimization at step:   111 with Value:     0.0000Tol(Act/Req):0.1633E+01/0.1000E-04
# With parameters(tra.):     0.1407E-04    0.9661E-05   -0.3634E-05
# With parameters(rot.):    -0.2704E-04   -0.1156E-02    0.2702E-04
# Minimization at step:   112 with Value:     0.0000Tol(Act/Req):0.1609E+01/0.1000E-04
# With parameters(tra.):     0.2310E-04    0.4773E-05    0.2872E-05
# With parameters(rot.):    -0.4278E-04   -0.9204E-03    0.2061E-04
# Minimization at step:   113 with Value:     0.0000Tol(Act/Req):0.1596E+01/0.1000E-04
# With parameters(tra.):     0.3181E-04    0.9341E-05    0.3227E-05
# With parameters(rot.):    -0.1825E-04   -0.8426E-03    0.1091E-04
# Minimization at step:   114 with Value:     0.0000Tol(Act/Req):0.1473E+01/0.1000E-04
# With parameters(tra.):     0.3243E-04    0.7781E-07    0.2709E-05
# With parameters(rot.):    -0.1359E-04   -0.7312E-03   -0.1185E-04
# Minimization at step:   115 with Value:     0.0000Tol(Act/Req):0.1473E+01/0.1000E-04
# With parameters(tra.):     0.3752E-04   -0.4600E-06   -0.9572E-05
# With parameters(rot.):    -0.8888E-05   -0.4796E-03    0.6942E-06
# Minimization at step:   116 with Value:     0.0000Tol(Act/Req):0.1464E+01/0.1000E-04
# With parameters(tra.):     0.3329E-04   -0.6269E-05    0.4949E-06
# With parameters(rot.):     0.2858E-05   -0.4554E-03    0.1256E-04
# Minimization at step:   117 with Value:     0.0000Tol(Act/Req):0.1439E+01/0.1000E-04
# With parameters(tra.):     0.3167E-04   -0.6619E-05    0.4404E-05
# With parameters(rot.):     0.2661E-05   -0.5162E-03    0.1041E-04
# Minimization at step:   118 with Value:     0.0000Tol(Act/Req):0.1292E+01/0.1000E-04
# With parameters(tra.):     0.3036E-04   -0.4445E-05    0.6642E-05
# With parameters(rot.):    -0.4590E-05   -0.2101E-03   -0.5952E-05
# Minimization at step:   119 with Value:     0.0000Tol(Act/Req):0.1286E+01/0.1000E-04
# With parameters(tra.):     0.2676E-04   -0.4259E-05    0.3562E-05
# With parameters(rot.):     0.1863E-04   -0.1301E-03   -0.1053E-04
# Minimization at step:   120 with Value:     0.0000Tol(Act/Req):0.1205E+01/0.1000E-04
# With parameters(tra.):     0.1927E-04   -0.1184E-04    0.3437E-05
# With parameters(rot.):     0.1458E-04    0.5549E-04   -0.1122E-04
# Minimization at step:   121 with Value:     0.0000Tol(Act/Req):0.1129E+01/0.1000E-04
# With parameters(tra.):     0.1916E-04   -0.1085E-04    0.1165E-05
# With parameters(rot.):     0.1262E-04    0.9200E-04   -0.1616E-04
# Minimization at step:   122 with Value:     0.0000Tol(Act/Req):0.1104E+01/0.1000E-04
# With parameters(tra.):     0.1432E-04   -0.8317E-05    0.9955E-06
# With parameters(rot.):     0.1824E-04    0.2921E-03   -0.2427E-05
# Minimization at step:   123 with Value:     0.0000Tol(Act/Req):0.1101E+01/0.1000E-04
# With parameters(tra.):     0.1331E-04   -0.9183E-05   -0.3466E-07
# With parameters(rot.):     0.2196E-04    0.2575E-03    0.1957E-05
# Minimization at step:   124 with Value:     0.0000Tol(Act/Req):0.1062E+01/0.1000E-04
# With parameters(tra.):     0.1243E-04   -0.1101E-04    0.1848E-05
# With parameters(rot.):    -0.1524E-06    0.3066E-03    0.1070E-04
# Minimization at step:   125 with Value:     0.0000Tol(Act/Req):0.1031E+01/0.1000E-04
# With parameters(tra.):     0.1001E-04   -0.1155E-04    0.3589E-05
# With parameters(rot.):    -0.4853E-06    0.3448E-03    0.9652E-05
# Minimization at step:   126 with Value:     0.0000Tol(Act/Req):0.9271E+00/0.1000E-04
# With parameters(tra.):     0.1003E-04   -0.1114E-04    0.3264E-05
# With parameters(rot.):     0.5015E-05    0.3356E-03    0.7379E-05
# Minimization at step:   127 with Value:     0.0000Tol(Act/Req):0.8961E+00/0.1000E-04
# With parameters(tra.):     0.1089E-04   -0.1201E-04    0.3495E-05
# With parameters(rot.):     0.2506E-05    0.2892E-03    0.4762E-05
# Minimization at step:   128 with Value:     0.0000Tol(Act/Req):0.7038E+00/0.1000E-04
# With parameters(tra.):     0.1440E-04   -0.6366E-05    0.3603E-05
# With parameters(rot.):     0.2529E-05    0.2085E-03    0.9269E-05
# Minimization at step:   129 with Value:     0.0000Tol(Act/Req):0.5994E+00/0.1000E-04
# With parameters(tra.):     0.1305E-04   -0.3763E-05    0.8056E-06
# With parameters(rot.):    -0.2933E-05    0.2924E-03    0.8207E-05
# Minimization at step:   130 with Value:     0.0000Tol(Act/Req):0.5711E+00/0.1000E-04
# With parameters(tra.):     0.1094E-04   -0.3688E-05   -0.9747E-06
# With parameters(rot.):    -0.3799E-05    0.2347E-03    0.1906E-04
# Minimization at step:   131 with Value:     0.0000Tol(Act/Req):0.5654E+00/0.1000E-04
# With parameters(tra.):     0.1128E-04   -0.3808E-06   -0.3038E-05
# With parameters(rot.):     0.4264E-05    0.1828E-03    0.1840E-04
# Minimization at step:   132 with Value:     0.0000Tol(Act/Req):0.5444E+00/0.1000E-04
# With parameters(tra.):     0.6875E-05    0.2261E-05   -0.1764E-05
# With parameters(rot.):     0.5181E-05    0.2050E-03    0.1922E-04
# Minimization at step:   133 with Value:     0.0000Tol(Act/Req):0.5086E+00/0.1000E-04
# With parameters(tra.):     0.7627E-05    0.4170E-05   -0.2473E-06
# With parameters(rot.):     0.9040E-05    0.2529E-03    0.8427E-05
# Minimization at step:   134 with Value:     0.0000Tol(Act/Req):0.4959E+00/0.1000E-04
# With parameters(tra.):     0.8246E-05    0.7825E-05   -0.1032E-05
# With parameters(rot.):     0.6200E-05    0.1480E-03    0.4416E-05
# Minimization at step:   135 with Value:     0.0000Tol(Act/Req):0.4581E+00/0.1000E-04
# With parameters(tra.):     0.7837E-05    0.7308E-05   -0.2366E-05
# With parameters(rot.):     0.2596E-05    0.8584E-04    0.1151E-04
# Minimization at step:   136 with Value:     0.0000Tol(Act/Req):0.4501E+00/0.1000E-04
# With parameters(tra.):     0.6347E-05    0.6563E-05   -0.7819E-07
# With parameters(rot.):    -0.6023E-05    0.1054E-03    0.9865E-05
# Minimization at step:   137 with Value:     0.0000Tol(Act/Req):0.3880E+00/0.1000E-04
# With parameters(tra.):     0.1316E-05    0.7112E-05   -0.1378E-05
# With parameters(rot.):    -0.8889E-05    0.1249E-03    0.7059E-05
# Minimization at step:   138 with Value:     0.0000Tol(Act/Req):0.3782E+00/0.1000E-04
# With parameters(tra.):     0.5840E-06    0.6139E-05   -0.1210E-05
# With parameters(rot.):    -0.9436E-05    0.1492E-03    0.8282E-05
# Minimization at step:   139 with Value:     0.0000Tol(Act/Req):0.3390E+00/0.1000E-04
# With parameters(tra.):    -0.1855E-05    0.7312E-05   -0.3152E-06
# With parameters(rot.):    -0.8331E-05    0.7147E-04    0.8832E-05
# Minimization at step:   140 with Value:     0.0000Tol(Act/Req):0.3108E+00/0.1000E-04
# With parameters(tra.):     0.1125E-05    0.6951E-05    0.9249E-06
# With parameters(rot.):    -0.6042E-05    0.4351E-04    0.1138E-04
# Minimization at step:   141 with Value:     0.0000Tol(Act/Req):0.3095E+00/0.1000E-04
# With parameters(tra.):     0.1063E-05    0.7169E-05    0.4365E-06
# With parameters(rot.):    -0.3889E-05    0.3345E-04    0.1192E-04
# Minimization at step:   142 with Value:     0.0000Tol(Act/Req):0.2465E+00/0.1000E-04
# With parameters(tra.):     0.2916E-05    0.6415E-05    0.3127E-07
# With parameters(rot.):    -0.6845E-05   -0.2615E-04    0.9477E-05
# Minimization at step:   143 with Value:     0.0000Tol(Act/Req):0.1600E+00/0.1000E-04
# With parameters(tra.):     0.1548E-05    0.6462E-05    0.1720E-05
# With parameters(rot.):    -0.7589E-05   -0.2207E-04    0.4070E-05
# Minimization at step:   144 with Value:     0.0000Tol(Act/Req):0.1549E+00/0.1000E-04
# With parameters(tra.):     0.2238E-05    0.6196E-05    0.1740E-05
# With parameters(rot.):    -0.7711E-05   -0.1691E-04    0.3581E-05
# Minimization at step:   145 with Value:     0.0000Tol(Act/Req):0.1520E+00/0.1000E-04
# With parameters(tra.):     0.1325E-05    0.4268E-05    0.3058E-05
# With parameters(rot.):    -0.8231E-05   -0.2366E-04    0.4461E-05
# Minimization at step:   146 with Value:     0.0000Tol(Act/Req):0.1432E+00/0.1000E-04
# With parameters(tra.):    -0.1153E-06    0.3778E-05    0.2972E-05
# With parameters(rot.):    -0.9922E-05   -0.2647E-04    0.1457E-05
# Minimization at step:   147 with Value:     0.0000Tol(Act/Req):0.1366E+00/0.1000E-04
# With parameters(tra.):     0.6979E-06    0.2836E-05    0.1700E-05
# With parameters(rot.):    -0.9956E-05   -0.3201E-04    0.5993E-05
# Minimization at step:   148 with Value:     0.0000Tol(Act/Req):0.1309E+00/0.1000E-04
# With parameters(tra.):     0.4511E-06    0.1829E-05    0.1145E-05
# With parameters(rot.):    -0.7673E-05   -0.7394E-04    0.5093E-05
# Minimization at step:   149 with Value:     0.0000Tol(Act/Req):0.1294E+00/0.1000E-04
# With parameters(tra.):    -0.1606E-05    0.8027E-06    0.1786E-05
# With parameters(rot.):    -0.5978E-05   -0.5014E-04    0.5259E-05
# Minimization at step:   150 with Value:     0.0000Tol(Act/Req):0.8998E-01/0.1000E-04
# With parameters(tra.):    -0.2001E-05    0.8688E-06    0.2111E-05
# With parameters(rot.):    -0.5638E-05   -0.5027E-04    0.4063E-05
# Minimization at step:   151 with Value:     0.0000Tol(Act/Req):0.8425E-01/0.1000E-04
# With parameters(tra.):    -0.2197E-05    0.1663E-05    0.4776E-06
# With parameters(rot.):    -0.4254E-05   -0.5239E-04    0.3052E-05
# Minimization at step:   152 with Value:     0.0000Tol(Act/Req):0.8296E-01/0.1000E-04
# With parameters(tra.):    -0.1732E-05    0.1991E-05    0.2082E-06
# With parameters(rot.):    -0.4534E-05   -0.5852E-04    0.2826E-05
# Minimization at step:   153 with Value:     0.0000Tol(Act/Req):0.7285E-01/0.1000E-04
# With parameters(tra.):    -0.1675E-05    0.5712E-07   -0.2617E-06
# With parameters(rot.):    -0.3720E-05   -0.6207E-04    0.1597E-05
# Minimization at step:   154 with Value:     0.0000Tol(Act/Req):0.5382E-01/0.1000E-04
# With parameters(tra.):    -0.1565E-05   -0.1713E-06   -0.5166E-06
# With parameters(rot.):    -0.2921E-05   -0.6457E-04    0.2110E-05
# Minimization at step:   155 with Value:     0.0000Tol(Act/Req):0.4863E-01/0.1000E-04
# With parameters(tra.):    -0.1990E-05    0.1696E-06   -0.5151E-06
# With parameters(rot.):    -0.3621E-05   -0.1951E-04    0.2016E-05
# Minimization at step:   156 with Value:     0.0000Tol(Act/Req):0.4597E-01/0.1000E-04
# With parameters(tra.):    -0.2187E-05    0.1444E-06   -0.5715E-06
# With parameters(rot.):    -0.3283E-05   -0.1701E-04    0.1247E-05
# Minimization at step:   157 with Value:     0.0000Tol(Act/Req):0.4214E-01/0.1000E-04
# With parameters(tra.):    -0.2137E-05   -0.1808E-06   -0.2505E-06
# With parameters(rot.):    -0.3548E-05   -0.1354E-04    0.1350E-05
# Minimization at step:   158 with Value:     0.0000Tol(Act/Req):0.3795E-01/0.1000E-04
# With parameters(tra.):    -0.2190E-05    0.2830E-06   -0.1321E-06
# With parameters(rot.):    -0.3737E-05   -0.8605E-05    0.1636E-05
# Minimization at step:   159 with Value:     0.0000Tol(Act/Req):0.3030E-01/0.1000E-04
# With parameters(tra.):    -0.2100E-05    0.2072E-06   -0.1006E-06
# With parameters(rot.):    -0.3572E-05   -0.1896E-04    0.1628E-05
# Minimization at step:   160 with Value:     0.0000Tol(Act/Req):0.2554E-01/0.1000E-04
# With parameters(tra.):    -0.1293E-05    0.2687E-06   -0.7423E-06
# With parameters(rot.):    -0.3811E-05   -0.1805E-04    0.7784E-06
# Minimization at step:   161 with Value:     0.0000Tol(Act/Req):0.1800E-01/0.1000E-04
# With parameters(tra.):    -0.9818E-06   -0.4140E-07   -0.1328E-05
# With parameters(rot.):    -0.2510E-05   -0.7537E-05    0.1359E-05
# Minimization at step:   162 with Value:     0.0000Tol(Act/Req):0.1611E-01/0.1000E-04
# With parameters(tra.):    -0.9736E-06   -0.1538E-06   -0.1692E-05
# With parameters(rot.):    -0.1576E-05    0.6230E-06   -0.1398E-06
# Minimization at step:   163 with Value:     0.0000Tol(Act/Req):0.1571E-01/0.1000E-04
# With parameters(tra.):    -0.4864E-06   -0.7952E-06   -0.1531E-05
# With parameters(rot.):    -0.1449E-05    0.1230E-04   -0.4312E-06
# Minimization at step:   164 with Value:     0.0000Tol(Act/Req):0.1553E-01/0.1000E-04
# With parameters(tra.):    -0.3071E-06   -0.9166E-06   -0.1634E-05
# With parameters(rot.):    -0.1189E-05    0.9725E-05   -0.6069E-06
# Minimization at step:   165 with Value:     0.0000Tol(Act/Req):0.1497E-01/0.1000E-04
# With parameters(tra.):    -0.9317E-07   -0.1059E-05   -0.1250E-05
# With parameters(rot.):    -0.1994E-05    0.4599E-05    0.7366E-06
# Minimization at step:   166 with Value:     0.0000Tol(Act/Req):0.1418E-01/0.1000E-04
# With parameters(tra.):    -0.1951E-06   -0.1185E-05   -0.1132E-05
# With parameters(rot.):    -0.1783E-05    0.6258E-05    0.9456E-06
# Minimization at step:   167 with Value:     0.0000Tol(Act/Req):0.1335E-01/0.1000E-04
# With parameters(tra.):    -0.2072E-06   -0.1202E-05   -0.9695E-06
# With parameters(rot.):    -0.2048E-05    0.4780E-05    0.7659E-06
# Minimization at step:   168 with Value:     0.0000Tol(Act/Req):0.1293E-01/0.1000E-04
# With parameters(tra.):     0.3482E-06   -0.7698E-06   -0.1012E-05
# With parameters(rot.):    -0.1863E-05    0.1911E-04    0.1049E-05
# Minimization at step:   169 with Value:     0.0000Tol(Act/Req):0.1222E-01/0.1000E-04
# With parameters(tra.):     0.3315E-06   -0.7103E-06   -0.1088E-05
# With parameters(rot.):    -0.1651E-05    0.2160E-04    0.7390E-06
# Minimization at step:   170 with Value:     0.0000Tol(Act/Req):0.1189E-01/0.1000E-04
# With parameters(tra.):     0.1169E-06   -0.4052E-07   -0.1102E-05
# With parameters(rot.):    -0.1846E-05    0.1302E-04    0.1421E-05
# Minimization at step:   171 with Value:     0.0000Tol(Act/Req):0.9729E-02/0.1000E-04
# With parameters(tra.):    -0.4118E-07   -0.8787E-07   -0.1099E-05
# With parameters(rot.):    -0.1890E-05    0.8932E-05    0.1381E-05
# Minimization at step:   172 with Value:     0.0000Tol(Act/Req):0.6200E-02/0.1000E-04
# With parameters(tra.):    -0.7215E-09   -0.2592E-06   -0.1095E-05
# With parameters(rot.):    -0.1845E-05    0.1073E-04    0.1207E-05
# Minimization at step:   173 with Value:     0.0000Tol(Act/Req):0.6117E-02/0.1000E-04
# With parameters(tra.):    -0.1397E-06   -0.2028E-06   -0.8464E-06
# With parameters(rot.):    -0.1444E-05    0.1555E-04    0.1712E-05
# Minimization at step:   174 with Value:     0.0000Tol(Act/Req):0.5752E-02/0.1000E-04
# With parameters(tra.):    -0.1415E-06    0.9487E-07   -0.4802E-06
# With parameters(rot.):    -0.1772E-05    0.1618E-04    0.1668E-05
# Minimization at step:   175 with Value:     0.0000Tol(Act/Req):0.5508E-02/0.1000E-04
# With parameters(tra.):     0.2722E-06    0.1892E-06   -0.3023E-06
# With parameters(rot.):    -0.1447E-05    0.1318E-04    0.2075E-05
# Minimization at step:   176 with Value:     0.0000Tol(Act/Req):0.5249E-02/0.1000E-04
# With parameters(tra.):     0.2191E-06    0.6081E-06   -0.1928E-06
# With parameters(rot.):    -0.9544E-06    0.1536E-04    0.1901E-05
# Minimization at step:   177 with Value:     0.0000Tol(Act/Req):0.4903E-02/0.1000E-04
# With parameters(tra.):    -0.1045E-06    0.6420E-06   -0.2988E-06
# With parameters(rot.):    -0.1075E-05    0.1815E-04    0.1552E-05
# Minimization at step:   178 with Value:     0.0000Tol(Act/Req):0.4267E-02/0.1000E-04
# With parameters(tra.):    -0.3576E-06    0.7535E-06   -0.9422E-07
# With parameters(rot.):    -0.9383E-06    0.1432E-04    0.1535E-05
# Minimization at step:   179 with Value:     0.0000Tol(Act/Req):0.4259E-02/0.1000E-04
# With parameters(tra.):    -0.3923E-06    0.6609E-06   -0.1134E-06
# With parameters(rot.):    -0.1060E-05    0.1369E-04    0.1548E-05
# Minimization at step:   180 with Value:     0.0000Tol(Act/Req):0.4227E-02/0.1000E-04
# With parameters(tra.):    -0.4419E-06    0.6249E-06    0.2212E-06
# With parameters(rot.):    -0.7084E-06    0.1828E-04    0.1315E-05
# Minimization at step:   181 with Value:     0.0000Tol(Act/Req):0.4072E-02/0.1000E-04
# With parameters(tra.):    -0.5402E-06    0.5038E-06    0.8884E-07
# With parameters(rot.):    -0.2597E-07    0.1835E-04    0.1241E-05
# Minimization at step:   182 with Value:     0.0000Tol(Act/Req):0.3586E-02/0.1000E-04
# With parameters(tra.):    -0.5348E-06    0.6830E-06    0.1520E-06
# With parameters(rot.):     0.4503E-07    0.1448E-04    0.5789E-06
# Minimization at step:   183 with Value:     0.0000Tol(Act/Req):0.2607E-02/0.1000E-04
# With parameters(tra.):    -0.5208E-06    0.7245E-06   -0.1163E-06
# With parameters(rot.):    -0.3031E-07    0.1008E-04    0.5701E-06
# Minimization at step:   184 with Value:     0.0000Tol(Act/Req):0.2544E-02/0.1000E-04
# With parameters(tra.):    -0.4438E-06    0.7294E-06    0.1525E-07
# With parameters(rot.):     0.3984E-06    0.5533E-05    0.4753E-06
# Minimization at step:   185 with Value:     0.0000Tol(Act/Req):0.2422E-02/0.1000E-04
# With parameters(tra.):    -0.4112E-06    0.7784E-06    0.4221E-07
# With parameters(rot.):     0.2631E-06    0.4447E-05    0.4299E-06
# Minimization at step:   186 with Value:     0.0000Tol(Act/Req):0.2309E-02/0.1000E-04
# With parameters(tra.):    -0.2604E-06    0.7124E-06   -0.4871E-07
# With parameters(rot.):     0.5724E-06    0.3708E-05    0.7264E-07
# Minimization at step:   187 with Value:     0.0000Tol(Act/Req):0.2198E-02/0.1000E-04
# With parameters(tra.):    -0.2859E-06    0.5444E-06   -0.6549E-07
# With parameters(rot.):     0.8730E-06   -0.8811E-06   -0.3931E-06
# Minimization at step:   188 with Value:     0.0000Tol(Act/Req):0.1987E-02/0.1000E-04
# With parameters(tra.):    -0.2084E-06    0.3191E-06   -0.2011E-06
# With parameters(rot.):     0.1078E-05   -0.2126E-05   -0.5492E-07
# Minimization at step:   189 with Value:     0.0000Tol(Act/Req):0.1462E-02/0.1000E-04
# With parameters(tra.):    -0.1956E-06    0.3423E-06   -0.2082E-06
# With parameters(rot.):     0.1020E-05   -0.1082E-05    0.8971E-07
# Minimization at step:   190 with Value:     0.0000Tol(Act/Req):0.1462E-02/0.1000E-04
# With parameters(tra.):    -0.2139E-06    0.4006E-06   -0.1749E-06
# With parameters(rot.):     0.9639E-06   -0.6843E-06    0.1721E-07
# Minimization at step:   191 with Value:     0.0000Tol(Act/Req):0.1345E-02/0.1000E-04
# With parameters(tra.):    -0.2142E-06    0.2861E-06   -0.3698E-06
# With parameters(rot.):     0.7237E-06    0.1793E-05   -0.4070E-07
# Minimization at step:   192 with Value:     0.0000Tol(Act/Req):0.1164E-02/0.1000E-04
# With parameters(tra.):    -0.1446E-06    0.1557E-06   -0.2991E-06
# With parameters(rot.):     0.9499E-06    0.1918E-05   -0.1890E-06
# Minimization at step:   193 with Value:     0.0000Tol(Act/Req):0.1133E-02/0.1000E-04
# With parameters(tra.):    -0.2568E-06    0.3618E-07   -0.2916E-06
# With parameters(rot.):     0.7664E-06    0.2061E-05    0.8110E-07
# Minimization at step:   194 with Value:     0.0000Tol(Act/Req):0.1082E-02/0.1000E-04
# With parameters(tra.):    -0.1401E-06   -0.1131E-06   -0.3490E-06
# With parameters(rot.):     0.6637E-06   -0.9061E-06   -0.1259E-06
# Minimization at step:   195 with Value:     0.0000Tol(Act/Req):0.8843E-03/0.1000E-04
# With parameters(tra.):    -0.1213E-06   -0.1271E-06   -0.1976E-06
# With parameters(rot.):     0.8288E-06   -0.3438E-05   -0.1038E-06
# Minimization at step:   196 with Value:     0.0000Tol(Act/Req):0.7455E-03/0.1000E-04
# With parameters(tra.):    -0.1489E-06   -0.9095E-07   -0.1706E-06
# With parameters(rot.):     0.8683E-06   -0.2908E-05   -0.5019E-07
# Minimization at step:   197 with Value:     0.0000Tol(Act/Req):0.6941E-03/0.1000E-04
# With parameters(tra.):    -0.1077E-06   -0.1889E-06   -0.1723E-06
# With parameters(rot.):     0.7015E-06   -0.1429E-05    0.1924E-06
# Minimization at step:   198 with Value:     0.0000Tol(Act/Req):0.5533E-03/0.1000E-04
# With parameters(tra.):    -0.6720E-07   -0.1778E-06   -0.1642E-06
# With parameters(rot.):     0.7420E-06   -0.1756E-05    0.1342E-06
# Minimization at step:   199 with Value:     0.0000Tol(Act/Req):0.5169E-03/0.1000E-04
# With parameters(tra.):    -0.8783E-07   -0.2020E-06   -0.1664E-06
# With parameters(rot.):     0.5219E-06   -0.3064E-05    0.3407E-06
# Minimization at step:   200 with Value:     0.0000Tol(Act/Req):0.4571E-03/0.1000E-04
# With parameters(tra.):    -0.8243E-07   -0.2863E-06   -0.9698E-07
# With parameters(rot.):     0.2624E-06   -0.3061E-05    0.3036E-06
# Minimization at step:   201 with Value:     0.0000Tol(Act/Req):0.3549E-03/0.1000E-04
# With parameters(tra.):    -0.8232E-07   -0.2973E-06   -0.1138E-06
# With parameters(rot.):     0.1877E-06   -0.2607E-05    0.3339E-06
# Minimization at step:   202 with Value:     0.0000Tol(Act/Req):0.3249E-03/0.1000E-04
# With parameters(tra.):    -0.1151E-06   -0.2355E-06   -0.9266E-07
# With parameters(rot.):     0.1831E-06   -0.4478E-05    0.1384E-06
# Minimization at step:   203 with Value:     0.0000Tol(Act/Req):0.3192E-03/0.1000E-04
# With parameters(tra.):    -0.1036E-06   -0.2224E-06   -0.6585E-07
# With parameters(rot.):     0.2903E-06   -0.3642E-05   -0.1356E-06
# Minimization at step:   204 with Value:     0.0000Tol(Act/Req):0.2704E-03/0.1000E-04
# With parameters(tra.):    -0.1067E-06   -0.1959E-06   -0.8062E-07
# With parameters(rot.):     0.3575E-06   -0.3691E-05   -0.1629E-06
# Minimization at step:   205 with Value:     0.0000Tol(Act/Req):0.1599E-03/0.1000E-04
# With parameters(tra.):    -0.1098E-06   -0.1970E-06   -0.8855E-07
# With parameters(rot.):     0.3363E-06   -0.3904E-05   -0.9672E-07
# Minimization at step:   206 with Value:     0.0000Tol(Act/Req):0.1332E-03/0.1000E-04
# With parameters(tra.):    -0.1520E-06   -0.1600E-06   -0.7283E-08
# With parameters(rot.):     0.2378E-06   -0.3175E-05   -0.5027E-08
# Minimization at step:   207 with Value:     0.0000Tol(Act/Req):0.7811E-04/0.1000E-04
# With parameters(tra.):    -0.1315E-06   -0.1967E-06   -0.2695E-11
# With parameters(rot.):     0.2606E-06   -0.8693E-06    0.1426E-06
# Minimization at step:   208 with Value:     0.0000Tol(Act/Req):0.4061E-04/0.1000E-04
# With parameters(tra.):    -0.7199E-07   -0.1808E-06    0.7090E-07
# With parameters(rot.):     0.1811E-06   -0.1227E-05    0.2897E-07
# Minimization at step:   209 with Value:     0.0000Tol(Act/Req):0.3404E-04/0.1000E-04
# With parameters(tra.):    -0.7215E-07   -0.1703E-06    0.7498E-07
# With parameters(rot.):     0.1688E-06   -0.1833E-05   -0.1742E-07
# Minimization at step:   210 with Value:     0.0000Tol(Act/Req):0.1403E-04/0.1000E-04
# With parameters(tra.):    -0.6854E-07   -0.1498E-06    0.1042E-06
# With parameters(rot.):     0.1304E-07   -0.6679E-06   -0.7399E-07
# Minimization at step:   211 with Value:     0.0000Tol(Act/Req):0.1257E-04/0.1000E-04
# With parameters(tra.):    -0.1269E-06   -0.1555E-06    0.4443E-07
# With parameters(rot.):     0.3655E-07   -0.1241E-06    0.5356E-08
# Minimization at step:   212 with Value:     0.0000Tol(Act/Req):0.1104E-04/0.1000E-04
# With parameters(tra.):    -0.1327E-06   -0.1610E-06    0.3214E-07
# With parameters(rot.):     0.7745E-07   -0.3701E-06    0.2611E-07
# Minimization at step:   213 with Value:     0.0000Tol(Act/Req):0.1070E-04/0.1000E-04
# With parameters(tra.):    -0.1364E-06   -0.1449E-06    0.3415E-07
# With parameters(rot.):     0.8771E-07   -0.1179E-06    0.2821E-07
# Minimization at step:   214 with Value:     0.0000Tol(Act/Req):0.8815E-05/0.1000E-04
# With parameters(tra.):    -0.8903E-07   -0.1769E-06   -0.3330E-07
# With parameters(rot.):     0.1361E-06    0.1719E-06   -0.5240E-07
# CSM Simplex Values from input minimization.
# Final Number of Simplex optim. Steps:   214
# Final CSM Simplex Value is:      0.00000000000
[molecule] Nrec=   4 Format=nscxyz
  h                1    1   -0.19390214D-06   0.99999948D+00  -0.72651069D-06
  h                2    1    0.39457922D-06  -0.10000005D+01  -0.16420159D-06
  he               3    2    0.10000001D+01  -0.22101021D-06   0.59602076D-06
  he               4    2   -0.99999990D+00  -0.80949217D-06  -0.14867330D-05
# Coordinates rotated along X. New coordinates:
[molecule] Nrec=   4 Format=nscxyz
  h                1    1    0.61232340D-16   0.61232340D-16  -0.10000000D+01
  h                2    1   -0.61232340D-16  -0.61232340D-16   0.10000000D+01
  he               3    2    0.10000000D+01  -0.16081226D-15   0.61232340D-16
  he               4    2   -0.10000000D+01   0.16081226D-15  -0.61232340D-16
# Minimization at step:     0 with Value:     0.0228Tol(Act/Req):0.2000E+01/0.1000E-04
# With parameters(tra.):     0.1429E-01    0.1429E-01    0.1429E-01
# With parameters(rot.):     0.1429E-01    0.1429E-01    0.1429E-01
# Minimization at step:     1 with Value:     0.0179Tol(Act/Req):0.2000E+01/0.1000E-04
# With parameters(tra.):     0.1548E-01    0.1548E-01    0.7143E-02
# With parameters(rot.):     0.1548E-01    0.1548E-01    0.1548E-01
# Minimization at step:     2 with Value:     0.0132Tol(Act/Req):0.2000E+01/0.1000E-04
# With parameters(tra.):     0.8433E-02    0.1677E-01    0.7738E-02
# With parameters(rot.):     0.1677E-01    0.1677E-01    0.1677E-01
# Minimization at step:     3 with Value:     0.0090Tol(Act/Req):0.2000E+01/0.1000E-04
# With parameters(tra.):     0.9135E-02    0.9830E-02    0.8383E-02
# With parameters(rot.):     0.1816E-01    0.1816E-01    0.1816E-01
# Minimization at step:     4 with Value:     0.0078Tol(Act/Req):0.2000E+01/0.1000E-04
# With parameters(tra.):     0.9202E-02    0.9954E-02    0.4915E-02
# With parameters(rot.):     0.1898E-01    0.1898E-01    0.1898E-01
# Minimization at step:     5 with Value:     0.0065Tol(Act/Req):0.2000E+01/0.1000E-04
# With parameters(tra.):     0.5744E-02    0.1003E-01    0.4977E-02
# With parameters(rot.):     0.1981E-01    0.1981E-01    0.1981E-01
# Minimization at step:     6 with Value:     0.0053Tol(Act/Req):0.2000E+01/0.1000E-04
# With parameters(tra.):     0.6223E-02    0.1087E-01    0.5392E-02
# With parameters(rot.):     0.1313E-01    0.2146E-01    0.2146E-01
# Minimization at step:     7 with Value:     0.0042Tol(Act/Req):0.2000E+01/0.1000E-04
# With parameters(tra.):     0.6742E-02    0.1177E-01    0.5841E-02
# With parameters(rot.):     0.1422E-01    0.2325E-01    0.1492E-01
# Minimization at step:     8 with Value:     0.0029Tol(Act/Req):0.2000E+01/0.1000E-04
# With parameters(tra.):     0.7197E-02    0.1855E-02    0.6173E-02
# With parameters(rot.):     0.1533E-01    0.2662E-01    0.1620E-01
# Minimization at step:     9 with Value:     0.0027Tol(Act/Req):0.2000E+01/0.1000E-04
# With parameters(tra.):     0.6663E-02   -0.5956E-03   -0.3436E-03
# With parameters(rot.):     0.1576E-01    0.3080E-01    0.1691E-01
# Minimization at step:    10 with Value:     0.0026Tol(Act/Req):0.2000E+01/0.1000E-04
# With parameters(tra.):     0.5348E-04   -0.3984E-02   -0.1993E-02
# With parameters(rot.):     0.1606E-01    0.3613E-01    0.1761E-01
# Minimization at step:    11 with Value:     0.0026Tol(Act/Req):0.2000E+01/0.1000E-04
# With parameters(tra.):    -0.1046E-02   -0.7262E-02   -0.3624E-02
# With parameters(rot.):     0.3677E-02    0.4432E-01    0.1962E-01
# Minimization at step:    12 with Value:     0.0022Tol(Act/Req):0.2000E+01/0.1000E-04
# With parameters(tra.):    -0.1435E-02   -0.8396E-02   -0.4189E-02
# With parameters(rot.):     0.3346E-02    0.4696E-01    0.1674E-01
# Minimization at step:    13 with Value:     0.0021Tol(Act/Req):0.2000E+01/0.1000E-04
# With parameters(tra.):     0.4678E-02   -0.6478E-02   -0.3272E-02
# With parameters(rot.):    -0.1201E-02    0.4526E-01    0.1576E-01
# Minimization at step:    14 with Value:     0.0018Tol(Act/Req):0.2000E+01/0.1000E-04
# With parameters(tra.):     0.5429E-02   -0.5593E-02   -0.2834E-02
# With parameters(rot.):     0.1489E-02    0.4329E-01    0.1494E-01
# Minimization at step:    15 with Value:     0.0017Tol(Act/Req):0.2000E+01/0.1000E-04
# With parameters(tra.):     0.5553E-02   -0.4809E-02    0.2852E-02
# With parameters(rot.):    -0.3689E-02    0.4326E-01    0.1357E-01
# Minimization at step:    16 with Value:     0.0016Tol(Act/Req):0.2000E+01/0.1000E-04
# With parameters(tra.):    -0.2684E-03   -0.6170E-02    0.3977E-02
# With parameters(rot.):     0.2823E-04    0.4431E-01    0.1381E-01
# Minimization at step:    17 with Value:     0.0015Tol(Act/Req):0.2000E+01/0.1000E-04
# With parameters(tra.):    -0.3061E-02   -0.2232E-02    0.3023E-02
# With parameters(rot.):    -0.5814E-02    0.4796E-01    0.1216E-01
# Minimization at step:    18 with Value:     0.0012Tol(Act/Req):0.2000E+01/0.1000E-04
# With parameters(tra.):    -0.3809E-02   -0.2213E-02    0.1616E-02
# With parameters(rot.):    -0.4697E-02    0.4836E-01    0.1239E-01
# Minimization at step:    19 with Value:     0.0009Tol(Act/Req):0.2000E+01/0.1000E-04
# With parameters(tra.):    -0.3287E-03   -0.2038E-03    0.1822E-03
# With parameters(rot.):    -0.8666E-02    0.4859E-01    0.1185E-01
# Minimization at step:    20 with Value:     0.0008Tol(Act/Req):0.2000E+01/0.1000E-04
# With parameters(tra.):     0.5971E-03   -0.1019E-02    0.1839E-03
# With parameters(rot.):    -0.7443E-02    0.4772E-01    0.1223E-01
# Minimization at step:    21 with Value:     0.0007Tol(Act/Req):0.2000E+01/0.1000E-04
# With parameters(tra.):     0.4952E-03   -0.8273E-03    0.5130E-03
# With parameters(rot.):    -0.1170E-01    0.5328E-01    0.4967E-02
# Minimization at step:    22 with Value:     0.0006Tol(Act/Req):0.2000E+01/0.1000E-04
# With parameters(tra.):     0.4599E-03    0.1234E-04    0.1011E-02
# With parameters(rot.):    -0.1146E-01    0.5313E-01    0.3724E-02
# Minimization at step:    23 with Value:     0.0005Tol(Act/Req):0.2000E+01/0.1000E-04
# With parameters(tra.):     0.4824E-03    0.3434E-04    0.9699E-03
# With parameters(rot.):    -0.1037E-01    0.5172E-01    0.5436E-02
# Minimization at step:    24 with Value:     0.0004Tol(Act/Req):0.2000E+01/0.1000E-04
# With parameters(tra.):     0.4324E-03    0.6241E-03   -0.1303E-02
# With parameters(rot.):    -0.1011E-01    0.5316E-01    0.4037E-02
# Minimization at step:    25 with Value:     0.0003Tol(Act/Req):0.2000E+01/0.1000E-04
# With parameters(tra.):    -0.1634E-02   -0.4396E-03   -0.8420E-03
# With parameters(rot.):    -0.7951E-02    0.5454E-01    0.1796E-02
# Minimization at step:    26 with Value:     0.0003Tol(Act/Req):0.2000E+01/0.1000E-04
# With parameters(tra.):    -0.5267E-03   -0.1877E-02   -0.1181E-02
# With parameters(rot.):    -0.5674E-02    0.5508E-01   -0.9096E-03
# Minimization at step:    27 with Value:     0.0003Tol(Act/Req):0.2000E+01/0.1000E-04
# With parameters(tra.):    -0.8263E-03   -0.1090E-02   -0.9821E-03
# With parameters(rot.):    -0.3860E-02    0.5535E-01   -0.3934E-02
# Minimization at step:    28 with Value:     0.0002Tol(Act/Req):0.2000E+01/0.1000E-04
# With parameters(tra.):    -0.1218E-02   -0.1421E-02   -0.1714E-02
# With parameters(rot.):     0.4813E-03    0.5375E-01   -0.3632E-02
# Minimization at step:    29 with Value:     0.0002Tol(Act/Req):0.2000E+01/0.1000E-04
# With parameters(tra.):    -0.6661E-03   -0.1237E-02   -0.1902E-02
# With parameters(rot.):     0.6431E-03    0.5334E-01   -0.3524E-02
# Minimization at step:    30 with Value:     0.0002Tol(Act/Req):0.2000E+01/0.1000E-04
# With parameters(tra.):    -0.5224E-03   -0.1139E-02   -0.1735E-02
# With parameters(rot.):    -0.4287E-03    0.5371E-01   -0.3590E-02
# Minimization at step:    31 with Value:     0.0002Tol(Act/Req):0.2000E+01/0.1000E-04
# With parameters(tra.):    -0.1629E-02    0.5450E-03   -0.1581E-02
# With parameters(rot.):    -0.9568E-03    0.5270E-01   -0.1779E-02
# Minimization at step:    32 with Value:     0.0001Tol(Act/Req):0.2000E+01/0.1000E-04
# With parameters(tra.):    -0.1792E-02    0.4402E-03   -0.1225E-02
# With parameters(rot.):    -0.2366E-03    0.5242E-01   -0.2030E-02
# Minimization at step:    33 with Value:     0.0001Tol(Act/Req):0.2000E+01/0.1000E-04
# With parameters(tra.):    -0.1529E-02    0.1049E-04   -0.1234E-02
# With parameters(rot.):    -0.4455E-04    0.5265E-01   -0.2504E-02
# Minimization at step:    34 with Value:     0.0001Tol(Act/Req):0.2000E+01/0.1000E-04
# With parameters(tra.):    -0.1564E-02   -0.1474E-03   -0.1451E-02
# With parameters(rot.):     0.1781E-04    0.5158E-01   -0.1123E-04
# Minimization at step:    35 with Value:     0.0001Tol(Act/Req):0.2000E+01/0.1000E-04
# With parameters(tra.):    -0.7599E-03    0.5841E-03   -0.1676E-02
# With parameters(rot.):     0.1330E-03    0.5017E-01    0.1375E-02
# Minimization at step:    36 with Value:     0.0001Tol(Act/Req):0.2000E+01/0.1000E-04
# With parameters(tra.):    -0.7078E-03    0.7767E-03   -0.1587E-02
# With parameters(rot.):    -0.3561E-03    0.5006E-01    0.1756E-02
# Minimization at step:    37 with Value:     0.0001Tol(Act/Req):0.2000E+01/0.1000E-04
# With parameters(tra.):    -0.1298E-02    0.2762E-03   -0.1396E-02
# With parameters(rot.):    -0.5648E-03    0.5109E-01    0.8112E-03
# Minimization at step:    38 with Value:     0.0001Tol(Act/Req):0.2000E+01/0.1000E-04
# With parameters(tra.):    -0.1205E-02    0.5005E-03   -0.1220E-02
# With parameters(rot.):    -0.7572E-03    0.5177E-01   -0.8526E-03
# Minimization at step:    39 with Value:     0.0001Tol(Act/Req):0.2000E+01/0.1000E-04
# With parameters(tra.):    -0.1336E-02    0.3108E-03   -0.5072E-03
# With parameters(rot.):     0.5097E-03    0.5099E-01   -0.9629E-03
# Minimization at step:    40 with Value:     0.0000Tol(Act/Req):0.2000E+01/0.1000E-04
# With parameters(tra.):    -0.8937E-03   -0.2586E-03   -0.3388E-03
# With parameters(rot.):     0.9364E-03    0.5092E-01   -0.1289E-02
# Minimization at step:    41 with Value:     0.0000Tol(Act/Req):0.2000E+01/0.1000E-04
# With parameters(tra.):    -0.8241E-03   -0.2586E-03   -0.5030E-03
# With parameters(rot.):     0.6552E-03    0.5111E-01   -0.1288E-02
# Minimization at step:    42 with Value:     0.0000Tol(Act/Req):0.2000E+01/0.1000E-04
# With parameters(tra.):    -0.1099E-02   -0.3448E-03   -0.6706E-03
# With parameters(rot.):     0.8736E-03    0.3481E-01   -0.1718E-02
# Minimization at step:    43 with Value:     0.0000Tol(Act/Req):0.2000E+01/0.1000E-04
# With parameters(tra.):    -0.6393E-03   -0.2182E-03   -0.5562E-03
# With parameters(rot.):     0.1492E-02    0.2870E-01   -0.1931E-02
# Minimization at step:    44 with Value:     0.0000Tol(Act/Req):0.2000E+01/0.1000E-04
# With parameters(tra.):    -0.5123E-03   -0.6073E-03   -0.4522E-03
# With parameters(rot.):     0.2370E-02    0.2056E-01   -0.1181E-02
# Minimization at step:    45 with Value:     0.0000Tol(Act/Req):0.2000E+01/0.1000E-04
# With parameters(tra.):    -0.3430E-03   -0.6834E-03    0.1033E-03
# With parameters(rot.):     0.2301E-02    0.1050E-01   -0.1398E-02
# Minimization at step:    46 with Value:     0.0000Tol(Act/Req):0.2000E+01/0.1000E-04
# With parameters(tra.):    -0.4135E-03   -0.3197E-03    0.1845E-03
# With parameters(rot.):     0.1400E-02    0.1529E-01   -0.2221E-02
# Minimization at step:    47 with Value:     0.0000Tol(Act/Req):0.2000E+01/0.1000E-04
# With parameters(tra.):    -0.2878E-03   -0.2960E-03    0.2977E-03
# With parameters(rot.):     0.1389E-02    0.1774E-01   -0.2155E-02
# Minimization at step:    48 with Value:     0.0000Tol(Act/Req):0.1999E+01/0.1000E-04
# With parameters(tra.):    -0.2596E-03   -0.3850E-03    0.2869E-03
# With parameters(rot.):     0.1613E-02    0.1675E-01   -0.1944E-02
# Minimization at step:    49 with Value:     0.0000Tol(Act/Req):0.1999E+01/0.1000E-04
# With parameters(tra.):     0.6787E-04   -0.4272E-03    0.2218E-03
# With parameters(rot.):     0.1370E-02    0.5670E-02   -0.2162E-02
# Minimization at step:    50 with Value:     0.0000Tol(Act/Req):0.1999E+01/0.1000E-04
# With parameters(tra.):     0.9334E-04   -0.1038E-03    0.2963E-03
# With parameters(rot.):     0.1230E-02   -0.9367E-02   -0.2236E-02
# Minimization at step:    51 with Value:     0.0000Tol(Act/Req):0.1999E+01/0.1000E-04
# With parameters(tra.):     0.6944E-04    0.1655E-03   -0.1949E-03
# With parameters(rot.):     0.9430E-03   -0.5933E-02   -0.2298E-02
# Minimization at step:    52 with Value:     0.0000Tol(Act/Req):0.1999E+01/0.1000E-04
# With parameters(tra.):     0.6108E-04    0.1071E-03   -0.2545E-03
# With parameters(rot.):     0.9540E-03   -0.1888E-02   -0.2284E-02
# Minimization at step:    53 with Value:     0.0000Tol(Act/Req):0.1999E+01/0.1000E-04
# With parameters(tra.):     0.6636E-04    0.3491E-04   -0.1366E-03
# With parameters(rot.):     0.1027E-02   -0.2409E-02   -0.2268E-02
# Minimization at step:    54 with Value:     0.0000Tol(Act/Req):0.1999E+01/0.1000E-04
# With parameters(tra.):    -0.1579E-03   -0.7356E-05   -0.1112E-03
# With parameters(rot.):     0.2531E-03   -0.6671E-02   -0.2167E-02
# Minimization at step:    55 with Value:     0.0000Tol(Act/Req):0.1999E+01/0.1000E-04
# With parameters(tra.):    -0.2585E-03    0.3818E-04   -0.1227E-03
# With parameters(rot.):     0.2207E-03   -0.4930E-02   -0.2113E-02
# Minimization at step:    56 with Value:     0.0000Tol(Act/Req):0.1999E+01/0.1000E-04
# With parameters(tra.):    -0.2019E-03    0.1329E-05   -0.2809E-03
# With parameters(rot.):     0.2054E-03   -0.1414E-01   -0.1748E-02
# Minimization at step:    57 with Value:     0.0000Tol(Act/Req):0.1999E+01/0.1000E-04
# With parameters(tra.):    -0.1319E-03    0.3793E-04   -0.2725E-03
# With parameters(rot.):     0.1014E-03   -0.1558E-01   -0.1681E-02
# Minimization at step:    58 with Value:     0.0000Tol(Act/Req):0.1999E+01/0.1000E-04
# With parameters(tra.):    -0.7367E-04    0.5227E-04   -0.2924E-03
# With parameters(rot.):     0.2822E-03   -0.1525E-01   -0.1666E-02
# Minimization at step:    59 with Value:     0.0000Tol(Act/Req):0.1999E+01/0.1000E-04
# With parameters(tra.):    -0.7713E-04    0.6573E-04   -0.2537E-03
# With parameters(rot.):     0.2924E-03   -0.1304E-01   -0.1750E-02
# Minimization at step:    60 with Value:     0.0000Tol(Act/Req):0.1998E+01/0.1000E-04
# With parameters(tra.):    -0.1399E-03   -0.6487E-04   -0.3727E-03
# With parameters(rot.):     0.9387E-04   -0.8670E-02   -0.1545E-02
# Minimization at step:    61 with Value:     0.0000Tol(Act/Req):0.1998E+01/0.1000E-04
# With parameters(tra.):    -0.1981E-03   -0.2425E-03   -0.2157E-03
# With parameters(rot.):    -0.7160E-04   -0.1180E-01   -0.1271E-02
# Minimization at step:    62 with Value:     0.0000Tol(Act/Req):0.1998E+01/0.1000E-04
# With parameters(tra.):    -0.3794E-03   -0.2450E-03   -0.2696E-03
# With parameters(rot.):    -0.2337E-03   -0.1061E-01   -0.8825E-03
# Minimization at step:    63 with Value:     0.0000Tol(Act/Req):0.1997E+01/0.1000E-04
# With parameters(tra.):    -0.3218E-03   -0.2661E-03   -0.2519E-03
# With parameters(rot.):    -0.5534E-03   -0.1182E-01   -0.4831E-03
# Minimization at step:    64 with Value:     0.0000Tol(Act/Req):0.1997E+01/0.1000E-04
# With parameters(tra.):    -0.3439E-03   -0.2871E-03   -0.2324E-03
# With parameters(rot.):    -0.6188E-03   -0.1061E-01   -0.4198E-03
# Minimization at step:    65 with Value:     0.0000Tol(Act/Req):0.1997E+01/0.1000E-04
# With parameters(tra.):    -0.3175E-03   -0.3715E-03   -0.2520E-03
# With parameters(rot.):    -0.5575E-03   -0.8415E-02    0.2629E-04
# Minimization at step:    66 with Value:     0.0000Tol(Act/Req):0.1997E+01/0.1000E-04
# With parameters(tra.):    -0.2991E-03   -0.2368E-03   -0.4212E-03
# With parameters(rot.):    -0.5540E-03   -0.4157E-02    0.1849E-03
# Minimization at step:    67 with Value:     0.0000Tol(Act/Req):0.1997E+01/0.1000E-04
# With parameters(tra.):    -0.9115E-04   -0.2316E-03   -0.4177E-03
# With parameters(rot.):    -0.4987E-03   -0.3199E-02    0.1519E-03
# Minimization at step:    68 with Value:     0.0000Tol(Act/Req):0.1997E+01/0.1000E-04
# With parameters(tra.):    -0.5296E-04   -0.3313E-03   -0.2900E-03
# With parameters(rot.):    -0.4875E-03   -0.6153E-02    0.2477E-04
# Minimization at step:    69 with Value:     0.0000Tol(Act/Req):0.1997E+01/0.1000E-04
# With parameters(tra.):    -0.2094E-04   -0.3319E-03   -0.3205E-03
# With parameters(rot.):    -0.1458E-03   -0.3055E-02   -0.2054E-03
# Minimization at step:    70 with Value:     0.0000Tol(Act/Req):0.1996E+01/0.1000E-04
# With parameters(tra.):     0.8151E-04   -0.2903E-03   -0.1842E-03
# With parameters(rot.):    -0.2711E-04   -0.5556E-02    0.3626E-04
# Minimization at step:    71 with Value:     0.0000Tol(Act/Req):0.1995E+01/0.1000E-04
# With parameters(tra.):     0.1082E-03   -0.2624E-03   -0.1736E-03
# With parameters(rot.):     0.1773E-05   -0.5866E-02   -0.7442E-04
# Minimization at step:    72 with Value:     0.0000Tol(Act/Req):0.1994E+01/0.1000E-04
# With parameters(tra.):     0.1348E-03   -0.2708E-03   -0.1590E-03
# With parameters(rot.):     0.2080E-04   -0.4867E-02   -0.1400E-04
# Minimization at step:    73 with Value:     0.0000Tol(Act/Req):0.1994E+01/0.1000E-04
# With parameters(tra.):     0.1398E-03   -0.2656E-03   -0.1379E-03
# With parameters(rot.):    -0.5074E-04   -0.5793E-02    0.5951E-04
# Minimization at step:    74 with Value:     0.0000Tol(Act/Req):0.1992E+01/0.1000E-04
# With parameters(tra.):     0.1190E-03   -0.2739E-03   -0.1681E-03
# With parameters(rot.):    -0.8237E-04   -0.5188E-02    0.1019E-05
# Minimization at step:    75 with Value:     0.0000Tol(Act/Req):0.1992E+01/0.1000E-04
# With parameters(tra.):     0.1555E-04   -0.2884E-03   -0.1083E-03
# With parameters(rot.):    -0.1981E-04   -0.6403E-02   -0.1201E-04
# Minimization at step:    76 with Value:     0.0000Tol(Act/Req):0.1988E+01/0.1000E-04
# With parameters(tra.):     0.1292E-04   -0.2077E-03   -0.1329E-03
# With parameters(rot.):     0.1286E-03   -0.4517E-02    0.6051E-04
# Minimization at step:    77 with Value:     0.0000Tol(Act/Req):0.1987E+01/0.1000E-04
# With parameters(tra.):     0.3450E-04   -0.1337E-03   -0.9817E-04
# With parameters(rot.):     0.2286E-03   -0.4688E-02   -0.1159E-03
# Minimization at step:    78 with Value:     0.0000Tol(Act/Req):0.1983E+01/0.1000E-04
# With parameters(tra.):     0.5430E-04   -0.1048E-03   -0.4864E-04
# With parameters(rot.):     0.3360E-03   -0.2630E-02   -0.2899E-04
# Minimization at step:    79 with Value:     0.0000Tol(Act/Req):0.1983E+01/0.1000E-04
# With parameters(tra.):     0.3853E-04   -0.9490E-04   -0.5379E-04
# With parameters(rot.):     0.3550E-03   -0.2114E-02   -0.6074E-04
# Minimization at step:    80 with Value:     0.0000Tol(Act/Req):0.1983E+01/0.1000E-04
# With parameters(tra.):     0.1473E-04   -0.2752E-04    0.1640E-04
# With parameters(rot.):     0.3472E-03   -0.2739E-02    0.4619E-04
# Minimization at step:    81 with Value:     0.0000Tol(Act/Req):0.1983E+01/0.1000E-04
# With parameters(tra.):     0.3190E-04   -0.3362E-05    0.1682E-04
# With parameters(rot.):     0.3673E-03   -0.2231E-02    0.5321E-04
# Minimization at step:    82 with Value:     0.0000Tol(Act/Req):0.1977E+01/0.1000E-04
# With parameters(tra.):     0.2629E-04   -0.1100E-04    0.1772E-04
# With parameters(rot.):     0.3539E-03   -0.1983E-02    0.1114E-03
# Minimization at step:    83 with Value:     0.0000Tol(Act/Req):0.1976E+01/0.1000E-04
# With parameters(tra.):     0.3321E-04   -0.2646E-04    0.2861E-06
# With parameters(rot.):     0.3564E-03   -0.1764E-02    0.9010E-04
# Minimization at step:    84 with Value:     0.0000Tol(Act/Req):0.1974E+01/0.1000E-04
# With parameters(tra.):     0.6378E-05   -0.2923E-04   -0.3294E-04
# With parameters(rot.):     0.2559E-03   -0.3533E-02    0.4292E-04
# Minimization at step:    85 with Value:     0.0000Tol(Act/Req):0.1970E+01/0.1000E-04
# With parameters(tra.):     0.6489E-05   -0.3455E-04   -0.1847E-04
# With parameters(rot.):     0.2294E-03   -0.3923E-02    0.2332E-04
# Minimization at step:    86 with Value:     0.0000Tol(Act/Req):0.1958E+01/0.1000E-04
# With parameters(tra.):     0.1321E-04   -0.3430E-04   -0.8958E-05
# With parameters(rot.):     0.2523E-03   -0.3513E-02    0.3348E-04
# Minimization at step:    87 with Value:     0.0000Tol(Act/Req):0.1953E+01/0.1000E-04
# With parameters(tra.):    -0.2678E-04    0.5752E-05   -0.4317E-05
# With parameters(rot.):     0.2562E-03   -0.2948E-02    0.1401E-05
# Minimization at step:    88 with Value:     0.0000Tol(Act/Req):0.1949E+01/0.1000E-04
# With parameters(tra.):    -0.5569E-04   -0.3935E-05   -0.9850E-05
# With parameters(rot.):     0.1967E-03   -0.2774E-02    0.8111E-04
# Minimization at step:    89 with Value:     0.0000Tol(Act/Req):0.1944E+01/0.1000E-04
# With parameters(tra.):    -0.5054E-04    0.4420E-04   -0.1790E-04
# With parameters(rot.):     0.1801E-03   -0.1940E-02    0.1045E-03
# Minimization at step:    90 with Value:     0.0000Tol(Act/Req):0.1934E+01/0.1000E-04
# With parameters(tra.):    -0.6463E-04    0.3682E-04   -0.5883E-04
# With parameters(rot.):     0.1264E-03   -0.1560E-02    0.6664E-04
# Minimization at step:    91 with Value:     0.0000Tol(Act/Req):0.1933E+01/0.1000E-04
# With parameters(tra.):    -0.3727E-04    0.7124E-05   -0.8165E-04
# With parameters(rot.):     0.7927E-04   -0.1663E-02    0.1205E-03
# Minimization at step:    92 with Value:     0.0000Tol(Act/Req):0.1932E+01/0.1000E-04
# With parameters(tra.):    -0.5163E-04    0.1039E-04   -0.7377E-04
# With parameters(rot.):    -0.2375E-04   -0.1689E-02    0.1137E-03
# Minimization at step:    93 with Value:     0.0000Tol(Act/Req):0.1932E+01/0.1000E-04
# With parameters(tra.):    -0.8378E-04    0.4117E-04   -0.4833E-04
# With parameters(rot.):    -0.1098E-04   -0.1594E-02    0.5756E-04
# Minimization at step:    94 with Value:     0.0000Tol(Act/Req):0.1929E+01/0.1000E-04
# With parameters(tra.):    -0.8850E-04    0.4758E-04   -0.4685E-04
# With parameters(rot.):    -0.2146E-04   -0.1230E-02    0.6464E-04
# Minimization at step:    95 with Value:     0.0000Tol(Act/Req):0.1929E+01/0.1000E-04
# With parameters(tra.):    -0.5793E-04    0.1894E-04   -0.7180E-04
# With parameters(rot.):    -0.3773E-04   -0.1202E-02    0.1231E-03
# Minimization at step:    96 with Value:     0.0000Tol(Act/Req):0.1927E+01/0.1000E-04
# With parameters(tra.):    -0.2976E-04    0.3625E-04   -0.8692E-04
# With parameters(rot.):    -0.5639E-04   -0.8516E-03    0.5740E-04
# Minimization at step:    97 with Value:     0.0000Tol(Act/Req):0.1919E+01/0.1000E-04
# With parameters(tra.):    -0.3506E-04    0.4485E-04   -0.8194E-04
# With parameters(rot.):    -0.5388E-04   -0.8293E-03    0.3730E-04
# Minimization at step:    98 with Value:     0.0000Tol(Act/Req):0.1918E+01/0.1000E-04
# With parameters(tra.):    -0.3506E-04    0.3287E-04   -0.8527E-04
# With parameters(rot.):    -0.6923E-04   -0.9454E-03    0.2587E-04
# Minimization at step:    99 with Value:     0.0000Tol(Act/Req):0.1917E+01/0.1000E-04
# With parameters(tra.):    -0.1111E-04    0.3894E-04   -0.5314E-04
# With parameters(rot.):    -0.8071E-04   -0.1120E-02    0.5010E-04
# Minimization at step:   100 with Value:     0.0000Tol(Act/Req):0.1895E+01/0.1000E-04
# With parameters(tra.):     0.1676E-04    0.4519E-04   -0.5415E-04
# With parameters(rot.):     0.3329E-05   -0.9049E-03    0.3573E-04
# Minimization at step:   101 with Value:     0.0000Tol(Act/Req):0.1888E+01/0.1000E-04
# With parameters(tra.):     0.7268E-05    0.3445E-04   -0.3462E-04
# With parameters(rot.):     0.3226E-04   -0.1181E-02    0.7959E-04
# Minimization at step:   102 with Value:     0.0000Tol(Act/Req):0.1838E+01/0.1000E-04
# With parameters(tra.):    -0.4907E-06    0.3199E-04   -0.3274E-04
# With parameters(rot.):     0.1366E-04   -0.1258E-02    0.8684E-04
# Minimization at step:   103 with Value:     0.0000Tol(Act/Req):0.1830E+01/0.1000E-04
# With parameters(tra.):     0.1940E-04    0.3961E-04   -0.2508E-04
# With parameters(rot.):     0.4403E-05   -0.5377E-03    0.1084E-03
# Minimization at step:   104 with Value:     0.0000Tol(Act/Req):0.1824E+01/0.1000E-04
# With parameters(tra.):     0.2129E-04    0.4348E-04   -0.1786E-04
# With parameters(rot.):     0.1052E-04   -0.5023E-03    0.1043E-03
# Minimization at step:   105 with Value:     0.0000Tol(Act/Req):0.1811E+01/0.1000E-04
# With parameters(tra.):     0.6844E-05    0.3872E-04   -0.2179E-04
# With parameters(rot.):     0.1898E-04   -0.1034E-02    0.8708E-04
# Minimization at step:   106 with Value:     0.0000Tol(Act/Req):0.1799E+01/0.1000E-04
# With parameters(tra.):     0.2353E-05    0.3719E-04   -0.2721E-04
# With parameters(rot.):     0.3016E-04   -0.9827E-03    0.8411E-04
# Minimization at step:   107 with Value:     0.0000Tol(Act/Req):0.1737E+01/0.1000E-04
# With parameters(tra.):     0.1483E-04    0.1467E-04   -0.1451E-04
# With parameters(rot.):     0.3258E-04   -0.1227E-02    0.8066E-04
# Minimization at step:   108 with Value:     0.0000Tol(Act/Req):0.1723E+01/0.1000E-04
# With parameters(tra.):     0.2368E-04    0.1525E-04   -0.2082E-04
# With parameters(rot.):     0.1340E-04   -0.1059E-02    0.5177E-04
# Minimization at step:   109 with Value:     0.0000Tol(Act/Req):0.1700E+01/0.1000E-04
# With parameters(tra.):     0.2130E-04    0.2092E-04   -0.2452E-04
# With parameters(rot.):     0.1120E-04   -0.9833E-03    0.5023E-04
# Minimization at step:   110 with Value:     0.0000Tol(Act/Req):0.1646E+01/0.1000E-04
# With parameters(tra.):     0.1304E-04    0.1232E-04   -0.1803E-04
# With parameters(rot.):    -0.2682E-04   -0.1045E-02    0.5252E-04
# Minimization at step:   111 with Value:     0.0000Tol(Act/Req):0.1633E+01/0.1000E-04
# With parameters(tra.):     0.1407E-04    0.9661E-05   -0.3634E-05
# With parameters(rot.):    -0.2704E-04   -0.1156E-02    0.2702E-04
# Minimization at step:   112 with Value:     0.0000Tol(Act/Req):0.1609E+01/0.1000E-04
# With parameters(tra.):     0.2310E-04    0.4773E-05    0.2872E-05
# With parameters(rot.):    -0.4278E-04   -0.9204E-03    0.2061E-04
# Minimization at step:   113 with Value:     0.0000Tol(Act/Req):0.1596E+01/0.1000E-04
# With parameters(tra.):     0.3181E-04    0.9341E-05    0.3227E-05
# With parameters(rot.):    -0.1825E-04   -0.8426E-03    0.1091E-04
# Minimization at step:   114 with Value:     0.0000Tol(Act/Req):0.1473E+01/0.1000E-04
# With parameters(tra.):     0.3243E-04    0.7781E-07    0.2709E-05
# With parameters(rot.):    -0.1359E-04   -0.7312E-03   -0.1185E-04
# Minimization at step:   115 with Value:     0.0000Tol(Act/Req):0.1473E+01/0.1000E-04
# With parameters(tra.):     0.3752E-04   -0.4600E-06   -0.9572E-05
# With parameters(rot.):    -0.8888E-05   -0.4796E-03    0.6942E-06
# Minimization at step:   116 with Value:     0.0000Tol(Act/Req):0.1464E+01/0.1000E-04
# With parameters(tra.):     0.3329E-04   -0.6269E-05    0.4949E-06
# With parameters(rot.):     0.2858E-05   -0.4554E-03    0.1256E-04
# Minimization at step:   117 with Value:     0.0000Tol(Act/Req):0.1439E+01/0.1000E-04
# With parameters(tra.):     0.3167E-04   -0.6619E-05    0.4404E-05
# With parameters(rot.):     0.2661E-05   -0.5162E-03    0.1041E-04
# Minimization at step:   118 with Value:     0.0000Tol(Act/Req):0.1292E+01/0.1000E-04
# With parameters(tra.):     0.3036E-04   -0.4445E-05    0.6642E-05
# With parameters(rot.):    -0.4590E-05   -0.2101E-03   -0.5952E-05
# Minimization at step:   119 with Value:     0.0000Tol(Act/Req):0.1286E+01/0.1000E-04
# With parameters(tra.):     0.2676E-04   -0.4259E-05    0.3562E-05
# With parameters(rot.):     0.1863E-04   -0.1301E-03   -0.1053E-04
# Minimization at step:   120 with Value:     0.0000Tol(Act/Req):0.1205E+01/0.1000E-04
# With parameters(tra.):     0.1927E-04   -0.1184E-04    0.3437E-05
# With parameters(rot.):     0.1458E-04    0.5549E-04   -0.1122E-04
# Minimization at step:   121 with Value:     0.0000Tol(Act/Req):0.1129E+01/0.1000E-04
# With parameters(tra.):     0.1916E-04   -0.1085E-04    0.1165E-05
# With parameters(rot.):     0.1262E-04    0.9200E-04   -0.1616E-04
# Minimization at step:   122 with Value:     0.0000Tol(Act/Req):0.1104E+01/0.1000E-04
# With parameters(tra.):     0.1432E-04   -0.8317E-05    0.9955E-06
# With parameters(rot.):     0.1824E-04    0.2921E-03   -0.2427E-05
# Minimization at step:   123 with Value:     0.0000Tol(Act/Req):0.1101E+01/0.1000E-04
# With parameters(tra.):     0.1331E-04   -0.9183E-05   -0.3466E-07
# With parameters(rot.):     0.2196E-04    0.2575E-03    0.1957E-05
# Minimization at step:   124 with Value:     0.0000Tol(Act/Req):0.1062E+01/0.1000E-04
# With parameters(tra.):     0.1243E-04   -0.1101E-04    0.1848E-05
# With parameters(rot.):    -0.1524E-06    0.3066E-03    0.1070E-04
# Minimization at step:   125 with Value:     0.0000Tol(Act/Req):0.1031E+01/0.1000E-04
# With parameters(tra.):     0.1001E-04   -0.1155E-04    0.3589E-05
# With parameters(rot.):    -0.4853E-06    0.3448E-03    0.9652E-05
# Minimization at step:   126 with Value:     0.0000Tol(Act/Req):0.9271E+00/0.1000E-04
# With parameters(tra.):     0.1003E-04   -0.1114E-04    0.3264E-05
# With parameters(rot.):     0.5015E-05    0.3356E-03    0.7379E-05
# Minimization at step:   127 with Value:     0.0000Tol(Act/Req):0.8961E+00/0.1000E-04
# With parameters(tra.):     0.1089E-04   -0.1201E-04    0.3495E-05
# With parameters(rot.):     0.2506E-05    0.2892E-03    0.4762E-05
# Minimization at step:   128 with Value:     0.0000Tol(Act/Req):0.7038E+00/0.1000E-04
# With parameters(tra.):     0.1440E-04   -0.6366E-05    0.3603E-05
# With parameters(rot.):     0.2529E-05    0.2085E-03    0.9269E-05
# Minimization at step:   129 with Value:     0.0000Tol(Act/Req):0.5994E+00/0.1000E-04
# With parameters(tra.):     0.1305E-04   -0.3763E-05    0.8056E-06
# With parameters(rot.):    -0.2933E-05    0.2924E-03    0.8207E-05
# Minimization at step:   130 with Value:     0.0000Tol(Act/Req):0.5711E+00/0.1000E-04
# With parameters(tra.):     0.1094E-04   -0.3688E-05   -0.9747E-06
# With parameters(rot.):    -0.3799E-05    0.2347E-03    0.1906E-04
# Minimization at step:   131 with Value:     0.0000Tol(Act/Req):0.5654E+00/0.1000E-04
# With parameters(tra.):     0.1128E-04   -0.3808E-06   -0.3038E-05
# With parameters(rot.):     0.4264E-05    0.1828E-03    0.1840E-04
# Minimization at step:   132 with Value:     0.0000Tol(Act/Req):0.5444E+00/0.1000E-04
# With parameters(tra.):     0.6875E-05    0.2261E-05   -0.1764E-05
# With parameters(rot.):     0.5181E-05    0.2050E-03    0.1922E-04
# Minimization at step:   133 with Value:     0.0000Tol(Act/Req):0.5086E+00/0.1000E-04
# With parameters(tra.):     0.7627E-05    0.4170E-05   -0.2473E-06
# With parameters(rot.):     0.9040E-05    0.2529E-03    0.8427E-05
# Minimization at step:   134 with Value:     0.0000Tol(Act/Req):0.4959E+00/0.1000E-04
# With parameters(tra.):     0.8246E-05    0.7825E-05   -0.1032E-05
# With parameters(rot.):     0.6200E-05    0.1480E-03    0.4416E-05
# Minimization at step:   135 with Value:     0.0000Tol(Act/Req):0.4581E+00/0.1000E-04
# With parameters(tra.):     0.7837E-05    0.7308E-05   -0.2366E-05
# With parameters(rot.):     0.2596E-05    0.8584E-04    0.1151E-04
# Minimization at step:   136 with Value:     0.0000Tol(Act/Req):0.4501E+00/0.1000E-04
# With parameters(tra.):     0.6347E-05    0.6563E-05   -0.7819E-07
# With parameters(rot.):    -0.6023E-05    0.1054E-03    0.9865E-05
# Minimization at step:   137 with Value:     0.0000Tol(Act/Req):0.3880E+00/0.1000E-04
# With parameters(tra.):     0.1316E-05    0.7112E-05   -0.1378E-05
# With parameters(rot.):    -0.8889E-05    0.1249E-03    0.7059E-05
# Minimization at step:   138 with Value:     0.0000Tol(Act/Req):0.3782E+00/0.1000E-04
# With parameters(tra.):     0.5840E-06    0.6139E-05   -0.1210E-05
# With parameters(rot.):    -0.9436E-05    0.1492E-03    0.8282E-05
# Minimization at step:   139 with Value:     0.0000Tol(Act/Req):0.3390E+00/0.1000E-04
# With parameters(tra.):    -0.1855E-05    0.7312E-05   -0.3152E-06
# With parameters(rot.):    -0.8331E-05    0.7147E-04    0.8832E-05
# Minimization at step:   140 with Value:     0.0000Tol(Act/Req):0.3108E+00/0.1000E-04
# With parameters(tra.):     0.1125E-05    0.6951E-05    0.9249E-06
# With parameters(rot.):    -0.6042E-05    0.4351E-04    0.1138E-04
# Minimization at step:   141 with Value:     0.0000Tol(Act/Req):0.3095E+00/0.1000E-04
# With parameters(tra.):     0.1063E-05    0.7169E-05    0.4365E-06
# With parameters(rot.):    -0.3889E-05    0.3345E-04    0.1192E-04
# Minimization at step:   142 with Value:     0.0000Tol(Act/Req):0.2465E+00/0.1000E-04
# With parameters(tra.):     0.2916E-05    0.6415E-05    0.3127E-07
# With parameters(rot.):    -0.6845E-05   -0.2615E-04    0.9477E-05
# Minimization at step:   143 with Value:     0.0000Tol(Act/Req):0.1600E+00/0.1000E-04
# With parameters(tra.):     0.1548E-05    0.6462E-05    0.1720E-05
# With parameters(rot.):    -0.7589E-05   -0.2207E-04    0.4070E-05
# Minimization at step:   144 with Value:     0.0000Tol(Act/Req):0.1549E+00/0.1000E-04
# With parameters(tra.):     0.2238E-05    0.6196E-05    0.1740E-05
# With parameters(rot.):    -0.7711E-05   -0.1691E-04    0.3581E-05
# Minimization at step:   145 with Value:     0.0000Tol(Act/Req):0.1520E+00/0.1000E-04
# With parameters(tra.):     0.1325E-05    0.4268E-05    0.3058E-05
# With parameters(rot.):    -0.8231E-05   -0.2366E-04    0.4461E-05
# Minimization at step:   146 with Value:     0.0000Tol(Act/Req):0.1432E+00/0.1000E-04
# With parameters(tra.):    -0.1153E-06    0.3778E-05    0.2972E-05
# With parameters(rot.):    -0.9922E-05   -0.2647E-04    0.1457E-05
# Minimization at step:   147 with Value:     0.0000Tol(Act/Req):0.1366E+00/0.1000E-04
# With parameters(tra.):     0.6979E-06    0.2836E-05    0.1700E-05
# With parameters(rot.):    -0.9956E-05   -0.3201E-04    0.5993E-05
# Minimization at step:   148 with Value:     0.0000Tol(Act/Req):0.1309E+00/0.1000E-04
# With parameters(tra.):     0.4511E-06    0.1829E-05    0.1145E-05
# With parameters(rot.):    -0.7673E-05   -0.7394E-04    0.5093E-05
# Minimization at step:   149 with Value:     0.0000Tol(Act/Req):0.1294E+00/0.1000E-04
# With parameters(tra.):    -0.1606E-05    0.8027E-06    0.1786E-05
# With parameters(rot.):    -0.5978E-05   -0.5014E-04    0.5259E-05
# Minimization at step:   150 with Value:     0.0000Tol(Act/Req):0.8998E-01/0.1000E-04
# With parameters(tra.):    -0.2001E-05    0.8688E-06    0.2111E-05
# With parameters(rot.):    -0.5638E-05   -0.5027E-04    0.4063E-05
# Minimization at step:   151 with Value:     0.0000Tol(Act/Req):0.8425E-01/0.1000E-04
# With parameters(tra.):    -0.2197E-05    0.1663E-05    0.4776E-06
# With parameters(rot.):    -0.4254E-05   -0.5239E-04    0.3052E-05
# Minimization at step:   152 with Value:     0.0000Tol(Act/Req):0.8296E-01/0.1000E-04
# With parameters(tra.):    -0.1732E-05    0.1991E-05    0.2082E-06
# With parameters(rot.):    -0.4534E-05   -0.5852E-04    0.2826E-05
# Minimization at step:   153 with Value:     0.0000Tol(Act/Req):0.7285E-01/0.1000E-04
# With parameters(tra.):    -0.1675E-05    0.5712E-07   -0.2617E-06
# With parameters(rot.):    -0.3720E-05   -0.6207E-04    0.1597E-05
# Minimization at step:   154 with Value:     0.0000Tol(Act/Req):0.5382E-01/0.1000E-04
# With parameters(tra.):    -0.1565E-05   -0.1713E-06   -0.5166E-06
# With parameters(rot.):    -0.2921E-05   -0.6457E-04    0.2110E-05
# Minimization at step:   155 with Value:     0.0000Tol(Act/Req):0.4863E-01/0.1000E-04
# With parameters(tra.):    -0.1990E-05    0.1696E-06   -0.5151E-06
# With parameters(rot.):    -0.3621E-05   -0.1951E-04    0.2016E-05
# Minimization at step:   156 with Value:     0.0000Tol(Act/Req):0.4597E-01/0.1000E-04
# With parameters(tra.):    -0.2187E-05    0.1444E-06   -0.5715E-06
# With parameters(rot.):    -0.3283E-05   -0.1701E-04    0.1247E-05
# Minimization at step:   157 with Value:     0.0000Tol(Act/Req):0.4214E-01/0.1000E-04
# With parameters(tra.):    -0.2137E-05   -0.1808E-06   -0.2505E-06
# With parameters(rot.):    -0.3548E-05   -0.1354E-04    0.1350E-05
# Minimization at step:   158 with Value:     0.0000Tol(Act/Req):0.3795E-01/0.1000E-04
# With parameters(tra.):    -0.2190E-05    0.2830E-06   -0.1321E-06
# With parameters(rot.):    -0.3737E-05   -0.8605E-05    0.1636E-05
# Minimization at step:   159 with Value:     0.0000Tol(Act/Req):0.3030E-01/0.1000E-04
# With parameters(tra.):    -0.2100E-05    0.2072E-06   -0.1006E-06
# With parameters(rot.):    -0.3572E-05   -0.1896E-04    0.1628E-05
# Minimization at step:   160 with Value:     0.0000Tol(Act/Req):0.2554E-01/0.1000E-04
# With parameters(tra.):    -0.1293E-05    0.2687E-06   -0.7423E-06
# With parameters(rot.):    -0.3811E-05   -0.1805E-04    0.7784E-06
# Minimization at step:   161 with Value:     0.0000Tol(Act/Req):0.1800E-01/0.1000E-04
# With parameters(tra.):    -0.9818E-06   -0.4140E-07   -0.1328E-05
# With parameters(rot.):    -0.2510E-05   -0.7537E-05    0.1359E-05
# Minimization at step:   162 with Value:     0.0000Tol(Act/Req):0.1611E-01/0.1000E-04
# With parameters(tra.):    -0.9736E-06   -0.1538E-06   -0.1692E-05
# With parameters(rot.):    -0.1576E-05    0.6230E-06   -0.1398E-06
# Minimization at step:   163 with Value:     0.0000Tol(Act/Req):0.1571E-01/0.1000E-04
# With parameters(tra.):    -0.4864E-06   -0.7952E-06   -0.1531E-05
# With parameters(rot.):    -0.1449E-05    0.1230E-04   -0.4312E-06
# Minimization at step:   164 with Value:     0.0000Tol(Act/Req):0.1553E-01/0.1000E-04
# With parameters(tra.):    -0.3071E-06   -0.9166E-06   -0.1634E-05
# With parameters(rot.):    -0.1189E-05    0.9725E-05   -0.6069E-06
# Minimization at step:   165 with Value:     0.0000Tol(Act/Req):0.1497E-01/0.1000E-04
# With parameters(tra.):    -0.9317E-07   -0.1059E-05   -0.1250E-05
# With parameters(rot.):    -0.1994E-05    0.4599E-05    0.7366E-06
# Minimization at step:   166 with Value:     0.0000Tol(Act/Req):0.1418E-01/0.1000E-04
# With parameters(tra.):    -0.1951E-06   -0.1185E-05   -0.1132E-05
# With parameters(rot.):    -0.1783E-05    0.6258E-05    0.9456E-06
# Minimization at step:   167 with Value:     0.0000Tol(Act/Req):0.1335E-01/0.1000E-04
# With parameters(tra.):    -0.2072E-06   -0.1202E-05   -0.9695E-06
# With parameters(rot.):    -0.2048E-05    0.4780E-05    0.7659E-06
# Minimization at step:   168 with Value:     0.0000Tol(Act/Req):0.1293E-01/0.1000E-04
# With parameters(tra.):     0.3482E-06   -0.7698E-06   -0.1012E-05
# With parameters(rot.):    -0.1863E-05    0.1911E-04    0.1049E-05
# Minimization at step:   169 with Value:     0.0000Tol(Act/Req):0.1222E-01/0.1000E-04
# With parameters(tra.):     0.3315E-06   -0.7103E-06   -0.1088E-05
# With parameters(rot.):    -0.1651E-05    0.2160E-04    0.7390E-06
# Minimization at step:   170 with Value:     0.0000Tol(Act/Req):0.1189E-01/0.1000E-04
# With parameters(tra.):     0.1169E-06   -0.4052E-07   -0.1102E-05
# With parameters(rot.):    -0.1846E-05    0.1302E-04    0.1421E-05
# Minimization at step:   171 with Value:     0.0000Tol(Act/Req):0.9729E-02/0.1000E-04
# With parameters(tra.):    -0.4118E-07   -0.8787E-07   -0.1099E-05
# With parameters(rot.):    -0.1890E-05    0.8932E-05    0.1381E-05
# Minimization at step:   172 with Value:     0.0000Tol(Act/Req):0.6200E-02/0.1000E-04
# With parameters(tra.):    -0.7215E-09   -0.2592E-06   -0.1095E-05
# With parameters(rot.):    -0.1845E-05    0.1073E-04    0.1207E-05
# Minimization at step:   173 with Value:     0.0000Tol(Act/Req):0.6117E-02/0.1000E-04
# With parameters(tra.):    -0.1397E-06   -0.2028E-06   -0.8464E-06
# With parameters(rot.):    -0.1444E-05    0.1555E-04    0.1712E-05
# Minimization at step:   174 with Value:     0.0000Tol(Act/Req):0.5752E-02/0.1000E-04
# With parameters(tra.):    -0.1415E-06    0.9487E-07   -0.4802E-06
# With parameters(rot.):    -0.1772E-05    0.1618E-04    0.1668E-05
# Minimization at step:   175 with Value:     0.0000Tol(Act/Req):0.5508E-02/0.1000E-04
# With parameters(tra.):     0.2722E-06    0.1892E-06   -0.3023E-06
# With parameters(rot.):    -0.1447E-05    0.1318E-04    0.2075E-05
# Minimization at step:   176 with Value:     0.0000Tol(Act/Req):0.5249E-02/0.1000E-04
# With parameters(tra.):     0.2191E-06    0.6081E-06   -0.1928E-06
# With parameters(rot.):    -0.9544E-06    0.1536E-04    0.1901E-05
# Minimization at step:   177 with Value:     0.0000Tol(Act/Req):0.4903E-02/0.1000E-04
# With parameters(tra.):    -0.1045E-06    0.6420E-06   -0.2988E-06
# With parameters(rot.):    -0.1075E-05    0.1815E-04    0.1552E-05
# Minimization at step:   178 with Value:     0.0000Tol(Act/Req):0.4267E-02/0.1000E-04
# With parameters(tra.):    -0.3576E-06    0.7535E-06   -0.9422E-07
# With parameters(rot.):    -0.9383E-06    0.1432E-04    0.1535E-05
# Minimization at step:   179 with Value:     0.0000Tol(Act/Req):0.4259E-02/0.1000E-04
# With parameters(tra.):    -0.3923E-06    0.6609E-06   -0.1134E-06
# With parameters(rot.):    -0.1060E-05    0.1369E-04    0.1548E-05
# Minimization at step:   180 with Value:     0.0000Tol(Act/Req):0.4227E-02/0.1000E-04
# With parameters(tra.):    -0.4419E-06    0.6249E-06    0.2212E-06
# With parameters(rot.):    -0.7084E-06    0.1828E-04    0.1315E-05
# Minimization at step:   181 with Value:     0.0000Tol(Act/Req):0.4072E-02/0.1000E-04
# With parameters(tra.):    -0.5402E-06    0.5038E-06    0.8884E-07
# With parameters(rot.):    -0.2597E-07    0.1835E-04    0.1241E-05
# Minimization at step:   182 with Value:     0.0000Tol(Act/Req):0.3586E-02/0.1000E-04
# With parameters(tra.):    -0.5348E-06    0.6830E-06    0.1520E-06
# With parameters(rot.):     0.4503E-07    0.1448E-04    0.5789E-06
# Minimization at step:   183 with Value:     0.0000Tol(Act/Req):0.2607E-02/0.1000E-04
# With parameters(tra.):    -0.5208E-06    0.7245E-06   -0.1163E-06
# With parameters(rot.):    -0.3031E-07    0.1008E-04    0.5701E-06
# Minimization at step:   184 with Value:     0.0000Tol(Act/Req):0.2544E-02/0.1000E-04
# With parameters(tra.):    -0.4438E-06    0.7294E-06    0.1525E-07
# With parameters(rot.):     0.3984E-06    0.5533E-05    0.4753E-06
# Minimization at step:   185 with Value:     0.0000Tol(Act/Req):0.2422E-02/0.1000E-04
# With parameters(tra.):    -0.4112E-06    0.7784E-06    0.4221E-07
# With parameters(rot.):     0.2631E-06    0.4447E-05    0.4299E-06
# Minimization at step:   186 with Value:     0.0000Tol(Act/Req):0.2309E-02/0.1000E-04
# With parameters(tra.):    -0.2604E-06    0.7124E-06   -0.4871E-07
# With parameters(rot.):     0.5724E-06    0.3708E-05    0.7264E-07
# Minimization at step:   187 with Value:     0.0000Tol(Act/Req):0.2198E-02/0.1000E-04
# With parameters(tra.):    -0.2859E-06    0.5444E-06   -0.6549E-07
# With parameters(rot.):     0.8730E-06   -0.8811E-06   -0.3931E-06
# Minimization at step:   188 with Value:     0.0000Tol(Act/Req):0.1987E-02/0.1000E-04
# With parameters(tra.):    -0.2084E-06    0.3191E-06   -0.2011E-06
# With parameters(rot.):     0.1078E-05   -0.2126E-05   -0.5492E-07
# Minimization at step:   189 with Value:     0.0000Tol(Act/Req):0.1462E-02/0.1000E-04
# With parameters(tra.):    -0.1956E-06    0.3423E-06   -0.2082E-06
# With parameters(rot.):     0.1020E-05   -0.1082E-05    0.8971E-07
# Minimization at step:   190 with Value:     0.0000Tol(Act/Req):0.1462E-02/0.1000E-04
# With parameters(tra.):    -0.2139E-06    0.4006E-06   -0.1749E-06
# With parameters(rot.):     0.9639E-06   -0.6843E-06    0.1721E-07
# Minimization at step:   191 with Value:     0.0000Tol(Act/Req):0.1345E-02/0.1000E-04
# With parameters(tra.):    -0.2142E-06    0.2861E-06   -0.3698E-06
# With parameters(rot.):     0.7237E-06    0.1793E-05   -0.4070E-07
# Minimization at step:   192 with Value:     0.0000Tol(Act/Req):0.1164E-02/0.1000E-04
# With parameters(tra.):    -0.1446E-06    0.1557E-06   -0.2991E-06
# With parameters(rot.):     0.9499E-06    0.1918E-05   -0.1890E-06
# Minimization at step:   193 with Value:     0.0000Tol(Act/Req):0.1133E-02/0.1000E-04
# With parameters(tra.):    -0.2568E-06    0.3618E-07   -0.2916E-06
# With parameters(rot.):     0.7664E-06    0.2061E-05    0.8110E-07
# Minimization at step:   194 with Value:     0.0000Tol(Act/Req):0.1082E-02/0.1000E-04
# With parameters(tra.):    -0.1401E-06   -0.1131E-06   -0.3490E-06
# With parameters(rot.):     0.6637E-06   -0.9061E-06   -0.1259E-06
# Minimization at step:   195 with Value:     0.0000Tol(Act/Req):0.8843E-03/0.1000E-04
# With parameters(tra.):    -0.1213E-06   -0.1271E-06   -0.1976E-06
# With parameters(rot.):     0.8288E-06   -0.3438E-05   -0.1038E-06
# Minimization at step:   196 with Value:     0.0000Tol(Act/Req):0.7455E-03/0.1000E-04
# With parameters(tra.):    -0.1489E-06   -0.9095E-07   -0.1706E-06
# With parameters(rot.):     0.8683E-06   -0.2908E-05   -0.5019E-07
# Minimization at step:   197 with Value:     0.0000Tol(Act/Req):0.6941E-03/0.1000E-04
# With parameters(tra.):    -0.1077E-06   -0.1889E-06   -0.1723E-06
# With parameters(rot.):     0.7015E-06   -0.1429E-05    0.1924E-06
# Minimization at step:   198 with Value:     0.0000Tol(Act/Req):0.5533E-03/0.1000E-04
# With parameters(tra.):    -0.6720E-07   -0.1778E-06   -0.1642E-06
# With parameters(rot.):     0.7420E-06   -0.1756E-05    0.1342E-06
# Minimization at step:   199 with Value:     0.0000Tol(Act/Req):0.5169E-03/0.1000E-04
# With parameters(tra.):    -0.8783E-07   -0.2020E-06   -0.1664E-06
# With parameters(rot.):     0.5219E-06   -0.3064E-05    0.3407E-06
# Minimization at step:   200 with Value:     0.0000Tol(Act/Req):0.4571E-03/0.1000E-04
# With parameters(tra.):    -0.8243E-07   -0.2863E-06   -0.9698E-07
# With parameters(rot.):     0.2624E-06   -0.3061E-05    0.3036E-06
# Minimization at step:   201 with Value:     0.0000Tol(Act/Req):0.3549E-03/0.1000E-04
# With parameters(tra.):    -0.8232E-07   -0.2973E-06   -0.1138E-06
# With parameters(rot.):     0.1877E-06   -0.2607E-05    0.3339E-06
# Minimization at step:   202 with Value:     0.0000Tol(Act/Req):0.3249E-03/0.1000E-04
# With parameters(tra.):    -0.1151E-06   -0.2355E-06   -0.9266E-07
# With parameters(rot.):     0.1831E-06   -0.4478E-05    0.1384E-06
# Minimization at step:   203 with Value:     0.0000Tol(Act/Req):0.3192E-03/0.1000E-04
# With parameters(tra.):    -0.1036E-06   -0.2224E-06   -0.6585E-07
# With parameters(rot.):     0.2903E-06   -0.3642E-05   -0.1356E-06
# Minimization at step:   204 with Value:     0.0000Tol(Act/Req):0.2704E-03/0.1000E-04
# With parameters(tra.):    -0.1067E-06   -0.1959E-06   -0.8062E-07
# With parameters(rot.):     0.3575E-06   -0.3691E-05   -0.1629E-06
# Minimization at step:   205 with Value:     0.0000Tol(Act/Req):0.1599E-03/0.1000E-04
# With parameters(tra.):    -0.1098E-06   -0.1970E-06   -0.8855E-07
# With parameters(rot.):     0.3363E-06   -0.3904E-05   -0.9672E-07
# Minimization at step:   206 with Value:     0.0000Tol(Act/Req):0.1332E-03/0.1000E-04
# With parameters(tra.):    -0.1520E-06   -0.1600E-06   -0.7283E-08
# With parameters(rot.):     0.2378E-06   -0.3175E-05   -0.5027E-08
# Minimization at step:   207 with Value:     0.0000Tol(Act/Req):0.7811E-04/0.1000E-04
# With parameters(tra.):    -0.1315E-06   -0.1967E-06   -0.2695E-11
# With parameters(rot.):     0.2606E-06   -0.8693E-06    0.1426E-06
# Minimization at step:   208 with Value:     0.0000Tol(Act/Req):0.4061E-04/0.1000E-04
# With parameters(tra.):    -0.7199E-07   -0.1808E-06    0.7090E-07
# With parameters(rot.):     0.1811E-06   -0.1227E-05    0.2897E-07
# Minimization at step:   209 with Value:     0.0000Tol(Act/Req):0.3404E-04/0.1000E-04
# With parameters(tra.):    -0.7215E-07   -0.1703E-06    0.7498E-07
# With parameters(rot.):     0.1688E-06   -0.1833E-05   -0.1742E-07
# Minimization at step:   210 with Value:     0.0000Tol(Act/Req):0.1403E-04/0.1000E-04
# With parameters(tra.):    -0.6854E-07   -0.1498E-06    0.1042E-06
# With parameters(rot.):     0.1304E-07   -0.6679E-06   -0.7399E-07
# Minimization at step:   211 with Value:     0.0000Tol(Act/Req):0.1257E-04/0.1000E-04
# With parameters(tra.):    -0.1269E-06   -0.1555E-06    0.4443E-07
# With parameters(rot.):     0.3655E-07   -0.1241E-06    0.5356E-08
# Minimization at step:   212 with Value:     0.0000Tol(Act/Req):0.1104E-04/0.1000E-04
# With parameters(tra.):    -0.1327E-06   -0.1610E-06    0.3214E-07
# With parameters(rot.):     0.7745E-07   -0.3701E-06    0.2611E-07
# Minimization at step:   213 with Value:     0.0000Tol(Act/Req):0.1070E-04/0.1000E-04
# With parameters(tra.):    -0.1364E-06   -0.1449E-06    0.3415E-07
# With parameters(rot.):     0.8771E-07   -0.1179E-06    0.2821E-07
# Minimization at step:   214 with Value:     0.0000Tol(Act/Req):0.8815E-05/0.1000E-04
# With parameters(tra.):    -0.8903E-07   -0.1769E-06   -0.3330E-07
# With parameters(rot.):     0.1361E-06    0.1719E-06   -0.5240E-07
# CSM Values after x minimization.
# Final Number of optim. Steps:   214
#      Before min is:      0.00000000000
# Final CSM Value is:      0.00000000000
# Coordinates rotated along Y.
[molecule] Nrec=   4 Format=nscxyz
  h                1    1    0.12246468D-15   0.10000000D+01  -0.12325952D-31
  h                2    1   -0.12246468D-15  -0.10000000D+01   0.12325952D-31
  he               3    2    0.61232340D-16   0.48271527D-32   0.10000000D+01
  he               4    2   -0.61232340D-16  -0.48271527D-32  -0.10000000D+01
# Minimization at step:     0 with Value:     0.0228Tol(Act/Req):0.2000E+01/0.1000E-04
# With parameters(tra.):     0.1429E-01    0.1429E-01    0.1429E-01
# With parameters(rot.):     0.1429E-01    0.1429E-01    0.1429E-01
# Minimization at step:     1 with Value:     0.0179Tol(Act/Req):0.2000E+01/0.1000E-04
# With parameters(tra.):     0.1548E-01    0.1548E-01    0.7143E-02
# With parameters(rot.):     0.1548E-01    0.1548E-01    0.1548E-01
# Minimization at step:     2 with Value:     0.0132Tol(Act/Req):0.2000E+01/0.1000E-04
# With parameters(tra.):     0.8433E-02    0.1677E-01    0.7738E-02
# With parameters(rot.):     0.1677E-01    0.1677E-01    0.1677E-01
# Minimization at step:     3 with Value:     0.0090Tol(Act/Req):0.2000E+01/0.1000E-04
# With parameters(tra.):     0.9135E-02    0.9830E-02    0.8383E-02
# With parameters(rot.):     0.1816E-01    0.1816E-01    0.1816E-01
# Minimization at step:     4 with Value:     0.0078Tol(Act/Req):0.2000E+01/0.1000E-04
# With parameters(tra.):     0.9202E-02    0.9954E-02    0.4915E-02
# With parameters(rot.):     0.1898E-01    0.1898E-01    0.1898E-01
# Minimization at step:     5 with Value:     0.0065Tol(Act/Req):0.2000E+01/0.1000E-04
# With parameters(tra.):     0.5744E-02    0.1003E-01    0.4977E-02
# With parameters(rot.):     0.1981E-01    0.1981E-01    0.1981E-01
# Minimization at step:     6 with Value:     0.0053Tol(Act/Req):0.2000E+01/0.1000E-04
# With parameters(tra.):     0.6223E-02    0.1087E-01    0.5392E-02
# With parameters(rot.):     0.1313E-01    0.2146E-01    0.2146E-01
# Minimization at step:     7 with Value:     0.0042Tol(Act/Req):0.2000E+01/0.1000E-04
# With parameters(tra.):     0.6742E-02    0.1177E-01    0.5841E-02
# With parameters(rot.):     0.1422E-01    0.2325E-01    0.1492E-01
# Minimization at step:     8 with Value:     0.0029Tol(Act/Req):0.2000E+01/0.1000E-04
# With parameters(tra.):     0.7197E-02    0.1855E-02    0.6173E-02
# With parameters(rot.):     0.1533E-01    0.2662E-01    0.1620E-01
# Minimization at step:     9 with Value:     0.0027Tol(Act/Req):0.2000E+01/0.1000E-04
# With parameters(tra.):     0.6663E-02   -0.5956E-03   -0.3436E-03
# With parameters(rot.):     0.1576E-01    0.3080E-01    0.1691E-01
# Minimization at step:    10 with Value:     0.0026Tol(Act/Req):0.2000E+01/0.1000E-04
# With parameters(tra.):     0.5348E-04   -0.3984E-02   -0.1993E-02
# With parameters(rot.):     0.1606E-01    0.3613E-01    0.1761E-01
# Minimization at step:    11 with Value:     0.0026Tol(Act/Req):0.2000E+01/0.1000E-04
# With parameters(tra.):    -0.1046E-02   -0.7262E-02   -0.3624E-02
# With parameters(rot.):     0.3677E-02    0.4432E-01    0.1962E-01
# Minimization at step:    12 with Value:     0.0022Tol(Act/Req):0.2000E+01/0.1000E-04
# With parameters(tra.):    -0.1435E-02   -0.8396E-02   -0.4189E-02
# With parameters(rot.):     0.3346E-02    0.4696E-01    0.1674E-01
# Minimization at step:    13 with Value:     0.0021Tol(Act/Req):0.2000E+01/0.1000E-04
# With parameters(tra.):     0.4678E-02   -0.6478E-02   -0.3272E-02
# With parameters(rot.):    -0.1201E-02    0.4526E-01    0.1576E-01
# Minimization at step:    14 with Value:     0.0018Tol(Act/Req):0.2000E+01/0.1000E-04
# With parameters(tra.):     0.5429E-02   -0.5593E-02   -0.2834E-02
# With parameters(rot.):     0.1489E-02    0.4329E-01    0.1494E-01
# Minimization at step:    15 with Value:     0.0017Tol(Act/Req):0.2000E+01/0.1000E-04
# With parameters(tra.):     0.5553E-02   -0.4809E-02    0.2852E-02
# With parameters(rot.):    -0.3689E-02    0.4326E-01    0.1357E-01
# Minimization at step:    16 with Value:     0.0016Tol(Act/Req):0.2000E+01/0.1000E-04
# With parameters(tra.):    -0.2684E-03   -0.6170E-02    0.3977E-02
# With parameters(rot.):     0.2823E-04    0.4431E-01    0.1381E-01
# Minimization at step:    17 with Value:     0.0015Tol(Act/Req):0.2000E+01/0.1000E-04
# With parameters(tra.):    -0.3061E-02   -0.2232E-02    0.3023E-02
# With parameters(rot.):    -0.5814E-02    0.4796E-01    0.1216E-01
# Minimization at step:    18 with Value:     0.0012Tol(Act/Req):0.2000E+01/0.1000E-04
# With parameters(tra.):    -0.3809E-02   -0.2213E-02    0.1616E-02
# With parameters(rot.):    -0.4697E-02    0.4836E-01    0.1239E-01
# Minimization at step:    19 with Value:     0.0009Tol(Act/Req):0.2000E+01/0.1000E-04
# With parameters(tra.):    -0.3287E-03   -0.2038E-03    0.1822E-03
# With parameters(rot.):    -0.8666E-02    0.4859E-01    0.1185E-01
# Minimization at step:    20 with Value:     0.0008Tol(Act/Req):0.2000E+01/0.1000E-04
# With parameters(tra.):     0.5971E-03   -0.1019E-02    0.1839E-03
# With parameters(rot.):    -0.7443E-02    0.4772E-01    0.1223E-01
# Minimization at step:    21 with Value:     0.0007Tol(Act/Req):0.2000E+01/0.1000E-04
# With parameters(tra.):     0.4952E-03   -0.8273E-03    0.5130E-03
# With parameters(rot.):    -0.1170E-01    0.5328E-01    0.4967E-02
# Minimization at step:    22 with Value:     0.0006Tol(Act/Req):0.2000E+01/0.1000E-04
# With parameters(tra.):     0.4599E-03    0.1234E-04    0.1011E-02
# With parameters(rot.):    -0.1146E-01    0.5313E-01    0.3724E-02
# Minimization at step:    23 with Value:     0.0005Tol(Act/Req):0.2000E+01/0.1000E-04
# With parameters(tra.):     0.4824E-03    0.3434E-04    0.9699E-03
# With parameters(rot.):    -0.1037E-01    0.5172E-01    0.5436E-02
# Minimization at step:    24 with Value:     0.0004Tol(Act/Req):0.2000E+01/0.1000E-04
# With parameters(tra.):     0.4324E-03    0.6241E-03   -0.1303E-02
# With parameters(rot.):    -0.1011E-01    0.5316E-01    0.4037E-02
# Minimization at step:    25 with Value:     0.0003Tol(Act/Req):0.2000E+01/0.1000E-04
# With parameters(tra.):    -0.1634E-02   -0.4396E-03   -0.8420E-03
# With parameters(rot.):    -0.7951E-02    0.5454E-01    0.1796E-02
# Minimization at step:    26 with Value:     0.0003Tol(Act/Req):0.2000E+01/0.1000E-04
# With parameters(tra.):    -0.5267E-03   -0.1877E-02   -0.1181E-02
# With parameters(rot.):    -0.5674E-02    0.5508E-01   -0.9096E-03
# Minimization at step:    27 with Value:     0.0003Tol(Act/Req):0.2000E+01/0.1000E-04
# With parameters(tra.):    -0.8263E-03   -0.1090E-02   -0.9821E-03
# With parameters(rot.):    -0.3860E-02    0.5535E-01   -0.3934E-02
# Minimization at step:    28 with Value:     0.0002Tol(Act/Req):0.2000E+01/0.1000E-04
# With parameters(tra.):    -0.1218E-02   -0.1421E-02   -0.1714E-02
# With parameters(rot.):     0.4813E-03    0.5375E-01   -0.3632E-02
# Minimization at step:    29 with Value:     0.0002Tol(Act/Req):0.2000E+01/0.1000E-04
# With parameters(tra.):    -0.6661E-03   -0.1237E-02   -0.1902E-02
# With parameters(rot.):     0.6431E-03    0.5334E-01   -0.3524E-02
# Minimization at step:    30 with Value:     0.0002Tol(Act/Req):0.2000E+01/0.1000E-04
# With parameters(tra.):    -0.5224E-03   -0.1139E-02   -0.1735E-02
# With parameters(rot.):    -0.4287E-03    0.5371E-01   -0.3590E-02
# Minimization at step:    31 with Value:     0.0002Tol(Act/Req):0.2000E+01/0.1000E-04
# With parameters(tra.):    -0.1629E-02    0.5450E-03   -0.1581E-02
# With parameters(rot.):    -0.9568E-03    0.5270E-01   -0.1779E-02
# Minimization at step:    32 with Value:     0.0001Tol(Act/Req):0.2000E+01/0.1000E-04
# With parameters(tra.):    -0.1792E-02    0.4402E-03   -0.1225E-02
# With parameters(rot.):    -0.2366E-03    0.5242E-01   -0.2030E-02
# Minimization at step:    33 with Value:     0.0001Tol(Act/Req):0.2000E+01/0.1000E-04
# With parameters(tra.):    -0.1529E-02    0.1049E-04   -0.1234E-02
# With parameters(rot.):    -0.4455E-04    0.5265E-01   -0.2504E-02
# Minimization at step:    34 with Value:     0.0001Tol(Act/Req):0.2000E+01/0.1000E-04
# With parameters(tra.):    -0.1564E-02   -0.1474E-03   -0.1451E-02
# With parameters(rot.):     0.1781E-04    0.5158E-01   -0.1123E-04
# Minimization at step:    35 with Value:     0.0001Tol(Act/Req):0.2000E+01/0.1000E-04
# With parameters(tra.):    -0.7599E-03    0.5841E-03   -0.1676E-02
# With parameters(rot.):     0.1330E-03    0.5017E-01    0.1375E-02
# Minimization at step:    36 with Value:     0.0001Tol(Act/Req):0.2000E+01/0.1000E-04
# With parameters(tra.):    -0.7078E-03    0.7767E-03   -0.1587E-02
# With parameters(rot.):    -0.3561E-03    0.5006E-01    0.1756E-02
# Minimization at step:    37 with Value:     0.0001Tol(Act/Req):0.2000E+01/0.1000E-04
# With parameters(tra.):    -0.1298E-02    0.2762E-03   -0.1396E-02
# With parameters(rot.):    -0.5648E-03    0.5109E-01    0.8112E-03
# Minimization at step:    38 with Value:     0.0001Tol(Act/Req):0.2000E+01/0.1000E-04
# With parameters(tra.):    -0.1205E-02    0.5005E-03   -0.1220E-02
# With parameters(rot.):    -0.7572E-03    0.5177E-01   -0.8526E-03
# Minimization at step:    39 with Value:     0.0001Tol(Act/Req):0.2000E+01/0.1000E-04
# With parameters(tra.):    -0.1336E-02    0.3108E-03   -0.5072E-03
# With parameters(rot.):     0.5097E-03    0.5099E-01   -0.9629E-03
# Minimization at step:    40 with Value:     0.0000Tol(Act/Req):0.2000E+01/0.1000E-04
# With parameters(tra.):    -0.8937E-03   -0.2586E-03   -0.3388E-03
# With parameters(rot.):     0.9364E-03    0.5092E-01   -0.1289E-02
# Minimization at step:    41 with Value:     0.0000Tol(Act/Req):0.2000E+01/0.1000E-04
# With parameters(tra.):    -0.8241E-03   -0.2586E-03   -0.5030E-03
# With parameters(rot.):     0.6552E-03    0.5111E-01   -0.1288E-02
# Minimization at step:    42 with Value:     0.0000Tol(Act/Req):0.2000E+01/0.1000E-04
# With parameters(tra.):    -0.1099E-02   -0.3448E-03   -0.6706E-03
# With parameters(rot.):     0.8736E-03    0.3481E-01   -0.1718E-02
# Minimization at step:    43 with Value:     0.0000Tol(Act/Req):0.2000E+01/0.1000E-04
# With parameters(tra.):    -0.6393E-03   -0.2182E-03   -0.5562E-03
# With parameters(rot.):     0.1492E-02    0.2870E-01   -0.1931E-02
# Minimization at step:    44 with Value:     0.0000Tol(Act/Req):0.2000E+01/0.1000E-04
# With parameters(tra.):    -0.5123E-03   -0.6073E-03   -0.4522E-03
# With parameters(rot.):     0.2370E-02    0.2056E-01   -0.1181E-02
# Minimization at step:    45 with Value:     0.0000Tol(Act/Req):0.2000E+01/0.1000E-04
# With parameters(tra.):    -0.3430E-03   -0.6834E-03    0.1033E-03
# With parameters(rot.):     0.2301E-02    0.1050E-01   -0.1398E-02
# Minimization at step:    46 with Value:     0.0000Tol(Act/Req):0.2000E+01/0.1000E-04
# With parameters(tra.):    -0.4135E-03   -0.3197E-03    0.1845E-03
# With parameters(rot.):     0.1400E-02    0.1529E-01   -0.2221E-02
# Minimization at step:    47 with Value:     0.0000Tol(Act/Req):0.2000E+01/0.1000E-04
# With parameters(tra.):    -0.2878E-03   -0.2960E-03    0.2977E-03
# With parameters(rot.):     0.1389E-02    0.1774E-01   -0.2155E-02
# Minimization at step:    48 with Value:     0.0000Tol(Act/Req):0.1999E+01/0.1000E-04
# With parameters(tra.):    -0.2596E-03   -0.3850E-03    0.2869E-03
# With parameters(rot.):     0.1613E-02    0.1675E-01   -0.1944E-02
# Minimization at step:    49 with Value:     0.0000Tol(Act/Req):0.1999E+01/0.1000E-04
# With parameters(tra.):     0.6787E-04   -0.4272E-03    0.2218E-03
# With parameters(rot.):     0.1370E-02    0.5670E-02   -0.2162E-02
# Minimization at step:    50 with Value:     0.0000Tol(Act/Req):0.1999E+01/0.1000E-04
# With parameters(tra.):     0.9334E-04   -0.1038E-03    0.2963E-03
# With parameters(rot.):     0.1230E-02   -0.9367E-02   -0.2236E-02
# Minimization at step:    51 with Value:     0.0000Tol(Act/Req):0.1999E+01/0.1000E-04
# With parameters(tra.):     0.6944E-04    0.1655E-03   -0.1949E-03
# With parameters(rot.):     0.9430E-03   -0.5933E-02   -0.2298E-02
# Minimization at step:    52 with Value:     0.0000Tol(Act/Req):0.1999E+01/0.1000E-04
# With parameters(tra.):     0.6108E-04    0.1071E-03   -0.2545E-03
# With parameters(rot.):     0.9540E-03   -0.1888E-02   -0.2284E-02
# Minimization at step:    53 with Value:     0.0000Tol(Act/Req):0.1999E+01/0.1000E-04
# With parameters(tra.):     0.6636E-04    0.3491E-04   -0.1366E-03
# With parameters(rot.):     0.1027E-02   -0.2409E-02   -0.2268E-02
# Minimization at step:    54 with Value:     0.0000Tol(Act/Req):0.1999E+01/0.1000E-04
# With parameters(tra.):    -0.1579E-03   -0.7356E-05   -0.1112E-03
# With parameters(rot.):     0.2531E-03   -0.6671E-02   -0.2167E-02
# Minimization at step:    55 with Value:     0.0000Tol(Act/Req):0.1999E+01/0.1000E-04
# With parameters(tra.):    -0.2585E-03    0.3818E-04   -0.1227E-03
# With parameters(rot.):     0.2207E-03   -0.4930E-02   -0.2113E-02
# Minimization at step:    56 with Value:     0.0000Tol(Act/Req):0.1999E+01/0.1000E-04
# With parameters(tra.):    -0.2019E-03    0.1329E-05   -0.2809E-03
# With parameters(rot.):     0.2054E-03   -0.1414E-01   -0.1748E-02
# Minimization at step:    57 with Value:     0.0000Tol(Act/Req):0.1999E+01/0.1000E-04
# With parameters(tra.):    -0.1319E-03    0.3793E-04   -0.2725E-03
# With parameters(rot.):     0.1014E-03   -0.1558E-01   -0.1681E-02
# Minimization at step:    58 with Value:     0.0000Tol(Act/Req):0.1999E+01/0.1000E-04
# With parameters(tra.):    -0.7367E-04    0.5227E-04   -0.2924E-03
# With parameters(rot.):     0.2822E-03   -0.1525E-01   -0.1666E-02
# Minimization at step:    59 with Value:     0.0000Tol(Act/Req):0.1999E+01/0.1000E-04
# With parameters(tra.):    -0.7713E-04    0.6573E-04   -0.2537E-03
# With parameters(rot.):     0.2924E-03   -0.1304E-01   -0.1750E-02
# Minimization at step:    60 with Value:     0.0000Tol(Act/Req):0.1998E+01/0.1000E-04
# With parameters(tra.):    -0.1399E-03   -0.6487E-04   -0.3727E-03
# With parameters(rot.):     0.9387E-04   -0.8670E-02   -0.1545E-02
# Minimization at step:    61 with Value:     0.0000Tol(Act/Req):0.1998E+01/0.1000E-04
# With parameters(tra.):    -0.1981E-03   -0.2425E-03   -0.2157E-03
# With parameters(rot.):    -0.7160E-04   -0.1180E-01   -0.1271E-02
# Minimization at step:    62 with Value:     0.0000Tol(Act/Req):0.1998E+01/0.1000E-04
# With parameters(tra.):    -0.3794E-03   -0.2450E-03   -0.2696E-03
# With parameters(rot.):    -0.2337E-03   -0.1061E-01   -0.8825E-03
# Minimization at step:    63 with Value:     0.0000Tol(Act/Req):0.1997E+01/0.1000E-04
# With parameters(tra.):    -0.3218E-03   -0.2661E-03   -0.2519E-03
# With parameters(rot.):    -0.5534E-03   -0.1182E-01   -0.4831E-03
# Minimization at step:    64 with Value:     0.0000Tol(Act/Req):0.1997E+01/0.1000E-04
# With parameters(tra.):    -0.3439E-03   -0.2871E-03   -0.2324E-03
# With parameters(rot.):    -0.6188E-03   -0.1061E-01   -0.4198E-03
# Minimization at step:    65 with Value:     0.0000Tol(Act/Req):0.1997E+01/0.1000E-04
# With parameters(tra.):    -0.3175E-03   -0.3715E-03   -0.2520E-03
# With parameters(rot.):    -0.5575E-03   -0.8415E-02    0.2629E-04
# Minimization at step:    66 with Value:     0.0000Tol(Act/Req):0.1997E+01/0.1000E-04
# With parameters(tra.):    -0.2991E-03   -0.2368E-03   -0.4212E-03
# With parameters(rot.):    -0.5540E-03   -0.4157E-02    0.1849E-03
# Minimization at step:    67 with Value:     0.0000Tol(Act/Req):0.1997E+01/0.1000E-04
# With parameters(tra.):    -0.9115E-04   -0.2316E-03   -0.4177E-03
# With parameters(rot.):    -0.4987E-03   -0.3199E-02    0.1519E-03
# Minimization at step:    68 with Value:     0.0000Tol(Act/Req):0.1997E+01/0.1000E-04
# With parameters(tra.):    -0.5296E-04   -0.3313E-03   -0.2900E-03
# With parameters(rot.):    -0.4875E-03   -0.6153E-02    0.2477E-04
# Minimization at step:    69 with Value:     0.0000Tol(Act/Req):0.1997E+01/0.1000E-04
# With parameters(tra.):    -0.2094E-04   -0.3319E-03   -0.3205E-03
# With parameters(rot.):    -0.1458E-03   -0.3055E-02   -0.2054E-03
# Minimization at step:    70 with Value:     0.0000Tol(Act/Req):0.1996E+01/0.1000E-04
# With parameters(tra.):     0.8151E-04   -0.2903E-03   -0.1842E-03
# With parameters(rot.):    -0.2711E-04   -0.5556E-02    0.3626E-04
# Minimization at step:    71 with Value:     0.0000Tol(Act/Req):0.1995E+01/0.1000E-04
# With parameters(tra.):     0.1082E-03   -0.2624E-03   -0.1736E-03
# With parameters(rot.):     0.1773E-05   -0.5866E-02   -0.7442E-04
# Minimization at step:    72 with Value:     0.0000Tol(Act/Req):0.1994E+01/0.1000E-04
# With parameters(tra.):     0.1348E-03   -0.2708E-03   -0.1590E-03
# With parameters(rot.):     0.2080E-04   -0.4867E-02   -0.1400E-04
# Minimization at step:    73 with Value:     0.0000Tol(Act/Req):0.1994E+01/0.1000E-04
# With parameters(tra.):     0.1398E-03   -0.2656E-03   -0.1379E-03
# With parameters(rot.):    -0.5074E-04   -0.5793E-02    0.5951E-04
# Minimization at step:    74 with Value:     0.0000Tol(Act/Req):0.1992E+01/0.1000E-04
# With parameters(tra.):     0.1190E-03   -0.2739E-03   -0.1681E-03
# With parameters(rot.):    -0.8237E-04   -0.5188E-02    0.1019E-05
# Minimization at step:    75 with Value:     0.0000Tol(Act/Req):0.1992E+01/0.1000E-04
# With parameters(tra.):     0.1555E-04   -0.2884E-03   -0.1083E-03
# With parameters(rot.):    -0.1981E-04   -0.6403E-02   -0.1201E-04
# Minimization at step:    76 with Value:     0.0000Tol(Act/Req):0.1988E+01/0.1000E-04
# With parameters(tra.):     0.1292E-04   -0.2077E-03   -0.1329E-03
# With parameters(rot.):     0.1286E-03   -0.4517E-02    0.6051E-04
# Minimization at step:    77 with Value:     0.0000Tol(Act/Req):0.1987E+01/0.1000E-04
# With parameters(tra.):     0.3450E-04   -0.1337E-03   -0.9817E-04
# With parameters(rot.):     0.2286E-03   -0.4688E-02   -0.1159E-03
# Minimization at step:    78 with Value:     0.0000Tol(Act/Req):0.1983E+01/0.1000E-04
# With parameters(tra.):     0.5430E-04   -0.1048E-03   -0.4864E-04
# With parameters(rot.):     0.3360E-03   -0.2630E-02   -0.2899E-04
# Minimization at step:    79 with Value:     0.0000Tol(Act/Req):0.1983E+01/0.1000E-04
# With parameters(tra.):     0.3853E-04   -0.9490E-04   -0.5379E-04
# With parameters(rot.):     0.3550E-03   -0.2114E-02   -0.6074E-04
# Minimization at step:    80 with Value:     0.0000Tol(Act/Req):0.1983E+01/0.1000E-04
# With parameters(tra.):     0.1473E-04   -0.2752E-04    0.1640E-04
# With parameters(rot.):     0.3472E-03   -0.2739E-02    0.4619E-04
# Minimization at step:    81 with Value:     0.0000Tol(Act/Req):0.1983E+01/0.1000E-04
# With parameters(tra.):     0.3190E-04   -0.3362E-05    0.1682E-04
# With parameters(rot.):     0.3673E-03   -0.2231E-02    0.5321E-04
# Minimization at step:    82 with Value:     0.0000Tol(Act/Req):0.1977E+01/0.1000E-04
# With parameters(tra.):     0.2629E-04   -0.1100E-04    0.1772E-04
# With parameters(rot.):     0.3539E-03   -0.1983E-02    0.1114E-03
# Minimization at step:    83 with Value:     0.0000Tol(Act/Req):0.1976E+01/0.1000E-04
# With parameters(tra.):     0.3321E-04   -0.2646E-04    0.2861E-06
# With parameters(rot.):     0.3564E-03   -0.1764E-02    0.9010E-04
# Minimization at step:    84 with Value:     0.0000Tol(Act/Req):0.1974E+01/0.1000E-04
# With parameters(tra.):     0.6378E-05   -0.2923E-04   -0.3294E-04
# With parameters(rot.):     0.2559E-03   -0.3533E-02    0.4292E-04
# Minimization at step:    85 with Value:     0.0000Tol(Act/Req):0.1970E+01/0.1000E-04
# With parameters(tra.):     0.6489E-05   -0.3455E-04   -0.1847E-04
# With parameters(rot.):     0.2294E-03   -0.3923E-02    0.2332E-04
# Minimization at step:    86 with Value:     0.0000Tol(Act/Req):0.1958E+01/0.1000E-04
# With parameters(tra.):     0.1321E-04   -0.3430E-04   -0.8958E-05
# With parameters(rot.):     0.2523E-03   -0.3513E-02    0.3348E-04
# Minimization at step:    87 with Value:     0.0000Tol(Act/Req):0.1953E+01/0.1000E-04
# With parameters(tra.):    -0.2678E-04    0.5752E-05   -0.4317E-05
# With parameters(rot.):     0.2562E-03   -0.2948E-02    0.1401E-05
# Minimization at step:    88 with Value:     0.0000Tol(Act/Req):0.1949E+01/0.1000E-04
# With parameters(tra.):    -0.5569E-04   -0.3935E-05   -0.9850E-05
# With parameters(rot.):     0.1967E-03   -0.2774E-02    0.8111E-04
# Minimization at step:    89 with Value:     0.0000Tol(Act/Req):0.1944E+01/0.1000E-04
# With parameters(tra.):    -0.5054E-04    0.4420E-04   -0.1790E-04
# With parameters(rot.):     0.1801E-03   -0.1940E-02    0.1045E-03
# Minimization at step:    90 with Value:     0.0000Tol(Act/Req):0.1934E+01/0.1000E-04
# With parameters(tra.):    -0.6463E-04    0.3682E-04   -0.5883E-04
# With parameters(rot.):     0.1264E-03   -0.1560E-02    0.6664E-04
# Minimization at step:    91 with Value:     0.0000Tol(Act/Req):0.1933E+01/0.1000E-04
# With parameters(tra.):    -0.3727E-04    0.7124E-05   -0.8165E-04
# With parameters(rot.):     0.7927E-04   -0.1663E-02    0.1205E-03
# Minimization at step:    92 with Value:     0.0000Tol(Act/Req):0.1932E+01/0.1000E-04
# With parameters(tra.):    -0.5163E-04    0.1039E-04   -0.7377E-04
# With parameters(rot.):    -0.2375E-04   -0.1689E-02    0.1137E-03
# Minimization at step:    93 with Value:     0.0000Tol(Act/Req):0.1932E+01/0.1000E-04
# With parameters(tra.):    -0.8378E-04    0.4117E-04   -0.4833E-04
# With parameters(rot.):    -0.1098E-04   -0.1594E-02    0.5756E-04
# Minimization at step:    94 with Value:     0.0000Tol(Act/Req):0.1929E+01/0.1000E-04
# With parameters(tra.):    -0.8850E-04    0.4758E-04   -0.4685E-04
# With parameters(rot.):    -0.2146E-04   -0.1230E-02    0.6464E-04
# Minimization at step:    95 with Value:     0.0000Tol(Act/Req):0.1929E+01/0.1000E-04
# With parameters(tra.):    -0.5793E-04    0.1894E-04   -0.7180E-04
# With parameters(rot.):    -0.3773E-04   -0.1202E-02    0.1231E-03
# Minimization at step:    96 with Value:     0.0000Tol(Act/Req):0.1927E+01/0.1000E-04
# With parameters(tra.):    -0.2976E-04    0.3625E-04   -0.8692E-04
# With parameters(rot.):    -0.5639E-04   -0.8516E-03    0.5740E-04
# Minimization at step:    97 with Value:     0.0000Tol(Act/Req):0.1919E+01/0.1000E-04
# With parameters(tra.):    -0.3506E-04    0.4485E-04   -0.8194E-04
# With parameters(rot.):    -0.5388E-04   -0.8293E-03    0.3730E-04
# Minimization at step:    98 with Value:     0.0000Tol(Act/Req):0.1918E+01/0.1000E-04
# With parameters(tra.):    -0.3506E-04    0.3287E-04   -0.8527E-04
# With parameters(rot.):    -0.6923E-04   -0.9454E-03    0.2587E-04
# Minimization at step:    99 with Value:     0.0000Tol(Act/Req):0.1917E+01/0.1000E-04
# With parameters(tra.):    -0.1111E-04    0.3894E-04   -0.5314E-04
# With parameters(rot.):    -0.8071E-04   -0.1120E-02    0.5010E-04
# Minimization at step:   100 with Value:     0.0000Tol(Act/Req):0.1895E+01/0.1000E-04
# With parameters(tra.):     0.1676E-04    0.4519E-04   -0.5415E-04
# With parameters(rot.):     0.3329E-05   -0.9049E-03    0.3573E-04
# Minimization at step:   101 with Value:     0.0000Tol(Act/Req):0.1888E+01/0.1000E-04
# With parameters(tra.):     0.7268E-05    0.3445E-04   -0.3462E-04
# With parameters(rot.):     0.3226E-04   -0.1181E-02    0.7959E-04
# Minimization at step:   102 with Value:     0.0000Tol(Act/Req):0.1838E+01/0.1000E-04
# With parameters(tra.):    -0.4907E-06    0.3199E-04   -0.3274E-04
# With parameters(rot.):     0.1366E-04   -0.1258E-02    0.8684E-04
# Minimization at step:   103 with Value:     0.0000Tol(Act/Req):0.1830E+01/0.1000E-04
# With parameters(tra.):     0.1940E-04    0.3961E-04   -0.2508E-04
# With parameters(rot.):     0.4403E-05   -0.5377E-03    0.1084E-03
# Minimization at step:   104 with Value:     0.0000Tol(Act/Req):0.1824E+01/0.1000E-04
# With parameters(tra.):     0.2129E-04    0.4348E-04   -0.1786E-04
# With parameters(rot.):     0.1052E-04   -0.5023E-03    0.1043E-03
# Minimization at step:   105 with Value:     0.0000Tol(Act/Req):0.1811E+01/0.1000E-04
# With parameters(tra.):     0.6844E-05    0.3872E-04   -0.2179E-04
# With parameters(rot.):     0.1898E-04   -0.1034E-02    0.8708E-04
# Minimization at step:   106 with Value:     0.0000Tol(Act/Req):0.1799E+01/0.1000E-04
# With parameters(tra.):     0.2353E-05    0.3719E-04   -0.2721E-04
# With parameters(rot.):     0.3016E-04   -0.9827E-03    0.8411E-04
# Minimization at step:   107 with Value:     0.0000Tol(Act/Req):0.1737E+01/0.1000E-04
# With parameters(tra.):     0.1483E-04    0.1467E-04   -0.1451E-04
# With parameters(rot.):     0.3258E-04   -0.1227E-02    0.8066E-04
# Minimization at step:   108 with Value:     0.0000Tol(Act/Req):0.1723E+01/0.1000E-04
# With parameters(tra.):     0.2368E-04    0.1525E-04   -0.2082E-04
# With parameters(rot.):     0.1340E-04   -0.1059E-02    0.5177E-04
# Minimization at step:   109 with Value:     0.0000Tol(Act/Req):0.1700E+01/0.1000E-04
# With parameters(tra.):     0.2130E-04    0.2092E-04   -0.2452E-04
# With parameters(rot.):     0.1120E-04   -0.9833E-03    0.5023E-04
# Minimization at step:   110 with Value:     0.0000Tol(Act/Req):0.1646E+01/0.1000E-04
# With parameters(tra.):     0.1304E-04    0.1232E-04   -0.1803E-04
# With parameters(rot.):    -0.2682E-04   -0.1045E-02    0.5252E-04
# Minimization at step:   111 with Value:     0.0000Tol(Act/Req):0.1633E+01/0.1000E-04
# With parameters(tra.):     0.1407E-04    0.9661E-05   -0.3634E-05
# With parameters(rot.):    -0.2704E-04   -0.1156E-02    0.2702E-04
# Minimization at step:   112 with Value:     0.0000Tol(Act/Req):0.1609E+01/0.1000E-04
# With parameters(tra.):     0.2310E-04    0.4773E-05    0.2872E-05
# With parameters(rot.):    -0.4278E-04   -0.9204E-03    0.2061E-04
# Minimization at step:   113 with Value:     0.0000Tol(Act/Req):0.1596E+01/0.1000E-04
# With parameters(tra.):     0.3181E-04    0.9341E-05    0.3227E-05
# With parameters(rot.):    -0.1825E-04   -0.8426E-03    0.1091E-04
# Minimization at step:   114 with Value:     0.0000Tol(Act/Req):0.1473E+01/0.1000E-04
# With parameters(tra.):     0.3243E-04    0.7781E-07    0.2709E-05
# With parameters(rot.):    -0.1359E-04   -0.7312E-03   -0.1185E-04
# Minimization at step:   115 with Value:     0.0000Tol(Act/Req):0.1473E+01/0.1000E-04
# With parameters(tra.):     0.3752E-04   -0.4600E-06   -0.9572E-05
# With parameters(rot.):    -0.8888E-05   -0.4796E-03    0.6942E-06
# Minimization at step:   116 with Value:     0.0000Tol(Act/Req):0.1464E+01/0.1000E-04
# With parameters(tra.):     0.3329E-04   -0.6269E-05    0.4949E-06
# With parameters(rot.):     0.2858E-05   -0.4554E-03    0.1256E-04
# Minimization at step:   117 with Value:     0.0000Tol(Act/Req):0.1439E+01/0.1000E-04
# With parameters(tra.):     0.3167E-04   -0.6619E-05    0.4404E-05
# With parameters(rot.):     0.2661E-05   -0.5162E-03    0.1041E-04
# Minimization at step:   118 with Value:     0.0000Tol(Act/Req):0.1292E+01/0.1000E-04
# With parameters(tra.):     0.3036E-04   -0.4445E-05    0.6642E-05
# With parameters(rot.):    -0.4590E-05   -0.2101E-03   -0.5952E-05
# Minimization at step:   119 with Value:     0.0000Tol(Act/Req):0.1286E+01/0.1000E-04
# With parameters(tra.):     0.2676E-04   -0.4259E-05    0.3562E-05
# With parameters(rot.):     0.1863E-04   -0.1301E-03   -0.1053E-04
# Minimization at step:   120 with Value:     0.0000Tol(Act/Req):0.1205E+01/0.1000E-04
# With parameters(tra.):     0.1927E-04   -0.1184E-04    0.3437E-05
# With parameters(rot.):     0.1458E-04    0.5549E-04   -0.1122E-04
# Minimization at step:   121 with Value:     0.0000Tol(Act/Req):0.1129E+01/0.1000E-04
# With parameters(tra.):     0.1916E-04   -0.1085E-04    0.1165E-05
# With parameters(rot.):     0.1262E-04    0.9200E-04   -0.1616E-04
# Minimization at step:   122 with Value:     0.0000Tol(Act/Req):0.1104E+01/0.1000E-04
# With parameters(tra.):     0.1432E-04   -0.8317E-05    0.9955E-06
# With parameters(rot.):     0.1824E-04    0.2921E-03   -0.2427E-05
# Minimization at step:   123 with Value:     0.0000Tol(Act/Req):0.1101E+01/0.1000E-04
# With parameters(tra.):     0.1331E-04   -0.9183E-05   -0.3466E-07
# With parameters(rot.):     0.2196E-04    0.2575E-03    0.1957E-05
# Minimization at step:   124 with Value:     0.0000Tol(Act/Req):0.1062E+01/0.1000E-04
# With parameters(tra.):     0.1243E-04   -0.1101E-04    0.1848E-05
# With parameters(rot.):    -0.1524E-06    0.3066E-03    0.1070E-04
# Minimization at step:   125 with Value:     0.0000Tol(Act/Req):0.1031E+01/0.1000E-04
# With parameters(tra.):     0.1001E-04   -0.1155E-04    0.3589E-05
# With parameters(rot.):    -0.4853E-06    0.3448E-03    0.9652E-05
# Minimization at step:   126 with Value:     0.0000Tol(Act/Req):0.9271E+00/0.1000E-04
# With parameters(tra.):     0.1003E-04   -0.1114E-04    0.3264E-05
# With parameters(rot.):     0.5015E-05    0.3356E-03    0.7379E-05
# Minimization at step:   127 with Value:     0.0000Tol(Act/Req):0.8961E+00/0.1000E-04
# With parameters(tra.):     0.1089E-04   -0.1201E-04    0.3495E-05
# With parameters(rot.):     0.2506E-05    0.2892E-03    0.4762E-05
# Minimization at step:   128 with Value:     0.0000Tol(Act/Req):0.7038E+00/0.1000E-04
# With parameters(tra.):     0.1440E-04   -0.6366E-05    0.3603E-05
# With parameters(rot.):     0.2529E-05    0.2085E-03    0.9269E-05
# Minimization at step:   129 with Value:     0.0000Tol(Act/Req):0.5994E+00/0.1000E-04
# With parameters(tra.):     0.1305E-04   -0.3763E-05    0.8056E-06
# With parameters(rot.):    -0.2933E-05    0.2924E-03    0.8207E-05
# Minimization at step:   130 with Value:     0.0000Tol(Act/Req):0.5711E+00/0.1000E-04
# With parameters(tra.):     0.1094E-04   -0.3688E-05   -0.9747E-06
# With parameters(rot.):    -0.3799E-05    0.2347E-03    0.1906E-04
# Minimization at step:   131 with Value:     0.0000Tol(Act/Req):0.5654E+00/0.1000E-04
# With parameters(tra.):     0.1128E-04   -0.3808E-06   -0.3038E-05
# With parameters(rot.):     0.4264E-05    0.1828E-03    0.1840E-04
# Minimization at step:   132 with Value:     0.0000Tol(Act/Req):0.5444E+00/0.1000E-04
# With parameters(tra.):     0.6875E-05    0.2261E-05   -0.1764E-05
# With parameters(rot.):     0.5181E-05    0.2050E-03    0.1922E-04
# Minimization at step:   133 with Value:     0.0000Tol(Act/Req):0.5086E+00/0.1000E-04
# With parameters(tra.):     0.7627E-05    0.4170E-05   -0.2473E-06
# With parameters(rot.):     0.9040E-05    0.2529E-03    0.8427E-05
# Minimization at step:   134 with Value:     0.0000Tol(Act/Req):0.4959E+00/0.1000E-04
# With parameters(tra.):     0.8246E-05    0.7825E-05   -0.1032E-05
# With parameters(rot.):     0.6200E-05    0.1480E-03    0.4416E-05
# Minimization at step:   135 with Value:     0.0000Tol(Act/Req):0.4581E+00/0.1000E-04
# With parameters(tra.):     0.7837E-05    0.7308E-05   -0.2366E-05
# With parameters(rot.):     0.2596E-05    0.8584E-04    0.1151E-04
# Minimization at step:   136 with Value:     0.0000Tol(Act/Req):0.4501E+00/0.1000E-04
# With parameters(tra.):     0.6347E-05    0.6563E-05   -0.7819E-07
# With parameters(rot.):    -0.6023E-05    0.1054E-03    0.9865E-05
# Minimization at step:   137 with Value:     0.0000Tol(Act/Req):0.3880E+00/0.1000E-04
# With parameters(tra.):     0.1316E-05    0.7112E-05   -0.1378E-05
# With parameters(rot.):    -0.8889E-05    0.1249E-03    0.7059E-05
# Minimization at step:   138 with Value:     0.0000Tol(Act/Req):0.3782E+00/0.1000E-04
# With parameters(tra.):     0.5840E-06    0.6139E-05   -0.1210E-05
# With parameters(rot.):    -0.9436E-05    0.1492E-03    0.8282E-05
# Minimization at step:   139 with Value:     0.0000Tol(Act/Req):0.3390E+00/0.1000E-04
# With parameters(tra.):    -0.1855E-05    0.7312E-05   -0.3152E-06
# With parameters(rot.):    -0.8331E-05    0.7147E-04    0.8832E-05
# Minimization at step:   140 with Value:     0.0000Tol(Act/Req):0.3108E+00/0.1000E-04
# With parameters(tra.):     0.1125E-05    0.6951E-05    0.9249E-06
# With parameters(rot.):    -0.6042E-05    0.4351E-04    0.1138E-04
# Minimization at step:   141 with Value:     0.0000Tol(Act/Req):0.3095E+00/0.1000E-04
# With parameters(tra.):     0.1063E-05    0.7169E-05    0.4365E-06
# With parameters(rot.):    -0.3889E-05    0.3345E-04    0.1192E-04
# Minimization at step:   142 with Value:     0.0000Tol(Act/Req):0.2465E+00/0.1000E-04
# With parameters(tra.):     0.2916E-05    0.6415E-05    0.3127E-07
# With parameters(rot.):    -0.6845E-05   -0.2615E-04    0.9477E-05
# Minimization at step:   143 with Value:     0.0000Tol(Act/Req):0.1600E+00/0.1000E-04
# With parameters(tra.):     0.1548E-05    0.6462E-05    0.1720E-05
# With parameters(rot.):    -0.7589E-05   -0.2207E-04    0.4070E-05
# Minimization at step:   144 with Value:     0.0000Tol(Act/Req):0.1549E+00/0.1000E-04
# With parameters(tra.):     0.2238E-05    0.6196E-05    0.1740E-05
# With parameters(rot.):    -0.7711E-05   -0.1691E-04    0.3581E-05
# Minimization at step:   145 with Value:     0.0000Tol(Act/Req):0.1520E+00/0.1000E-04
# With parameters(tra.):     0.1325E-05    0.4268E-05    0.3058E-05
# With parameters(rot.):    -0.8231E-05   -0.2366E-04    0.4461E-05
# Minimization at step:   146 with Value:     0.0000Tol(Act/Req):0.1432E+00/0.1000E-04
# With parameters(tra.):    -0.1153E-06    0.3778E-05    0.2972E-05
# With parameters(rot.):    -0.9922E-05   -0.2647E-04    0.1457E-05
# Minimization at step:   147 with Value:     0.0000Tol(Act/Req):0.1366E+00/0.1000E-04
# With parameters(tra.):     0.6979E-06    0.2836E-05    0.1700E-05
# With parameters(rot.):    -0.9956E-05   -0.3201E-04    0.5993E-05
# Minimization at step:   148 with Value:     0.0000Tol(Act/Req):0.1309E+00/0.1000E-04
# With parameters(tra.):     0.4511E-06    0.1829E-05    0.1145E-05
# With parameters(rot.):    -0.7673E-05   -0.7394E-04    0.5093E-05
# Minimization at step:   149 with Value:     0.0000Tol(Act/Req):0.1294E+00/0.1000E-04
# With parameters(tra.):    -0.1606E-05    0.8027E-06    0.1786E-05
# With parameters(rot.):    -0.5978E-05   -0.5014E-04    0.5259E-05
# Minimization at step:   150 with Value:     0.0000Tol(Act/Req):0.8998E-01/0.1000E-04
# With parameters(tra.):    -0.2001E-05    0.8688E-06    0.2111E-05
# With parameters(rot.):    -0.5638E-05   -0.5027E-04    0.4063E-05
# Minimization at step:   151 with Value:     0.0000Tol(Act/Req):0.8425E-01/0.1000E-04
# With parameters(tra.):    -0.2197E-05    0.1663E-05    0.4776E-06
# With parameters(rot.):    -0.4254E-05   -0.5239E-04    0.3052E-05
# Minimization at step:   152 with Value:     0.0000Tol(Act/Req):0.8296E-01/0.1000E-04
# With parameters(tra.):    -0.1732E-05    0.1991E-05    0.2082E-06
# With parameters(rot.):    -0.4534E-05   -0.5852E-04    0.2826E-05
# Minimization at step:   153 with Value:     0.0000Tol(Act/Req):0.7285E-01/0.1000E-04
# With parameters(tra.):    -0.1675E-05    0.5712E-07   -0.2617E-06
# With parameters(rot.):    -0.3720E-05   -0.6207E-04    0.1597E-05
# Minimization at step:   154 with Value:     0.0000Tol(Act/Req):0.5382E-01/0.1000E-04
# With parameters(tra.):    -0.1565E-05   -0.1713E-06   -0.5166E-06
# With parameters(rot.):    -0.2921E-05   -0.6457E-04    0.2110E-05
# Minimization at step:   155 with Value:     0.0000Tol(Act/Req):0.4863E-01/0.1000E-04
# With parameters(tra.):    -0.1990E-05    0.1696E-06   -0.5151E-06
# With parameters(rot.):    -0.3621E-05   -0.1951E-04    0.2016E-05
# Minimization at step:   156 with Value:     0.0000Tol(Act/Req):0.4597E-01/0.1000E-04
# With parameters(tra.):    -0.2187E-05    0.1444E-06   -0.5715E-06
# With parameters(rot.):    -0.3283E-05   -0.1701E-04    0.1247E-05
# Minimization at step:   157 with Value:     0.0000Tol(Act/Req):0.4214E-01/0.1000E-04
# With parameters(tra.):    -0.2137E-05   -0.1808E-06   -0.2505E-06
# With parameters(rot.):    -0.3548E-05   -0.1354E-04    0.1350E-05
# Minimization at step:   158 with Value:     0.0000Tol(Act/Req):0.3795E-01/0.1000E-04
# With parameters(tra.):    -0.2190E-05    0.2830E-06   -0.1321E-06
# With parameters(rot.):    -0.3737E-05   -0.8605E-05    0.1636E-05
# Minimization at step:   159 with Value:     0.0000Tol(Act/Req):0.3030E-01/0.1000E-04
# With parameters(tra.):    -0.2100E-05    0.2072E-06   -0.1006E-06
# With parameters(rot.):    -0.3572E-05   -0.1896E-04    0.1628E-05
# Minimization at step:   160 with Value:     0.0000Tol(Act/Req):0.2554E-01/0.1000E-04
# With parameters(tra.):    -0.1293E-05    0.2687E-06   -0.7423E-06
# With parameters(rot.):    -0.3811E-05   -0.1805E-04    0.7784E-06
# Minimization at step:   161 with Value:     0.0000Tol(Act/Req):0.1800E-01/0.1000E-04
# With parameters(tra.):    -0.9818E-06   -0.4140E-07   -0.1328E-05
# With parameters(rot.):    -0.2510E-05   -0.7537E-05    0.1359E-05
# Minimization at step:   162 with Value:     0.0000Tol(Act/Req):0.1611E-01/0.1000E-04
# With parameters(tra.):    -0.9736E-06   -0.1538E-06   -0.1692E-05
# With parameters(rot.):    -0.1576E-05    0.6230E-06   -0.1398E-06
# Minimization at step:   163 with Value:     0.0000Tol(Act/Req):0.1571E-01/0.1000E-04
# With parameters(tra.):    -0.4864E-06   -0.7952E-06   -0.1531E-05
# With parameters(rot.):    -0.1449E-05    0.1230E-04   -0.4312E-06
# Minimization at step:   164 with Value:     0.0000Tol(Act/Req):0.1553E-01/0.1000E-04
# With parameters(tra.):    -0.3071E-06   -0.9166E-06   -0.1634E-05
# With parameters(rot.):    -0.1189E-05    0.9725E-05   -0.6069E-06
# Minimization at step:   165 with Value:     0.0000Tol(Act/Req):0.1497E-01/0.1000E-04
# With parameters(tra.):    -0.9317E-07   -0.1059E-05   -0.1250E-05
# With parameters(rot.):    -0.1994E-05    0.4599E-05    0.7366E-06
# Minimization at step:   166 with Value:     0.0000Tol(Act/Req):0.1418E-01/0.1000E-04
# With parameters(tra.):    -0.1951E-06   -0.1185E-05   -0.1132E-05
# With parameters(rot.):    -0.1783E-05    0.6258E-05    0.9456E-06
# Minimization at step:   167 with Value:     0.0000Tol(Act/Req):0.1335E-01/0.1000E-04
# With parameters(tra.):    -0.2072E-06   -0.1202E-05   -0.9695E-06
# With parameters(rot.):    -0.2048E-05    0.4780E-05    0.7659E-06
# Minimization at step:   168 with Value:     0.0000Tol(Act/Req):0.1293E-01/0.1000E-04
# With parameters(tra.):     0.3482E-06   -0.7698E-06   -0.1012E-05
# With parameters(rot.):    -0.1863E-05    0.1911E-04    0.1049E-05
# Minimization at step:   169 with Value:     0.0000Tol(Act/Req):0.1222E-01/0.1000E-04
# With parameters(tra.):     0.3315E-06   -0.7103E-06   -0.1088E-05
# With parameters(rot.):    -0.1651E-05    0.2160E-04    0.7390E-06
# Minimization at step:   170 with Value:     0.0000Tol(Act/Req):0.1189E-01/0.1000E-04
# With parameters(tra.):     0.1169E-06   -0.4052E-07   -0.1102E-05
# With parameters(rot.):    -0.1846E-05    0.1302E-04    0.1421E-05
# Minimization at step:   171 with Value:     0.0000Tol(Act/Req):0.9729E-02/0.1000E-04
# With parameters(tra.):    -0.4118E-07   -0.8787E-07   -0.1099E-05
# With parameters(rot.):    -0.1890E-05    0.8932E-05    0.1381E-05
# Minimization at step:   172 with Value:     0.0000Tol(Act/Req):0.6200E-02/0.1000E-04
# With parameters(tra.):    -0.7215E-09   -0.2592E-06   -0.1095E-05
# With parameters(rot.):    -0.1845E-05    0.1073E-04    0.1207E-05
# Minimization at step:   173 with Value:     0.0000Tol(Act/Req):0.6117E-02/0.1000E-04
# With parameters(tra.):    -0.1397E-06   -0.2028E-06   -0.8464E-06
# With parameters(rot.):    -0.1444E-05    0.1555E-04    0.1712E-05
# Minimization at step:   174 with Value:     0.0000Tol(Act/Req):0.5752E-02/0.1000E-04
# With parameters(tra.):    -0.1415E-06    0.9487E-07   -0.4802E-06
# With parameters(rot.):    -0.1772E-05    0.1618E-04    0.1668E-05
# Minimization at step:   175 with Value:     0.0000Tol(Act/Req):0.5508E-02/0.1000E-04
# With parameters(tra.):     0.2722E-06    0.1892E-06   -0.3023E-06
# With parameters(rot.):    -0.1447E-05    0.1318E-04    0.2075E-05
# Minimization at step:   176 with Value:     0.0000Tol(Act/Req):0.5249E-02/0.1000E-04
# With parameters(tra.):     0.2191E-06    0.6081E-06   -0.1928E-06
# With parameters(rot.):    -0.9544E-06    0.1536E-04    0.1901E-05
# Minimization at step:   177 with Value:     0.0000Tol(Act/Req):0.4903E-02/0.1000E-04
# With parameters(tra.):    -0.1045E-06    0.6420E-06   -0.2988E-06
# With parameters(rot.):    -0.1075E-05    0.1815E-04    0.1552E-05
# Minimization at step:   178 with Value:     0.0000Tol(Act/Req):0.4267E-02/0.1000E-04
# With parameters(tra.):    -0.3576E-06    0.7535E-06   -0.9422E-07
# With parameters(rot.):    -0.9383E-06    0.1432E-04    0.1535E-05
# Minimization at step:   179 with Value:     0.0000Tol(Act/Req):0.4259E-02/0.1000E-04
# With parameters(tra.):    -0.3923E-06    0.6609E-06   -0.1134E-06
# With parameters(rot.):    -0.1060E-05    0.1369E-04    0.1548E-05
# Minimization at step:   180 with Value:     0.0000Tol(Act/Req):0.4227E-02/0.1000E-04
# With parameters(tra.):    -0.4419E-06    0.6249E-06    0.2212E-06
# With parameters(rot.):    -0.7084E-06    0.1828E-04    0.1315E-05
# Minimization at step:   181 with Value:     0.0000Tol(Act/Req):0.4072E-02/0.1000E-04
# With parameters(tra.):    -0.5402E-06    0.5038E-06    0.8884E-07
# With parameters(rot.):    -0.2597E-07    0.1835E-04    0.1241E-05
# Minimization at step:   182 with Value:     0.0000Tol(Act/Req):0.3586E-02/0.1000E-04
# With parameters(tra.):    -0.5348E-06    0.6830E-06    0.1520E-06
# With parameters(rot.):     0.4503E-07    0.1448E-04    0.5789E-06
# Minimization at step:   183 with Value:     0.0000Tol(Act/Req):0.2607E-02/0.1000E-04
# With parameters(tra.):    -0.5208E-06    0.7245E-06   -0.1163E-06
# With parameters(rot.):    -0.3031E-07    0.1008E-04    0.5701E-06
# Minimization at step:   184 with Value:     0.0000Tol(Act/Req):0.2544E-02/0.1000E-04
# With parameters(tra.):    -0.4438E-06    0.7294E-06    0.1525E-07
# With parameters(rot.):     0.3984E-06    0.5533E-05    0.4753E-06
# Minimization at step:   185 with Value:     0.0000Tol(Act/Req):0.2422E-02/0.1000E-04
# With parameters(tra.):    -0.4112E-06    0.7784E-06    0.4221E-07
# With parameters(rot.):     0.2631E-06    0.4447E-05    0.4299E-06
# Minimization at step:   186 with Value:     0.0000Tol(Act/Req):0.2309E-02/0.1000E-04
# With parameters(tra.):    -0.2604E-06    0.7124E-06   -0.4871E-07
# With parameters(rot.):     0.5724E-06    0.3708E-05    0.7264E-07
# Minimization at step:   187 with Value:     0.0000Tol(Act/Req):0.2198E-02/0.1000E-04
# With parameters(tra.):    -0.2859E-06    0.5444E-06   -0.6549E-07
# With parameters(rot.):     0.8730E-06   -0.8811E-06   -0.3931E-06
# Minimization at step:   188 with Value:     0.0000Tol(Act/Req):0.1987E-02/0.1000E-04
# With parameters(tra.):    -0.2084E-06    0.3191E-06   -0.2011E-06
# With parameters(rot.):     0.1078E-05   -0.2126E-05   -0.5492E-07
# Minimization at step:   189 with Value:     0.0000Tol(Act/Req):0.1462E-02/0.1000E-04
# With parameters(tra.):    -0.1956E-06    0.3423E-06   -0.2082E-06
# With parameters(rot.):     0.1020E-05   -0.1082E-05    0.8971E-07
# Minimization at step:   190 with Value:     0.0000Tol(Act/Req):0.1462E-02/0.1000E-04
# With parameters(tra.):    -0.2139E-06    0.4006E-06   -0.1749E-06
# With parameters(rot.):     0.9639E-06   -0.6843E-06    0.1721E-07
# Minimization at step:   191 with Value:     0.0000Tol(Act/Req):0.1345E-02/0.1000E-04
# With parameters(tra.):    -0.2142E-06    0.2861E-06   -0.3698E-06
# With parameters(rot.):     0.7237E-06    0.1793E-05   -0.4070E-07
# Minimization at step:   192 with Value:     0.0000Tol(Act/Req):0.1164E-02/0.1000E-04
# With parameters(tra.):    -0.1446E-06    0.1557E-06   -0.2991E-06
# With parameters(rot.):     0.9499E-06    0.1918E-05   -0.1890E-06
# Minimization at step:   193 with Value:     0.0000Tol(Act/Req):0.1133E-02/0.1000E-04
# With parameters(tra.):    -0.2568E-06    0.3618E-07   -0.2916E-06
# With parameters(rot.):     0.7664E-06    0.2061E-05    0.8110E-07
# Minimization at step:   194 with Value:     0.0000Tol(Act/Req):0.1082E-02/0.1000E-04
# With parameters(tra.):    -0.1401E-06   -0.1131E-06   -0.3490E-06
# With parameters(rot.):     0.6637E-06   -0.9061E-06   -0.1259E-06
# Minimization at step:   195 with Value:     0.0000Tol(Act/Req):0.8843E-03/0.1000E-04
# With parameters(tra.):    -0.1213E-06   -0.1271E-06   -0.1976E-06
# With parameters(rot.):     0.8288E-06   -0.3438E-05   -0.1038E-06
# Minimization at step:   196 with Value:     0.0000Tol(Act/Req):0.7455E-03/0.1000E-04
# With parameters(tra.):    -0.1489E-06   -0.9095E-07   -0.1706E-06
# With parameters(rot.):     0.8683E-06   -0.2908E-05   -0.5019E-07
# Minimization at step:   197 with Value:     0.0000Tol(Act/Req):0.6941E-03/0.1000E-04
# With parameters(tra.):    -0.1077E-06   -0.1889E-06   -0.1723E-06
# With parameters(rot.):     0.7015E-06   -0.1429E-05    0.1924E-06
# Minimization at step:   198 with Value:     0.0000Tol(Act/Req):0.5533E-03/0.1000E-04
# With parameters(tra.):    -0.6720E-07   -0.1778E-06   -0.1642E-06
# With parameters(rot.):     0.7420E-06   -0.1756E-05    0.1342E-06
# Minimization at step:   199 with Value:     0.0000Tol(Act/Req):0.5169E-03/0.1000E-04
# With parameters(tra.):    -0.8783E-07   -0.2020E-06   -0.1664E-06
# With parameters(rot.):     0.5219E-06   -0.3064E-05    0.3407E-06
# Minimization at step:   200 with Value:     0.0000Tol(Act/Req):0.4571E-03/0.1000E-04
# With parameters(tra.):    -0.8243E-07   -0.2863E-06   -0.9698E-07
# With parameters(rot.):     0.2624E-06   -0.3061E-05    0.3036E-06
# Minimization at step:   201 with Value:     0.0000Tol(Act/Req):0.3549E-03/0.1000E-04
# With parameters(tra.):    -0.8232E-07   -0.2973E-06   -0.1138E-06
# With parameters(rot.):     0.1877E-06   -0.2607E-05    0.3339E-06
# Minimization at step:   202 with Value:     0.0000Tol(Act/Req):0.3249E-03/0.1000E-04
# With parameters(tra.):    -0.1151E-06   -0.2355E-06   -0.9266E-07
# With parameters(rot.):     0.1831E-06   -0.4478E-05    0.1384E-06
# Minimization at step:   203 with Value:     0.0000Tol(Act/Req):0.3192E-03/0.1000E-04
# With parameters(tra.):    -0.1036E-06   -0.2224E-06   -0.6585E-07
# With parameters(rot.):     0.2903E-06   -0.3642E-05   -0.1356E-06
# Minimization at step:   204 with Value:     0.0000Tol(Act/Req):0.2704E-03/0.1000E-04
# With parameters(tra.):    -0.1067E-06   -0.1959E-06   -0.8062E-07
# With parameters(rot.):     0.3575E-06   -0.3691E-05   -0.1629E-06
# Minimization at step:   205 with Value:     0.0000Tol(Act/Req):0.1599E-03/0.1000E-04
# With parameters(tra.):    -0.1098E-06   -0.1970E-06   -0.8855E-07
# With parameters(rot.):     0.3363E-06   -0.3904E-05   -0.9672E-07
# Minimization at step:   206 with Value:     0.0000Tol(Act/Req):0.1332E-03/0.1000E-04
# With parameters(tra.):    -0.1520E-06   -0.1600E-06   -0.7283E-08
# With parameters(rot.):     0.2378E-06   -0.3175E-05   -0.5027E-08
# Minimization at step:   207 with Value:     0.0000Tol(Act/Req):0.7811E-04/0.1000E-04
# With parameters(tra.):    -0.1315E-06   -0.1967E-06   -0.2695E-11
# With parameters(rot.):     0.2606E-06   -0.8693E-06    0.1426E-06
# Minimization at step:   208 with Value:     0.0000Tol(Act/Req):0.4061E-04/0.1000E-04
# With parameters(tra.):    -0.7199E-07   -0.1808E-06    0.7090E-07
# With parameters(rot.):     0.1811E-06   -0.1227E-05    0.2897E-07
# Minimization at step:   209 with Value:     0.0000Tol(Act/Req):0.3404E-04/0.1000E-04
# With parameters(tra.):    -0.7215E-07   -0.1703E-06    0.7498E-07
# With parameters(rot.):     0.1688E-06   -0.1833E-05   -0.1742E-07
# Minimization at step:   210 with Value:     0.0000Tol(Act/Req):0.1403E-04/0.1000E-04
# With parameters(tra.):    -0.6854E-07   -0.1498E-06    0.1042E-06
# With parameters(rot.):     0.1304E-07   -0.6679E-06   -0.7399E-07
# Minimization at step:   211 with Value:     0.0000Tol(Act/Req):0.1257E-04/0.1000E-04
# With parameters(tra.):    -0.1269E-06   -0.1555E-06    0.4443E-07
# With parameters(rot.):     0.3655E-07   -0.1241E-06    0.5356E-08
# Minimization at step:   212 with Value:     0.0000Tol(Act/Req):0.1104E-04/0.1000E-04
# With parameters(tra.):    -0.1327E-06   -0.1610E-06    0.3214E-07
# With parameters(rot.):     0.7745E-07   -0.3701E-06    0.2611E-07
# Minimization at step:   213 with Value:     0.0000Tol(Act/Req):0.1070E-04/0.1000E-04
# With parameters(tra.):    -0.1364E-06   -0.1449E-06    0.3415E-07
# With parameters(rot.):     0.8771E-07   -0.1179E-06    0.2821E-07
# Minimization at step:   214 with Value:     0.0000Tol(Act/Req):0.8815E-05/0.1000E-04
# With parameters(tra.):    -0.8903E-07   -0.1769E-06   -0.3330E-07
# With parameters(rot.):     0.1361E-06    0.1719E-06   -0.5240E-07
# CSM Values after y minimization.
# Final Number of optim. Steps:   214
#      Before min is:      0.00000000000
# Final CSM Value is:      0.00000000000
# Coordinates rotated along Z.
[molecule] Nrec=   4 Format=nscxyz
  h                1    1    0.10000000D+01   0.61232340D-16   0.00000000D+00
  h                2    1   -0.10000000D+01  -0.61232340D-16   0.00000000D+00
  he               3    2    0.61232340D-16  -0.10000000D+01   0.00000000D+00
  he               4    2   -0.61232340D-16   0.10000000D+01   0.00000000D+00
# Minimization at step:     0 with Value:     0.0228Tol(Act/Req):0.2000E+01/0.1000E-04
# With parameters(tra.):     0.1429E-01    0.1429E-01    0.1429E-01
# With parameters(rot.):     0.1429E-01    0.1429E-01    0.1429E-01
# Minimization at step:     1 with Value:     0.0179Tol(Act/Req):0.2000E+01/0.1000E-04
# With parameters(tra.):     0.1548E-01    0.1548E-01    0.7143E-02
# With parameters(rot.):     0.1548E-01    0.1548E-01    0.1548E-01
# Minimization at step:     2 with Value:     0.0132Tol(Act/Req):0.2000E+01/0.1000E-04
# With parameters(tra.):     0.8433E-02    0.1677E-01    0.7738E-02
# With parameters(rot.):     0.1677E-01    0.1677E-01    0.1677E-01
# Minimization at step:     3 with Value:     0.0090Tol(Act/Req):0.2000E+01/0.1000E-04
# With parameters(tra.):     0.9135E-02    0.9830E-02    0.8383E-02
# With parameters(rot.):     0.1816E-01    0.1816E-01    0.1816E-01
# Minimization at step:     4 with Value:     0.0078Tol(Act/Req):0.2000E+01/0.1000E-04
# With parameters(tra.):     0.9202E-02    0.9954E-02    0.4915E-02
# With parameters(rot.):     0.1898E-01    0.1898E-01    0.1898E-01
# Minimization at step:     5 with Value:     0.0065Tol(Act/Req):0.2000E+01/0.1000E-04
# With parameters(tra.):     0.5744E-02    0.1003E-01    0.4977E-02
# With parameters(rot.):     0.1981E-01    0.1981E-01    0.1981E-01
# Minimization at step:     6 with Value:     0.0053Tol(Act/Req):0.2000E+01/0.1000E-04
# With parameters(tra.):     0.6223E-02    0.1087E-01    0.5392E-02
# With parameters(rot.):     0.1313E-01    0.2146E-01    0.2146E-01
# Minimization at step:     7 with Value:     0.0042Tol(Act/Req):0.2000E+01/0.1000E-04
# With parameters(tra.):     0.6742E-02    0.1177E-01    0.5841E-02
# With parameters(rot.):     0.1422E-01    0.2325E-01    0.1492E-01
# Minimization at step:     8 with Value:     0.0029Tol(Act/Req):0.2000E+01/0.1000E-04
# With parameters(tra.):     0.7197E-02    0.1855E-02    0.6173E-02
# With parameters(rot.):     0.1533E-01    0.2662E-01    0.1620E-01
# Minimization at step:     9 with Value:     0.0027Tol(Act/Req):0.2000E+01/0.1000E-04
# With parameters(tra.):     0.6663E-02   -0.5956E-03   -0.3436E-03
# With parameters(rot.):     0.1576E-01    0.3080E-01    0.1691E-01
# Minimization at step:    10 with Value:     0.0026Tol(Act/Req):0.2000E+01/0.1000E-04
# With parameters(tra.):     0.5348E-04   -0.3984E-02   -0.1993E-02
# With parameters(rot.):     0.1606E-01    0.3613E-01    0.1761E-01
# Minimization at step:    11 with Value:     0.0026Tol(Act/Req):0.2000E+01/0.1000E-04
# With parameters(tra.):    -0.1046E-02   -0.7262E-02   -0.3624E-02
# With parameters(rot.):     0.3677E-02    0.4432E-01    0.1962E-01
# Minimization at step:    12 with Value:     0.0022Tol(Act/Req):0.2000E+01/0.1000E-04
# With parameters(tra.):    -0.1435E-02   -0.8396E-02   -0.4189E-02
# With parameters(rot.):     0.3346E-02    0.4696E-01    0.1674E-01
# Minimization at step:    13 with Value:     0.0021Tol(Act/Req):0.2000E+01/0.1000E-04
# With parameters(tra.):     0.4678E-02   -0.6478E-02   -0.3272E-02
# With parameters(rot.):    -0.1201E-02    0.4526E-01    0.1576E-01
# Minimization at step:    14 with Value:     0.0018Tol(Act/Req):0.2000E+01/0.1000E-04
# With parameters(tra.):     0.5429E-02   -0.5593E-02   -0.2834E-02
# With parameters(rot.):     0.1489E-02    0.4329E-01    0.1494E-01
# Minimization at step:    15 with Value:     0.0017Tol(Act/Req):0.2000E+01/0.1000E-04
# With parameters(tra.):     0.5553E-02   -0.4809E-02    0.2852E-02
# With parameters(rot.):    -0.3689E-02    0.4326E-01    0.1357E-01
# Minimization at step:    16 with Value:     0.0016Tol(Act/Req):0.2000E+01/0.1000E-04
# With parameters(tra.):    -0.2684E-03   -0.6170E-02    0.3977E-02
# With parameters(rot.):     0.2823E-04    0.4431E-01    0.1381E-01
# Minimization at step:    17 with Value:     0.0015Tol(Act/Req):0.2000E+01/0.1000E-04
# With parameters(tra.):    -0.3061E-02   -0.2232E-02    0.3023E-02
# With parameters(rot.):    -0.5814E-02    0.4796E-01    0.1216E-01
# Minimization at step:    18 with Value:     0.0012Tol(Act/Req):0.2000E+01/0.1000E-04
# With parameters(tra.):    -0.3809E-02   -0.2213E-02    0.1616E-02
# With parameters(rot.):    -0.4697E-02    0.4836E-01    0.1239E-01
# Minimization at step:    19 with Value:     0.0009Tol(Act/Req):0.2000E+01/0.1000E-04
# With parameters(tra.):    -0.3287E-03   -0.2038E-03    0.1822E-03
# With parameters(rot.):    -0.8666E-02    0.4859E-01    0.1185E-01
# Minimization at step:    20 with Value:     0.0008Tol(Act/Req):0.2000E+01/0.1000E-04
# With parameters(tra.):     0.5971E-03   -0.1019E-02    0.1839E-03
# With parameters(rot.):    -0.7443E-02    0.4772E-01    0.1223E-01
# Minimization at step:    21 with Value:     0.0007Tol(Act/Req):0.2000E+01/0.1000E-04
# With parameters(tra.):     0.4952E-03   -0.8273E-03    0.5130E-03
# With parameters(rot.):    -0.1170E-01    0.5328E-01    0.4967E-02
# Minimization at step:    22 with Value:     0.0006Tol(Act/Req):0.2000E+01/0.1000E-04
# With parameters(tra.):     0.4599E-03    0.1234E-04    0.1011E-02
# With parameters(rot.):    -0.1146E-01    0.5313E-01    0.3724E-02
# Minimization at step:    23 with Value:     0.0005Tol(Act/Req):0.2000E+01/0.1000E-04
# With parameters(tra.):     0.4824E-03    0.3434E-04    0.9699E-03
# With parameters(rot.):    -0.1037E-01    0.5172E-01    0.5436E-02
# Minimization at step:    24 with Value:     0.0004Tol(Act/Req):0.2000E+01/0.1000E-04
# With parameters(tra.):     0.4324E-03    0.6241E-03   -0.1303E-02
# With parameters(rot.):    -0.1011E-01    0.5316E-01    0.4037E-02
# Minimization at step:    25 with Value:     0.0003Tol(Act/Req):0.2000E+01/0.1000E-04
# With parameters(tra.):    -0.1634E-02   -0.4396E-03   -0.8420E-03
# With parameters(rot.):    -0.7951E-02    0.5454E-01    0.1796E-02
# Minimization at step:    26 with Value:     0.0003Tol(Act/Req):0.2000E+01/0.1000E-04
# With parameters(tra.):    -0.5267E-03   -0.1877E-02   -0.1181E-02
# With parameters(rot.):    -0.5674E-02    0.5508E-01   -0.9096E-03
# Minimization at step:    27 with Value:     0.0003Tol(Act/Req):0.2000E+01/0.1000E-04
# With parameters(tra.):    -0.8263E-03   -0.1090E-02   -0.9821E-03
# With parameters(rot.):    -0.3860E-02    0.5535E-01   -0.3934E-02
# Minimization at step:    28 with Value:     0.0002Tol(Act/Req):0.2000E+01/0.1000E-04
# With parameters(tra.):    -0.1218E-02   -0.1421E-02   -0.1714E-02
# With parameters(rot.):     0.4813E-03    0.5375E-01   -0.3632E-02
# Minimization at step:    29 with Value:     0.0002Tol(Act/Req):0.2000E+01/0.1000E-04
# With parameters(tra.):    -0.6661E-03   -0.1237E-02   -0.1902E-02
# With parameters(rot.):     0.6431E-03    0.5334E-01   -0.3524E-02
# Minimization at step:    30 with Value:     0.0002Tol(Act/Req):0.2000E+01/0.1000E-04
# With parameters(tra.):    -0.5224E-03   -0.1139E-02   -0.1735E-02
# With parameters(rot.):    -0.4287E-03    0.5371E-01   -0.3590E-02
# Minimization at step:    31 with Value:     0.0002Tol(Act/Req):0.2000E+01/0.1000E-04
# With parameters(tra.):    -0.1629E-02    0.5450E-03   -0.1581E-02
# With parameters(rot.):    -0.9568E-03    0.5270E-01   -0.1779E-02
# Minimization at step:    32 with Value:     0.0001Tol(Act/Req):0.2000E+01/0.1000E-04
# With parameters(tra.):    -0.1792E-02    0.4402E-03   -0.1225E-02
# With parameters(rot.):    -0.2366E-03    0.5242E-01   -0.2030E-02
# Minimization at step:    33 with Value:     0.0001Tol(Act/Req):0.2000E+01/0.1000E-04
# With parameters(tra.):    -0.1529E-02    0.1049E-04   -0.1234E-02
# With parameters(rot.):    -0.4455E-04    0.5265E-01   -0.2504E-02
# Minimization at step:    34 with Value:     0.0001Tol(Act/Req):0.2000E+01/0.1000E-04
# With parameters(tra.):    -0.1564E-02   -0.1474E-03   -0.1451E-02
# With parameters(rot.):     0.1781E-04    0.5158E-01   -0.1123E-04
# Minimization at step:    35 with Value:     0.0001Tol(Act/Req):0.2000E+01/0.1000E-04
# With parameters(tra.):    -0.7599E-03    0.5841E-03   -0.1676E-02
# With parameters(rot.):     0.1330E-03    0.5017E-01    0.1375E-02
# Minimization at step:    36 with Value:     0.0001Tol(Act/Req):0.2000E+01/0.1000E-04
# With parameters(tra.):    -0.7078E-03    0.7767E-03   -0.1587E-02
# With parameters(rot.):    -0.3561E-03    0.5006E-01    0.1756E-02
# Minimization at step:    37 with Value:     0.0001Tol(Act/Req):0.2000E+01/0.1000E-04
# With parameters(tra.):    -0.1298E-02    0.2762E-03   -0.1396E-02
# With parameters(rot.):    -0.5648E-03    0.5109E-01    0.8112E-03
# Minimization at step:    38 with Value:     0.0001Tol(Act/Req):0.2000E+01/0.1000E-04
# With parameters(tra.):    -0.1205E-02    0.5005E-03   -0.1220E-02
# With parameters(rot.):    -0.7572E-03    0.5177E-01   -0.8526E-03
# Minimization at step:    39 with Value:     0.0001Tol(Act/Req):0.2000E+01/0.1000E-04
# With parameters(tra.):    -0.1336E-02    0.3108E-03   -0.5072E-03
# With parameters(rot.):     0.5097E-03    0.5099E-01   -0.9629E-03
# Minimization at step:    40 with Value:     0.0000Tol(Act/Req):0.2000E+01/0.1000E-04
# With parameters(tra.):    -0.8937E-03   -0.2586E-03   -0.3388E-03
# With parameters(rot.):     0.9364E-03    0.5092E-01   -0.1289E-02
# Minimization at step:    41 with Value:     0.0000Tol(Act/Req):0.2000E+01/0.1000E-04
# With parameters(tra.):    -0.8241E-03   -0.2586E-03   -0.5030E-03
# With parameters(rot.):     0.6552E-03    0.5111E-01   -0.1288E-02
# Minimization at step:    42 with Value:     0.0000Tol(Act/Req):0.2000E+01/0.1000E-04
# With parameters(tra.):    -0.1099E-02   -0.3448E-03   -0.6706E-03
# With parameters(rot.):     0.8736E-03    0.3481E-01   -0.1718E-02
# Minimization at step:    43 with Value:     0.0000Tol(Act/Req):0.2000E+01/0.1000E-04
# With parameters(tra.):    -0.6393E-03   -0.2182E-03   -0.5562E-03
# With parameters(rot.):     0.1492E-02    0.2870E-01   -0.1931E-02
# Minimization at step:    44 with Value:     0.0000Tol(Act/Req):0.2000E+01/0.1000E-04
# With parameters(tra.):    -0.5123E-03   -0.6073E-03   -0.4522E-03
# With parameters(rot.):     0.2370E-02    0.2056E-01   -0.1181E-02
# Minimization at step:    45 with Value:     0.0000Tol(Act/Req):0.2000E+01/0.1000E-04
# With parameters(tra.):    -0.3430E-03   -0.6834E-03    0.1033E-03
# With parameters(rot.):     0.2301E-02    0.1050E-01   -0.1398E-02
# Minimization at step:    46 with Value:     0.0000Tol(Act/Req):0.2000E+01/0.1000E-04
# With parameters(tra.):    -0.4135E-03   -0.3197E-03    0.1845E-03
# With parameters(rot.):     0.1400E-02    0.1529E-01   -0.2221E-02
# Minimization at step:    47 with Value:     0.0000Tol(Act/Req):0.2000E+01/0.1000E-04
# With parameters(tra.):    -0.2878E-03   -0.2960E-03    0.2977E-03
# With parameters(rot.):     0.1389E-02    0.1774E-01   -0.2155E-02
# Minimization at step:    48 with Value:     0.0000Tol(Act/Req):0.1999E+01/0.1000E-04
# With parameters(tra.):    -0.2596E-03   -0.3850E-03    0.2869E-03
# With parameters(rot.):     0.1613E-02    0.1675E-01   -0.1944E-02
# Minimization at step:    49 with Value:     0.0000Tol(Act/Req):0.1999E+01/0.1000E-04
# With parameters(tra.):     0.6787E-04   -0.4272E-03    0.2218E-03
# With parameters(rot.):     0.1370E-02    0.5670E-02   -0.2162E-02
# Minimization at step:    50 with Value:     0.0000Tol(Act/Req):0.1999E+01/0.1000E-04
# With parameters(tra.):     0.9334E-04   -0.1038E-03    0.2963E-03
# With parameters(rot.):     0.1230E-02   -0.9367E-02   -0.2236E-02
# Minimization at step:    51 with Value:     0.0000Tol(Act/Req):0.1999E+01/0.1000E-04
# With parameters(tra.):     0.6944E-04    0.1655E-03   -0.1949E-03
# With parameters(rot.):     0.9430E-03   -0.5933E-02   -0.2298E-02
# Minimization at step:    52 with Value:     0.0000Tol(Act/Req):0.1999E+01/0.1000E-04
# With parameters(tra.):     0.6108E-04    0.1071E-03   -0.2545E-03
# With parameters(rot.):     0.9540E-03   -0.1888E-02   -0.2284E-02
# Minimization at step:    53 with Value:     0.0000Tol(Act/Req):0.1999E+01/0.1000E-04
# With parameters(tra.):     0.6636E-04    0.3491E-04   -0.1366E-03
# With parameters(rot.):     0.1027E-02   -0.2409E-02   -0.2268E-02
# Minimization at step:    54 with Value:     0.0000Tol(Act/Req):0.1999E+01/0.1000E-04
# With parameters(tra.):    -0.1579E-03   -0.7356E-05   -0.1112E-03
# With parameters(rot.):     0.2531E-03   -0.6671E-02   -0.2167E-02
# Minimization at step:    55 with Value:     0.0000Tol(Act/Req):0.1999E+01/0.1000E-04
# With parameters(tra.):    -0.2585E-03    0.3818E-04   -0.1227E-03
# With parameters(rot.):     0.2207E-03   -0.4930E-02   -0.2113E-02
# Minimization at step:    56 with Value:     0.0000Tol(Act/Req):0.1999E+01/0.1000E-04
# With parameters(tra.):    -0.2019E-03    0.1329E-05   -0.2809E-03
# With parameters(rot.):     0.2054E-03   -0.1414E-01   -0.1748E-02
# Minimization at step:    57 with Value:     0.0000Tol(Act/Req):0.1999E+01/0.1000E-04
# With parameters(tra.):    -0.1319E-03    0.3793E-04   -0.2725E-03
# With parameters(rot.):     0.1014E-03   -0.1558E-01   -0.1681E-02
# Minimization at step:    58 with Value:     0.0000Tol(Act/Req):0.1999E+01/0.1000E-04
# With parameters(tra.):    -0.7367E-04    0.5227E-04   -0.2924E-03
# With parameters(rot.):     0.2822E-03   -0.1525E-01   -0.1666E-02
# Minimization at step:    59 with Value:     0.0000Tol(Act/Req):0.1999E+01/0.1000E-04
# With parameters(tra.):    -0.7713E-04    0.6573E-04   -0.2537E-03
# With parameters(rot.):     0.2924E-03   -0.1304E-01   -0.1750E-02
# Minimization at step:    60 with Value:     0.0000Tol(Act/Req):0.1998E+01/0.1000E-04
# With parameters(tra.):    -0.1399E-03   -0.6487E-04   -0.3727E-03
# With parameters(rot.):     0.9387E-04   -0.8670E-02   -0.1545E-02
# Minimization at step:    61 with Value:     0.0000Tol(Act/Req):0.1998E+01/0.1000E-04
# With parameters(tra.):    -0.1981E-03   -0.2425E-03   -0.2157E-03
# With parameters(rot.):    -0.7160E-04   -0.1180E-01   -0.1271E-02
# Minimization at step:    62 with Value:     0.0000Tol(Act/Req):0.1998E+01/0.1000E-04
# With parameters(tra.):    -0.3794E-03   -0.2450E-03   -0.2696E-03
# With parameters(rot.):    -0.2337E-03   -0.1061E-01   -0.8825E-03
# Minimization at step:    63 with Value:     0.0000Tol(Act/Req):0.1997E+01/0.1000E-04
# With parameters(tra.):    -0.3218E-03   -0.2661E-03   -0.2519E-03
# With parameters(rot.):    -0.5534E-03   -0.1182E-01   -0.4831E-03
# Minimization at step:    64 with Value:     0.0000Tol(Act/Req):0.1997E+01/0.1000E-04
# With parameters(tra.):    -0.3439E-03   -0.2871E-03   -0.2324E-03
# With parameters(rot.):    -0.6188E-03   -0.1061E-01   -0.4198E-03
# Minimization at step:    65 with Value:     0.0000Tol(Act/Req):0.1997E+01/0.1000E-04
# With parameters(tra.):    -0.3175E-03   -0.3715E-03   -0.2520E-03
# With parameters(rot.):    -0.5575E-03   -0.8415E-02    0.2629E-04
# Minimization at step:    66 with Value:     0.0000Tol(Act/Req):0.1997E+01/0.1000E-04
# With parameters(tra.):    -0.2991E-03   -0.2368E-03   -0.4212E-03
# With parameters(rot.):    -0.5540E-03   -0.4157E-02    0.1849E-03
# Minimization at step:    67 with Value:     0.0000Tol(Act/Req):0.1997E+01/0.1000E-04
# With parameters(tra.):    -0.9115E-04   -0.2316E-03   -0.4177E-03
# With parameters(rot.):    -0.4987E-03   -0.3199E-02    0.1519E-03
# Minimization at step:    68 with Value:     0.0000Tol(Act/Req):0.1997E+01/0.1000E-04
# With parameters(tra.):    -0.5296E-04   -0.3313E-03   -0.2900E-03
# With parameters(rot.):    -0.4875E-03   -0.6153E-02    0.2477E-04
# Minimization at step:    69 with Value:     0.0000Tol(Act/Req):0.1997E+01/0.1000E-04
# With parameters(tra.):    -0.2094E-04   -0.3319E-03   -0.3205E-03
# With parameters(rot.):    -0.1458E-03   -0.3055E-02   -0.2054E-03
# Minimization at step:    70 with Value:     0.0000Tol(Act/Req):0.1996E+01/0.1000E-04
# With parameters(tra.):     0.8151E-04   -0.2903E-03   -0.1842E-03
# With parameters(rot.):    -0.2711E-04   -0.5556E-02    0.3626E-04
# Minimization at step:    71 with Value:     0.0000Tol(Act/Req):0.1995E+01/0.1000E-04
# With parameters(tra.):     0.1082E-03   -0.2624E-03   -0.1736E-03
# With parameters(rot.):     0.1773E-05   -0.5866E-02   -0.7442E-04
# Minimization at step:    72 with Value:     0.0000Tol(Act/Req):0.1994E+01/0.1000E-04
# With parameters(tra.):     0.1348E-03   -0.2708E-03   -0.1590E-03
# With parameters(rot.):     0.2080E-04   -0.4867E-02   -0.1400E-04
# Minimization at step:    73 with Value:     0.0000Tol(Act/Req):0.1994E+01/0.1000E-04
# With parameters(tra.):     0.1398E-03   -0.2656E-03   -0.1379E-03
# With parameters(rot.):    -0.5074E-04   -0.5793E-02    0.5951E-04
# Minimization at step:    74 with Value:     0.0000Tol(Act/Req):0.1992E+01/0.1000E-04
# With parameters(tra.):     0.1190E-03   -0.2739E-03   -0.1681E-03
# With parameters(rot.):    -0.8237E-04   -0.5188E-02    0.1019E-05
# Minimization at step:    75 with Value:     0.0000Tol(Act/Req):0.1992E+01/0.1000E-04
# With parameters(tra.):     0.1555E-04   -0.2884E-03   -0.1083E-03
# With parameters(rot.):    -0.1981E-04   -0.6403E-02   -0.1201E-04
# Minimization at step:    76 with Value:     0.0000Tol(Act/Req):0.1988E+01/0.1000E-04
# With parameters(tra.):     0.1292E-04   -0.2077E-03   -0.1329E-03
# With parameters(rot.):     0.1286E-03   -0.4517E-02    0.6051E-04
# Minimization at step:    77 with Value:     0.0000Tol(Act/Req):0.1987E+01/0.1000E-04
# With parameters(tra.):     0.3450E-04   -0.1337E-03   -0.9817E-04
# With parameters(rot.):     0.2286E-03   -0.4688E-02   -0.1159E-03
# Minimization at step:    78 with Value:     0.0000Tol(Act/Req):0.1983E+01/0.1000E-04
# With parameters(tra.):     0.5430E-04   -0.1048E-03   -0.4864E-04
# With parameters(rot.):     0.3360E-03   -0.2630E-02   -0.2899E-04
# Minimization at step:    79 with Value:     0.0000Tol(Act/Req):0.1983E+01/0.1000E-04
# With parameters(tra.):     0.3853E-04   -0.9490E-04   -0.5379E-04
# With parameters(rot.):     0.3550E-03   -0.2114E-02   -0.6074E-04
# Minimization at step:    80 with Value:     0.0000Tol(Act/Req):0.1983E+01/0.1000E-04
# With parameters(tra.):     0.1473E-04   -0.2752E-04    0.1640E-04
# With parameters(rot.):     0.3472E-03   -0.2739E-02    0.4619E-04
# Minimization at step:    81 with Value:     0.0000Tol(Act/Req):0.1983E+01/0.1000E-04
# With parameters(tra.):     0.3190E-04   -0.3362E-05    0.1682E-04
# With parameters(rot.):     0.3673E-03   -0.2231E-02    0.5321E-04
# Minimization at step:    82 with Value:     0.0000Tol(Act/Req):0.1977E+01/0.1000E-04
# With parameters(tra.):     0.2629E-04   -0.1100E-04    0.1772E-04
# With parameters(rot.):     0.3539E-03   -0.1983E-02    0.1114E-03
# Minimization at step:    83 with Value:     0.0000Tol(Act/Req):0.1976E+01/0.1000E-04
# With parameters(tra.):     0.3321E-04   -0.2646E-04    0.2861E-06
# With parameters(rot.):     0.3564E-03   -0.1764E-02    0.9010E-04
# Minimization at step:    84 with Value:     0.0000Tol(Act/Req):0.1974E+01/0.1000E-04
# With parameters(tra.):     0.6378E-05   -0.2923E-04   -0.3294E-04
# With parameters(rot.):     0.2559E-03   -0.3533E-02    0.4292E-04
# Minimization at step:    85 with Value:     0.0000Tol(Act/Req):0.1970E+01/0.1000E-04
# With parameters(tra.):     0.6489E-05   -0.3455E-04   -0.1847E-04
# With parameters(rot.):     0.2294E-03   -0.3923E-02    0.2332E-04
# Minimization at step:    86 with Value:     0.0000Tol(Act/Req):0.1958E+01/0.1000E-04
# With parameters(tra.):     0.1321E-04   -0.3430E-04   -0.8958E-05
# With parameters(rot.):     0.2523E-03   -0.3513E-02    0.3348E-04
# Minimization at step:    87 with Value:     0.0000Tol(Act/Req):0.1953E+01/0.1000E-04
# With parameters(tra.):    -0.2678E-04    0.5752E-05   -0.4317E-05
# With parameters(rot.):     0.2562E-03   -0.2948E-02    0.1401E-05
# Minimization at step:    88 with Value:     0.0000Tol(Act/Req):0.1949E+01/0.1000E-04
# With parameters(tra.):    -0.5569E-04   -0.3935E-05   -0.9850E-05
# With parameters(rot.):     0.1967E-03   -0.2774E-02    0.8111E-04
# Minimization at step:    89 with Value:     0.0000Tol(Act/Req):0.1944E+01/0.1000E-04
# With parameters(tra.):    -0.5054E-04    0.4420E-04   -0.1790E-04
# With parameters(rot.):     0.1801E-03   -0.1940E-02    0.1045E-03
# Minimization at step:    90 with Value:     0.0000Tol(Act/Req):0.1934E+01/0.1000E-04
# With parameters(tra.):    -0.6463E-04    0.3682E-04   -0.5883E-04
# With parameters(rot.):     0.1264E-03   -0.1560E-02    0.6664E-04
# Minimization at step:    91 with Value:     0.0000Tol(Act/Req):0.1933E+01/0.1000E-04
# With parameters(tra.):    -0.3727E-04    0.7124E-05   -0.8165E-04
# With parameters(rot.):     0.7927E-04   -0.1663E-02    0.1205E-03
# Minimization at step:    92 with Value:     0.0000Tol(Act/Req):0.1932E+01/0.1000E-04
# With parameters(tra.):    -0.5163E-04    0.1039E-04   -0.7377E-04
# With parameters(rot.):    -0.2375E-04   -0.1689E-02    0.1137E-03
# Minimization at step:    93 with Value:     0.0000Tol(Act/Req):0.1932E+01/0.1000E-04
# With parameters(tra.):    -0.8378E-04    0.4117E-04   -0.4833E-04
# With parameters(rot.):    -0.1098E-04   -0.1594E-02    0.5756E-04
# Minimization at step:    94 with Value:     0.0000Tol(Act/Req):0.1929E+01/0.1000E-04
# With parameters(tra.):    -0.8850E-04    0.4758E-04   -0.4685E-04
# With parameters(rot.):    -0.2146E-04   -0.1230E-02    0.6464E-04
# Minimization at step:    95 with Value:     0.0000Tol(Act/Req):0.1929E+01/0.1000E-04
# With parameters(tra.):    -0.5793E-04    0.1894E-04   -0.7180E-04
# With parameters(rot.):    -0.3773E-04   -0.1202E-02    0.1231E-03
# Minimization at step:    96 with Value:     0.0000Tol(Act/Req):0.1927E+01/0.1000E-04
# With parameters(tra.):    -0.2976E-04    0.3625E-04   -0.8692E-04
# With parameters(rot.):    -0.5639E-04   -0.8516E-03    0.5740E-04
# Minimization at step:    97 with Value:     0.0000Tol(Act/Req):0.1919E+01/0.1000E-04
# With parameters(tra.):    -0.3506E-04    0.4485E-04   -0.8194E-04
# With parameters(rot.):    -0.5388E-04   -0.8293E-03    0.3730E-04
# Minimization at step:    98 with Value:     0.0000Tol(Act/Req):0.1918E+01/0.1000E-04
# With parameters(tra.):    -0.3506E-04    0.3287E-04   -0.8527E-04
# With parameters(rot.):    -0.6923E-04   -0.9454E-03    0.2587E-04
# Minimization at step:    99 with Value:     0.0000Tol(Act/Req):0.1917E+01/0.1000E-04
# With parameters(tra.):    -0.1111E-04    0.3894E-04   -0.5314E-04
# With parameters(rot.):    -0.8071E-04   -0.1120E-02    0.5010E-04
# Minimization at step:   100 with Value:     0.0000Tol(Act/Req):0.1895E+01/0.1000E-04
# With parameters(tra.):     0.1676E-04    0.4519E-04   -0.5415E-04
# With parameters(rot.):     0.3329E-05   -0.9049E-03    0.3573E-04
# Minimization at step:   101 with Value:     0.0000Tol(Act/Req):0.1888E+01/0.1000E-04
# With parameters(tra.):     0.7268E-05    0.3445E-04   -0.3462E-04
# With parameters(rot.):     0.3226E-04   -0.1181E-02    0.7959E-04
# Minimization at step:   102 with Value:     0.0000Tol(Act/Req):0.1838E+01/0.1000E-04
# With parameters(tra.):    -0.4907E-06    0.3199E-04   -0.3274E-04
# With parameters(rot.):     0.1366E-04   -0.1258E-02    0.8684E-04
# Minimization at step:   103 with Value:     0.0000Tol(Act/Req):0.1830E+01/0.1000E-04
# With parameters(tra.):     0.1940E-04    0.3961E-04   -0.2508E-04
# With parameters(rot.):     0.4403E-05   -0.5377E-03    0.1084E-03
# Minimization at step:   104 with Value:     0.0000Tol(Act/Req):0.1824E+01/0.1000E-04
# With parameters(tra.):     0.2129E-04    0.4348E-04   -0.1786E-04
# With parameters(rot.):     0.1052E-04   -0.5023E-03    0.1043E-03
# Minimization at step:   105 with Value:     0.0000Tol(Act/Req):0.1811E+01/0.1000E-04
# With parameters(tra.):     0.6844E-05    0.3872E-04   -0.2179E-04
# With parameters(rot.):     0.1898E-04   -0.1034E-02    0.8708E-04
# Minimization at step:   106 with Value:     0.0000Tol(Act/Req):0.1799E+01/0.1000E-04
# With parameters(tra.):     0.2353E-05    0.3719E-04   -0.2721E-04
# With parameters(rot.):     0.3016E-04   -0.9827E-03    0.8411E-04
# Minimization at step:   107 with Value:     0.0000Tol(Act/Req):0.1737E+01/0.1000E-04
# With parameters(tra.):     0.1483E-04    0.1467E-04   -0.1451E-04
# With parameters(rot.):     0.3258E-04   -0.1227E-02    0.8066E-04
# Minimization at step:   108 with Value:     0.0000Tol(Act/Req):0.1723E+01/0.1000E-04
# With parameters(tra.):     0.2368E-04    0.1525E-04   -0.2082E-04
# With parameters(rot.):     0.1340E-04   -0.1059E-02    0.5177E-04
# Minimization at step:   109 with Value:     0.0000Tol(Act/Req):0.1700E+01/0.1000E-04
# With parameters(tra.):     0.2130E-04    0.2092E-04   -0.2452E-04
# With parameters(rot.):     0.1120E-04   -0.9833E-03    0.5023E-04
# Minimization at step:   110 with Value:     0.0000Tol(Act/Req):0.1646E+01/0.1000E-04
# With parameters(tra.):     0.1304E-04    0.1232E-04   -0.1803E-04
# With parameters(rot.):    -0.2682E-04   -0.1045E-02    0.5252E-04
# Minimization at step:   111 with Value:     0.0000Tol(Act/Req):0.1633E+01/0.1000E-04
# With parameters(tra.):     0.1407E-04    0.9661E-05   -0.3634E-05
# With parameters(rot.):    -0.2704E-04   -0.1156E-02    0.2702E-04
# Minimization at step:   112 with Value:     0.0000Tol(Act/Req):0.1609E+01/0.1000E-04
# With parameters(tra.):     0.2310E-04    0.4773E-05    0.2872E-05
# With parameters(rot.):    -0.4278E-04   -0.9204E-03    0.2061E-04
# Minimization at step:   113 with Value:     0.0000Tol(Act/Req):0.1596E+01/0.1000E-04
# With parameters(tra.):     0.3181E-04    0.9341E-05    0.3227E-05
# With parameters(rot.):    -0.1825E-04   -0.8426E-03    0.1091E-04
# Minimization at step:   114 with Value:     0.0000Tol(Act/Req):0.1473E+01/0.1000E-04
# With parameters(tra.):     0.3243E-04    0.7781E-07    0.2709E-05
# With parameters(rot.):    -0.1359E-04   -0.7312E-03   -0.1185E-04
# Minimization at step:   115 with Value:     0.0000Tol(Act/Req):0.1473E+01/0.1000E-04
# With parameters(tra.):     0.3752E-04   -0.4600E-06   -0.9572E-05
# With parameters(rot.):    -0.8888E-05   -0.4796E-03    0.6942E-06
# Minimization at step:   116 with Value:     0.0000Tol(Act/Req):0.1464E+01/0.1000E-04
# With parameters(tra.):     0.3329E-04   -0.6269E-05    0.4949E-06
# With parameters(rot.):     0.2858E-05   -0.4554E-03    0.1256E-04
# Minimization at step:   117 with Value:     0.0000Tol(Act/Req):0.1439E+01/0.1000E-04
# With parameters(tra.):     0.3167E-04   -0.6619E-05    0.4404E-05
# With parameters(rot.):     0.2661E-05   -0.5162E-03    0.1041E-04
# Minimization at step:   118 with Value:     0.0000Tol(Act/Req):0.1292E+01/0.1000E-04
# With parameters(tra.):     0.3036E-04   -0.4445E-05    0.6642E-05
# With parameters(rot.):    -0.4590E-05   -0.2101E-03   -0.5952E-05
# Minimization at step:   119 with Value:     0.0000Tol(Act/Req):0.1286E+01/0.1000E-04
# With parameters(tra.):     0.2676E-04   -0.4259E-05    0.3562E-05
# With parameters(rot.):     0.1863E-04   -0.1301E-03   -0.1053E-04
# Minimization at step:   120 with Value:     0.0000Tol(Act/Req):0.1205E+01/0.1000E-04
# With parameters(tra.):     0.1927E-04   -0.1184E-04    0.3437E-05
# With parameters(rot.):     0.1458E-04    0.5549E-04   -0.1122E-04
# Minimization at step:   121 with Value:     0.0000Tol(Act/Req):0.1129E+01/0.1000E-04
# With parameters(tra.):     0.1916E-04   -0.1085E-04    0.1165E-05
# With parameters(rot.):     0.1262E-04    0.9200E-04   -0.1616E-04
# Minimization at step:   122 with Value:     0.0000Tol(Act/Req):0.1104E+01/0.1000E-04
# With parameters(tra.):     0.1432E-04   -0.8317E-05    0.9955E-06
# With parameters(rot.):     0.1824E-04    0.2921E-03   -0.2427E-05
# Minimization at step:   123 with Value:     0.0000Tol(Act/Req):0.1101E+01/0.1000E-04
# With parameters(tra.):     0.1331E-04   -0.9183E-05   -0.3466E-07
# With parameters(rot.):     0.2196E-04    0.2575E-03    0.1957E-05
# Minimization at step:   124 with Value:     0.0000Tol(Act/Req):0.1062E+01/0.1000E-04
# With parameters(tra.):     0.1243E-04   -0.1101E-04    0.1848E-05
# With parameters(rot.):    -0.1524E-06    0.3066E-03    0.1070E-04
# Minimization at step:   125 with Value:     0.0000Tol(Act/Req):0.1031E+01/0.1000E-04
# With parameters(tra.):     0.1001E-04   -0.1155E-04    0.3589E-05
# With parameters(rot.):    -0.4853E-06    0.3448E-03    0.9652E-05
# Minimization at step:   126 with Value:     0.0000Tol(Act/Req):0.9271E+00/0.1000E-04
# With parameters(tra.):     0.1003E-04   -0.1114E-04    0.3264E-05
# With parameters(rot.):     0.5015E-05    0.3356E-03    0.7379E-05
# Minimization at step:   127 with Value:     0.0000Tol(Act/Req):0.8961E+00/0.1000E-04
# With parameters(tra.):     0.1089E-04   -0.1201E-04    0.3495E-05
# With parameters(rot.):     0.2506E-05    0.2892E-03    0.4762E-05
# Minimization at step:   128 with Value:     0.0000Tol(Act/Req):0.7038E+00/0.1000E-04
# With parameters(tra.):     0.1440E-04   -0.6366E-05    0.3603E-05
# With parameters(rot.):     0.2529E-05    0.2085E-03    0.9269E-05
# Minimization at step:   129 with Value:     0.0000Tol(Act/Req):0.5994E+00/0.1000E-04
# With parameters(tra.):     0.1305E-04   -0.3763E-05    0.8056E-06
# With parameters(rot.):    -0.2933E-05    0.2924E-03    0.8207E-05
# Minimization at step:   130 with Value:     0.0000Tol(Act/Req):0.5711E+00/0.1000E-04
# With parameters(tra.):     0.1094E-04   -0.3688E-05   -0.9747E-06
# With parameters(rot.):    -0.3799E-05    0.2347E-03    0.1906E-04
# Minimization at step:   131 with Value:     0.0000Tol(Act/Req):0.5654E+00/0.1000E-04
# With parameters(tra.):     0.1128E-04   -0.3808E-06   -0.3038E-05
# With parameters(rot.):     0.4264E-05    0.1828E-03    0.1840E-04
# Minimization at step:   132 with Value:     0.0000Tol(Act/Req):0.5444E+00/0.1000E-04
# With parameters(tra.):     0.6875E-05    0.2261E-05   -0.1764E-05
# With parameters(rot.):     0.5181E-05    0.2050E-03    0.1922E-04
# Minimization at step:   133 with Value:     0.0000Tol(Act/Req):0.5086E+00/0.1000E-04
# With parameters(tra.):     0.7627E-05    0.4170E-05   -0.2473E-06
# With parameters(rot.):     0.9040E-05    0.2529E-03    0.8427E-05
# Minimization at step:   134 with Value:     0.0000Tol(Act/Req):0.4959E+00/0.1000E-04
# With parameters(tra.):     0.8246E-05    0.7825E-05   -0.1032E-05
# With parameters(rot.):     0.6200E-05    0.1480E-03    0.4416E-05
# Minimization at step:   135 with Value:     0.0000Tol(Act/Req):0.4581E+00/0.1000E-04
# With parameters(tra.):     0.7837E-05    0.7308E-05   -0.2366E-05
# With parameters(rot.):     0.2596E-05    0.8584E-04    0.1151E-04
# Minimization at step:   136 with Value:     0.0000Tol(Act/Req):0.4501E+00/0.1000E-04
# With parameters(tra.):     0.6347E-05    0.6563E-05   -0.7819E-07
# With parameters(rot.):    -0.6023E-05    0.1054E-03    0.9865E-05
# Minimization at step:   137 with Value:     0.0000Tol(Act/Req):0.3880E+00/0.1000E-04
# With parameters(tra.):     0.1316E-05    0.7112E-05   -0.1378E-05
# With parameters(rot.):    -0.8889E-05    0.1249E-03    0.7059E-05
# Minimization at step:   138 with Value:     0.0000Tol(Act/Req):0.3782E+00/0.1000E-04
# With parameters(tra.):     0.5840E-06    0.6139E-05   -0.1210E-05
# With parameters(rot.):    -0.9436E-05    0.1492E-03    0.8282E-05
# Minimization at step:   139 with Value:     0.0000Tol(Act/Req):0.3390E+00/0.1000E-04
# With parameters(tra.):    -0.1855E-05    0.7312E-05   -0.3152E-06
# With parameters(rot.):    -0.8331E-05    0.7147E-04    0.8832E-05
# Minimization at step:   140 with Value:     0.0000Tol(Act/Req):0.3108E+00/0.1000E-04
# With parameters(tra.):     0.1125E-05    0.6951E-05    0.9249E-06
# With parameters(rot.):    -0.6042E-05    0.4351E-04    0.1138E-04
# Minimization at step:   141 with Value:     0.0000Tol(Act/Req):0.3095E+00/0.1000E-04
# With parameters(tra.):     0.1063E-05    0.7169E-05    0.4365E-06
# With parameters(rot.):    -0.3889E-05    0.3345E-04    0.1192E-04
# Minimization at step:   142 with Value:     0.0000Tol(Act/Req):0.2465E+00/0.1000E-04
# With parameters(tra.):     0.2916E-05    0.6415E-05    0.3127E-07
# With parameters(rot.):    -0.6845E-05   -0.2615E-04    0.9477E-05
# Minimization at step:   143 with Value:     0.0000Tol(Act/Req):0.1600E+00/0.1000E-04
# With parameters(tra.):     0.1548E-05    0.6462E-05    0.1720E-05
# With parameters(rot.):    -0.7589E-05   -0.2207E-04    0.4070E-05
# Minimization at step:   144 with Value:     0.0000Tol(Act/Req):0.1549E+00/0.1000E-04
# With parameters(tra.):     0.2238E-05    0.6196E-05    0.1740E-05
# With parameters(rot.):    -0.7711E-05   -0.1691E-04    0.3581E-05
# Minimization at step:   145 with Value:     0.0000Tol(Act/Req):0.1520E+00/0.1000E-04
# With parameters(tra.):     0.1325E-05    0.4268E-05    0.3058E-05
# With parameters(rot.):    -0.8231E-05   -0.2366E-04    0.4461E-05
# Minimization at step:   146 with Value:     0.0000Tol(Act/Req):0.1432E+00/0.1000E-04
# With parameters(tra.):    -0.1153E-06    0.3778E-05    0.2972E-05
# With parameters(rot.):    -0.9922E-05   -0.2647E-04    0.1457E-05
# Minimization at step:   147 with Value:     0.0000Tol(Act/Req):0.1366E+00/0.1000E-04
# With parameters(tra.):     0.6979E-06    0.2836E-05    0.1700E-05
# With parameters(rot.):    -0.9956E-05   -0.3201E-04    0.5993E-05
# Minimization at step:   148 with Value:     0.0000Tol(Act/Req):0.1309E+00/0.1000E-04
# With parameters(tra.):     0.4511E-06    0.1829E-05    0.1145E-05
# With parameters(rot.):    -0.7673E-05   -0.7394E-04    0.5093E-05
# Minimization at step:   149 with Value:     0.0000Tol(Act/Req):0.1294E+00/0.1000E-04
# With parameters(tra.):    -0.1606E-05    0.8027E-06    0.1786E-05
# With parameters(rot.):    -0.5978E-05   -0.5014E-04    0.5259E-05
# Minimization at step:   150 with Value:     0.0000Tol(Act/Req):0.8998E-01/0.1000E-04
# With parameters(tra.):    -0.2001E-05    0.8688E-06    0.2111E-05
# With parameters(rot.):    -0.5638E-05   -0.5027E-04    0.4063E-05
# Minimization at step:   151 with Value:     0.0000Tol(Act/Req):0.8425E-01/0.1000E-04
# With parameters(tra.):    -0.2197E-05    0.1663E-05    0.4776E-06
# With parameters(rot.):    -0.4254E-05   -0.5239E-04    0.3052E-05
# Minimization at step:   152 with Value:     0.0000Tol(Act/Req):0.8296E-01/0.1000E-04
# With parameters(tra.):    -0.1732E-05    0.1991E-05    0.2082E-06
# With parameters(rot.):    -0.4534E-05   -0.5852E-04    0.2826E-05
# Minimization at step:   153 with Value:     0.0000Tol(Act/Req):0.7285E-01/0.1000E-04
# With parameters(tra.):    -0.1675E-05    0.5712E-07   -0.2617E-06
# With parameters(rot.):    -0.3720E-05   -0.6207E-04    0.1597E-05
# Minimization at step:   154 with Value:     0.0000Tol(Act/Req):0.5382E-01/0.1000E-04
# With parameters(tra.):    -0.1565E-05   -0.1713E-06   -0.5166E-06
# With parameters(rot.):    -0.2921E-05   -0.6457E-04    0.2110E-05
# Minimization at step:   155 with Value:     0.0000Tol(Act/Req):0.4863E-01/0.1000E-04
# With parameters(tra.):    -0.1990E-05    0.1696E-06   -0.5151E-06
# With parameters(rot.):    -0.3621E-05   -0.1951E-04    0.2016E-05
# Minimization at step:   156 with Value:     0.0000Tol(Act/Req):0.4597E-01/0.1000E-04
# With parameters(tra.):    -0.2187E-05    0.1444E-06   -0.5715E-06
# With parameters(rot.):    -0.3283E-05   -0.1701E-04    0.1247E-05
# Minimization at step:   157 with Value:     0.0000Tol(Act/Req):0.4214E-01/0.1000E-04
# With parameters(tra.):    -0.2137E-05   -0.1808E-06   -0.2505E-06
# With parameters(rot.):    -0.3548E-05   -0.1354E-04    0.1350E-05
# Minimization at step:   158 with Value:     0.0000Tol(Act/Req):0.3795E-01/0.1000E-04
# With parameters(tra.):    -0.2190E-05    0.2830E-06   -0.1321E-06
# With parameters(rot.):    -0.3737E-05   -0.8605E-05    0.1636E-05
# Minimization at step:   159 with Value:     0.0000Tol(Act/Req):0.3030E-01/0.1000E-04
# With parameters(tra.):    -0.2100E-05    0.2072E-06   -0.1006E-06
# With parameters(rot.):    -0.3572E-05   -0.1896E-04    0.1628E-05
# Minimization at step:   160 with Value:     0.0000Tol(Act/Req):0.2554E-01/0.1000E-04
# With parameters(tra.):    -0.1293E-05    0.2687E-06   -0.7423E-06
# With parameters(rot.):    -0.3811E-05   -0.1805E-04    0.7784E-06
# Minimization at step:   161 with Value:     0.0000Tol(Act/Req):0.1800E-01/0.1000E-04
# With parameters(tra.):    -0.9818E-06   -0.4140E-07   -0.1328E-05
# With parameters(rot.):    -0.2510E-05   -0.7537E-05    0.1359E-05
# Minimization at step:   162 with Value:     0.0000Tol(Act/Req):0.1611E-01/0.1000E-04
# With parameters(tra.):    -0.9736E-06   -0.1538E-06   -0.1692E-05
# With parameters(rot.):    -0.1576E-05    0.6230E-06   -0.1398E-06
# Minimization at step:   163 with Value:     0.0000Tol(Act/Req):0.1571E-01/0.1000E-04
# With parameters(tra.):    -0.4864E-06   -0.7952E-06   -0.1531E-05
# With parameters(rot.):    -0.1449E-05    0.1230E-04   -0.4312E-06
# Minimization at step:   164 with Value:     0.0000Tol(Act/Req):0.1553E-01/0.1000E-04
# With parameters(tra.):    -0.3071E-06   -0.9166E-06   -0.1634E-05
# With parameters(rot.):    -0.1189E-05    0.9725E-05   -0.6069E-06
# Minimization at step:   165 with Value:     0.0000Tol(Act/Req):0.1497E-01/0.1000E-04
# With parameters(tra.):    -0.9317E-07   -0.1059E-05   -0.1250E-05
# With parameters(rot.):    -0.1994E-05    0.4599E-05    0.7366E-06
# Minimization at step:   166 with Value:     0.0000Tol(Act/Req):0.1418E-01/0.1000E-04
# With parameters(tra.):    -0.1951E-06   -0.1185E-05   -0.1132E-05
# With parameters(rot.):    -0.1783E-05    0.6258E-05    0.9456E-06
# Minimization at step:   167 with Value:     0.0000Tol(Act/Req):0.1335E-01/0.1000E-04
# With parameters(tra.):    -0.2072E-06   -0.1202E-05   -0.9695E-06
# With parameters(rot.):    -0.2048E-05    0.4780E-05    0.7659E-06
# Minimization at step:   168 with Value:     0.0000Tol(Act/Req):0.1293E-01/0.1000E-04
# With parameters(tra.):     0.3482E-06   -0.7698E-06   -0.1012E-05
# With parameters(rot.):    -0.1863E-05    0.1911E-04    0.1049E-05
# Minimization at step:   169 with Value:     0.0000Tol(Act/Req):0.1222E-01/0.1000E-04
# With parameters(tra.):     0.3315E-06   -0.7103E-06   -0.1088E-05
# With parameters(rot.):    -0.1651E-05    0.2160E-04    0.7390E-06
# Minimization at step:   170 with Value:     0.0000Tol(Act/Req):0.1189E-01/0.1000E-04
# With parameters(tra.):     0.1169E-06   -0.4052E-07   -0.1102E-05
# With parameters(rot.):    -0.1846E-05    0.1302E-04    0.1421E-05
# Minimization at step:   171 with Value:     0.0000Tol(Act/Req):0.9729E-02/0.1000E-04
# With parameters(tra.):    -0.4118E-07   -0.8787E-07   -0.1099E-05
# With parameters(rot.):    -0.1890E-05    0.8932E-05    0.1381E-05
# Minimization at step:   172 with Value:     0.0000Tol(Act/Req):0.6200E-02/0.1000E-04
# With parameters(tra.):    -0.7215E-09   -0.2592E-06   -0.1095E-05
# With parameters(rot.):    -0.1845E-05    0.1073E-04    0.1207E-05
# Minimization at step:   173 with Value:     0.0000Tol(Act/Req):0.6117E-02/0.1000E-04
# With parameters(tra.):    -0.1397E-06   -0.2028E-06   -0.8464E-06
# With parameters(rot.):    -0.1444E-05    0.1555E-04    0.1712E-05
# Minimization at step:   174 with Value:     0.0000Tol(Act/Req):0.5752E-02/0.1000E-04
# With parameters(tra.):    -0.1415E-06    0.9487E-07   -0.4802E-06
# With parameters(rot.):    -0.1772E-05    0.1618E-04    0.1668E-05
# Minimization at step:   175 with Value:     0.0000Tol(Act/Req):0.5508E-02/0.1000E-04
# With parameters(tra.):     0.2722E-06    0.1892E-06   -0.3023E-06
# With parameters(rot.):    -0.1447E-05    0.1318E-04    0.2075E-05
# Minimization at step:   176 with Value:     0.0000Tol(Act/Req):0.5249E-02/0.1000E-04
# With parameters(tra.):     0.2191E-06    0.6081E-06   -0.1928E-06
# With parameters(rot.):    -0.9544E-06    0.1536E-04    0.1901E-05
# Minimization at step:   177 with Value:     0.0000Tol(Act/Req):0.4903E-02/0.1000E-04
# With parameters(tra.):    -0.1045E-06    0.6420E-06   -0.2988E-06
# With parameters(rot.):    -0.1075E-05    0.1815E-04    0.1552E-05
# Minimization at step:   178 with Value:     0.0000Tol(Act/Req):0.4267E-02/0.1000E-04
# With parameters(tra.):    -0.3576E-06    0.7535E-06   -0.9422E-07
# With parameters(rot.):    -0.9383E-06    0.1432E-04    0.1535E-05
# Minimization at step:   179 with Value:     0.0000Tol(Act/Req):0.4259E-02/0.1000E-04
# With parameters(tra.):    -0.3923E-06    0.6609E-06   -0.1134E-06
# With parameters(rot.):    -0.1060E-05    0.1369E-04    0.1548E-05
# Minimization at step:   180 with Value:     0.0000Tol(Act/Req):0.4227E-02/0.1000E-04
# With parameters(tra.):    -0.4419E-06    0.6249E-06    0.2212E-06
# With parameters(rot.):    -0.7084E-06    0.1828E-04    0.1315E-05
# Minimization at step:   181 with Value:     0.0000Tol(Act/Req):0.4072E-02/0.1000E-04
# With parameters(tra.):    -0.5402E-06    0.5038E-06    0.8884E-07
# With parameters(rot.):    -0.2597E-07    0.1835E-04    0.1241E-05
# Minimization at step:   182 with Value:     0.0000Tol(Act/Req):0.3586E-02/0.1000E-04
# With parameters(tra.):    -0.5348E-06    0.6830E-06    0.1520E-06
# With parameters(rot.):     0.4503E-07    0.1448E-04    0.5789E-06
# Minimization at step:   183 with Value:     0.0000Tol(Act/Req):0.2607E-02/0.1000E-04
# With parameters(tra.):    -0.5208E-06    0.7245E-06   -0.1163E-06
# With parameters(rot.):    -0.3031E-07    0.1008E-04    0.5701E-06
# Minimization at step:   184 with Value:     0.0000Tol(Act/Req):0.2544E-02/0.1000E-04
# With parameters(tra.):    -0.4438E-06    0.7294E-06    0.1525E-07
# With parameters(rot.):     0.3984E-06    0.5533E-05    0.4753E-06
# Minimization at step:   185 with Value:     0.0000Tol(Act/Req):0.2422E-02/0.1000E-04
# With parameters(tra.):    -0.4112E-06    0.7784E-06    0.4221E-07
# With parameters(rot.):     0.2631E-06    0.4447E-05    0.4299E-06
# Minimization at step:   186 with Value:     0.0000Tol(Act/Req):0.2309E-02/0.1000E-04
# With parameters(tra.):    -0.2604E-06    0.7124E-06   -0.4871E-07
# With parameters(rot.):     0.5724E-06    0.3708E-05    0.7264E-07
# Minimization at step:   187 with Value:     0.0000Tol(Act/Req):0.2198E-02/0.1000E-04
# With parameters(tra.):    -0.2859E-06    0.5444E-06   -0.6549E-07
# With parameters(rot.):     0.8730E-06   -0.8811E-06   -0.3931E-06
# Minimization at step:   188 with Value:     0.0000Tol(Act/Req):0.1987E-02/0.1000E-04
# With parameters(tra.):    -0.2084E-06    0.3191E-06   -0.2011E-06
# With parameters(rot.):     0.1078E-05   -0.2126E-05   -0.5492E-07
# Minimization at step:   189 with Value:     0.0000Tol(Act/Req):0.1462E-02/0.1000E-04
# With parameters(tra.):    -0.1956E-06    0.3423E-06   -0.2082E-06
# With parameters(rot.):     0.1020E-05   -0.1082E-05    0.8971E-07
# Minimization at step:   190 with Value:     0.0000Tol(Act/Req):0.1462E-02/0.1000E-04
# With parameters(tra.):    -0.2139E-06    0.4006E-06   -0.1749E-06
# With parameters(rot.):     0.9639E-06   -0.6843E-06    0.1721E-07
# Minimization at step:   191 with Value:     0.0000Tol(Act/Req):0.1345E-02/0.1000E-04
# With parameters(tra.):    -0.2142E-06    0.2861E-06   -0.3698E-06
# With parameters(rot.):     0.7237E-06    0.1793E-05   -0.4070E-07
# Minimization at step:   192 with Value:     0.0000Tol(Act/Req):0.1164E-02/0.1000E-04
# With parameters(tra.):    -0.1446E-06    0.1557E-06   -0.2991E-06
# With parameters(rot.):     0.9499E-06    0.1918E-05   -0.1890E-06
# Minimization at step:   193 with Value:     0.0000Tol(Act/Req):0.1133E-02/0.1000E-04
# With parameters(tra.):    -0.2568E-06    0.3618E-07   -0.2916E-06
# With parameters(rot.):     0.7664E-06    0.2061E-05    0.8110E-07
# Minimization at step:   194 with Value:     0.0000Tol(Act/Req):0.1082E-02/0.1000E-04
# With parameters(tra.):    -0.1401E-06   -0.1131E-06   -0.3490E-06
# With parameters(rot.):     0.6637E-06   -0.9061E-06   -0.1259E-06
# Minimization at step:   195 with Value:     0.0000Tol(Act/Req):0.8843E-03/0.1000E-04
# With parameters(tra.):    -0.1213E-06   -0.1271E-06   -0.1976E-06
# With parameters(rot.):     0.8288E-06   -0.3438E-05   -0.1038E-06
# Minimization at step:   196 with Value:     0.0000Tol(Act/Req):0.7455E-03/0.1000E-04
# With parameters(tra.):    -0.1489E-06   -0.9095E-07   -0.1706E-06
# With parameters(rot.):     0.8683E-06   -0.2908E-05   -0.5019E-07
# Minimization at step:   197 with Value:     0.0000Tol(Act/Req):0.6941E-03/0.1000E-04
# With parameters(tra.):    -0.1077E-06   -0.1889E-06   -0.1723E-06
# With parameters(rot.):     0.7015E-06   -0.1429E-05    0.1924E-06
# Minimization at step:   198 with Value:     0.0000Tol(Act/Req):0.5533E-03/0.1000E-04
# With parameters(tra.):    -0.6720E-07   -0.1778E-06   -0.1642E-06
# With parameters(rot.):     0.7420E-06   -0.1756E-05    0.1342E-06
# Minimization at step:   199 with Value:     0.0000Tol(Act/Req):0.5169E-03/0.1000E-04
# With parameters(tra.):    -0.8783E-07   -0.2020E-06   -0.1664E-06
# With parameters(rot.):     0.5219E-06   -0.3064E-05    0.3407E-06
# Minimization at step:   200 with Value:     0.0000Tol(Act/Req):0.4571E-03/0.1000E-04
# With parameters(tra.):    -0.8243E-07   -0.2863E-06   -0.9698E-07
# With parameters(rot.):     0.2624E-06   -0.3061E-05    0.3036E-06
# Minimization at step:   201 with Value:     0.0000Tol(Act/Req):0.3549E-03/0.1000E-04
# With parameters(tra.):    -0.8232E-07   -0.2973E-06   -0.1138E-06
# With parameters(rot.):     0.1877E-06   -0.2607E-05    0.3339E-06
# Minimization at step:   202 with Value:     0.0000Tol(Act/Req):0.3249E-03/0.1000E-04
# With parameters(tra.):    -0.1151E-06   -0.2355E-06   -0.9266E-07
# With parameters(rot.):     0.1831E-06   -0.4478E-05    0.1384E-06
# Minimization at step:   203 with Value:     0.0000Tol(Act/Req):0.3192E-03/0.1000E-04
# With parameters(tra.):    -0.1036E-06   -0.2224E-06   -0.6585E-07
# With parameters(rot.):     0.2903E-06   -0.3642E-05   -0.1356E-06
# Minimization at step:   204 with Value:     0.0000Tol(Act/Req):0.2704E-03/0.1000E-04
# With parameters(tra.):    -0.1067E-06   -0.1959E-06   -0.8062E-07
# With parameters(rot.):     0.3575E-06   -0.3691E-05   -0.1629E-06
# Minimization at step:   205 with Value:     0.0000Tol(Act/Req):0.1599E-03/0.1000E-04
# With parameters(tra.):    -0.1098E-06   -0.1970E-06   -0.8855E-07
# With parameters(rot.):     0.3363E-06   -0.3904E-05   -0.9672E-07
# Minimization at step:   206 with Value:     0.0000Tol(Act/Req):0.1332E-03/0.1000E-04
# With parameters(tra.):    -0.1520E-06   -0.1600E-06   -0.7283E-08
# With parameters(rot.):     0.2378E-06   -0.3175E-05   -0.5027E-08
# Minimization at step:   207 with Value:     0.0000Tol(Act/Req):0.7811E-04/0.1000E-04
# With parameters(tra.):    -0.1315E-06   -0.1967E-06   -0.2695E-11
# With parameters(rot.):     0.2606E-06   -0.8693E-06    0.1426E-06
# Minimization at step:   208 with Value:     0.0000Tol(Act/Req):0.4061E-04/0.1000E-04
# With parameters(tra.):    -0.7199E-07   -0.1808E-06    0.7090E-07
# With parameters(rot.):     0.1811E-06   -0.1227E-05    0.2897E-07
# Minimization at step:   209 with Value:     0.0000Tol(Act/Req):0.3404E-04/0.1000E-04
# With parameters(tra.):    -0.7215E-07   -0.1703E-06    0.7498E-07
# With parameters(rot.):     0.1688E-06   -0.1833E-05   -0.1742E-07
# Minimization at step:   210 with Value:     0.0000Tol(Act/Req):0.1403E-04/0.1000E-04
# With parameters(tra.):    -0.6854E-07   -0.1498E-06    0.1042E-06
# With parameters(rot.):     0.1304E-07   -0.6679E-06   -0.7399E-07
# Minimization at step:   211 with Value:     0.0000Tol(Act/Req):0.1257E-04/0.1000E-04
# With parameters(tra.):    -0.1269E-06   -0.1555E-06    0.4443E-07
# With parameters(rot.):     0.3655E-07   -0.1241E-06    0.5356E-08
# Minimization at step:   212 with Value:     0.0000Tol(Act/Req):0.1104E-04/0.1000E-04
# With parameters(tra.):    -0.1327E-06   -0.1610E-06    0.3214E-07
# With parameters(rot.):     0.7745E-07   -0.3701E-06    0.2611E-07
# Minimization at step:   213 with Value:     0.0000Tol(Act/Req):0.1070E-04/0.1000E-04
# With parameters(tra.):    -0.1364E-06   -0.1449E-06    0.3415E-07
# With parameters(rot.):     0.8771E-07   -0.1179E-06    0.2821E-07
# Minimization at step:   214 with Value:     0.0000Tol(Act/Req):0.8815E-05/0.1000E-04
# With parameters(tra.):    -0.8903E-07   -0.1769E-06   -0.3330E-07
# With parameters(rot.):     0.1361E-06    0.1719E-06   -0.5240E-07
# CSM Values after z minimization.
# Final Number of optim. Steps:   214
#      Before min is:      0.00000000000
# Final CSM Simplex Value is:      0.00000000000
# CSM Summary.
#    Inizial CSM Value is:      0.00000000000
#   After optimization is:      0.00000000000
#          Along x axe is:      0.00000000000
#          Along y axe is:      0.00000000000
#          Along z axe is:      0.00000000000
# The Lowest CSM Value is:      0.00000000000
#    Obtained CSM in % is:      0.00000000000
