# [csmmod_rdinput] messages reinitialized.
# MESLOG:[csmmod_rdinput] messages reinitialized.
# Input  file unit is: 5
# Input  file name is:stdin
# Output file unit is: 6
# Output file name is:stdout
# Error  file unit is: 6
# Error  file name is:stderr
# Log    file unit is: 6
# Log    file name is:stdlog
# MESLOG:[csm_rdinput] molecule_init called with debug.
[molecule] Nrec=   4 Format=nscxyz
  h                1    1    0.10000000D+01   0.10000000D+00   0.20000000D+00
  h                2    1    0.10000000D+01  -0.10000000D+00  -0.20000000D+00
  h                3    1   -0.10000000D+01   0.10000000D+00  -0.20000000D+00
  h                4    1   -0.10000000D+01  -0.10000000D+00   0.20000000D+00
# Molecule moved to the center of mass
# Shift Vector is:        0.00000000       0.00000000       0.00000000
# Inertia Tensor: (Before Diagonalization)
# Up Diagonal Columnwise
#    0.56005672D-01  -0.00000000D+00   0.11649180D+01  -0.00000000D+00  -0.00000000D+00   0.11313146D+01
# Inertia Tensor: (Full Matrix)
# 1,1 - 1,3           0.56005672D-01  -0.00000000D+00  -0.00000000D+00
# 2,1 - 2,3          -0.00000000D+00   0.11649180D+01  -0.00000000D+00
# 3,1 - 3,3          -0.00000000D+00  -0.00000000D+00   0.11313146D+01
# Inertia Tensor
# Inertia EigenValues:     0.56005672D-01   0.11313146D+01   0.11649180D+01
# Eigen Vectors:
# 1,1 - 1,3           0.10000000D+01   0.00000000D+00   0.00000000D+00
# 2,1 - 2,3           0.00000000D+00   0.00000000D+00   0.10000000D+01
# 3,1 - 3,3           0.00000000D+00   0.10000000D+01   0.00000000D+00
# Molecule Rotated to match inertia axes
[molecule] Nrec=   4 Format=nscxyz
  h                1    1    0.10000000D+01   0.20000000D+00   0.10000000D+00
  h                2    1    0.10000000D+01  -0.20000000D+00  -0.10000000D+00
  h                3    1   -0.10000000D+01  -0.20000000D+00   0.10000000D+00
  h                4    1   -0.10000000D+01   0.20000000D+00  -0.10000000D+00
# Initial Integrals follow ...
# INT: Number of electrons from integrated RHO:      4.00000069311
# INT: \int \rho \rho dr:       9.93431661886
# INT: \int \rho \tilde{\rho} dr/ng:       9.93431661886
# INT: \int \rho \tilde{\rho}m dr/ng:       7.45073746415
#  DEBUG     \int rr  =      9.93431661886
#  DEBUG     \int rr~ =      9.93431661886
#  DEBUG     \int rr~ =      9.93431661886
#  DEBUG     CSM value =      0.00000000000
#  DEBUG     CSM value =      0.00000000000
# Number of electrons =      4.00000069311
# Initial rho^2 value =      9.93431661886
#  Initial rrii value =      5.42831120735
#  Initial rrij value =      4.50600541151
#  Initial imj  value =      9.93431661886
#  Initial impj value =      7.45073746415
#  Initial CSM  value =      0.00000000000
#  Initial CSM% value =      0.00000000000
[molecule] Nrec=   4 Format=nscxyz
  h                1    1    0.10000000D+01   0.20000000D+00   0.10000000D+00
  h                2    1    0.10000000D+01  -0.20000000D+00  -0.10000000D+00
  h                3    1   -0.10000000D+01  -0.20000000D+00   0.10000000D+00
  h                4    1   -0.10000000D+01   0.20000000D+00  -0.10000000D+00
# Request Simplex: Run it with internal procedure. NOT IMPLEMENTED!
# Request for Simplex: Initial Coordinates.
[molecule] Nrec=   4 Format=nscxyz
  h                1    1    0.10000000D+01   0.20000000D+00   0.10000000D+00
  h                2    1    0.10000000D+01  -0.20000000D+00  -0.10000000D+00
  h                3    1   -0.10000000D+01  -0.20000000D+00   0.10000000D+00
  h                4    1   -0.10000000D+01   0.20000000D+00  -0.10000000D+00
# Minimization at step:     0 with Value:     0.0327Tol(Act/Req):0.2000E+01/0.1000E-04
# With parameters(tra.):     0.1429E-01    0.1429E-01    0.1429E-01
# With parameters(rot.):     0.1429E-01    0.1429E-01    0.1429E-01
# Minimization at step:     1 with Value:     0.0257Tol(Act/Req):0.2000E+01/0.1000E-04
# With parameters(tra.):     0.1548E-01    0.1548E-01    0.7143E-02
# With parameters(rot.):     0.1548E-01    0.1548E-01    0.1548E-01
# Minimization at step:     2 with Value:     0.0194Tol(Act/Req):0.2000E+01/0.1000E-04
# With parameters(tra.):     0.8433E-02    0.1677E-01    0.7738E-02
# With parameters(rot.):     0.1677E-01    0.1677E-01    0.1677E-01
# Minimization at step:     3 with Value:     0.0132Tol(Act/Req):0.2000E+01/0.1000E-04
# With parameters(tra.):     0.9135E-02    0.9830E-02    0.8383E-02
# With parameters(rot.):     0.1816E-01    0.1816E-01    0.1816E-01
# Minimization at step:     4 with Value:     0.0112Tol(Act/Req):0.2000E+01/0.1000E-04
# With parameters(tra.):     0.9897E-02    0.1065E-01    0.9082E-02
# With parameters(rot.):     0.1968E-01    0.1134E-01    0.1968E-01
# Minimization at step:     5 with Value:     0.0094Tol(Act/Req):0.2000E+01/0.1000E-04
# With parameters(tra.):     0.1029E-01    0.1123E-01   -0.1148E-02
# With parameters(rot.):     0.2251E-01    0.1210E-01    0.2251E-01
# Minimization at step:     6 with Value:     0.0077Tol(Act/Req):0.2000E+01/0.1000E-04
# With parameters(tra.):     0.1855E-03    0.1178E-01   -0.2477E-02
# With parameters(rot.):     0.2588E-01    0.1286E-01    0.2588E-01
# Minimization at step:     7 with Value:     0.0075Tol(Act/Req):0.2000E+01/0.1000E-04
# With parameters(tra.):     0.2474E-03    0.1570E-01   -0.3302E-02
# With parameters(rot.):     0.3451E-01    0.1715E-01    0.1178E-02
# Minimization at step:     8 with Value:     0.0065Tol(Act/Req):0.2000E+01/0.1000E-04
# With parameters(tra.):    -0.1310E-02    0.3789E-02   -0.5908E-02
# With parameters(rot.):     0.4276E-01    0.1961E-01   -0.1689E-02
# Minimization at step:     9 with Value:     0.0048Tol(Act/Req):0.2000E+01/0.1000E-04
# With parameters(tra.):    -0.1455E-02    0.1815E-02   -0.5919E-02
# With parameters(rot.):     0.4129E-01    0.1874E-01    0.4248E-02
# Minimization at step:    10 with Value:     0.0037Tol(Act/Req):0.2000E+01/0.1000E-04
# With parameters(tra.):    -0.1078E-02    0.4629E-02   -0.5268E-02
# With parameters(rot.):     0.3910E-01    0.1805E-01    0.5460E-02
# Minimization at step:    11 with Value:     0.0031Tol(Act/Req):0.2000E+01/0.1000E-04
# With parameters(tra.):    -0.4115E-02    0.2690E-02   -0.1183E-02
# With parameters(rot.):     0.4183E-01    0.1917E-01   -0.2212E-03
# Minimization at step:    12 with Value:     0.0028Tol(Act/Req):0.2000E+01/0.1000E-04
# With parameters(tra.):    -0.7262E-02    0.1675E-02   -0.3208E-02
# With parameters(rot.):     0.5224E-01    0.8135E-02   -0.3827E-02
# Minimization at step:    13 with Value:     0.0022Tol(Act/Req):0.2000E+01/0.1000E-04
# With parameters(tra.):    -0.6199E-02    0.7415E-03   -0.3047E-02
# With parameters(rot.):     0.5388E-01    0.7613E-02   -0.6864E-02
# Minimization at step:    14 with Value:     0.0018Tol(Act/Req):0.2000E+01/0.1000E-04
# With parameters(tra.):    -0.6667E-02   -0.3351E-03   -0.2813E-02
# With parameters(rot.):     0.5419E-01    0.6252E-02   -0.4822E-02
# Minimization at step:    15 with Value:     0.0014Tol(Act/Req):0.2000E+01/0.1000E-04
# With parameters(tra.):    -0.5831E-02   -0.2489E-03   -0.2274E-02
# With parameters(rot.):     0.5175E-01    0.8853E-02   -0.4003E-02
# Minimization at step:    16 with Value:     0.0011Tol(Act/Req):0.2000E+01/0.1000E-04
# With parameters(tra.):    -0.6453E-02    0.2753E-02   -0.5501E-03
# With parameters(rot.):     0.5164E-01    0.5524E-02   -0.4552E-02
# Minimization at step:    17 with Value:     0.0009Tol(Act/Req):0.2000E+01/0.1000E-04
# With parameters(tra.):    -0.5520E-02    0.3738E-02   -0.2434E-02
# With parameters(rot.):     0.5273E-01    0.1556E-02   -0.2794E-02
# Minimization at step:    18 with Value:     0.0008Tol(Act/Req):0.2000E+01/0.1000E-04
# With parameters(tra.):    -0.3167E-02    0.2870E-02   -0.1909E-02
# With parameters(rot.):     0.5561E-01   -0.1506E-02   -0.7512E-02
# Minimization at step:    19 with Value:     0.0008Tol(Act/Req):0.2000E+01/0.1000E-04
# With parameters(tra.):    -0.2936E-02    0.1785E-02   -0.1140E-02
# With parameters(rot.):     0.5671E-01   -0.6814E-02   -0.4324E-02
# Minimization at step:    20 with Value:     0.0007Tol(Act/Req):0.2000E+01/0.1000E-04
# With parameters(tra.):    -0.2983E-03    0.2635E-02    0.3167E-03
# With parameters(rot.):     0.5349E-01   -0.6834E-02   -0.2794E-02
# Minimization at step:    21 with Value:     0.0006Tol(Act/Req):0.2000E+01/0.1000E-04
# With parameters(tra.):    -0.6474E-03    0.2833E-02    0.3708E-03
# With parameters(rot.):     0.5259E-01   -0.6513E-02   -0.1221E-02
# Minimization at step:    22 with Value:     0.0005Tol(Act/Req):0.2000E+01/0.1000E-04
# With parameters(tra.):    -0.2483E-03    0.3908E-02    0.1714E-03
# With parameters(rot.):     0.5073E-01   -0.2457E-02   -0.2836E-02
# Minimization at step:    23 with Value:     0.0005Tol(Act/Req):0.2000E+01/0.1000E-04
# With parameters(tra.):     0.2235E-02    0.2292E-02   -0.7375E-03
# With parameters(rot.):     0.5050E-01   -0.2897E-02   -0.1899E-02
# Minimization at step:    24 with Value:     0.0005Tol(Act/Req):0.2000E+01/0.1000E-04
# With parameters(tra.):     0.4415E-03    0.1328E-02   -0.2545E-02
# With parameters(rot.):     0.5274E-01   -0.1564E-02   -0.3131E-02
# Minimization at step:    25 with Value:     0.0004Tol(Act/Req):0.2000E+01/0.1000E-04
# With parameters(tra.):    -0.3288E-03    0.1651E-02   -0.2469E-02
# With parameters(rot.):     0.5298E-01   -0.1343E-02   -0.3468E-02
# Minimization at step:    26 with Value:     0.0003Tol(Act/Req):0.2000E+01/0.1000E-04
# With parameters(tra.):     0.8238E-03    0.2456E-02   -0.1094E-02
# With parameters(rot.):     0.5136E-01   -0.2287E-02   -0.2628E-02
# Minimization at step:    27 with Value:     0.0002Tol(Act/Req):0.2000E+01/0.1000E-04
# With parameters(tra.):     0.1943E-02    0.1642E-02    0.1835E-03
# With parameters(rot.):     0.5048E-01   -0.1265E-02   -0.3466E-02
# Minimization at step:    28 with Value:     0.0002Tol(Act/Req):0.2000E+01/0.1000E-04
# With parameters(tra.):     0.2108E-02    0.1641E-02    0.2293E-03
# With parameters(rot.):     0.4798E-01    0.1128E-02   -0.1069E-02
# Minimization at step:    29 with Value:     0.0002Tol(Act/Req):0.2000E+01/0.1000E-04
# With parameters(tra.):     0.2498E-02    0.5360E-03    0.3435E-03
# With parameters(rot.):     0.4822E-01   -0.3762E-05    0.1810E-03
# Minimization at step:    30 with Value:     0.0002Tol(Act/Req):0.2000E+01/0.1000E-04
# With parameters(tra.):     0.2489E-02    0.4444E-03    0.3415E-03
# With parameters(rot.):     0.4887E-01   -0.6963E-03   -0.3142E-03
# Minimization at step:    31 with Value:     0.0002Tol(Act/Req):0.2000E+01/0.1000E-04
# With parameters(tra.):     0.2275E-02   -0.7622E-03   -0.9664E-04
# With parameters(rot.):     0.4911E-01    0.4637E-03   -0.1025E-03
# Minimization at step:    32 with Value:     0.0002Tol(Act/Req):0.2000E+01/0.1000E-04
# With parameters(tra.):     0.1640E-02   -0.1022E-02   -0.1041E-02
# With parameters(rot.):     0.4924E-01    0.3579E-03    0.1577E-02
# Minimization at step:    33 with Value:     0.0001Tol(Act/Req):0.2000E+01/0.1000E-04
# With parameters(tra.):     0.7559E-03   -0.1265E-02   -0.4126E-03
# With parameters(rot.):     0.4849E-01    0.1367E-02    0.2585E-02
# Minimization at step:    34 with Value:     0.0001Tol(Act/Req):0.2000E+01/0.1000E-04
# With parameters(tra.):     0.4629E-03   -0.2265E-03   -0.7974E-04
# With parameters(rot.):     0.4803E-01    0.5084E-03    0.3269E-02
# Minimization at step:    35 with Value:     0.0001Tol(Act/Req):0.2000E+01/0.1000E-04
# With parameters(tra.):     0.5235E-03   -0.9540E-04    0.2366E-03
# With parameters(rot.):     0.4790E-01    0.5474E-03    0.2990E-02
# Minimization at step:    36 with Value:     0.0001Tol(Act/Req):0.2000E+01/0.1000E-04
# With parameters(tra.):     0.7252E-03    0.6304E-04    0.1335E-03
# With parameters(rot.):     0.4804E-01    0.2268E-03    0.2772E-02
# Minimization at step:    37 with Value:     0.0001Tol(Act/Req):0.2000E+01/0.1000E-04
# With parameters(tra.):     0.8204E-03   -0.1726E-03    0.6805E-04
# With parameters(rot.):     0.4815E-01    0.4180E-03    0.2559E-02
# Minimization at step:    38 with Value:     0.0001Tol(Act/Req):0.2000E+01/0.1000E-04
# With parameters(tra.):     0.2063E-03    0.2027E-03   -0.5789E-04
# With parameters(rot.):     0.4802E-01    0.1089E-02    0.2529E-02
# Minimization at step:    39 with Value:     0.0001Tol(Act/Req):0.2000E+01/0.1000E-04
# With parameters(tra.):     0.2751E-03    0.2702E-03   -0.7718E-04
# With parameters(rot.):     0.3069E-01    0.1452E-02    0.3372E-02
# Minimization at step:    40 with Value:     0.0001Tol(Act/Req):0.2000E+01/0.1000E-04
# With parameters(tra.):    -0.2916E-03    0.8922E-04   -0.1848E-03
# With parameters(rot.):     0.2711E-01    0.9509E-03    0.3551E-02
# Minimization at step:    41 with Value:     0.0001Tol(Act/Req):0.2000E+01/0.1000E-04
# With parameters(tra.):    -0.4420E-03    0.4130E-03    0.3075E-03
# With parameters(rot.):     0.1991E-01    0.1163E-02    0.3180E-02
# Minimization at step:    42 with Value:     0.0000Tol(Act/Req):0.2000E+01/0.1000E-04
# With parameters(tra.):    -0.5189E-03    0.4080E-03    0.3444E-03
# With parameters(rot.):     0.2335E-01    0.1049E-02    0.2953E-02
# Minimization at step:    43 with Value:     0.0000Tol(Act/Req):0.2000E+01/0.1000E-04
# With parameters(tra.):    -0.5303E-03    0.8398E-03    0.2084E-03
# With parameters(rot.):     0.1540E-01    0.6812E-03    0.2578E-02
# Minimization at step:    44 with Value:     0.0000Tol(Act/Req):0.2000E+01/0.1000E-04
# With parameters(tra.):    -0.7902E-03    0.7061E-03    0.1243E-03
# With parameters(rot.):     0.4703E-02    0.1151E-02    0.2159E-02
# Minimization at step:    45 with Value:     0.0000Tol(Act/Req):0.2000E+01/0.1000E-04
# With parameters(tra.):    -0.7130E-03    0.6238E-03    0.2690E-03
# With parameters(rot.):    -0.9642E-02    0.7244E-03    0.2056E-02
# Minimization at step:    46 with Value:     0.0000Tol(Act/Req):0.2000E+01/0.1000E-04
# With parameters(tra.):    -0.6530E-03    0.3703E-03   -0.2361E-03
# With parameters(rot.):    -0.1229E-01    0.3657E-03    0.2051E-02
# Minimization at step:    47 with Value:     0.0000Tol(Act/Req):0.2000E+01/0.1000E-04
# With parameters(tra.):    -0.5887E-03    0.4239E-03   -0.2224E-03
# With parameters(rot.):    -0.1498E-01    0.4005E-03    0.1897E-02
# Minimization at step:    48 with Value:     0.0000Tol(Act/Req):0.2000E+01/0.1000E-04
# With parameters(tra.):    -0.5976E-03    0.4278E-03   -0.2995E-03
# With parameters(rot.):    -0.1184E-01    0.4802E-03    0.1909E-02
# Minimization at step:    49 with Value:     0.0000Tol(Act/Req):0.2000E+01/0.1000E-04
# With parameters(tra.):    -0.7777E-03    0.4245E-03   -0.4404E-03
# With parameters(rot.):    -0.1670E-01    0.6103E-04    0.1108E-02
# Minimization at step:    50 with Value:     0.0000Tol(Act/Req):0.1999E+01/0.1000E-04
# With parameters(tra.):    -0.5136E-03    0.4643E-03   -0.5446E-03
# With parameters(rot.):    -0.1314E-01   -0.7726E-03    0.1176E-02
# Minimization at step:    51 with Value:     0.0000Tol(Act/Req):0.1999E+01/0.1000E-04
# With parameters(tra.):    -0.4967E-03   -0.9271E-04   -0.6596E-03
# With parameters(rot.):    -0.1471E-01   -0.8898E-03    0.1085E-02
# Minimization at step:    52 with Value:     0.0000Tol(Act/Req):0.1999E+01/0.1000E-04
# With parameters(tra.):    -0.4282E-03   -0.1350E-03   -0.6426E-03
# With parameters(rot.):    -0.1333E-01   -0.8643E-03    0.1283E-02
# Minimization at step:    53 with Value:     0.0000Tol(Act/Req):0.1999E+01/0.1000E-04
# With parameters(tra.):    -0.4133E-03   -0.4993E-04   -0.2731E-03
# With parameters(rot.):    -0.1102E-01   -0.9155E-03    0.1031E-02
# Minimization at step:    54 with Value:     0.0000Tol(Act/Req):0.1999E+01/0.1000E-04
# With parameters(tra.):    -0.4106E-03    0.9290E-04   -0.2121E-03
# With parameters(rot.):    -0.1032E-01   -0.8883E-03    0.1050E-02
# Minimization at step:    55 with Value:     0.0000Tol(Act/Req):0.1999E+01/0.1000E-04
# With parameters(tra.):    -0.4681E-03    0.5198E-04   -0.1584E-03
# With parameters(rot.):    -0.1097E-01   -0.6895E-03    0.1022E-02
# Minimization at step:    56 with Value:     0.0000Tol(Act/Req):0.1999E+01/0.1000E-04
# With parameters(tra.):    -0.2992E-03    0.3519E-04   -0.1097E-03
# With parameters(rot.):    -0.1501E-01   -0.9832E-03    0.4209E-03
# Minimization at step:    57 with Value:     0.0000Tol(Act/Req):0.1999E+01/0.1000E-04
# With parameters(tra.):    -0.2176E-03   -0.8786E-04   -0.2007E-03
# With parameters(rot.):    -0.9785E-02   -0.1312E-02   -0.5005E-04
# Minimization at step:    58 with Value:     0.0000Tol(Act/Req):0.1999E+01/0.1000E-04
# With parameters(tra.):    -0.3593E-03   -0.1121E-03   -0.2797E-03
# With parameters(rot.):    -0.4005E-02   -0.1127E-02    0.3941E-03
# Minimization at step:    59 with Value:     0.0000Tol(Act/Req):0.1999E+01/0.1000E-04
# With parameters(tra.):    -0.3915E-03   -0.8333E-04   -0.2635E-03
# With parameters(rot.):    -0.4830E-02   -0.1030E-02    0.5488E-03
# Minimization at step:    60 with Value:     0.0000Tol(Act/Req):0.1999E+01/0.1000E-04
# With parameters(tra.):    -0.2424E-03   -0.1506E-03   -0.1032E-03
# With parameters(rot.):     0.7651E-03   -0.1034E-02    0.7010E-03
# Minimization at step:    61 with Value:     0.0000Tol(Act/Req):0.1998E+01/0.1000E-04
# With parameters(tra.):    -0.6172E-04   -0.1393E-03    0.3455E-04
# With parameters(rot.):    -0.3425E-02   -0.1187E-02    0.3592E-03
# Minimization at step:    62 with Value:     0.0000Tol(Act/Req):0.1998E+01/0.1000E-04
# With parameters(tra.):    -0.3128E-04   -0.8721E-04    0.8559E-04
# With parameters(rot.):    -0.2502E-02   -0.1198E-02    0.3108E-03
# Minimization at step:    63 with Value:     0.0000Tol(Act/Req):0.1998E+01/0.1000E-04
# With parameters(tra.):    -0.5820E-06   -0.2154E-03    0.2744E-03
# With parameters(rot.):    -0.9856E-03   -0.9706E-03    0.1844E-04
# Minimization at step:    64 with Value:     0.0000Tol(Act/Req):0.1998E+01/0.1000E-04
# With parameters(tra.):    -0.1609E-03   -0.2522E-03    0.2165E-03
# With parameters(rot.):     0.4018E-02   -0.7452E-03    0.2467E-03
# Minimization at step:    65 with Value:     0.0000Tol(Act/Req):0.1998E+01/0.1000E-04
# With parameters(tra.):    -0.2828E-03   -0.2187E-03    0.1629E-03
# With parameters(rot.):    -0.4926E-03   -0.6449E-03   -0.5692E-04
# Minimization at step:    66 with Value:     0.0000Tol(Act/Req):0.1998E+01/0.1000E-04
# With parameters(tra.):    -0.2529E-03   -0.2068E-03    0.1729E-03
# With parameters(rot.):    -0.2119E-02   -0.6928E-03   -0.1393E-03
# Minimization at step:    67 with Value:     0.0000Tol(Act/Req):0.1998E+01/0.1000E-04
# With parameters(tra.):    -0.2143E-03   -0.3441E-03   -0.4806E-04
# With parameters(rot.):    -0.1462E-02   -0.5674E-03   -0.2775E-03
# Minimization at step:    68 with Value:     0.0000Tol(Act/Req):0.1998E+01/0.1000E-04
# With parameters(tra.):    -0.2398E-03   -0.3227E-03   -0.1221E-03
# With parameters(rot.):    -0.1881E-02   -0.5908E-03   -0.2291E-03
# Minimization at step:    69 with Value:     0.0000Tol(Act/Req):0.1997E+01/0.1000E-04
# With parameters(tra.):    -0.2751E-03   -0.2144E-03    0.2504E-04
# With parameters(rot.):    -0.2478E-02   -0.6907E-03   -0.1133E-03
# Minimization at step:    70 with Value:     0.0000Tol(Act/Req):0.1997E+01/0.1000E-04
# With parameters(tra.):    -0.2440E-03   -0.2224E-03    0.2697E-04
# With parameters(rot.):    -0.1516E-02   -0.7196E-03   -0.4209E-04
# Minimization at step:    71 with Value:     0.0000Tol(Act/Req):0.1996E+01/0.1000E-04
# With parameters(tra.):    -0.2592E-03   -0.2113E-03    0.1561E-03
# With parameters(rot.):    -0.2061E-02   -0.4213E-03    0.7044E-04
# Minimization at step:    72 with Value:     0.0000Tol(Act/Req):0.1995E+01/0.1000E-04
# With parameters(tra.):    -0.2630E-03   -0.1956E-03    0.1875E-03
# With parameters(rot.):    -0.1563E-02   -0.3622E-03    0.2624E-04
# Minimization at step:    73 with Value:     0.0000Tol(Act/Req):0.1994E+01/0.1000E-04
# With parameters(tra.):    -0.2595E-03   -0.1971E-03    0.1579E-03
# With parameters(rot.):    -0.1385E-02   -0.4319E-03   -0.5579E-05
# Minimization at step:    74 with Value:     0.0000Tol(Act/Req):0.1993E+01/0.1000E-04
# With parameters(tra.):    -0.2308E-03   -0.2635E-03    0.1040E-03
# With parameters(rot.):    -0.6224E-03   -0.2790E-03   -0.4685E-04
# Minimization at step:    75 with Value:     0.0000Tol(Act/Req):0.1993E+01/0.1000E-04
# With parameters(tra.):    -0.1636E-03   -0.2585E-03    0.1010E-03
# With parameters(rot.):    -0.3377E-02   -0.2370E-03   -0.1808E-03
# Minimization at step:    76 with Value:     0.0000Tol(Act/Req):0.1993E+01/0.1000E-04
# With parameters(tra.):    -0.7450E-04   -0.2865E-03    0.1296E-03
# With parameters(rot.):    -0.2073E-02   -0.1339E-03   -0.8457E-04
# Minimization at step:    77 with Value:     0.0000Tol(Act/Req):0.1992E+01/0.1000E-04
# With parameters(tra.):    -0.7037E-04   -0.2317E-03    0.6538E-04
# With parameters(rot.):    -0.2974E-02   -0.2834E-04    0.6045E-04
# Minimization at step:    78 with Value:     0.0000Tol(Act/Req):0.1991E+01/0.1000E-04
# With parameters(tra.):    -0.7940E-04   -0.2308E-03    0.6315E-04
# With parameters(rot.):    -0.2252E-02   -0.2146E-04    0.1140E-03
# Minimization at step:    79 with Value:     0.0000Tol(Act/Req):0.1989E+01/0.1000E-04
# With parameters(tra.):    -0.3917E-04   -0.2160E-03    0.7916E-04
# With parameters(rot.):    -0.1677E-02    0.1524E-03    0.6967E-04
# Minimization at step:    80 with Value:     0.0000Tol(Act/Req):0.1989E+01/0.1000E-04
# With parameters(tra.):    -0.1906E-04   -0.2184E-03    0.5776E-04
# With parameters(rot.):    -0.1612E-02    0.1662E-03    0.6003E-04
# Minimization at step:    81 with Value:     0.0000Tol(Act/Req):0.1989E+01/0.1000E-04
# With parameters(tra.):     0.2276E-04   -0.1369E-03    0.9618E-04
# With parameters(rot.):    -0.2705E-02    0.1618E-03    0.1369E-03
# Minimization at step:    82 with Value:     0.0000Tol(Act/Req):0.1985E+01/0.1000E-04
# With parameters(tra.):    -0.1973E-04   -0.7844E-04    0.6640E-04
# With parameters(rot.):    -0.3841E-02    0.1584E-03    0.1202E-03
# Minimization at step:    83 with Value:     0.0000Tol(Act/Req):0.1982E+01/0.1000E-04
# With parameters(tra.):    -0.3373E-04   -0.9394E-04    0.5431E-04
# With parameters(rot.):    -0.3662E-02    0.1592E-03    0.9954E-04
# Minimization at step:    84 with Value:     0.0000Tol(Act/Req):0.1980E+01/0.1000E-04
# With parameters(tra.):    -0.2766E-04   -0.1006E-03    0.9972E-04
# With parameters(rot.):    -0.3158E-02    0.1269E-03    0.5456E-06
# Minimization at step:    85 with Value:     0.0000Tol(Act/Req):0.1978E+01/0.1000E-04
# With parameters(tra.):    -0.2847E-04   -0.5521E-04    0.1074E-03
# With parameters(rot.):    -0.2016E-02    0.1902E-03    0.6987E-04
# Minimization at step:    86 with Value:     0.0000Tol(Act/Req):0.1974E+01/0.1000E-04
# With parameters(tra.):    -0.5173E-04   -0.1143E-04    0.1062E-03
# With parameters(rot.):    -0.2512E-02    0.8687E-04    0.9952E-04
# Minimization at step:    87 with Value:     0.0000Tol(Act/Req):0.1970E+01/0.1000E-04
# With parameters(tra.):    -0.2240E-04    0.5291E-04    0.7956E-04
# With parameters(rot.):    -0.2683E-02    0.8813E-04    0.9340E-04
# Minimization at step:    88 with Value:     0.0000Tol(Act/Req):0.1969E+01/0.1000E-04
# With parameters(tra.):     0.2372E-05    0.3616E-04    0.7383E-04
# With parameters(rot.):    -0.2353E-02    0.1659E-03    0.6964E-04
# Minimization at step:    89 with Value:     0.0000Tol(Act/Req):0.1965E+01/0.1000E-04
# With parameters(tra.):     0.5146E-05    0.3244E-04    0.6910E-04
# With parameters(rot.):    -0.2667E-02    0.1481E-03    0.5229E-04
# Minimization at step:    90 with Value:     0.0000Tol(Act/Req):0.1964E+01/0.1000E-04
# With parameters(tra.):     0.4176E-04    0.3044E-04    0.8985E-04
# With parameters(rot.):    -0.1518E-02    0.1469E-03    0.4084E-04
# Minimization at step:    91 with Value:     0.0000Tol(Act/Req):0.1964E+01/0.1000E-04
# With parameters(tra.):     0.3978E-04    0.1249E-04    0.9737E-04
# With parameters(rot.):    -0.1379E-02    0.1515E-03    0.3799E-04
# Minimization at step:    92 with Value:     0.0000Tol(Act/Req):0.1958E+01/0.1000E-04
# With parameters(tra.):     0.3629E-04    0.1696E-04    0.8755E-04
# With parameters(rot.):    -0.2607E-03    0.1506E-03   -0.2377E-04
# Minimization at step:    93 with Value:     0.0000Tol(Act/Req):0.1953E+01/0.1000E-04
# With parameters(tra.):     0.4060E-04    0.2786E-04    0.7897E-04
# With parameters(rot.):    -0.1033E-03    0.1580E-03   -0.9293E-05
# Minimization at step:    94 with Value:     0.0000Tol(Act/Req):0.1933E+01/0.1000E-04
# With parameters(tra.):     0.3602E-05    0.2899E-04    0.5459E-04
# With parameters(rot.):    -0.7800E-03    0.1628E-03   -0.1456E-04
# Minimization at step:    95 with Value:     0.0000Tol(Act/Req):0.1929E+01/0.1000E-04
# With parameters(tra.):    -0.1250E-04    0.3776E-04    0.5200E-04
# With parameters(rot.):    -0.4754E-03    0.1099E-03   -0.2678E-04
# Minimization at step:    96 with Value:     0.0000Tol(Act/Req):0.1925E+01/0.1000E-04
# With parameters(tra.):    -0.1284E-04    0.3209E-04    0.3683E-04
# With parameters(rot.):    -0.3724E-03    0.6155E-04   -0.8784E-04
# Minimization at step:    97 with Value:     0.0000Tol(Act/Req):0.1920E+01/0.1000E-04
# With parameters(tra.):    -0.1606E-04    0.3223E-04    0.3506E-04
# With parameters(rot.):    -0.6612E-03    0.5435E-04   -0.7774E-04
# Minimization at step:    98 with Value:     0.0000Tol(Act/Req):0.1912E+01/0.1000E-04
# With parameters(tra.):    -0.8449E-05    0.3222E-04    0.3953E-04
# With parameters(rot.):    -0.4821E-03    0.4410E-04   -0.8169E-04
# Minimization at step:    99 with Value:     0.0000Tol(Act/Req):0.1898E+01/0.1000E-04
# With parameters(tra.):    -0.1346E-04    0.2489E-04    0.3846E-04
# With parameters(rot.):    -0.3375E-03    0.3744E-04   -0.9309E-04
# Minimization at step:   100 with Value:     0.0000Tol(Act/Req):0.1875E+01/0.1000E-04
# With parameters(tra.):    -0.2050E-04    0.4049E-04    0.1547E-04
# With parameters(rot.):    -0.1600E-03    0.1833E-04   -0.9233E-04
# Minimization at step:   101 with Value:     0.0000Tol(Act/Req):0.1784E+01/0.1000E-04
# With parameters(tra.):    -0.2216E-04    0.4684E-04    0.2150E-04
# With parameters(rot.):    -0.1841E-03    0.4381E-04   -0.4766E-04
# Minimization at step:   102 with Value:     0.0000Tol(Act/Req):0.1782E+01/0.1000E-04
# With parameters(tra.):    -0.2428E-04    0.4813E-04    0.1948E-04
# With parameters(rot.):    -0.2888E-03    0.3933E-04   -0.4010E-04
# Minimization at step:   103 with Value:     0.0000Tol(Act/Req):0.1780E+01/0.1000E-04
# With parameters(tra.):    -0.1433E-04    0.5341E-04    0.2174E-04
# With parameters(rot.):     0.1338E-03    0.1724E-04   -0.3414E-04
# Minimization at step:   104 with Value:     0.0000Tol(Act/Req):0.1760E+01/0.1000E-04
# With parameters(tra.):     0.1161E-05    0.4985E-04    0.1425E-04
# With parameters(rot.):     0.3231E-04    0.3924E-04   -0.2437E-04
# Minimization at step:   105 with Value:     0.0000Tol(Act/Req):0.1745E+01/0.1000E-04
# With parameters(tra.):    -0.3988E-05    0.4350E-04    0.4049E-05
# With parameters(rot.):     0.4448E-03    0.2653E-04   -0.2426E-04
# Minimization at step:   106 with Value:     0.0000Tol(Act/Req):0.1740E+01/0.1000E-04
# With parameters(tra.):    -0.1049E-04    0.3492E-04   -0.4101E-05
# With parameters(rot.):     0.1258E-03    0.5171E-04   -0.2693E-04
# Minimization at step:   107 with Value:     0.0000Tol(Act/Req):0.1694E+01/0.1000E-04
# With parameters(tra.):    -0.4462E-05    0.2573E-04    0.2506E-05
# With parameters(rot.):     0.1085E-03    0.6961E-04   -0.1095E-04
# Minimization at step:   108 with Value:     0.0000Tol(Act/Req):0.1693E+01/0.1000E-04
# With parameters(tra.):    -0.2336E-05    0.2711E-04    0.5094E-05
# With parameters(rot.):     0.1868E-03    0.6480E-04   -0.8955E-05
# Minimization at step:   109 with Value:     0.0000Tol(Act/Req):0.1647E+01/0.1000E-04
# With parameters(tra.):     0.5382E-05    0.1629E-04   -0.4397E-05
# With parameters(rot.):     0.3265E-03    0.5481E-04   -0.2583E-04
# Minimization at step:   110 with Value:     0.0000Tol(Act/Req):0.1641E+01/0.1000E-04
# With parameters(tra.):    -0.8707E-05    0.8667E-05   -0.3118E-05
# With parameters(rot.):     0.5261E-03    0.3800E-04   -0.3610E-04
# Minimization at step:   111 with Value:     0.0000Tol(Act/Req):0.1612E+01/0.1000E-04
# With parameters(tra.):    -0.6026E-05    0.4720E-05    0.2737E-05
# With parameters(rot.):     0.2371E-03    0.5041E-04   -0.3914E-04
# Minimization at step:   112 with Value:     0.0000Tol(Act/Req):0.1590E+01/0.1000E-04
# With parameters(tra.):    -0.2280E-05    0.6297E-05    0.2905E-05
# With parameters(rot.):     0.1631E-03    0.5565E-04   -0.3683E-04
# Minimization at step:   113 with Value:     0.0000Tol(Act/Req):0.1556E+01/0.1000E-04
# With parameters(tra.):     0.8160E-06   -0.5070E-05   -0.6652E-05
# With parameters(rot.):     0.1044E-03    0.5213E-04   -0.2062E-04
# Minimization at step:   114 with Value:     0.0000Tol(Act/Req):0.1438E+01/0.1000E-04
# With parameters(tra.):    -0.1494E-05   -0.4147E-05   -0.4468E-05
# With parameters(rot.):     0.5100E-04    0.5441E-04   -0.1597E-04
# Minimization at step:   115 with Value:     0.0000Tol(Act/Req):0.1433E+01/0.1000E-04
# With parameters(tra.):    -0.4520E-05   -0.7976E-05   -0.1120E-04
# With parameters(rot.):     0.4339E-04    0.3741E-04   -0.2829E-04
# Minimization at step:   116 with Value:     0.0000Tol(Act/Req):0.1396E+01/0.1000E-04
# With parameters(tra.):    -0.5738E-05   -0.5376E-05   -0.9186E-05
# With parameters(rot.):     0.5297E-04    0.3706E-04   -0.3298E-04
# Minimization at step:   117 with Value:     0.0000Tol(Act/Req):0.1334E+01/0.1000E-04
# With parameters(tra.):    -0.2620E-05   -0.1345E-04   -0.8770E-05
# With parameters(rot.):     0.1650E-03    0.1820E-04   -0.3699E-04
# Minimization at step:   118 with Value:     0.0000Tol(Act/Req):0.1320E+01/0.1000E-04
# With parameters(tra.):     0.1039E-05   -0.1144E-04   -0.1231E-05
# With parameters(rot.):     0.2131E-03    0.2880E-04   -0.2757E-04
# Minimization at step:   119 with Value:     0.0000Tol(Act/Req):0.1279E+01/0.1000E-04
# With parameters(tra.):     0.5645E-06   -0.9255E-05   -0.7073E-06
# With parameters(rot.):     0.1891E-03    0.3440E-04   -0.2578E-04
# Minimization at step:   120 with Value:     0.0000Tol(Act/Req):0.1173E+01/0.1000E-04
# With parameters(tra.):     0.8712E-06   -0.1077E-04   -0.4496E-05
# With parameters(rot.):     0.3216E-03    0.2419E-04   -0.2092E-04
# Minimization at step:   121 with Value:     0.0000Tol(Act/Req):0.1154E+01/0.1000E-04
# With parameters(tra.):     0.3007E-05   -0.1141E-04   -0.5029E-05
# With parameters(rot.):     0.2978E-03    0.2418E-04   -0.1844E-04
# Minimization at step:   122 with Value:     0.0000Tol(Act/Req):0.1131E+01/0.1000E-04
# With parameters(tra.):     0.2256E-05   -0.1191E-04   -0.7230E-05
# With parameters(rot.):     0.2929E-03    0.2115E-04   -0.2004E-04
# Minimization at step:   123 with Value:     0.0000Tol(Act/Req):0.9963E+00/0.1000E-04
# With parameters(tra.):    -0.1114E-05   -0.1265E-04   -0.3781E-05
# With parameters(rot.):     0.2666E-03    0.1461E-04   -0.1208E-04
# Minimization at step:   124 with Value:     0.0000Tol(Act/Req):0.8357E+00/0.1000E-04
# With parameters(tra.):    -0.1786E-05   -0.1057E-04    0.5865E-06
# With parameters(rot.):     0.3344E-03    0.8478E-05   -0.1389E-04
# Minimization at step:   125 with Value:     0.0000Tol(Act/Req):0.7969E+00/0.1000E-04
# With parameters(tra.):    -0.3519E-05   -0.6636E-05    0.2066E-05
# With parameters(rot.):     0.3348E-03    0.1103E-04   -0.6354E-05
# Minimization at step:   126 with Value:     0.0000Tol(Act/Req):0.7929E+00/0.1000E-04
# With parameters(tra.):    -0.5186E-05   -0.4243E-05    0.6779E-05
# With parameters(rot.):     0.2509E-03    0.1346E-04   -0.4739E-05
# Minimization at step:   127 with Value:     0.0000Tol(Act/Req):0.7326E+00/0.1000E-04
# With parameters(tra.):    -0.3647E-05   -0.3122E-05    0.9650E-05
# With parameters(rot.):     0.1876E-03    0.9872E-05    0.4793E-05
# Minimization at step:   128 with Value:     0.0000Tol(Act/Req):0.6519E+00/0.1000E-04
# With parameters(tra.):    -0.4514E-05   -0.2640E-05    0.9956E-05
# With parameters(rot.):     0.1764E-03    0.7416E-05    0.6065E-05
# Minimization at step:   129 with Value:     0.0000Tol(Act/Req):0.6513E+00/0.1000E-04
# With parameters(tra.):    -0.2622E-05   -0.4498E-05    0.6302E-05
# With parameters(rot.):     0.2355E-03    0.2981E-05    0.8050E-05
# Minimization at step:   130 with Value:     0.0000Tol(Act/Req):0.5663E+00/0.1000E-04
# With parameters(tra.):    -0.2922E-05   -0.4893E-05    0.5305E-05
# With parameters(rot.):     0.2553E-03    0.3303E-05    0.5938E-05
# Minimization at step:   131 with Value:     0.0000Tol(Act/Req):0.5153E+00/0.1000E-04
# With parameters(tra.):    -0.2852E-05   -0.4389E-05    0.3966E-05
# With parameters(rot.):     0.1838E-03    0.5667E-05    0.1376E-04
# Minimization at step:   132 with Value:     0.0000Tol(Act/Req):0.4982E+00/0.1000E-04
# With parameters(tra.):    -0.8972E-06   -0.7571E-05    0.3120E-05
# With parameters(rot.):     0.1330E-03    0.1321E-05    0.1292E-04
# Minimization at step:   133 with Value:     0.0000Tol(Act/Req):0.4949E+00/0.1000E-04
# With parameters(tra.):     0.2545E-05   -0.5138E-05    0.1971E-05
# With parameters(rot.):     0.1147E-03    0.3429E-05    0.1330E-04
# Minimization at step:   134 with Value:     0.0000Tol(Act/Req):0.4522E+00/0.1000E-04
# With parameters(tra.):     0.2418E-05   -0.3904E-05    0.3630E-05
# With parameters(rot.):     0.4019E-04    0.6867E-05    0.1313E-04
# Minimization at step:   135 with Value:     0.0000Tol(Act/Req):0.3917E+00/0.1000E-04
# With parameters(tra.):     0.4105E-05   -0.4247E-05    0.4856E-05
# With parameters(rot.):     0.6386E-04    0.4903E-05    0.5098E-05
# Minimization at step:   136 with Value:     0.0000Tol(Act/Req):0.3912E+00/0.1000E-04
# With parameters(tra.):     0.4033E-05   -0.3174E-05    0.5213E-05
# With parameters(rot.):     0.7079E-04    0.6288E-05    0.4655E-05
# Minimization at step:   137 with Value:     0.0000Tol(Act/Req):0.3393E+00/0.1000E-04
# With parameters(tra.):     0.5148E-05   -0.2387E-05    0.4244E-05
# With parameters(rot.):     0.1309E-04    0.9984E-06    0.6729E-05
# Minimization at step:   138 with Value:     0.0000Tol(Act/Req):0.3269E+00/0.1000E-04
# With parameters(tra.):     0.4813E-05   -0.2146E-05    0.3886E-05
# With parameters(rot.):     0.2937E-05    0.1164E-05    0.8872E-05
# Minimization at step:   139 with Value:     0.0000Tol(Act/Req):0.2988E+00/0.1000E-04
# With parameters(tra.):     0.6297E-05   -0.2052E-05    0.2036E-05
# With parameters(rot.):    -0.3047E-04    0.1112E-05    0.6439E-05
# Minimization at step:   140 with Value:     0.0000Tol(Act/Req):0.2684E+00/0.1000E-04
# With parameters(tra.):     0.4105E-05   -0.3456E-05    0.3206E-05
# With parameters(rot.):    -0.6060E-04   -0.1769E-05    0.3770E-05
# Minimization at step:   141 with Value:     0.0000Tol(Act/Req):0.2261E+00/0.1000E-04
# With parameters(tra.):     0.3009E-05   -0.4314E-05    0.3673E-05
# With parameters(rot.):    -0.3574E-04    0.1507E-05    0.1474E-05
# Minimization at step:   142 with Value:     0.0000Tol(Act/Req):0.2149E+00/0.1000E-04
# With parameters(tra.):     0.3079E-05   -0.4554E-05    0.3401E-05
# With parameters(rot.):    -0.2965E-04    0.4869E-06    0.5325E-06
# Minimization at step:   143 with Value:     0.0000Tol(Act/Req):0.1689E+00/0.1000E-04
# With parameters(tra.):     0.3542E-05   -0.4294E-05    0.3124E-05
# With parameters(rot.):    -0.1953E-04    0.1395E-05    0.9300E-06
# Minimization at step:   144 with Value:     0.0000Tol(Act/Req):0.1381E+00/0.1000E-04
# With parameters(tra.):     0.3234E-05   -0.2522E-05    0.3141E-05
# With parameters(rot.):    -0.3577E-04    0.2534E-05   -0.1198E-05
# Minimization at step:   145 with Value:     0.0000Tol(Act/Req):0.1364E+00/0.1000E-04
# With parameters(tra.):     0.2731E-05   -0.2577E-05    0.3541E-05
# With parameters(rot.):    -0.3064E-04    0.2661E-05   -0.1428E-05
# Minimization at step:   146 with Value:     0.0000Tol(Act/Req):0.1079E+00/0.1000E-04
# With parameters(tra.):     0.1368E-05   -0.2240E-05    0.2711E-05
# With parameters(rot.):    -0.6213E-04    0.3491E-05   -0.5761E-06
# Minimization at step:   147 with Value:     0.0000Tol(Act/Req):0.1018E+00/0.1000E-04
# With parameters(tra.):     0.1552E-05   -0.9766E-06    0.2079E-05
# With parameters(rot.):    -0.8750E-04    0.1969E-05    0.2709E-06
# Minimization at step:   148 with Value:     0.0000Tol(Act/Req):0.9304E-01/0.1000E-04
# With parameters(tra.):     0.1184E-05   -0.2637E-06    0.1092E-05
# With parameters(rot.):    -0.9459E-04    0.4238E-06   -0.1700E-05
# Minimization at step:   149 with Value:     0.0000Tol(Act/Req):0.8145E-01/0.1000E-04
# With parameters(tra.):     0.1218E-05    0.2020E-06    0.7849E-06
# With parameters(rot.):    -0.9579E-04    0.7969E-06   -0.1720E-05
# Minimization at step:   150 with Value:     0.0000Tol(Act/Req):0.8040E-01/0.1000E-04
# With parameters(tra.):     0.1547E-05    0.3212E-06    0.8320E-06
# With parameters(rot.):    -0.9073E-04    0.3649E-06   -0.2028E-05
# Minimization at step:   151 with Value:     0.0000Tol(Act/Req):0.7550E-01/0.1000E-04
# With parameters(tra.):     0.1361E-05   -0.5095E-06    0.1049E-05
# With parameters(rot.):    -0.6643E-04    0.1352E-05   -0.3642E-05
# Minimization at step:   152 with Value:     0.0000Tol(Act/Req):0.6835E-01/0.1000E-04
# With parameters(tra.):     0.1044E-05   -0.1610E-05    0.3351E-06
# With parameters(rot.):    -0.6042E-04   -0.1805E-06   -0.2329E-05
# Minimization at step:   153 with Value:     0.0000Tol(Act/Req):0.6208E-01/0.1000E-04
# With parameters(tra.):     0.1125E-05   -0.1901E-05    0.5185E-06
# With parameters(rot.):    -0.5580E-04    0.1555E-06   -0.1889E-05
# Minimization at step:   154 with Value:     0.0000Tol(Act/Req):0.4868E-01/0.1000E-04
# With parameters(tra.):    -0.3074E-07   -0.1814E-05    0.3634E-06
# With parameters(rot.):    -0.5440E-04   -0.2800E-06   -0.2350E-05
# Minimization at step:   155 with Value:     0.0000Tol(Act/Req):0.4621E-01/0.1000E-04
# With parameters(tra.):    -0.1003E-06   -0.1715E-05    0.2520E-06
# With parameters(rot.):    -0.5947E-04   -0.6629E-06   -0.1839E-05
# Minimization at step:   156 with Value:     0.0000Tol(Act/Req):0.3828E-01/0.1000E-04
# With parameters(tra.):    -0.1165E-06   -0.1449E-05    0.4236E-06
# With parameters(rot.):    -0.6089E-04   -0.3199E-06   -0.2127E-05
# Minimization at step:   157 with Value:     0.0000Tol(Act/Req):0.3729E-01/0.1000E-04
# With parameters(tra.):    -0.4921E-06   -0.1068E-05   -0.3119E-06
# With parameters(rot.):    -0.5166E-04    0.5402E-07   -0.2303E-05
# Minimization at step:   158 with Value:     0.0000Tol(Act/Req):0.2561E-01/0.1000E-04
# With parameters(tra.):    -0.5091E-06   -0.1236E-05   -0.5272E-06
# With parameters(rot.):    -0.3429E-04   -0.6718E-06   -0.2834E-05
# Minimization at step:   159 with Value:     0.0000Tol(Act/Req):0.2096E-01/0.1000E-04
# With parameters(tra.):    -0.8929E-06   -0.1596E-05   -0.5089E-06
# With parameters(rot.):    -0.1788E-04   -0.2756E-06   -0.2269E-05
# Minimization at step:   160 with Value:     0.0000Tol(Act/Req):0.2017E-01/0.1000E-04
# With parameters(tra.):    -0.4099E-06   -0.1580E-05   -0.6963E-06
# With parameters(rot.):    -0.6635E-05    0.1620E-07   -0.1934E-05
# Minimization at step:   161 with Value:     0.0000Tol(Act/Req):0.1960E-01/0.1000E-04
# With parameters(tra.):    -0.5401E-06   -0.1091E-05   -0.7265E-06
# With parameters(rot.):     0.8604E-05    0.8141E-06   -0.2445E-05
# Minimization at step:   162 with Value:     0.0000Tol(Act/Req):0.1890E-01/0.1000E-04
# With parameters(tra.):    -0.6115E-06   -0.9898E-06   -0.8637E-06
# With parameters(rot.):     0.1174E-04    0.7458E-06   -0.2240E-05
# Minimization at step:   163 with Value:     0.0000Tol(Act/Req):0.1839E-01/0.1000E-04
# With parameters(tra.):    -0.5051E-06   -0.1445E-05   -0.8792E-06
# With parameters(rot.):    -0.2451E-05   -0.7491E-07   -0.1661E-05
# Minimization at step:   164 with Value:     0.0000Tol(Act/Req):0.1816E-01/0.1000E-04
# With parameters(tra.):    -0.4123E-06   -0.1572E-05   -0.7426E-06
# With parameters(rot.):    -0.6601E-06   -0.1791E-06   -0.1563E-05
# Minimization at step:   165 with Value:     0.0000Tol(Act/Req):0.1779E-01/0.1000E-04
# With parameters(tra.):     0.1316E-06   -0.1205E-05   -0.8388E-06
# With parameters(rot.):    -0.1133E-04   -0.5431E-06   -0.1893E-05
# Minimization at step:   166 with Value:     0.0000Tol(Act/Req):0.1470E-01/0.1000E-04
# With parameters(tra.):     0.2375E-06   -0.6692E-06   -0.8099E-06
# With parameters(rot.):    -0.1025E-06    0.1215E-06   -0.2550E-05
# Minimization at step:   167 with Value:     0.0000Tol(Act/Req):0.1403E-01/0.1000E-04
# With parameters(tra.):     0.1103E-06   -0.7163E-06   -0.7834E-06
# With parameters(rot.):     0.3502E-05    0.2679E-06   -0.2522E-05
# Minimization at step:   168 with Value:     0.0000Tol(Act/Req):0.1217E-01/0.1000E-04
# With parameters(tra.):     0.7325E-07   -0.8541E-06   -0.7884E-06
# With parameters(rot.):     0.9945E-06    0.1139E-06   -0.2355E-05
# Minimization at step:   169 with Value:     0.0000Tol(Act/Req):0.9460E-02/0.1000E-04
# With parameters(tra.):     0.2787E-06   -0.6144E-06   -0.7320E-06
# With parameters(rot.):     0.1177E-05    0.8597E-06   -0.1842E-05
# Minimization at step:   170 with Value:     0.0000Tol(Act/Req):0.8515E-02/0.1000E-04
# With parameters(tra.):     0.2528E-07   -0.3076E-06   -0.5565E-06
# With parameters(rot.):    -0.7461E-05    0.8491E-06   -0.2146E-05
# Minimization at step:   171 with Value:     0.0000Tol(Act/Req):0.8193E-02/0.1000E-04
# With parameters(tra.):     0.9468E-07    0.1228E-06   -0.7285E-06
# With parameters(rot.):    -0.7587E-05    0.7468E-06   -0.1704E-05
# Minimization at step:   172 with Value:     0.0000Tol(Act/Req):0.7285E-02/0.1000E-04
# With parameters(tra.):     0.4493E-06    0.4342E-06   -0.4507E-06
# With parameters(rot.):    -0.6313E-05    0.8470E-06   -0.1556E-05
# Minimization at step:   173 with Value:     0.0000Tol(Act/Req):0.6502E-02/0.1000E-04
# With parameters(tra.):     0.5480E-06    0.4193E-06   -0.4857E-06
# With parameters(rot.):    -0.4058E-05    0.8495E-06   -0.1431E-05
# Minimization at step:   174 with Value:     0.0000Tol(Act/Req):0.6320E-02/0.1000E-04
# With parameters(tra.):     0.4675E-06    0.3402E-06   -0.5581E-06
# With parameters(rot.):    -0.4189E-05    0.8247E-06   -0.1458E-05
# Minimization at step:   175 with Value:     0.0000Tol(Act/Req):0.6283E-02/0.1000E-04
# With parameters(tra.):     0.3323E-06    0.5980E-06   -0.4301E-06
# With parameters(rot.):     0.4565E-06    0.1303E-05   -0.1047E-05
# Minimization at step:   176 with Value:     0.0000Tol(Act/Req):0.5498E-02/0.1000E-04
# With parameters(tra.):     0.3415E-06    0.7544E-06   -0.3481E-06
# With parameters(rot.):    -0.3439E-05    0.1369E-05   -0.4703E-06
# Minimization at step:   177 with Value:     0.0000Tol(Act/Req):0.5455E-02/0.1000E-04
# With parameters(tra.):     0.4798E-06    0.5487E-06   -0.4487E-06
# With parameters(rot.):    -0.9383E-05    0.9131E-06   -0.6885E-06
# Minimization at step:   178 with Value:     0.0000Tol(Act/Req):0.5265E-02/0.1000E-04
# With parameters(tra.):     0.4452E-06    0.5857E-06   -0.4393E-06
# With parameters(rot.):    -0.1031E-04    0.7311E-06   -0.7209E-06
# Minimization at step:   179 with Value:     0.0000Tol(Act/Req):0.4449E-02/0.1000E-04
# With parameters(tra.):     0.4926E-06    0.3096E-06   -0.1708E-06
# With parameters(rot.):    -0.1109E-04    0.8281E-06   -0.8345E-06
# Minimization at step:   180 with Value:     0.0000Tol(Act/Req):0.3145E-02/0.1000E-04
# With parameters(tra.):     0.3921E-06    0.4041E-06   -0.2581E-07
# With parameters(rot.):    -0.7059E-05    0.1149E-05   -0.7074E-06
# Minimization at step:   181 with Value:     0.0000Tol(Act/Req):0.3045E-02/0.1000E-04
# With parameters(tra.):     0.4284E-06    0.3954E-06   -0.5008E-08
# With parameters(rot.):    -0.6181E-05    0.1175E-05   -0.5846E-06
# Minimization at step:   182 with Value:     0.0000Tol(Act/Req):0.2879E-02/0.1000E-04
# With parameters(tra.):     0.2545E-06    0.2556E-06    0.3459E-07
# With parameters(rot.):    -0.7106E-05    0.1242E-05   -0.3468E-06
# Minimization at step:   183 with Value:     0.0000Tol(Act/Req):0.2858E-02/0.1000E-04
# With parameters(tra.):     0.2228E-06    0.3201E-06   -0.1540E-07
# With parameters(rot.):    -0.6579E-05    0.1253E-05   -0.2777E-06
# Minimization at step:   184 with Value:     0.0000Tol(Act/Req):0.2558E-02/0.1000E-04
# With parameters(tra.):     0.1772E-06    0.7113E-07    0.4080E-07
# With parameters(rot.):    -0.5028E-05    0.1170E-05   -0.5980E-06
# Minimization at step:   185 with Value:     0.0000Tol(Act/Req):0.1902E-02/0.1000E-04
# With parameters(tra.):     0.1862E-07   -0.2638E-07    0.2198E-06
# With parameters(rot.):    -0.5119E-05    0.9518E-06   -0.6217E-06
# Minimization at step:   186 with Value:     0.0000Tol(Act/Req):0.1760E-02/0.1000E-04
# With parameters(tra.):     0.1143E-07    0.1901E-06    0.2232E-06
# With parameters(rot.):    -0.6700E-05    0.9623E-06   -0.3094E-06
# Minimization at step:   187 with Value:     0.0000Tol(Act/Req):0.1751E-02/0.1000E-04
# With parameters(tra.):    -0.4844E-07    0.5575E-07    0.2096E-06
# With parameters(rot.):    -0.9268E-05    0.6861E-06   -0.2614E-06
# Minimization at step:   188 with Value:     0.0000Tol(Act/Req):0.1647E-02/0.1000E-04
# With parameters(tra.):    -0.5163E-07   -0.9569E-08    0.2076E-06
# With parameters(rot.):    -0.9087E-05    0.6605E-06   -0.3355E-06
# Minimization at step:   189 with Value:     0.0000Tol(Act/Req):0.1486E-02/0.1000E-04
# With parameters(tra.):    -0.7346E-07   -0.4768E-07    0.2357E-06
# With parameters(rot.):    -0.8890E-05    0.6307E-06   -0.2534E-06
# Minimization at step:   190 with Value:     0.0000Tol(Act/Req):0.1302E-02/0.1000E-04
# With parameters(tra.):    -0.4149E-07   -0.2507E-07    0.1923E-06
# With parameters(rot.):    -0.9182E-05    0.6584E-06   -0.2167E-06
# Minimization at step:   191 with Value:     0.0000Tol(Act/Req):0.1263E-02/0.1000E-04
# With parameters(tra.):    -0.1930E-06   -0.1110E-07    0.1615E-06
# With parameters(rot.):    -0.8995E-05    0.4808E-06   -0.5828E-07
# Minimization at step:   192 with Value:     0.0000Tol(Act/Req):0.8647E-03/0.1000E-04
# With parameters(tra.):    -0.1683E-06    0.3980E-07    0.1642E-06
# With parameters(rot.):    -0.8700E-05    0.1597E-06   -0.1999E-06
# Minimization at step:   193 with Value:     0.0000Tol(Act/Req):0.7863E-03/0.1000E-04
# With parameters(tra.):    -0.1484E-06    0.1688E-06    0.1628E-06
# With parameters(rot.):    -0.5942E-05    0.2605E-06   -0.2272E-06
# Minimization at step:   194 with Value:     0.0000Tol(Act/Req):0.6855E-03/0.1000E-04
# With parameters(tra.):    -0.1068E-06    0.1803E-06    0.1706E-06
# With parameters(rot.):    -0.5734E-05    0.2865E-06   -0.2809E-06
# Minimization at step:   195 with Value:     0.0000Tol(Act/Req):0.6850E-03/0.1000E-04
# With parameters(tra.):    -0.1615E-06    0.1801E-06    0.2051E-06
# With parameters(rot.):    -0.4289E-05    0.1122E-06   -0.1258E-06
# Minimization at step:   196 with Value:     0.0000Tol(Act/Req):0.6486E-03/0.1000E-04
# With parameters(tra.):    -0.2045E-06    0.1127E-06    0.2002E-06
# With parameters(rot.):    -0.2327E-05   -0.1218E-06   -0.2041E-06
# Minimization at step:   197 with Value:     0.0000Tol(Act/Req):0.6036E-03/0.1000E-04
# With parameters(tra.):    -0.2021E-06    0.1355E-06    0.1792E-06
# With parameters(rot.):    -0.1902E-05   -0.1730E-06   -0.1847E-06
# Minimization at step:   198 with Value:     0.0000Tol(Act/Req):0.5011E-03/0.1000E-04
# With parameters(tra.):    -0.2291E-06    0.1213E-06    0.1809E-06
# With parameters(rot.):    -0.4240E-06   -0.1540E-07   -0.7474E-07
# Minimization at step:   199 with Value:     0.0000Tol(Act/Req):0.4864E-03/0.1000E-04
# With parameters(tra.):    -0.2204E-06    0.1388E-06    0.1805E-06
# With parameters(rot.):    -0.7558E-06    0.5198E-07   -0.4439E-07
# Minimization at step:   200 with Value:     0.0000Tol(Act/Req):0.3343E-03/0.1000E-04
# With parameters(tra.):    -0.2314E-06    0.1041E-06    0.1823E-06
# With parameters(rot.):    -0.1013E-05    0.9419E-08   -0.2231E-07
# Minimization at step:   201 with Value:     0.0000Tol(Act/Req):0.3161E-03/0.1000E-04
# With parameters(tra.):    -0.2000E-06    0.7893E-07    0.1402E-06
# With parameters(rot.):    -0.1366E-05    0.1495E-06   -0.1430E-06
# Minimization at step:   202 with Value:     0.0000Tol(Act/Req):0.1775E-03/0.1000E-04
# With parameters(tra.):    -0.1478E-06    0.6812E-07    0.1457E-06
# With parameters(rot.):     0.5051E-06    0.1559E-06   -0.2044E-06
# Minimization at step:   203 with Value:     0.0000Tol(Act/Req):0.1498E-03/0.1000E-04
# With parameters(tra.):    -0.1307E-06    0.8546E-07    0.1058E-06
# With parameters(rot.):     0.1745E-05    0.1613E-06   -0.1802E-06
# Minimization at step:   204 with Value:     0.0000Tol(Act/Req):0.1922E-03/0.1000E-04
# With parameters(tra.):    -0.1423E-06    0.8960E-07    0.1011E-06
# With parameters(rot.):     0.1381E-05    0.1602E-06   -0.1629E-06
# Minimization at step:   205 with Value:     0.0000Tol(Act/Req):0.1736E-03/0.1000E-04
# With parameters(tra.):    -0.9531E-07    0.8854E-07    0.7334E-07
# With parameters(rot.):     0.9968E-06    0.1136E-06   -0.2655E-06
# Minimization at step:   206 with Value:     0.0000Tol(Act/Req):0.1473E-03/0.1000E-04
# With parameters(tra.):    -0.7191E-07    0.1385E-07    0.4070E-07
# With parameters(rot.):     0.1152E-05    0.6323E-07   -0.3025E-06
# Minimization at step:   207 with Value:     0.0000Tol(Act/Req):0.1200E-03/0.1000E-04
# With parameters(tra.):    -0.6911E-07    0.1471E-07    0.4293E-07
# With parameters(rot.):     0.1451E-05    0.2103E-07   -0.2856E-06
# Minimization at step:   208 with Value:     0.0000Tol(Act/Req):0.1127E-03/0.1000E-04
# With parameters(tra.):    -0.6003E-07   -0.2042E-07    0.4861E-07
# With parameters(rot.):     0.5258E-06   -0.2937E-07   -0.3368E-06
# Minimization at step:   209 with Value:     0.0000Tol(Act/Req):0.8537E-04/0.1000E-04
# With parameters(tra.):    -0.4232E-07   -0.2491E-07    0.3742E-07
# With parameters(rot.):     0.4666E-06   -0.2461E-08   -0.3460E-06
# Minimization at step:   210 with Value:     0.0000Tol(Act/Req):0.7443E-04/0.1000E-04
# With parameters(tra.):    -0.7161E-07   -0.6167E-07    0.5318E-07
# With parameters(rot.):     0.6736E-06    0.5398E-08   -0.2701E-06
# Minimization at step:   211 with Value:    -0.0000Tol(Act/Req):0.6597E-04/0.1000E-04
# With parameters(tra.):    -0.6683E-07   -0.8541E-07    0.6106E-07
# With parameters(rot.):     0.1011E-05   -0.8421E-07   -0.2312E-06
# Minimization at step:   212 with Value:    -0.0000Tol(Act/Req):0.6204E-04/0.1000E-04
# With parameters(tra.):    -0.3956E-07   -0.1146E-06    0.4656E-07
# With parameters(rot.):     0.1074E-05   -0.5764E-07   -0.2113E-06
# Minimization at step:   213 with Value:    -0.0000Tol(Act/Req):0.6170E-04/0.1000E-04
# With parameters(tra.):    -0.4272E-07   -0.1066E-06    0.5521E-07
# With parameters(rot.):     0.1029E-05   -0.5512E-07   -0.1945E-06
# Minimization at step:   214 with Value:    -0.0000Tol(Act/Req):0.5142E-04/0.1000E-04
# With parameters(tra.):    -0.3299E-07   -0.1011E-06    0.5144E-07
# With parameters(rot.):     0.1007E-05   -0.6212E-07   -0.2072E-06
# Minimization at step:   215 with Value:    -0.0000Tol(Act/Req):0.4798E-04/0.1000E-04
# With parameters(tra.):    -0.3925E-07   -0.9273E-07    0.5547E-07
# With parameters(rot.):     0.9853E-06   -0.6914E-07   -0.2118E-06
# Minimization at step:   216 with Value:    -0.0000Tol(Act/Req):0.4796E-04/0.1000E-04
# With parameters(tra.):    -0.3491E-07   -0.8931E-07    0.5392E-07
# With parameters(rot.):     0.9724E-06   -0.7323E-07   -0.2185E-06
# Minimization at step:   217 with Value:    -0.0000Tol(Act/Req):0.4527E-04/0.1000E-04
# With parameters(tra.):    -0.3584E-07   -0.8388E-07    0.5813E-07
# With parameters(rot.):     0.9450E-06   -0.7348E-07   -0.2121E-06
# Minimization at step:   218 with Value:    -0.0000Tol(Act/Req):0.4523E-04/0.1000E-04
# With parameters(tra.):    -0.3374E-07   -0.8172E-07    0.5771E-07
# With parameters(rot.):     0.9363E-06   -0.7554E-07   -0.2149E-06
# Minimization at step:   219 with Value:    -0.0000Tol(Act/Req):0.4490E-04/0.1000E-04
# With parameters(tra.):    -0.3403E-07   -0.7882E-07    0.5978E-07
# With parameters(rot.):     0.9219E-06   -0.7584E-07   -0.2120E-06
# Minimization at step:   220 with Value:    -0.0000Tol(Act/Req):0.7714E-04/0.1000E-04
# With parameters(tra.):    -0.5335E-07   -0.7044E-08    0.9453E-07
# With parameters(rot.):     0.2245E-05    0.4559E-07   -0.2395E-06
# Minimization at step:   221 with Value:    -0.0000Tol(Act/Req):0.3690E-04/0.1000E-04
# With parameters(tra.):    -0.5355E-07    0.7901E-09    0.9355E-07
# With parameters(rot.):     0.2773E-05    0.6305E-07   -0.1931E-06
# Minimization at step:   222 with Value:    -0.0000Tol(Act/Req):0.2960E-04/0.1000E-04
# With parameters(tra.):    -0.5498E-07   -0.1841E-08    0.9596E-07
# With parameters(rot.):     0.2856E-05    0.6134E-07   -0.1981E-06
# Minimization at step:   223 with Value:    -0.0000Tol(Act/Req):0.6865E-04/0.1000E-04
# With parameters(tra.):    -0.5505E-07   -0.4019E-08    0.9641E-07
# With parameters(rot.):     0.2730E-05    0.5684E-07   -0.2101E-06
# Minimization at step:   224 with Value:    -0.0000Tol(Act/Req):0.6783E-04/0.1000E-04
# With parameters(tra.):    -0.5358E-07   -0.3643E-09    0.9696E-07
# With parameters(rot.):     0.2881E-05    0.5847E-07   -0.2026E-06
# Minimization at step:   225 with Value:    -0.0000Tol(Act/Req):0.6448E-04/0.1000E-04
# With parameters(tra.):    -0.5394E-07    0.4756E-08    0.9984E-07
# With parameters(rot.):     0.3079E-05    0.6247E-07   -0.1873E-06
# Minimization at step:   226 with Value:    -0.0000Tol(Act/Req):0.6268E-04/0.1000E-04
# With parameters(tra.):    -0.5954E-07    0.1941E-07    0.1064E-06
# With parameters(rot.):     0.3325E-05    0.5996E-07   -0.1746E-06
# Minimization at step:   227 with Value:    -0.0000Tol(Act/Req):0.6112E-04/0.1000E-04
# With parameters(tra.):    -0.5516E-07    0.4304E-08    0.9872E-07
# With parameters(rot.):     0.3244E-05    0.2427E-07   -0.1438E-06
# Minimization at step:   228 with Value:    -0.0000Tol(Act/Req):0.4492E-04/0.1000E-04
# With parameters(tra.):    -0.5589E-07    0.3501E-08    0.1002E-06
# With parameters(rot.):     0.3318E-05    0.2033E-07   -0.1417E-06
# Minimization at step:   229 with Value:    -0.0000Tol(Act/Req):0.4394E-04/0.1000E-04
# With parameters(tra.):    -0.5534E-07    0.7621E-08    0.9958E-07
# With parameters(rot.):     0.3361E-05    0.2978E-07   -0.1376E-06
# Minimization at step:   230 with Value:    -0.0000Tol(Act/Req):0.3577E-04/0.1000E-04
# With parameters(tra.):    -0.5544E-07    0.3456E-08    0.9662E-07
# With parameters(rot.):     0.3257E-05    0.1488E-07   -0.1363E-06
# Minimization at step:   231 with Value:    -0.0000Tol(Act/Req):0.3459E-04/0.1000E-04
# With parameters(tra.):    -0.5577E-07    0.3051E-08    0.9704E-07
# With parameters(rot.):     0.3289E-05    0.1246E-07   -0.1349E-06
# Minimization at step:   232 with Value:    -0.0000Tol(Act/Req):0.4083E-04/0.1000E-04
# With parameters(tra.):    -0.5520E-07    0.6049E-08    0.9539E-07
# With parameters(rot.):     0.3386E-05    0.4816E-07   -0.1364E-06
# Minimization at step:   233 with Value:    -0.0000Tol(Act/Req):0.2209E-04/0.1000E-04
# With parameters(tra.):    -0.5263E-07   -0.1492E-08    0.9178E-07
# With parameters(rot.):     0.3289E-05    0.4317E-07   -0.1362E-06
# Minimization at step:   234 with Value:    -0.0000Tol(Act/Req):0.1954E-04/0.1000E-04
# With parameters(tra.):    -0.5435E-07    0.3536E-08    0.9419E-07
# With parameters(rot.):     0.3353E-05    0.4650E-07   -0.1364E-06
# Minimization at step:   235 with Value:    -0.0000Tol(Act/Req):0.1630E-04/0.1000E-04
# With parameters(tra.):    -0.5406E-07    0.4712E-08    0.9534E-07
# With parameters(rot.):     0.3400E-05    0.5299E-07   -0.1367E-06
# Minimization at step:   236 with Value:    -0.0000Tol(Act/Req):0.1596E-04/0.1000E-04
# With parameters(tra.):    -0.5454E-07    0.6437E-08    0.9622E-07
# With parameters(rot.):     0.3413E-05    0.5736E-07   -0.1403E-06
# Minimization at step:   237 with Value:    -0.0000Tol(Act/Req):0.1801E-04/0.1000E-04
# With parameters(tra.):    -0.5384E-07    0.9925E-08    0.9550E-07
# With parameters(rot.):     0.3453E-05    0.6698E-07   -0.1370E-06
# Minimization at step:   238 with Value:    -0.0000Tol(Act/Req):0.1419E-04/0.1000E-04
# With parameters(tra.):    -0.5380E-07    0.1015E-07    0.9562E-07
# With parameters(rot.):     0.3467E-05    0.6794E-07   -0.1367E-06
# Minimization at step:   239 with Value:    -0.0000Tol(Act/Req):0.1214E-04/0.1000E-04
# With parameters(tra.):    -0.5398E-07    0.1132E-07    0.9601E-07
# With parameters(rot.):     0.3478E-05    0.7101E-07   -0.1381E-06
# Minimization at step:   240 with Value:    -0.0000Tol(Act/Req):0.1292E-04/0.1000E-04
# With parameters(tra.):    -0.5398E-07    0.1215E-07    0.9637E-07
# With parameters(rot.):     0.3509E-05    0.7395E-07   -0.1380E-06
# Minimization at step:   241 with Value:    -0.0000Tol(Act/Req):0.1141E-04/0.1000E-04
# With parameters(tra.):    -0.5415E-07    0.1235E-07    0.9639E-07
# With parameters(rot.):     0.3518E-05    0.7398E-07   -0.1362E-06
# Minimization at step:   242 with Value:    -0.0000Tol(Act/Req):0.8881E-05/0.1000E-04
# With parameters(tra.):    -0.5425E-07    0.1302E-07    0.9661E-07
# With parameters(rot.):     0.3526E-05    0.7576E-07   -0.1368E-06
# CSM Simplex Values from input minimization.
# Final Number of Simplex optim. Steps:   242
# Final CSM Simplex Value is:     -0.00000000000
[molecule] Nrec=   4 Format=nscxyz
  h                1    1    0.99999987D+00   0.20000050D+00   0.99999550D-01
  h                2    1    0.99999993D+00  -0.20000020D+00  -0.99999060D-01
  h                3    1   -0.10000001D+01  -0.19999977D+00   0.10000081D+00
  h                4    1   -0.10000001D+01   0.19999954D+00  -0.10000058D+00
# Coordinates rotated along X. New coordinates:
[molecule] Nrec=   4 Format=nscxyz
  h                1    1    0.10000000D+01   0.10000000D+00  -0.20000000D+00
  h                2    1    0.10000000D+01  -0.10000000D+00   0.20000000D+00
  h                3    1   -0.10000000D+01   0.10000000D+00   0.20000000D+00
  h                4    1   -0.10000000D+01  -0.10000000D+00  -0.20000000D+00
# Minimization at step:     0 with Value:     0.0327Tol(Act/Req):0.2000E+01/0.1000E-04
# With parameters(tra.):     0.1429E-01    0.1429E-01    0.1429E-01
# With parameters(rot.):     0.1429E-01    0.1429E-01    0.1429E-01
# Minimization at step:     1 with Value:     0.0257Tol(Act/Req):0.2000E+01/0.1000E-04
# With parameters(tra.):     0.1548E-01    0.1548E-01    0.7143E-02
# With parameters(rot.):     0.1548E-01    0.1548E-01    0.1548E-01
# Minimization at step:     2 with Value:     0.0194Tol(Act/Req):0.2000E+01/0.1000E-04
# With parameters(tra.):     0.8433E-02    0.1677E-01    0.7738E-02
# With parameters(rot.):     0.1677E-01    0.1677E-01    0.1677E-01
# Minimization at step:     3 with Value:     0.0132Tol(Act/Req):0.2000E+01/0.1000E-04
# With parameters(tra.):     0.9135E-02    0.9830E-02    0.8383E-02
# With parameters(rot.):     0.1816E-01    0.1816E-01    0.1816E-01
# Minimization at step:     4 with Value:     0.0112Tol(Act/Req):0.2000E+01/0.1000E-04
# With parameters(tra.):     0.9897E-02    0.1065E-01    0.9082E-02
# With parameters(rot.):     0.1968E-01    0.1134E-01    0.1968E-01
# Minimization at step:     5 with Value:     0.0094Tol(Act/Req):0.2000E+01/0.1000E-04
# With parameters(tra.):     0.1029E-01    0.1123E-01   -0.1148E-02
# With parameters(rot.):     0.2251E-01    0.1210E-01    0.2251E-01
# Minimization at step:     6 with Value:     0.0077Tol(Act/Req):0.2000E+01/0.1000E-04
# With parameters(tra.):     0.1855E-03    0.1178E-01   -0.2477E-02
# With parameters(rot.):     0.2588E-01    0.1286E-01    0.2588E-01
# Minimization at step:     7 with Value:     0.0075Tol(Act/Req):0.2000E+01/0.1000E-04
# With parameters(tra.):     0.2474E-03    0.1570E-01   -0.3302E-02
# With parameters(rot.):     0.3451E-01    0.1715E-01    0.1178E-02
# Minimization at step:     8 with Value:     0.0065Tol(Act/Req):0.2000E+01/0.1000E-04
# With parameters(tra.):    -0.1310E-02    0.3789E-02   -0.5908E-02
# With parameters(rot.):     0.4276E-01    0.1961E-01   -0.1689E-02
# Minimization at step:     9 with Value:     0.0048Tol(Act/Req):0.2000E+01/0.1000E-04
# With parameters(tra.):    -0.1455E-02    0.1815E-02   -0.5919E-02
# With parameters(rot.):     0.4129E-01    0.1874E-01    0.4248E-02
# Minimization at step:    10 with Value:     0.0037Tol(Act/Req):0.2000E+01/0.1000E-04
# With parameters(tra.):    -0.1078E-02    0.4629E-02   -0.5268E-02
# With parameters(rot.):     0.3910E-01    0.1805E-01    0.5460E-02
# Minimization at step:    11 with Value:     0.0031Tol(Act/Req):0.2000E+01/0.1000E-04
# With parameters(tra.):    -0.4115E-02    0.2690E-02   -0.1183E-02
# With parameters(rot.):     0.4183E-01    0.1917E-01   -0.2212E-03
# Minimization at step:    12 with Value:     0.0028Tol(Act/Req):0.2000E+01/0.1000E-04
# With parameters(tra.):    -0.7262E-02    0.1675E-02   -0.3208E-02
# With parameters(rot.):     0.5224E-01    0.8135E-02   -0.3827E-02
# Minimization at step:    13 with Value:     0.0022Tol(Act/Req):0.2000E+01/0.1000E-04
# With parameters(tra.):    -0.6199E-02    0.7415E-03   -0.3047E-02
# With parameters(rot.):     0.5388E-01    0.7613E-02   -0.6864E-02
# Minimization at step:    14 with Value:     0.0018Tol(Act/Req):0.2000E+01/0.1000E-04
# With parameters(tra.):    -0.6667E-02   -0.3351E-03   -0.2813E-02
# With parameters(rot.):     0.5419E-01    0.6252E-02   -0.4822E-02
# Minimization at step:    15 with Value:     0.0014Tol(Act/Req):0.2000E+01/0.1000E-04
# With parameters(tra.):    -0.5831E-02   -0.2489E-03   -0.2274E-02
# With parameters(rot.):     0.5175E-01    0.8853E-02   -0.4003E-02
# Minimization at step:    16 with Value:     0.0011Tol(Act/Req):0.2000E+01/0.1000E-04
# With parameters(tra.):    -0.6453E-02    0.2753E-02   -0.5501E-03
# With parameters(rot.):     0.5164E-01    0.5524E-02   -0.4552E-02
# Minimization at step:    17 with Value:     0.0009Tol(Act/Req):0.2000E+01/0.1000E-04
# With parameters(tra.):    -0.5520E-02    0.3738E-02   -0.2434E-02
# With parameters(rot.):     0.5273E-01    0.1556E-02   -0.2794E-02
# Minimization at step:    18 with Value:     0.0008Tol(Act/Req):0.2000E+01/0.1000E-04
# With parameters(tra.):    -0.3167E-02    0.2870E-02   -0.1909E-02
# With parameters(rot.):     0.5561E-01   -0.1506E-02   -0.7512E-02
# Minimization at step:    19 with Value:     0.0008Tol(Act/Req):0.2000E+01/0.1000E-04
# With parameters(tra.):    -0.2936E-02    0.1785E-02   -0.1140E-02
# With parameters(rot.):     0.5671E-01   -0.6814E-02   -0.4324E-02
# Minimization at step:    20 with Value:     0.0007Tol(Act/Req):0.2000E+01/0.1000E-04
# With parameters(tra.):    -0.2983E-03    0.2635E-02    0.3167E-03
# With parameters(rot.):     0.5349E-01   -0.6834E-02   -0.2794E-02
# Minimization at step:    21 with Value:     0.0006Tol(Act/Req):0.2000E+01/0.1000E-04
# With parameters(tra.):    -0.6474E-03    0.2833E-02    0.3708E-03
# With parameters(rot.):     0.5259E-01   -0.6513E-02   -0.1221E-02
# Minimization at step:    22 with Value:     0.0005Tol(Act/Req):0.2000E+01/0.1000E-04
# With parameters(tra.):    -0.2483E-03    0.3908E-02    0.1714E-03
# With parameters(rot.):     0.5073E-01   -0.2457E-02   -0.2836E-02
# Minimization at step:    23 with Value:     0.0005Tol(Act/Req):0.2000E+01/0.1000E-04
# With parameters(tra.):     0.2235E-02    0.2292E-02   -0.7375E-03
# With parameters(rot.):     0.5050E-01   -0.2897E-02   -0.1899E-02
# Minimization at step:    24 with Value:     0.0005Tol(Act/Req):0.2000E+01/0.1000E-04
# With parameters(tra.):     0.4415E-03    0.1328E-02   -0.2545E-02
# With parameters(rot.):     0.5274E-01   -0.1564E-02   -0.3131E-02
# Minimization at step:    25 with Value:     0.0004Tol(Act/Req):0.2000E+01/0.1000E-04
# With parameters(tra.):    -0.3288E-03    0.1651E-02   -0.2469E-02
# With parameters(rot.):     0.5298E-01   -0.1343E-02   -0.3468E-02
# Minimization at step:    26 with Value:     0.0003Tol(Act/Req):0.2000E+01/0.1000E-04
# With parameters(tra.):     0.8238E-03    0.2456E-02   -0.1094E-02
# With parameters(rot.):     0.5136E-01   -0.2287E-02   -0.2628E-02
# Minimization at step:    27 with Value:     0.0002Tol(Act/Req):0.2000E+01/0.1000E-04
# With parameters(tra.):     0.1943E-02    0.1642E-02    0.1835E-03
# With parameters(rot.):     0.5048E-01   -0.1265E-02   -0.3466E-02
# Minimization at step:    28 with Value:     0.0002Tol(Act/Req):0.2000E+01/0.1000E-04
# With parameters(tra.):     0.2108E-02    0.1641E-02    0.2293E-03
# With parameters(rot.):     0.4798E-01    0.1128E-02   -0.1069E-02
# Minimization at step:    29 with Value:     0.0002Tol(Act/Req):0.2000E+01/0.1000E-04
# With parameters(tra.):     0.2498E-02    0.5360E-03    0.3435E-03
# With parameters(rot.):     0.4822E-01   -0.3762E-05    0.1810E-03
# Minimization at step:    30 with Value:     0.0002Tol(Act/Req):0.2000E+01/0.1000E-04
# With parameters(tra.):     0.2489E-02    0.4444E-03    0.3415E-03
# With parameters(rot.):     0.4887E-01   -0.6963E-03   -0.3142E-03
# Minimization at step:    31 with Value:     0.0002Tol(Act/Req):0.2000E+01/0.1000E-04
# With parameters(tra.):     0.2275E-02   -0.7622E-03   -0.9664E-04
# With parameters(rot.):     0.4911E-01    0.4637E-03   -0.1025E-03
# Minimization at step:    32 with Value:     0.0002Tol(Act/Req):0.2000E+01/0.1000E-04
# With parameters(tra.):     0.1640E-02   -0.1022E-02   -0.1041E-02
# With parameters(rot.):     0.4924E-01    0.3579E-03    0.1577E-02
# Minimization at step:    33 with Value:     0.0001Tol(Act/Req):0.2000E+01/0.1000E-04
# With parameters(tra.):     0.7559E-03   -0.1265E-02   -0.4126E-03
# With parameters(rot.):     0.4849E-01    0.1367E-02    0.2585E-02
# Minimization at step:    34 with Value:     0.0001Tol(Act/Req):0.2000E+01/0.1000E-04
# With parameters(tra.):     0.4629E-03   -0.2265E-03   -0.7974E-04
# With parameters(rot.):     0.4803E-01    0.5084E-03    0.3269E-02
# Minimization at step:    35 with Value:     0.0001Tol(Act/Req):0.2000E+01/0.1000E-04
# With parameters(tra.):     0.5235E-03   -0.9540E-04    0.2366E-03
# With parameters(rot.):     0.4790E-01    0.5474E-03    0.2990E-02
# Minimization at step:    36 with Value:     0.0001Tol(Act/Req):0.2000E+01/0.1000E-04
# With parameters(tra.):     0.7252E-03    0.6304E-04    0.1335E-03
# With parameters(rot.):     0.4804E-01    0.2268E-03    0.2772E-02
# Minimization at step:    37 with Value:     0.0001Tol(Act/Req):0.2000E+01/0.1000E-04
# With parameters(tra.):     0.8204E-03   -0.1726E-03    0.6805E-04
# With parameters(rot.):     0.4815E-01    0.4180E-03    0.2559E-02
# Minimization at step:    38 with Value:     0.0001Tol(Act/Req):0.2000E+01/0.1000E-04
# With parameters(tra.):     0.2063E-03    0.2027E-03   -0.5789E-04
# With parameters(rot.):     0.4802E-01    0.1089E-02    0.2529E-02
# Minimization at step:    39 with Value:     0.0001Tol(Act/Req):0.2000E+01/0.1000E-04
# With parameters(tra.):     0.2751E-03    0.2702E-03   -0.7718E-04
# With parameters(rot.):     0.3069E-01    0.1452E-02    0.3372E-02
# Minimization at step:    40 with Value:     0.0001Tol(Act/Req):0.2000E+01/0.1000E-04
# With parameters(tra.):    -0.2916E-03    0.8922E-04   -0.1848E-03
# With parameters(rot.):     0.2711E-01    0.9509E-03    0.3551E-02
# Minimization at step:    41 with Value:     0.0001Tol(Act/Req):0.2000E+01/0.1000E-04
# With parameters(tra.):    -0.4420E-03    0.4130E-03    0.3075E-03
# With parameters(rot.):     0.1991E-01    0.1163E-02    0.3180E-02
# Minimization at step:    42 with Value:     0.0000Tol(Act/Req):0.2000E+01/0.1000E-04
# With parameters(tra.):    -0.5189E-03    0.4080E-03    0.3444E-03
# With parameters(rot.):     0.2335E-01    0.1049E-02    0.2953E-02
# Minimization at step:    43 with Value:     0.0000Tol(Act/Req):0.2000E+01/0.1000E-04
# With parameters(tra.):    -0.5303E-03    0.8398E-03    0.2084E-03
# With parameters(rot.):     0.1540E-01    0.6812E-03    0.2578E-02
# Minimization at step:    44 with Value:     0.0000Tol(Act/Req):0.2000E+01/0.1000E-04
# With parameters(tra.):    -0.7902E-03    0.7061E-03    0.1243E-03
# With parameters(rot.):     0.4703E-02    0.1151E-02    0.2159E-02
# Minimization at step:    45 with Value:     0.0000Tol(Act/Req):0.2000E+01/0.1000E-04
# With parameters(tra.):    -0.7130E-03    0.6238E-03    0.2690E-03
# With parameters(rot.):    -0.9642E-02    0.7244E-03    0.2056E-02
# Minimization at step:    46 with Value:     0.0000Tol(Act/Req):0.2000E+01/0.1000E-04
# With parameters(tra.):    -0.6530E-03    0.3703E-03   -0.2361E-03
# With parameters(rot.):    -0.1229E-01    0.3657E-03    0.2051E-02
# Minimization at step:    47 with Value:     0.0000Tol(Act/Req):0.2000E+01/0.1000E-04
# With parameters(tra.):    -0.5887E-03    0.4239E-03   -0.2224E-03
# With parameters(rot.):    -0.1498E-01    0.4005E-03    0.1897E-02
# Minimization at step:    48 with Value:     0.0000Tol(Act/Req):0.2000E+01/0.1000E-04
# With parameters(tra.):    -0.5976E-03    0.4278E-03   -0.2995E-03
# With parameters(rot.):    -0.1184E-01    0.4802E-03    0.1909E-02
# Minimization at step:    49 with Value:     0.0000Tol(Act/Req):0.2000E+01/0.1000E-04
# With parameters(tra.):    -0.7777E-03    0.4245E-03   -0.4404E-03
# With parameters(rot.):    -0.1670E-01    0.6103E-04    0.1108E-02
# Minimization at step:    50 with Value:     0.0000Tol(Act/Req):0.1999E+01/0.1000E-04
# With parameters(tra.):    -0.5136E-03    0.4643E-03   -0.5446E-03
# With parameters(rot.):    -0.1314E-01   -0.7726E-03    0.1176E-02
# Minimization at step:    51 with Value:     0.0000Tol(Act/Req):0.1999E+01/0.1000E-04
# With parameters(tra.):    -0.4967E-03   -0.9271E-04   -0.6596E-03
# With parameters(rot.):    -0.1471E-01   -0.8898E-03    0.1085E-02
# Minimization at step:    52 with Value:     0.0000Tol(Act/Req):0.1999E+01/0.1000E-04
# With parameters(tra.):    -0.4282E-03   -0.1350E-03   -0.6426E-03
# With parameters(rot.):    -0.1333E-01   -0.8643E-03    0.1283E-02
# Minimization at step:    53 with Value:     0.0000Tol(Act/Req):0.1999E+01/0.1000E-04
# With parameters(tra.):    -0.4133E-03   -0.4993E-04   -0.2731E-03
# With parameters(rot.):    -0.1102E-01   -0.9155E-03    0.1031E-02
# Minimization at step:    54 with Value:     0.0000Tol(Act/Req):0.1999E+01/0.1000E-04
# With parameters(tra.):    -0.4106E-03    0.9290E-04   -0.2121E-03
# With parameters(rot.):    -0.1032E-01   -0.8883E-03    0.1050E-02
# Minimization at step:    55 with Value:     0.0000Tol(Act/Req):0.1999E+01/0.1000E-04
# With parameters(tra.):    -0.4681E-03    0.5198E-04   -0.1584E-03
# With parameters(rot.):    -0.1097E-01   -0.6895E-03    0.1022E-02
# Minimization at step:    56 with Value:     0.0000Tol(Act/Req):0.1999E+01/0.1000E-04
# With parameters(tra.):    -0.2992E-03    0.3519E-04   -0.1097E-03
# With parameters(rot.):    -0.1501E-01   -0.9832E-03    0.4209E-03
# Minimization at step:    57 with Value:     0.0000Tol(Act/Req):0.1999E+01/0.1000E-04
# With parameters(tra.):    -0.2176E-03   -0.8786E-04   -0.2007E-03
# With parameters(rot.):    -0.9785E-02   -0.1312E-02   -0.5005E-04
# Minimization at step:    58 with Value:     0.0000Tol(Act/Req):0.1999E+01/0.1000E-04
# With parameters(tra.):    -0.3593E-03   -0.1121E-03   -0.2797E-03
# With parameters(rot.):    -0.4005E-02   -0.1127E-02    0.3941E-03
# Minimization at step:    59 with Value:     0.0000Tol(Act/Req):0.1999E+01/0.1000E-04
# With parameters(tra.):    -0.3915E-03   -0.8333E-04   -0.2635E-03
# With parameters(rot.):    -0.4830E-02   -0.1030E-02    0.5488E-03
# Minimization at step:    60 with Value:     0.0000Tol(Act/Req):0.1999E+01/0.1000E-04
# With parameters(tra.):    -0.2424E-03   -0.1506E-03   -0.1032E-03
# With parameters(rot.):     0.7651E-03   -0.1034E-02    0.7010E-03
# Minimization at step:    61 with Value:     0.0000Tol(Act/Req):0.1998E+01/0.1000E-04
# With parameters(tra.):    -0.6172E-04   -0.1393E-03    0.3455E-04
# With parameters(rot.):    -0.3425E-02   -0.1187E-02    0.3592E-03
# Minimization at step:    62 with Value:     0.0000Tol(Act/Req):0.1998E+01/0.1000E-04
# With parameters(tra.):    -0.3128E-04   -0.8721E-04    0.8559E-04
# With parameters(rot.):    -0.2502E-02   -0.1198E-02    0.3108E-03
# Minimization at step:    63 with Value:     0.0000Tol(Act/Req):0.1998E+01/0.1000E-04
# With parameters(tra.):    -0.5820E-06   -0.2154E-03    0.2744E-03
# With parameters(rot.):    -0.9856E-03   -0.9706E-03    0.1844E-04
# Minimization at step:    64 with Value:     0.0000Tol(Act/Req):0.1998E+01/0.1000E-04
# With parameters(tra.):    -0.1609E-03   -0.2522E-03    0.2165E-03
# With parameters(rot.):     0.4018E-02   -0.7452E-03    0.2467E-03
# Minimization at step:    65 with Value:     0.0000Tol(Act/Req):0.1998E+01/0.1000E-04
# With parameters(tra.):    -0.2828E-03   -0.2187E-03    0.1629E-03
# With parameters(rot.):    -0.4926E-03   -0.6449E-03   -0.5692E-04
# Minimization at step:    66 with Value:     0.0000Tol(Act/Req):0.1998E+01/0.1000E-04
# With parameters(tra.):    -0.2529E-03   -0.2068E-03    0.1729E-03
# With parameters(rot.):    -0.2119E-02   -0.6928E-03   -0.1393E-03
# Minimization at step:    67 with Value:     0.0000Tol(Act/Req):0.1998E+01/0.1000E-04
# With parameters(tra.):    -0.2143E-03   -0.3441E-03   -0.4806E-04
# With parameters(rot.):    -0.1462E-02   -0.5674E-03   -0.2775E-03
# Minimization at step:    68 with Value:     0.0000Tol(Act/Req):0.1998E+01/0.1000E-04
# With parameters(tra.):    -0.2398E-03   -0.3227E-03   -0.1221E-03
# With parameters(rot.):    -0.1881E-02   -0.5908E-03   -0.2291E-03
# Minimization at step:    69 with Value:     0.0000Tol(Act/Req):0.1997E+01/0.1000E-04
# With parameters(tra.):    -0.2751E-03   -0.2144E-03    0.2504E-04
# With parameters(rot.):    -0.2478E-02   -0.6907E-03   -0.1133E-03
# Minimization at step:    70 with Value:     0.0000Tol(Act/Req):0.1997E+01/0.1000E-04
# With parameters(tra.):    -0.2440E-03   -0.2224E-03    0.2697E-04
# With parameters(rot.):    -0.1516E-02   -0.7196E-03   -0.4209E-04
# Minimization at step:    71 with Value:     0.0000Tol(Act/Req):0.1996E+01/0.1000E-04
# With parameters(tra.):    -0.2592E-03   -0.2113E-03    0.1561E-03
# With parameters(rot.):    -0.2061E-02   -0.4213E-03    0.7044E-04
# Minimization at step:    72 with Value:     0.0000Tol(Act/Req):0.1995E+01/0.1000E-04
# With parameters(tra.):    -0.2630E-03   -0.1956E-03    0.1875E-03
# With parameters(rot.):    -0.1563E-02   -0.3622E-03    0.2624E-04
# Minimization at step:    73 with Value:     0.0000Tol(Act/Req):0.1994E+01/0.1000E-04
# With parameters(tra.):    -0.2595E-03   -0.1971E-03    0.1579E-03
# With parameters(rot.):    -0.1385E-02   -0.4319E-03   -0.5579E-05
# Minimization at step:    74 with Value:     0.0000Tol(Act/Req):0.1993E+01/0.1000E-04
# With parameters(tra.):    -0.2308E-03   -0.2635E-03    0.1040E-03
# With parameters(rot.):    -0.6224E-03   -0.2790E-03   -0.4685E-04
# Minimization at step:    75 with Value:     0.0000Tol(Act/Req):0.1993E+01/0.1000E-04
# With parameters(tra.):    -0.1636E-03   -0.2585E-03    0.1010E-03
# With parameters(rot.):    -0.3377E-02   -0.2370E-03   -0.1808E-03
# Minimization at step:    76 with Value:     0.0000Tol(Act/Req):0.1993E+01/0.1000E-04
# With parameters(tra.):    -0.7450E-04   -0.2865E-03    0.1296E-03
# With parameters(rot.):    -0.2073E-02   -0.1339E-03   -0.8457E-04
# Minimization at step:    77 with Value:     0.0000Tol(Act/Req):0.1992E+01/0.1000E-04
# With parameters(tra.):    -0.7037E-04   -0.2317E-03    0.6538E-04
# With parameters(rot.):    -0.2974E-02   -0.2834E-04    0.6045E-04
# Minimization at step:    78 with Value:     0.0000Tol(Act/Req):0.1991E+01/0.1000E-04
# With parameters(tra.):    -0.7940E-04   -0.2308E-03    0.6315E-04
# With parameters(rot.):    -0.2252E-02   -0.2146E-04    0.1140E-03
# Minimization at step:    79 with Value:     0.0000Tol(Act/Req):0.1989E+01/0.1000E-04
# With parameters(tra.):    -0.3917E-04   -0.2160E-03    0.7916E-04
# With parameters(rot.):    -0.1677E-02    0.1524E-03    0.6967E-04
# Minimization at step:    80 with Value:     0.0000Tol(Act/Req):0.1989E+01/0.1000E-04
# With parameters(tra.):    -0.1906E-04   -0.2184E-03    0.5776E-04
# With parameters(rot.):    -0.1612E-02    0.1662E-03    0.6003E-04
# Minimization at step:    81 with Value:     0.0000Tol(Act/Req):0.1989E+01/0.1000E-04
# With parameters(tra.):     0.2276E-04   -0.1369E-03    0.9618E-04
# With parameters(rot.):    -0.2705E-02    0.1618E-03    0.1369E-03
# Minimization at step:    82 with Value:     0.0000Tol(Act/Req):0.1985E+01/0.1000E-04
# With parameters(tra.):    -0.1973E-04   -0.7844E-04    0.6640E-04
# With parameters(rot.):    -0.3841E-02    0.1584E-03    0.1202E-03
# Minimization at step:    83 with Value:     0.0000Tol(Act/Req):0.1982E+01/0.1000E-04
# With parameters(tra.):    -0.3373E-04   -0.9394E-04    0.5431E-04
# With parameters(rot.):    -0.3662E-02    0.1592E-03    0.9954E-04
# Minimization at step:    84 with Value:     0.0000Tol(Act/Req):0.1980E+01/0.1000E-04
# With parameters(tra.):    -0.2766E-04   -0.1006E-03    0.9972E-04
# With parameters(rot.):    -0.3158E-02    0.1269E-03    0.5456E-06
# Minimization at step:    85 with Value:     0.0000Tol(Act/Req):0.1978E+01/0.1000E-04
# With parameters(tra.):    -0.2847E-04   -0.5521E-04    0.1074E-03
# With parameters(rot.):    -0.2016E-02    0.1902E-03    0.6987E-04
# Minimization at step:    86 with Value:     0.0000Tol(Act/Req):0.1974E+01/0.1000E-04
# With parameters(tra.):    -0.5173E-04   -0.1143E-04    0.1062E-03
# With parameters(rot.):    -0.2512E-02    0.8687E-04    0.9952E-04
# Minimization at step:    87 with Value:     0.0000Tol(Act/Req):0.1970E+01/0.1000E-04
# With parameters(tra.):    -0.2240E-04    0.5291E-04    0.7956E-04
# With parameters(rot.):    -0.2683E-02    0.8813E-04    0.9340E-04
# Minimization at step:    88 with Value:     0.0000Tol(Act/Req):0.1969E+01/0.1000E-04
# With parameters(tra.):     0.2372E-05    0.3616E-04    0.7383E-04
# With parameters(rot.):    -0.2353E-02    0.1659E-03    0.6964E-04
# Minimization at step:    89 with Value:     0.0000Tol(Act/Req):0.1965E+01/0.1000E-04
# With parameters(tra.):     0.5146E-05    0.3244E-04    0.6910E-04
# With parameters(rot.):    -0.2667E-02    0.1481E-03    0.5229E-04
# Minimization at step:    90 with Value:     0.0000Tol(Act/Req):0.1964E+01/0.1000E-04
# With parameters(tra.):     0.4176E-04    0.3044E-04    0.8985E-04
# With parameters(rot.):    -0.1518E-02    0.1469E-03    0.4084E-04
# Minimization at step:    91 with Value:     0.0000Tol(Act/Req):0.1964E+01/0.1000E-04
# With parameters(tra.):     0.3978E-04    0.1249E-04    0.9737E-04
# With parameters(rot.):    -0.1379E-02    0.1515E-03    0.3799E-04
# Minimization at step:    92 with Value:     0.0000Tol(Act/Req):0.1958E+01/0.1000E-04
# With parameters(tra.):     0.3629E-04    0.1696E-04    0.8755E-04
# With parameters(rot.):    -0.2607E-03    0.1506E-03   -0.2377E-04
# Minimization at step:    93 with Value:     0.0000Tol(Act/Req):0.1953E+01/0.1000E-04
# With parameters(tra.):     0.4060E-04    0.2786E-04    0.7897E-04
# With parameters(rot.):    -0.1033E-03    0.1580E-03   -0.9293E-05
# Minimization at step:    94 with Value:     0.0000Tol(Act/Req):0.1933E+01/0.1000E-04
# With parameters(tra.):     0.3602E-05    0.2899E-04    0.5459E-04
# With parameters(rot.):    -0.7800E-03    0.1628E-03   -0.1456E-04
# Minimization at step:    95 with Value:     0.0000Tol(Act/Req):0.1929E+01/0.1000E-04
# With parameters(tra.):    -0.1250E-04    0.3776E-04    0.5200E-04
# With parameters(rot.):    -0.4754E-03    0.1099E-03   -0.2678E-04
# Minimization at step:    96 with Value:     0.0000Tol(Act/Req):0.1925E+01/0.1000E-04
# With parameters(tra.):    -0.1284E-04    0.3209E-04    0.3683E-04
# With parameters(rot.):    -0.3724E-03    0.6155E-04   -0.8784E-04
# Minimization at step:    97 with Value:     0.0000Tol(Act/Req):0.1920E+01/0.1000E-04
# With parameters(tra.):    -0.1606E-04    0.3223E-04    0.3506E-04
# With parameters(rot.):    -0.6612E-03    0.5435E-04   -0.7774E-04
# Minimization at step:    98 with Value:     0.0000Tol(Act/Req):0.1912E+01/0.1000E-04
# With parameters(tra.):    -0.8449E-05    0.3222E-04    0.3953E-04
# With parameters(rot.):    -0.4821E-03    0.4410E-04   -0.8169E-04
# Minimization at step:    99 with Value:     0.0000Tol(Act/Req):0.1898E+01/0.1000E-04
# With parameters(tra.):    -0.1346E-04    0.2489E-04    0.3846E-04
# With parameters(rot.):    -0.3375E-03    0.3744E-04   -0.9309E-04
# Minimization at step:   100 with Value:     0.0000Tol(Act/Req):0.1875E+01/0.1000E-04
# With parameters(tra.):    -0.2050E-04    0.4049E-04    0.1547E-04
# With parameters(rot.):    -0.1600E-03    0.1833E-04   -0.9233E-04
# Minimization at step:   101 with Value:     0.0000Tol(Act/Req):0.1784E+01/0.1000E-04
# With parameters(tra.):    -0.2216E-04    0.4684E-04    0.2150E-04
# With parameters(rot.):    -0.1841E-03    0.4381E-04   -0.4766E-04
# Minimization at step:   102 with Value:     0.0000Tol(Act/Req):0.1782E+01/0.1000E-04
# With parameters(tra.):    -0.2428E-04    0.4813E-04    0.1948E-04
# With parameters(rot.):    -0.2888E-03    0.3933E-04   -0.4010E-04
# Minimization at step:   103 with Value:     0.0000Tol(Act/Req):0.1780E+01/0.1000E-04
# With parameters(tra.):    -0.1433E-04    0.5341E-04    0.2174E-04
# With parameters(rot.):     0.1338E-03    0.1724E-04   -0.3414E-04
# Minimization at step:   104 with Value:     0.0000Tol(Act/Req):0.1760E+01/0.1000E-04
# With parameters(tra.):     0.1161E-05    0.4985E-04    0.1425E-04
# With parameters(rot.):     0.3231E-04    0.3924E-04   -0.2437E-04
# Minimization at step:   105 with Value:     0.0000Tol(Act/Req):0.1745E+01/0.1000E-04
# With parameters(tra.):    -0.3988E-05    0.4350E-04    0.4049E-05
# With parameters(rot.):     0.4448E-03    0.2653E-04   -0.2426E-04
# Minimization at step:   106 with Value:     0.0000Tol(Act/Req):0.1740E+01/0.1000E-04
# With parameters(tra.):    -0.1049E-04    0.3492E-04   -0.4101E-05
# With parameters(rot.):     0.1258E-03    0.5171E-04   -0.2693E-04
# Minimization at step:   107 with Value:     0.0000Tol(Act/Req):0.1694E+01/0.1000E-04
# With parameters(tra.):    -0.4462E-05    0.2573E-04    0.2506E-05
# With parameters(rot.):     0.1085E-03    0.6961E-04   -0.1095E-04
# Minimization at step:   108 with Value:     0.0000Tol(Act/Req):0.1693E+01/0.1000E-04
# With parameters(tra.):    -0.2336E-05    0.2711E-04    0.5094E-05
# With parameters(rot.):     0.1868E-03    0.6480E-04   -0.8955E-05
# Minimization at step:   109 with Value:     0.0000Tol(Act/Req):0.1647E+01/0.1000E-04
# With parameters(tra.):     0.5382E-05    0.1629E-04   -0.4397E-05
# With parameters(rot.):     0.3265E-03    0.5481E-04   -0.2583E-04
# Minimization at step:   110 with Value:     0.0000Tol(Act/Req):0.1641E+01/0.1000E-04
# With parameters(tra.):    -0.8707E-05    0.8667E-05   -0.3118E-05
# With parameters(rot.):     0.5261E-03    0.3800E-04   -0.3610E-04
# Minimization at step:   111 with Value:     0.0000Tol(Act/Req):0.1612E+01/0.1000E-04
# With parameters(tra.):    -0.6026E-05    0.4720E-05    0.2737E-05
# With parameters(rot.):     0.2371E-03    0.5041E-04   -0.3914E-04
# Minimization at step:   112 with Value:     0.0000Tol(Act/Req):0.1590E+01/0.1000E-04
# With parameters(tra.):    -0.2280E-05    0.6297E-05    0.2905E-05
# With parameters(rot.):     0.1631E-03    0.5565E-04   -0.3683E-04
# Minimization at step:   113 with Value:     0.0000Tol(Act/Req):0.1556E+01/0.1000E-04
# With parameters(tra.):     0.8160E-06   -0.5070E-05   -0.6652E-05
# With parameters(rot.):     0.1044E-03    0.5213E-04   -0.2062E-04
# Minimization at step:   114 with Value:     0.0000Tol(Act/Req):0.1438E+01/0.1000E-04
# With parameters(tra.):    -0.1494E-05   -0.4147E-05   -0.4468E-05
# With parameters(rot.):     0.5100E-04    0.5441E-04   -0.1597E-04
# Minimization at step:   115 with Value:     0.0000Tol(Act/Req):0.1433E+01/0.1000E-04
# With parameters(tra.):    -0.4520E-05   -0.7976E-05   -0.1120E-04
# With parameters(rot.):     0.4339E-04    0.3741E-04   -0.2829E-04
# Minimization at step:   116 with Value:     0.0000Tol(Act/Req):0.1396E+01/0.1000E-04
# With parameters(tra.):    -0.5738E-05   -0.5376E-05   -0.9186E-05
# With parameters(rot.):     0.5297E-04    0.3706E-04   -0.3298E-04
# Minimization at step:   117 with Value:     0.0000Tol(Act/Req):0.1334E+01/0.1000E-04
# With parameters(tra.):    -0.2620E-05   -0.1345E-04   -0.8770E-05
# With parameters(rot.):     0.1650E-03    0.1820E-04   -0.3699E-04
# Minimization at step:   118 with Value:     0.0000Tol(Act/Req):0.1320E+01/0.1000E-04
# With parameters(tra.):     0.1039E-05   -0.1144E-04   -0.1231E-05
# With parameters(rot.):     0.2131E-03    0.2880E-04   -0.2757E-04
# Minimization at step:   119 with Value:     0.0000Tol(Act/Req):0.1279E+01/0.1000E-04
# With parameters(tra.):     0.5645E-06   -0.9255E-05   -0.7073E-06
# With parameters(rot.):     0.1891E-03    0.3440E-04   -0.2578E-04
# Minimization at step:   120 with Value:     0.0000Tol(Act/Req):0.1173E+01/0.1000E-04
# With parameters(tra.):     0.8712E-06   -0.1077E-04   -0.4496E-05
# With parameters(rot.):     0.3216E-03    0.2419E-04   -0.2092E-04
# Minimization at step:   121 with Value:     0.0000Tol(Act/Req):0.1154E+01/0.1000E-04
# With parameters(tra.):     0.3007E-05   -0.1141E-04   -0.5029E-05
# With parameters(rot.):     0.2978E-03    0.2418E-04   -0.1844E-04
# Minimization at step:   122 with Value:     0.0000Tol(Act/Req):0.1131E+01/0.1000E-04
# With parameters(tra.):     0.2256E-05   -0.1191E-04   -0.7230E-05
# With parameters(rot.):     0.2929E-03    0.2115E-04   -0.2004E-04
# Minimization at step:   123 with Value:     0.0000Tol(Act/Req):0.9963E+00/0.1000E-04
# With parameters(tra.):    -0.1114E-05   -0.1265E-04   -0.3781E-05
# With parameters(rot.):     0.2666E-03    0.1461E-04   -0.1208E-04
# Minimization at step:   124 with Value:     0.0000Tol(Act/Req):0.8357E+00/0.1000E-04
# With parameters(tra.):    -0.1786E-05   -0.1057E-04    0.5865E-06
# With parameters(rot.):     0.3344E-03    0.8478E-05   -0.1389E-04
# Minimization at step:   125 with Value:     0.0000Tol(Act/Req):0.7969E+00/0.1000E-04
# With parameters(tra.):    -0.3519E-05   -0.6636E-05    0.2066E-05
# With parameters(rot.):     0.3348E-03    0.1103E-04   -0.6354E-05
# Minimization at step:   126 with Value:     0.0000Tol(Act/Req):0.7929E+00/0.1000E-04
# With parameters(tra.):    -0.5186E-05   -0.4243E-05    0.6779E-05
# With parameters(rot.):     0.2509E-03    0.1346E-04   -0.4739E-05
# Minimization at step:   127 with Value:     0.0000Tol(Act/Req):0.7326E+00/0.1000E-04
# With parameters(tra.):    -0.3647E-05   -0.3122E-05    0.9650E-05
# With parameters(rot.):     0.1876E-03    0.9872E-05    0.4793E-05
# Minimization at step:   128 with Value:     0.0000Tol(Act/Req):0.6519E+00/0.1000E-04
# With parameters(tra.):    -0.4514E-05   -0.2640E-05    0.9956E-05
# With parameters(rot.):     0.1764E-03    0.7416E-05    0.6065E-05
# Minimization at step:   129 with Value:     0.0000Tol(Act/Req):0.6513E+00/0.1000E-04
# With parameters(tra.):    -0.2622E-05   -0.4498E-05    0.6302E-05
# With parameters(rot.):     0.2355E-03    0.2981E-05    0.8050E-05
# Minimization at step:   130 with Value:     0.0000Tol(Act/Req):0.5663E+00/0.1000E-04
# With parameters(tra.):    -0.2922E-05   -0.4893E-05    0.5305E-05
# With parameters(rot.):     0.2553E-03    0.3303E-05    0.5938E-05
# Minimization at step:   131 with Value:     0.0000Tol(Act/Req):0.5153E+00/0.1000E-04
# With parameters(tra.):    -0.2852E-05   -0.4389E-05    0.3966E-05
# With parameters(rot.):     0.1838E-03    0.5667E-05    0.1376E-04
# Minimization at step:   132 with Value:     0.0000Tol(Act/Req):0.4982E+00/0.1000E-04
# With parameters(tra.):    -0.8972E-06   -0.7571E-05    0.3120E-05
# With parameters(rot.):     0.1330E-03    0.1321E-05    0.1292E-04
# Minimization at step:   133 with Value:     0.0000Tol(Act/Req):0.4949E+00/0.1000E-04
# With parameters(tra.):     0.2545E-05   -0.5138E-05    0.1971E-05
# With parameters(rot.):     0.1147E-03    0.3429E-05    0.1330E-04
# Minimization at step:   134 with Value:     0.0000Tol(Act/Req):0.4522E+00/0.1000E-04
# With parameters(tra.):     0.2418E-05   -0.3904E-05    0.3630E-05
# With parameters(rot.):     0.4019E-04    0.6867E-05    0.1313E-04
# Minimization at step:   135 with Value:     0.0000Tol(Act/Req):0.3917E+00/0.1000E-04
# With parameters(tra.):     0.4105E-05   -0.4247E-05    0.4856E-05
# With parameters(rot.):     0.6386E-04    0.4903E-05    0.5098E-05
# Minimization at step:   136 with Value:     0.0000Tol(Act/Req):0.3912E+00/0.1000E-04
# With parameters(tra.):     0.4033E-05   -0.3174E-05    0.5213E-05
# With parameters(rot.):     0.7079E-04    0.6288E-05    0.4655E-05
# Minimization at step:   137 with Value:     0.0000Tol(Act/Req):0.3393E+00/0.1000E-04
# With parameters(tra.):     0.5148E-05   -0.2387E-05    0.4244E-05
# With parameters(rot.):     0.1309E-04    0.9984E-06    0.6729E-05
# Minimization at step:   138 with Value:     0.0000Tol(Act/Req):0.3269E+00/0.1000E-04
# With parameters(tra.):     0.4813E-05   -0.2146E-05    0.3886E-05
# With parameters(rot.):     0.2937E-05    0.1164E-05    0.8872E-05
# Minimization at step:   139 with Value:     0.0000Tol(Act/Req):0.2988E+00/0.1000E-04
# With parameters(tra.):     0.6297E-05   -0.2052E-05    0.2036E-05
# With parameters(rot.):    -0.3047E-04    0.1112E-05    0.6439E-05
# Minimization at step:   140 with Value:     0.0000Tol(Act/Req):0.2684E+00/0.1000E-04
# With parameters(tra.):     0.4105E-05   -0.3456E-05    0.3206E-05
# With parameters(rot.):    -0.6060E-04   -0.1769E-05    0.3770E-05
# Minimization at step:   141 with Value:     0.0000Tol(Act/Req):0.2261E+00/0.1000E-04
# With parameters(tra.):     0.3009E-05   -0.4314E-05    0.3673E-05
# With parameters(rot.):    -0.3574E-04    0.1507E-05    0.1474E-05
# Minimization at step:   142 with Value:     0.0000Tol(Act/Req):0.2149E+00/0.1000E-04
# With parameters(tra.):     0.3079E-05   -0.4554E-05    0.3401E-05
# With parameters(rot.):    -0.2965E-04    0.4869E-06    0.5325E-06
# Minimization at step:   143 with Value:     0.0000Tol(Act/Req):0.1689E+00/0.1000E-04
# With parameters(tra.):     0.3542E-05   -0.4294E-05    0.3124E-05
# With parameters(rot.):    -0.1953E-04    0.1395E-05    0.9300E-06
# Minimization at step:   144 with Value:     0.0000Tol(Act/Req):0.1381E+00/0.1000E-04
# With parameters(tra.):     0.3234E-05   -0.2522E-05    0.3141E-05
# With parameters(rot.):    -0.3577E-04    0.2534E-05   -0.1198E-05
# Minimization at step:   145 with Value:     0.0000Tol(Act/Req):0.1364E+00/0.1000E-04
# With parameters(tra.):     0.2731E-05   -0.2577E-05    0.3541E-05
# With parameters(rot.):    -0.3064E-04    0.2661E-05   -0.1428E-05
# Minimization at step:   146 with Value:     0.0000Tol(Act/Req):0.1079E+00/0.1000E-04
# With parameters(tra.):     0.1368E-05   -0.2240E-05    0.2711E-05
# With parameters(rot.):    -0.6213E-04    0.3491E-05   -0.5761E-06
# Minimization at step:   147 with Value:     0.0000Tol(Act/Req):0.1018E+00/0.1000E-04
# With parameters(tra.):     0.1552E-05   -0.9766E-06    0.2079E-05
# With parameters(rot.):    -0.8750E-04    0.1969E-05    0.2709E-06
# Minimization at step:   148 with Value:     0.0000Tol(Act/Req):0.9304E-01/0.1000E-04
# With parameters(tra.):     0.1184E-05   -0.2637E-06    0.1092E-05
# With parameters(rot.):    -0.9459E-04    0.4238E-06   -0.1700E-05
# Minimization at step:   149 with Value:     0.0000Tol(Act/Req):0.8145E-01/0.1000E-04
# With parameters(tra.):     0.1218E-05    0.2020E-06    0.7849E-06
# With parameters(rot.):    -0.9579E-04    0.7969E-06   -0.1720E-05
# Minimization at step:   150 with Value:     0.0000Tol(Act/Req):0.8040E-01/0.1000E-04
# With parameters(tra.):     0.1547E-05    0.3212E-06    0.8320E-06
# With parameters(rot.):    -0.9073E-04    0.3649E-06   -0.2028E-05
# Minimization at step:   151 with Value:     0.0000Tol(Act/Req):0.7550E-01/0.1000E-04
# With parameters(tra.):     0.1361E-05   -0.5095E-06    0.1049E-05
# With parameters(rot.):    -0.6643E-04    0.1352E-05   -0.3642E-05
# Minimization at step:   152 with Value:     0.0000Tol(Act/Req):0.6835E-01/0.1000E-04
# With parameters(tra.):     0.1044E-05   -0.1610E-05    0.3351E-06
# With parameters(rot.):    -0.6042E-04   -0.1805E-06   -0.2329E-05
# Minimization at step:   153 with Value:     0.0000Tol(Act/Req):0.6208E-01/0.1000E-04
# With parameters(tra.):     0.1125E-05   -0.1901E-05    0.5185E-06
# With parameters(rot.):    -0.5580E-04    0.1555E-06   -0.1889E-05
# Minimization at step:   154 with Value:     0.0000Tol(Act/Req):0.4868E-01/0.1000E-04
# With parameters(tra.):    -0.3074E-07   -0.1814E-05    0.3634E-06
# With parameters(rot.):    -0.5440E-04   -0.2800E-06   -0.2350E-05
# Minimization at step:   155 with Value:     0.0000Tol(Act/Req):0.4621E-01/0.1000E-04
# With parameters(tra.):    -0.1003E-06   -0.1715E-05    0.2520E-06
# With parameters(rot.):    -0.5947E-04   -0.6629E-06   -0.1839E-05
# Minimization at step:   156 with Value:     0.0000Tol(Act/Req):0.3828E-01/0.1000E-04
# With parameters(tra.):    -0.1165E-06   -0.1449E-05    0.4236E-06
# With parameters(rot.):    -0.6089E-04   -0.3199E-06   -0.2127E-05
# Minimization at step:   157 with Value:     0.0000Tol(Act/Req):0.3729E-01/0.1000E-04
# With parameters(tra.):    -0.4921E-06   -0.1068E-05   -0.3119E-06
# With parameters(rot.):    -0.5166E-04    0.5402E-07   -0.2303E-05
# Minimization at step:   158 with Value:     0.0000Tol(Act/Req):0.2561E-01/0.1000E-04
# With parameters(tra.):    -0.5091E-06   -0.1236E-05   -0.5272E-06
# With parameters(rot.):    -0.3429E-04   -0.6718E-06   -0.2834E-05
# Minimization at step:   159 with Value:     0.0000Tol(Act/Req):0.2096E-01/0.1000E-04
# With parameters(tra.):    -0.8929E-06   -0.1596E-05   -0.5089E-06
# With parameters(rot.):    -0.1788E-04   -0.2756E-06   -0.2269E-05
# Minimization at step:   160 with Value:     0.0000Tol(Act/Req):0.2017E-01/0.1000E-04
# With parameters(tra.):    -0.4099E-06   -0.1580E-05   -0.6963E-06
# With parameters(rot.):    -0.6635E-05    0.1620E-07   -0.1934E-05
# Minimization at step:   161 with Value:     0.0000Tol(Act/Req):0.1960E-01/0.1000E-04
# With parameters(tra.):    -0.5401E-06   -0.1091E-05   -0.7265E-06
# With parameters(rot.):     0.8604E-05    0.8141E-06   -0.2445E-05
# Minimization at step:   162 with Value:     0.0000Tol(Act/Req):0.1890E-01/0.1000E-04
# With parameters(tra.):    -0.6115E-06   -0.9898E-06   -0.8637E-06
# With parameters(rot.):     0.1174E-04    0.7458E-06   -0.2240E-05
# Minimization at step:   163 with Value:     0.0000Tol(Act/Req):0.1839E-01/0.1000E-04
# With parameters(tra.):    -0.5051E-06   -0.1445E-05   -0.8792E-06
# With parameters(rot.):    -0.2451E-05   -0.7491E-07   -0.1661E-05
# Minimization at step:   164 with Value:     0.0000Tol(Act/Req):0.1816E-01/0.1000E-04
# With parameters(tra.):    -0.4123E-06   -0.1572E-05   -0.7426E-06
# With parameters(rot.):    -0.6601E-06   -0.1791E-06   -0.1563E-05
# Minimization at step:   165 with Value:     0.0000Tol(Act/Req):0.1779E-01/0.1000E-04
# With parameters(tra.):     0.1316E-06   -0.1205E-05   -0.8388E-06
# With parameters(rot.):    -0.1133E-04   -0.5431E-06   -0.1893E-05
# Minimization at step:   166 with Value:     0.0000Tol(Act/Req):0.1470E-01/0.1000E-04
# With parameters(tra.):     0.2375E-06   -0.6692E-06   -0.8099E-06
# With parameters(rot.):    -0.1025E-06    0.1215E-06   -0.2550E-05
# Minimization at step:   167 with Value:     0.0000Tol(Act/Req):0.1403E-01/0.1000E-04
# With parameters(tra.):     0.1103E-06   -0.7163E-06   -0.7834E-06
# With parameters(rot.):     0.3502E-05    0.2679E-06   -0.2522E-05
# Minimization at step:   168 with Value:     0.0000Tol(Act/Req):0.1217E-01/0.1000E-04
# With parameters(tra.):     0.7325E-07   -0.8541E-06   -0.7884E-06
# With parameters(rot.):     0.9945E-06    0.1139E-06   -0.2355E-05
# Minimization at step:   169 with Value:     0.0000Tol(Act/Req):0.9460E-02/0.1000E-04
# With parameters(tra.):     0.2787E-06   -0.6144E-06   -0.7320E-06
# With parameters(rot.):     0.1177E-05    0.8597E-06   -0.1842E-05
# Minimization at step:   170 with Value:     0.0000Tol(Act/Req):0.8515E-02/0.1000E-04
# With parameters(tra.):     0.2528E-07   -0.3076E-06   -0.5565E-06
# With parameters(rot.):    -0.7461E-05    0.8491E-06   -0.2146E-05
# Minimization at step:   171 with Value:     0.0000Tol(Act/Req):0.8193E-02/0.1000E-04
# With parameters(tra.):     0.9468E-07    0.1228E-06   -0.7285E-06
# With parameters(rot.):    -0.7587E-05    0.7468E-06   -0.1704E-05
# Minimization at step:   172 with Value:     0.0000Tol(Act/Req):0.7285E-02/0.1000E-04
# With parameters(tra.):     0.4493E-06    0.4342E-06   -0.4507E-06
# With parameters(rot.):    -0.6313E-05    0.8470E-06   -0.1556E-05
# Minimization at step:   173 with Value:     0.0000Tol(Act/Req):0.6502E-02/0.1000E-04
# With parameters(tra.):     0.5480E-06    0.4193E-06   -0.4857E-06
# With parameters(rot.):    -0.4058E-05    0.8495E-06   -0.1431E-05
# Minimization at step:   174 with Value:     0.0000Tol(Act/Req):0.6320E-02/0.1000E-04
# With parameters(tra.):     0.4675E-06    0.3402E-06   -0.5581E-06
# With parameters(rot.):    -0.4189E-05    0.8247E-06   -0.1458E-05
# Minimization at step:   175 with Value:     0.0000Tol(Act/Req):0.6283E-02/0.1000E-04
# With parameters(tra.):     0.3323E-06    0.5980E-06   -0.4301E-06
# With parameters(rot.):     0.4565E-06    0.1303E-05   -0.1047E-05
# Minimization at step:   176 with Value:     0.0000Tol(Act/Req):0.5498E-02/0.1000E-04
# With parameters(tra.):     0.3415E-06    0.7544E-06   -0.3481E-06
# With parameters(rot.):    -0.3439E-05    0.1369E-05   -0.4703E-06
# Minimization at step:   177 with Value:     0.0000Tol(Act/Req):0.5455E-02/0.1000E-04
# With parameters(tra.):     0.4798E-06    0.5487E-06   -0.4487E-06
# With parameters(rot.):    -0.9383E-05    0.9131E-06   -0.6885E-06
# Minimization at step:   178 with Value:     0.0000Tol(Act/Req):0.5265E-02/0.1000E-04
# With parameters(tra.):     0.4452E-06    0.5857E-06   -0.4393E-06
# With parameters(rot.):    -0.1031E-04    0.7311E-06   -0.7209E-06
# Minimization at step:   179 with Value:     0.0000Tol(Act/Req):0.4449E-02/0.1000E-04
# With parameters(tra.):     0.4926E-06    0.3096E-06   -0.1708E-06
# With parameters(rot.):    -0.1109E-04    0.8281E-06   -0.8345E-06
# Minimization at step:   180 with Value:     0.0000Tol(Act/Req):0.3145E-02/0.1000E-04
# With parameters(tra.):     0.3921E-06    0.4041E-06   -0.2581E-07
# With parameters(rot.):    -0.7059E-05    0.1149E-05   -0.7074E-06
# Minimization at step:   181 with Value:     0.0000Tol(Act/Req):0.3045E-02/0.1000E-04
# With parameters(tra.):     0.4284E-06    0.3954E-06   -0.5008E-08
# With parameters(rot.):    -0.6181E-05    0.1175E-05   -0.5846E-06
# Minimization at step:   182 with Value:     0.0000Tol(Act/Req):0.2879E-02/0.1000E-04
# With parameters(tra.):     0.2545E-06    0.2556E-06    0.3459E-07
# With parameters(rot.):    -0.7106E-05    0.1242E-05   -0.3468E-06
# Minimization at step:   183 with Value:     0.0000Tol(Act/Req):0.2858E-02/0.1000E-04
# With parameters(tra.):     0.2228E-06    0.3201E-06   -0.1540E-07
# With parameters(rot.):    -0.6579E-05    0.1253E-05   -0.2777E-06
# Minimization at step:   184 with Value:     0.0000Tol(Act/Req):0.2558E-02/0.1000E-04
# With parameters(tra.):     0.1772E-06    0.7113E-07    0.4080E-07
# With parameters(rot.):    -0.5028E-05    0.1170E-05   -0.5980E-06
# Minimization at step:   185 with Value:     0.0000Tol(Act/Req):0.1902E-02/0.1000E-04
# With parameters(tra.):     0.1862E-07   -0.2638E-07    0.2198E-06
# With parameters(rot.):    -0.5119E-05    0.9518E-06   -0.6217E-06
# Minimization at step:   186 with Value:     0.0000Tol(Act/Req):0.1760E-02/0.1000E-04
# With parameters(tra.):     0.1143E-07    0.1901E-06    0.2232E-06
# With parameters(rot.):    -0.6700E-05    0.9623E-06   -0.3094E-06
# Minimization at step:   187 with Value:     0.0000Tol(Act/Req):0.1751E-02/0.1000E-04
# With parameters(tra.):    -0.4844E-07    0.5575E-07    0.2096E-06
# With parameters(rot.):    -0.9268E-05    0.6861E-06   -0.2614E-06
# Minimization at step:   188 with Value:     0.0000Tol(Act/Req):0.1647E-02/0.1000E-04
# With parameters(tra.):    -0.5163E-07   -0.9569E-08    0.2076E-06
# With parameters(rot.):    -0.9087E-05    0.6605E-06   -0.3355E-06
# Minimization at step:   189 with Value:     0.0000Tol(Act/Req):0.1486E-02/0.1000E-04
# With parameters(tra.):    -0.7346E-07   -0.4768E-07    0.2357E-06
# With parameters(rot.):    -0.8890E-05    0.6307E-06   -0.2534E-06
# Minimization at step:   190 with Value:     0.0000Tol(Act/Req):0.1302E-02/0.1000E-04
# With parameters(tra.):    -0.4149E-07   -0.2507E-07    0.1923E-06
# With parameters(rot.):    -0.9182E-05    0.6584E-06   -0.2167E-06
# Minimization at step:   191 with Value:     0.0000Tol(Act/Req):0.1263E-02/0.1000E-04
# With parameters(tra.):    -0.1930E-06   -0.1110E-07    0.1615E-06
# With parameters(rot.):    -0.8995E-05    0.4808E-06   -0.5828E-07
# Minimization at step:   192 with Value:     0.0000Tol(Act/Req):0.8647E-03/0.1000E-04
# With parameters(tra.):    -0.1683E-06    0.3980E-07    0.1642E-06
# With parameters(rot.):    -0.8700E-05    0.1597E-06   -0.1999E-06
# Minimization at step:   193 with Value:     0.0000Tol(Act/Req):0.7863E-03/0.1000E-04
# With parameters(tra.):    -0.1484E-06    0.1688E-06    0.1628E-06
# With parameters(rot.):    -0.5942E-05    0.2605E-06   -0.2272E-06
# Minimization at step:   194 with Value:     0.0000Tol(Act/Req):0.6855E-03/0.1000E-04
# With parameters(tra.):    -0.1068E-06    0.1803E-06    0.1706E-06
# With parameters(rot.):    -0.5734E-05    0.2865E-06   -0.2809E-06
# Minimization at step:   195 with Value:     0.0000Tol(Act/Req):0.6850E-03/0.1000E-04
# With parameters(tra.):    -0.1615E-06    0.1801E-06    0.2051E-06
# With parameters(rot.):    -0.4289E-05    0.1122E-06   -0.1258E-06
# Minimization at step:   196 with Value:     0.0000Tol(Act/Req):0.6486E-03/0.1000E-04
# With parameters(tra.):    -0.2045E-06    0.1127E-06    0.2002E-06
# With parameters(rot.):    -0.2327E-05   -0.1218E-06   -0.2041E-06
# Minimization at step:   197 with Value:     0.0000Tol(Act/Req):0.6036E-03/0.1000E-04
# With parameters(tra.):    -0.2021E-06    0.1355E-06    0.1792E-06
# With parameters(rot.):    -0.1902E-05   -0.1730E-06   -0.1847E-06
# Minimization at step:   198 with Value:     0.0000Tol(Act/Req):0.5011E-03/0.1000E-04
# With parameters(tra.):    -0.2291E-06    0.1213E-06    0.1809E-06
# With parameters(rot.):    -0.4240E-06   -0.1540E-07   -0.7474E-07
# Minimization at step:   199 with Value:     0.0000Tol(Act/Req):0.4864E-03/0.1000E-04
# With parameters(tra.):    -0.2204E-06    0.1388E-06    0.1805E-06
# With parameters(rot.):    -0.7558E-06    0.5198E-07   -0.4439E-07
# Minimization at step:   200 with Value:     0.0000Tol(Act/Req):0.3343E-03/0.1000E-04
# With parameters(tra.):    -0.2314E-06    0.1041E-06    0.1823E-06
# With parameters(rot.):    -0.1013E-05    0.9419E-08   -0.2231E-07
# Minimization at step:   201 with Value:     0.0000Tol(Act/Req):0.3161E-03/0.1000E-04
# With parameters(tra.):    -0.2000E-06    0.7893E-07    0.1402E-06
# With parameters(rot.):    -0.1366E-05    0.1495E-06   -0.1430E-06
# Minimization at step:   202 with Value:     0.0000Tol(Act/Req):0.1775E-03/0.1000E-04
# With parameters(tra.):    -0.1478E-06    0.6812E-07    0.1457E-06
# With parameters(rot.):     0.5051E-06    0.1559E-06   -0.2044E-06
# Minimization at step:   203 with Value:     0.0000Tol(Act/Req):0.1498E-03/0.1000E-04
# With parameters(tra.):    -0.1307E-06    0.8546E-07    0.1058E-06
# With parameters(rot.):     0.1745E-05    0.1613E-06   -0.1802E-06
# Minimization at step:   204 with Value:     0.0000Tol(Act/Req):0.1922E-03/0.1000E-04
# With parameters(tra.):    -0.1423E-06    0.8960E-07    0.1011E-06
# With parameters(rot.):     0.1381E-05    0.1602E-06   -0.1629E-06
# Minimization at step:   205 with Value:     0.0000Tol(Act/Req):0.1736E-03/0.1000E-04
# With parameters(tra.):    -0.9531E-07    0.8854E-07    0.7334E-07
# With parameters(rot.):     0.9968E-06    0.1136E-06   -0.2655E-06
# Minimization at step:   206 with Value:     0.0000Tol(Act/Req):0.1473E-03/0.1000E-04
# With parameters(tra.):    -0.7191E-07    0.1385E-07    0.4070E-07
# With parameters(rot.):     0.1152E-05    0.6323E-07   -0.3025E-06
# Minimization at step:   207 with Value:     0.0000Tol(Act/Req):0.1200E-03/0.1000E-04
# With parameters(tra.):    -0.6911E-07    0.1471E-07    0.4293E-07
# With parameters(rot.):     0.1451E-05    0.2103E-07   -0.2856E-06
# Minimization at step:   208 with Value:     0.0000Tol(Act/Req):0.1127E-03/0.1000E-04
# With parameters(tra.):    -0.6003E-07   -0.2042E-07    0.4861E-07
# With parameters(rot.):     0.5258E-06   -0.2937E-07   -0.3368E-06
# Minimization at step:   209 with Value:     0.0000Tol(Act/Req):0.8537E-04/0.1000E-04
# With parameters(tra.):    -0.4232E-07   -0.2491E-07    0.3742E-07
# With parameters(rot.):     0.4666E-06   -0.2461E-08   -0.3460E-06
# Minimization at step:   210 with Value:     0.0000Tol(Act/Req):0.7443E-04/0.1000E-04
# With parameters(tra.):    -0.7161E-07   -0.6167E-07    0.5318E-07
# With parameters(rot.):     0.6736E-06    0.5398E-08   -0.2701E-06
# Minimization at step:   211 with Value:    -0.0000Tol(Act/Req):0.6597E-04/0.1000E-04
# With parameters(tra.):    -0.6683E-07   -0.8541E-07    0.6106E-07
# With parameters(rot.):     0.1011E-05   -0.8421E-07   -0.2312E-06
# Minimization at step:   212 with Value:    -0.0000Tol(Act/Req):0.6204E-04/0.1000E-04
# With parameters(tra.):    -0.3956E-07   -0.1146E-06    0.4656E-07
# With parameters(rot.):     0.1074E-05   -0.5764E-07   -0.2113E-06
# Minimization at step:   213 with Value:    -0.0000Tol(Act/Req):0.6170E-04/0.1000E-04
# With parameters(tra.):    -0.4272E-07   -0.1066E-06    0.5521E-07
# With parameters(rot.):     0.1029E-05   -0.5512E-07   -0.1945E-06
# Minimization at step:   214 with Value:    -0.0000Tol(Act/Req):0.5142E-04/0.1000E-04
# With parameters(tra.):    -0.3299E-07   -0.1011E-06    0.5144E-07
# With parameters(rot.):     0.1007E-05   -0.6212E-07   -0.2072E-06
# Minimization at step:   215 with Value:    -0.0000Tol(Act/Req):0.4798E-04/0.1000E-04
# With parameters(tra.):    -0.3925E-07   -0.9273E-07    0.5547E-07
# With parameters(rot.):     0.9853E-06   -0.6914E-07   -0.2118E-06
# Minimization at step:   216 with Value:    -0.0000Tol(Act/Req):0.4796E-04/0.1000E-04
# With parameters(tra.):    -0.3491E-07   -0.8931E-07    0.5392E-07
# With parameters(rot.):     0.9724E-06   -0.7323E-07   -0.2185E-06
# Minimization at step:   217 with Value:    -0.0000Tol(Act/Req):0.4527E-04/0.1000E-04
# With parameters(tra.):    -0.3584E-07   -0.8388E-07    0.5813E-07
# With parameters(rot.):     0.9450E-06   -0.7348E-07   -0.2121E-06
# Minimization at step:   218 with Value:    -0.0000Tol(Act/Req):0.4523E-04/0.1000E-04
# With parameters(tra.):    -0.3374E-07   -0.8172E-07    0.5771E-07
# With parameters(rot.):     0.9363E-06   -0.7554E-07   -0.2149E-06
# Minimization at step:   219 with Value:    -0.0000Tol(Act/Req):0.4490E-04/0.1000E-04
# With parameters(tra.):    -0.3403E-07   -0.7882E-07    0.5978E-07
# With parameters(rot.):     0.9219E-06   -0.7584E-07   -0.2120E-06
# Minimization at step:   220 with Value:    -0.0000Tol(Act/Req):0.7714E-04/0.1000E-04
# With parameters(tra.):    -0.5335E-07   -0.7044E-08    0.9453E-07
# With parameters(rot.):     0.2245E-05    0.4559E-07   -0.2395E-06
# Minimization at step:   221 with Value:    -0.0000Tol(Act/Req):0.3690E-04/0.1000E-04
# With parameters(tra.):    -0.5355E-07    0.7901E-09    0.9355E-07
# With parameters(rot.):     0.2773E-05    0.6305E-07   -0.1931E-06
# Minimization at step:   222 with Value:    -0.0000Tol(Act/Req):0.2960E-04/0.1000E-04
# With parameters(tra.):    -0.5498E-07   -0.1841E-08    0.9596E-07
# With parameters(rot.):     0.2856E-05    0.6134E-07   -0.1981E-06
# Minimization at step:   223 with Value:    -0.0000Tol(Act/Req):0.6865E-04/0.1000E-04
# With parameters(tra.):    -0.5505E-07   -0.4019E-08    0.9641E-07
# With parameters(rot.):     0.2730E-05    0.5684E-07   -0.2101E-06
# Minimization at step:   224 with Value:    -0.0000Tol(Act/Req):0.6783E-04/0.1000E-04
# With parameters(tra.):    -0.5358E-07   -0.3643E-09    0.9696E-07
# With parameters(rot.):     0.2881E-05    0.5847E-07   -0.2026E-06
# Minimization at step:   225 with Value:    -0.0000Tol(Act/Req):0.6448E-04/0.1000E-04
# With parameters(tra.):    -0.5394E-07    0.4756E-08    0.9984E-07
# With parameters(rot.):     0.3079E-05    0.6247E-07   -0.1873E-06
# Minimization at step:   226 with Value:    -0.0000Tol(Act/Req):0.6268E-04/0.1000E-04
# With parameters(tra.):    -0.5954E-07    0.1941E-07    0.1064E-06
# With parameters(rot.):     0.3325E-05    0.5996E-07   -0.1746E-06
# Minimization at step:   227 with Value:    -0.0000Tol(Act/Req):0.6112E-04/0.1000E-04
# With parameters(tra.):    -0.5516E-07    0.4304E-08    0.9872E-07
# With parameters(rot.):     0.3244E-05    0.2427E-07   -0.1438E-06
# Minimization at step:   228 with Value:    -0.0000Tol(Act/Req):0.4492E-04/0.1000E-04
# With parameters(tra.):    -0.5589E-07    0.3501E-08    0.1002E-06
# With parameters(rot.):     0.3318E-05    0.2033E-07   -0.1417E-06
# Minimization at step:   229 with Value:    -0.0000Tol(Act/Req):0.4394E-04/0.1000E-04
# With parameters(tra.):    -0.5534E-07    0.7621E-08    0.9958E-07
# With parameters(rot.):     0.3361E-05    0.2978E-07   -0.1376E-06
# Minimization at step:   230 with Value:    -0.0000Tol(Act/Req):0.3577E-04/0.1000E-04
# With parameters(tra.):    -0.5544E-07    0.3456E-08    0.9662E-07
# With parameters(rot.):     0.3257E-05    0.1488E-07   -0.1363E-06
# Minimization at step:   231 with Value:    -0.0000Tol(Act/Req):0.3459E-04/0.1000E-04
# With parameters(tra.):    -0.5577E-07    0.3051E-08    0.9704E-07
# With parameters(rot.):     0.3289E-05    0.1246E-07   -0.1349E-06
# Minimization at step:   232 with Value:    -0.0000Tol(Act/Req):0.4083E-04/0.1000E-04
# With parameters(tra.):    -0.5520E-07    0.6049E-08    0.9539E-07
# With parameters(rot.):     0.3386E-05    0.4816E-07   -0.1364E-06
# Minimization at step:   233 with Value:    -0.0000Tol(Act/Req):0.2209E-04/0.1000E-04
# With parameters(tra.):    -0.5263E-07   -0.1492E-08    0.9178E-07
# With parameters(rot.):     0.3289E-05    0.4317E-07   -0.1362E-06
# Minimization at step:   234 with Value:    -0.0000Tol(Act/Req):0.1954E-04/0.1000E-04
# With parameters(tra.):    -0.5435E-07    0.3536E-08    0.9419E-07
# With parameters(rot.):     0.3353E-05    0.4650E-07   -0.1364E-06
# Minimization at step:   235 with Value:    -0.0000Tol(Act/Req):0.1630E-04/0.1000E-04
# With parameters(tra.):    -0.5406E-07    0.4712E-08    0.9534E-07
# With parameters(rot.):     0.3400E-05    0.5299E-07   -0.1367E-06
# Minimization at step:   236 with Value:    -0.0000Tol(Act/Req):0.1596E-04/0.1000E-04
# With parameters(tra.):    -0.5454E-07    0.6437E-08    0.9622E-07
# With parameters(rot.):     0.3413E-05    0.5736E-07   -0.1403E-06
# Minimization at step:   237 with Value:    -0.0000Tol(Act/Req):0.1801E-04/0.1000E-04
# With parameters(tra.):    -0.5384E-07    0.9925E-08    0.9550E-07
# With parameters(rot.):     0.3453E-05    0.6698E-07   -0.1370E-06
# Minimization at step:   238 with Value:    -0.0000Tol(Act/Req):0.1419E-04/0.1000E-04
# With parameters(tra.):    -0.5380E-07    0.1015E-07    0.9562E-07
# With parameters(rot.):     0.3467E-05    0.6794E-07   -0.1367E-06
# Minimization at step:   239 with Value:    -0.0000Tol(Act/Req):0.1214E-04/0.1000E-04
# With parameters(tra.):    -0.5398E-07    0.1132E-07    0.9601E-07
# With parameters(rot.):     0.3478E-05    0.7101E-07   -0.1381E-06
# Minimization at step:   240 with Value:    -0.0000Tol(Act/Req):0.1292E-04/0.1000E-04
# With parameters(tra.):    -0.5398E-07    0.1215E-07    0.9637E-07
# With parameters(rot.):     0.3509E-05    0.7395E-07   -0.1380E-06
# Minimization at step:   241 with Value:    -0.0000Tol(Act/Req):0.1141E-04/0.1000E-04
# With parameters(tra.):    -0.5415E-07    0.1235E-07    0.9639E-07
# With parameters(rot.):     0.3518E-05    0.7398E-07   -0.1362E-06
# Minimization at step:   242 with Value:    -0.0000Tol(Act/Req):0.8881E-05/0.1000E-04
# With parameters(tra.):    -0.5425E-07    0.1302E-07    0.9661E-07
# With parameters(rot.):     0.3526E-05    0.7576E-07   -0.1368E-06
# CSM Values after x minimization.
# Final Number of optim. Steps:   242
#      Before min is:      0.00000000000
# Final CSM Value is:     -0.00000000000
# Coordinates rotated along Y.
[molecule] Nrec=   4 Format=nscxyz
  h                1    1   -0.10000000D+00   0.20000000D+00   0.10000000D+01
  h                2    1    0.10000000D+00  -0.20000000D+00   0.10000000D+01
  h                3    1   -0.10000000D+00  -0.20000000D+00  -0.10000000D+01
  h                4    1    0.10000000D+00   0.20000000D+00  -0.10000000D+01
# Minimization at step:     0 with Value:     0.0327Tol(Act/Req):0.2000E+01/0.1000E-04
# With parameters(tra.):     0.1429E-01    0.1429E-01    0.1429E-01
# With parameters(rot.):     0.1429E-01    0.1429E-01    0.1429E-01
# Minimization at step:     1 with Value:     0.0257Tol(Act/Req):0.2000E+01/0.1000E-04
# With parameters(tra.):     0.1548E-01    0.1548E-01    0.7143E-02
# With parameters(rot.):     0.1548E-01    0.1548E-01    0.1548E-01
# Minimization at step:     2 with Value:     0.0194Tol(Act/Req):0.2000E+01/0.1000E-04
# With parameters(tra.):     0.8433E-02    0.1677E-01    0.7738E-02
# With parameters(rot.):     0.1677E-01    0.1677E-01    0.1677E-01
# Minimization at step:     3 with Value:     0.0132Tol(Act/Req):0.2000E+01/0.1000E-04
# With parameters(tra.):     0.9135E-02    0.9830E-02    0.8383E-02
# With parameters(rot.):     0.1816E-01    0.1816E-01    0.1816E-01
# Minimization at step:     4 with Value:     0.0112Tol(Act/Req):0.2000E+01/0.1000E-04
# With parameters(tra.):     0.9897E-02    0.1065E-01    0.9082E-02
# With parameters(rot.):     0.1968E-01    0.1134E-01    0.1968E-01
# Minimization at step:     5 with Value:     0.0094Tol(Act/Req):0.2000E+01/0.1000E-04
# With parameters(tra.):     0.1029E-01    0.1123E-01   -0.1148E-02
# With parameters(rot.):     0.2251E-01    0.1210E-01    0.2251E-01
# Minimization at step:     6 with Value:     0.0077Tol(Act/Req):0.2000E+01/0.1000E-04
# With parameters(tra.):     0.1855E-03    0.1178E-01   -0.2477E-02
# With parameters(rot.):     0.2588E-01    0.1286E-01    0.2588E-01
# Minimization at step:     7 with Value:     0.0075Tol(Act/Req):0.2000E+01/0.1000E-04
# With parameters(tra.):     0.2474E-03    0.1570E-01   -0.3302E-02
# With parameters(rot.):     0.3451E-01    0.1715E-01    0.1178E-02
# Minimization at step:     8 with Value:     0.0065Tol(Act/Req):0.2000E+01/0.1000E-04
# With parameters(tra.):    -0.1310E-02    0.3789E-02   -0.5908E-02
# With parameters(rot.):     0.4276E-01    0.1961E-01   -0.1689E-02
# Minimization at step:     9 with Value:     0.0048Tol(Act/Req):0.2000E+01/0.1000E-04
# With parameters(tra.):    -0.1455E-02    0.1815E-02   -0.5919E-02
# With parameters(rot.):     0.4129E-01    0.1874E-01    0.4248E-02
# Minimization at step:    10 with Value:     0.0037Tol(Act/Req):0.2000E+01/0.1000E-04
# With parameters(tra.):    -0.1078E-02    0.4629E-02   -0.5268E-02
# With parameters(rot.):     0.3910E-01    0.1805E-01    0.5460E-02
# Minimization at step:    11 with Value:     0.0031Tol(Act/Req):0.2000E+01/0.1000E-04
# With parameters(tra.):    -0.4115E-02    0.2690E-02   -0.1183E-02
# With parameters(rot.):     0.4183E-01    0.1917E-01   -0.2212E-03
# Minimization at step:    12 with Value:     0.0028Tol(Act/Req):0.2000E+01/0.1000E-04
# With parameters(tra.):    -0.7262E-02    0.1675E-02   -0.3208E-02
# With parameters(rot.):     0.5224E-01    0.8135E-02   -0.3827E-02
# Minimization at step:    13 with Value:     0.0022Tol(Act/Req):0.2000E+01/0.1000E-04
# With parameters(tra.):    -0.6199E-02    0.7415E-03   -0.3047E-02
# With parameters(rot.):     0.5388E-01    0.7613E-02   -0.6864E-02
# Minimization at step:    14 with Value:     0.0018Tol(Act/Req):0.2000E+01/0.1000E-04
# With parameters(tra.):    -0.6667E-02   -0.3351E-03   -0.2813E-02
# With parameters(rot.):     0.5419E-01    0.6252E-02   -0.4822E-02
# Minimization at step:    15 with Value:     0.0014Tol(Act/Req):0.2000E+01/0.1000E-04
# With parameters(tra.):    -0.5831E-02   -0.2489E-03   -0.2274E-02
# With parameters(rot.):     0.5175E-01    0.8853E-02   -0.4003E-02
# Minimization at step:    16 with Value:     0.0011Tol(Act/Req):0.2000E+01/0.1000E-04
# With parameters(tra.):    -0.6453E-02    0.2753E-02   -0.5501E-03
# With parameters(rot.):     0.5164E-01    0.5524E-02   -0.4552E-02
# Minimization at step:    17 with Value:     0.0009Tol(Act/Req):0.2000E+01/0.1000E-04
# With parameters(tra.):    -0.5520E-02    0.3738E-02   -0.2434E-02
# With parameters(rot.):     0.5273E-01    0.1556E-02   -0.2794E-02
# Minimization at step:    18 with Value:     0.0008Tol(Act/Req):0.2000E+01/0.1000E-04
# With parameters(tra.):    -0.3167E-02    0.2870E-02   -0.1909E-02
# With parameters(rot.):     0.5561E-01   -0.1506E-02   -0.7512E-02
# Minimization at step:    19 with Value:     0.0008Tol(Act/Req):0.2000E+01/0.1000E-04
# With parameters(tra.):    -0.2936E-02    0.1785E-02   -0.1140E-02
# With parameters(rot.):     0.5671E-01   -0.6814E-02   -0.4324E-02
# Minimization at step:    20 with Value:     0.0007Tol(Act/Req):0.2000E+01/0.1000E-04
# With parameters(tra.):    -0.2983E-03    0.2635E-02    0.3167E-03
# With parameters(rot.):     0.5349E-01   -0.6834E-02   -0.2794E-02
# Minimization at step:    21 with Value:     0.0006Tol(Act/Req):0.2000E+01/0.1000E-04
# With parameters(tra.):    -0.6474E-03    0.2833E-02    0.3708E-03
# With parameters(rot.):     0.5259E-01   -0.6513E-02   -0.1221E-02
# Minimization at step:    22 with Value:     0.0005Tol(Act/Req):0.2000E+01/0.1000E-04
# With parameters(tra.):    -0.2483E-03    0.3908E-02    0.1714E-03
# With parameters(rot.):     0.5073E-01   -0.2457E-02   -0.2836E-02
# Minimization at step:    23 with Value:     0.0005Tol(Act/Req):0.2000E+01/0.1000E-04
# With parameters(tra.):     0.2235E-02    0.2292E-02   -0.7375E-03
# With parameters(rot.):     0.5050E-01   -0.2897E-02   -0.1899E-02
# Minimization at step:    24 with Value:     0.0005Tol(Act/Req):0.2000E+01/0.1000E-04
# With parameters(tra.):     0.4415E-03    0.1328E-02   -0.2545E-02
# With parameters(rot.):     0.5274E-01   -0.1564E-02   -0.3131E-02
# Minimization at step:    25 with Value:     0.0004Tol(Act/Req):0.2000E+01/0.1000E-04
# With parameters(tra.):    -0.3288E-03    0.1651E-02   -0.2469E-02
# With parameters(rot.):     0.5298E-01   -0.1343E-02   -0.3468E-02
# Minimization at step:    26 with Value:     0.0003Tol(Act/Req):0.2000E+01/0.1000E-04
# With parameters(tra.):     0.8238E-03    0.2456E-02   -0.1094E-02
# With parameters(rot.):     0.5136E-01   -0.2287E-02   -0.2628E-02
# Minimization at step:    27 with Value:     0.0002Tol(Act/Req):0.2000E+01/0.1000E-04
# With parameters(tra.):     0.1943E-02    0.1642E-02    0.1835E-03
# With parameters(rot.):     0.5048E-01   -0.1265E-02   -0.3466E-02
# Minimization at step:    28 with Value:     0.0002Tol(Act/Req):0.2000E+01/0.1000E-04
# With parameters(tra.):     0.2108E-02    0.1641E-02    0.2293E-03
# With parameters(rot.):     0.4798E-01    0.1128E-02   -0.1069E-02
# Minimization at step:    29 with Value:     0.0002Tol(Act/Req):0.2000E+01/0.1000E-04
# With parameters(tra.):     0.2498E-02    0.5360E-03    0.3435E-03
# With parameters(rot.):     0.4822E-01   -0.3762E-05    0.1810E-03
# Minimization at step:    30 with Value:     0.0002Tol(Act/Req):0.2000E+01/0.1000E-04
# With parameters(tra.):     0.2489E-02    0.4444E-03    0.3415E-03
# With parameters(rot.):     0.4887E-01   -0.6963E-03   -0.3142E-03
# Minimization at step:    31 with Value:     0.0002Tol(Act/Req):0.2000E+01/0.1000E-04
# With parameters(tra.):     0.2275E-02   -0.7622E-03   -0.9664E-04
# With parameters(rot.):     0.4911E-01    0.4637E-03   -0.1025E-03
# Minimization at step:    32 with Value:     0.0002Tol(Act/Req):0.2000E+01/0.1000E-04
# With parameters(tra.):     0.1640E-02   -0.1022E-02   -0.1041E-02
# With parameters(rot.):     0.4924E-01    0.3579E-03    0.1577E-02
# Minimization at step:    33 with Value:     0.0001Tol(Act/Req):0.2000E+01/0.1000E-04
# With parameters(tra.):     0.7559E-03   -0.1265E-02   -0.4126E-03
# With parameters(rot.):     0.4849E-01    0.1367E-02    0.2585E-02
# Minimization at step:    34 with Value:     0.0001Tol(Act/Req):0.2000E+01/0.1000E-04
# With parameters(tra.):     0.4629E-03   -0.2265E-03   -0.7974E-04
# With parameters(rot.):     0.4803E-01    0.5084E-03    0.3269E-02
# Minimization at step:    35 with Value:     0.0001Tol(Act/Req):0.2000E+01/0.1000E-04
# With parameters(tra.):     0.5235E-03   -0.9540E-04    0.2366E-03
# With parameters(rot.):     0.4790E-01    0.5474E-03    0.2990E-02
# Minimization at step:    36 with Value:     0.0001Tol(Act/Req):0.2000E+01/0.1000E-04
# With parameters(tra.):     0.7252E-03    0.6304E-04    0.1335E-03
# With parameters(rot.):     0.4804E-01    0.2268E-03    0.2772E-02
# Minimization at step:    37 with Value:     0.0001Tol(Act/Req):0.2000E+01/0.1000E-04
# With parameters(tra.):     0.8204E-03   -0.1726E-03    0.6805E-04
# With parameters(rot.):     0.4815E-01    0.4180E-03    0.2559E-02
# Minimization at step:    38 with Value:     0.0001Tol(Act/Req):0.2000E+01/0.1000E-04
# With parameters(tra.):     0.2063E-03    0.2027E-03   -0.5789E-04
# With parameters(rot.):     0.4802E-01    0.1089E-02    0.2529E-02
# Minimization at step:    39 with Value:     0.0001Tol(Act/Req):0.2000E+01/0.1000E-04
# With parameters(tra.):     0.2751E-03    0.2702E-03   -0.7718E-04
# With parameters(rot.):     0.3069E-01    0.1452E-02    0.3372E-02
# Minimization at step:    40 with Value:     0.0001Tol(Act/Req):0.2000E+01/0.1000E-04
# With parameters(tra.):    -0.2916E-03    0.8922E-04   -0.1848E-03
# With parameters(rot.):     0.2711E-01    0.9509E-03    0.3551E-02
# Minimization at step:    41 with Value:     0.0001Tol(Act/Req):0.2000E+01/0.1000E-04
# With parameters(tra.):    -0.4420E-03    0.4130E-03    0.3075E-03
# With parameters(rot.):     0.1991E-01    0.1163E-02    0.3180E-02
# Minimization at step:    42 with Value:     0.0000Tol(Act/Req):0.2000E+01/0.1000E-04
# With parameters(tra.):    -0.5189E-03    0.4080E-03    0.3444E-03
# With parameters(rot.):     0.2335E-01    0.1049E-02    0.2953E-02
# Minimization at step:    43 with Value:     0.0000Tol(Act/Req):0.2000E+01/0.1000E-04
# With parameters(tra.):    -0.5303E-03    0.8398E-03    0.2084E-03
# With parameters(rot.):     0.1540E-01    0.6812E-03    0.2578E-02
# Minimization at step:    44 with Value:     0.0000Tol(Act/Req):0.2000E+01/0.1000E-04
# With parameters(tra.):    -0.7902E-03    0.7061E-03    0.1243E-03
# With parameters(rot.):     0.4703E-02    0.1151E-02    0.2159E-02
# Minimization at step:    45 with Value:     0.0000Tol(Act/Req):0.2000E+01/0.1000E-04
# With parameters(tra.):    -0.7130E-03    0.6238E-03    0.2690E-03
# With parameters(rot.):    -0.9642E-02    0.7244E-03    0.2056E-02
# Minimization at step:    46 with Value:     0.0000Tol(Act/Req):0.2000E+01/0.1000E-04
# With parameters(tra.):    -0.6530E-03    0.3703E-03   -0.2361E-03
# With parameters(rot.):    -0.1229E-01    0.3657E-03    0.2051E-02
# Minimization at step:    47 with Value:     0.0000Tol(Act/Req):0.2000E+01/0.1000E-04
# With parameters(tra.):    -0.5887E-03    0.4239E-03   -0.2224E-03
# With parameters(rot.):    -0.1498E-01    0.4005E-03    0.1897E-02
# Minimization at step:    48 with Value:     0.0000Tol(Act/Req):0.2000E+01/0.1000E-04
# With parameters(tra.):    -0.5976E-03    0.4278E-03   -0.2995E-03
# With parameters(rot.):    -0.1184E-01    0.4802E-03    0.1909E-02
# Minimization at step:    49 with Value:     0.0000Tol(Act/Req):0.2000E+01/0.1000E-04
# With parameters(tra.):    -0.7777E-03    0.4245E-03   -0.4404E-03
# With parameters(rot.):    -0.1670E-01    0.6103E-04    0.1108E-02
# Minimization at step:    50 with Value:     0.0000Tol(Act/Req):0.1999E+01/0.1000E-04
# With parameters(tra.):    -0.5136E-03    0.4643E-03   -0.5446E-03
# With parameters(rot.):    -0.1314E-01   -0.7726E-03    0.1176E-02
# Minimization at step:    51 with Value:     0.0000Tol(Act/Req):0.1999E+01/0.1000E-04
# With parameters(tra.):    -0.4967E-03   -0.9271E-04   -0.6596E-03
# With parameters(rot.):    -0.1471E-01   -0.8898E-03    0.1085E-02
# Minimization at step:    52 with Value:     0.0000Tol(Act/Req):0.1999E+01/0.1000E-04
# With parameters(tra.):    -0.4282E-03   -0.1350E-03   -0.6426E-03
# With parameters(rot.):    -0.1333E-01   -0.8643E-03    0.1283E-02
# Minimization at step:    53 with Value:     0.0000Tol(Act/Req):0.1999E+01/0.1000E-04
# With parameters(tra.):    -0.4133E-03   -0.4993E-04   -0.2731E-03
# With parameters(rot.):    -0.1102E-01   -0.9155E-03    0.1031E-02
# Minimization at step:    54 with Value:     0.0000Tol(Act/Req):0.1999E+01/0.1000E-04
# With parameters(tra.):    -0.4106E-03    0.9290E-04   -0.2121E-03
# With parameters(rot.):    -0.1032E-01   -0.8883E-03    0.1050E-02
# Minimization at step:    55 with Value:     0.0000Tol(Act/Req):0.1999E+01/0.1000E-04
# With parameters(tra.):    -0.4681E-03    0.5198E-04   -0.1584E-03
# With parameters(rot.):    -0.1097E-01   -0.6895E-03    0.1022E-02
# Minimization at step:    56 with Value:     0.0000Tol(Act/Req):0.1999E+01/0.1000E-04
# With parameters(tra.):    -0.2992E-03    0.3519E-04   -0.1097E-03
# With parameters(rot.):    -0.1501E-01   -0.9832E-03    0.4209E-03
# Minimization at step:    57 with Value:     0.0000Tol(Act/Req):0.1999E+01/0.1000E-04
# With parameters(tra.):    -0.2176E-03   -0.8786E-04   -0.2007E-03
# With parameters(rot.):    -0.9785E-02   -0.1312E-02   -0.5005E-04
# Minimization at step:    58 with Value:     0.0000Tol(Act/Req):0.1999E+01/0.1000E-04
# With parameters(tra.):    -0.3593E-03   -0.1121E-03   -0.2797E-03
# With parameters(rot.):    -0.4005E-02   -0.1127E-02    0.3941E-03
# Minimization at step:    59 with Value:     0.0000Tol(Act/Req):0.1999E+01/0.1000E-04
# With parameters(tra.):    -0.3915E-03   -0.8333E-04   -0.2635E-03
# With parameters(rot.):    -0.4830E-02   -0.1030E-02    0.5488E-03
# Minimization at step:    60 with Value:     0.0000Tol(Act/Req):0.1999E+01/0.1000E-04
# With parameters(tra.):    -0.2424E-03   -0.1506E-03   -0.1032E-03
# With parameters(rot.):     0.7651E-03   -0.1034E-02    0.7010E-03
# Minimization at step:    61 with Value:     0.0000Tol(Act/Req):0.1998E+01/0.1000E-04
# With parameters(tra.):    -0.6172E-04   -0.1393E-03    0.3455E-04
# With parameters(rot.):    -0.3425E-02   -0.1187E-02    0.3592E-03
# Minimization at step:    62 with Value:     0.0000Tol(Act/Req):0.1998E+01/0.1000E-04
# With parameters(tra.):    -0.3128E-04   -0.8721E-04    0.8559E-04
# With parameters(rot.):    -0.2502E-02   -0.1198E-02    0.3108E-03
# Minimization at step:    63 with Value:     0.0000Tol(Act/Req):0.1998E+01/0.1000E-04
# With parameters(tra.):    -0.5820E-06   -0.2154E-03    0.2744E-03
# With parameters(rot.):    -0.9856E-03   -0.9706E-03    0.1844E-04
# Minimization at step:    64 with Value:     0.0000Tol(Act/Req):0.1998E+01/0.1000E-04
# With parameters(tra.):    -0.1609E-03   -0.2522E-03    0.2165E-03
# With parameters(rot.):     0.4018E-02   -0.7452E-03    0.2467E-03
# Minimization at step:    65 with Value:     0.0000Tol(Act/Req):0.1998E+01/0.1000E-04
# With parameters(tra.):    -0.2828E-03   -0.2187E-03    0.1629E-03
# With parameters(rot.):    -0.4926E-03   -0.6449E-03   -0.5692E-04
# Minimization at step:    66 with Value:     0.0000Tol(Act/Req):0.1998E+01/0.1000E-04
# With parameters(tra.):    -0.2529E-03   -0.2068E-03    0.1729E-03
# With parameters(rot.):    -0.2119E-02   -0.6928E-03   -0.1393E-03
# Minimization at step:    67 with Value:     0.0000Tol(Act/Req):0.1998E+01/0.1000E-04
# With parameters(tra.):    -0.2143E-03   -0.3441E-03   -0.4806E-04
# With parameters(rot.):    -0.1462E-02   -0.5674E-03   -0.2775E-03
# Minimization at step:    68 with Value:     0.0000Tol(Act/Req):0.1998E+01/0.1000E-04
# With parameters(tra.):    -0.2398E-03   -0.3227E-03   -0.1221E-03
# With parameters(rot.):    -0.1881E-02   -0.5908E-03   -0.2291E-03
# Minimization at step:    69 with Value:     0.0000Tol(Act/Req):0.1997E+01/0.1000E-04
# With parameters(tra.):    -0.2751E-03   -0.2144E-03    0.2504E-04
# With parameters(rot.):    -0.2478E-02   -0.6907E-03   -0.1133E-03
# Minimization at step:    70 with Value:     0.0000Tol(Act/Req):0.1997E+01/0.1000E-04
# With parameters(tra.):    -0.2440E-03   -0.2224E-03    0.2697E-04
# With parameters(rot.):    -0.1516E-02   -0.7196E-03   -0.4209E-04
# Minimization at step:    71 with Value:     0.0000Tol(Act/Req):0.1996E+01/0.1000E-04
# With parameters(tra.):    -0.2592E-03   -0.2113E-03    0.1561E-03
# With parameters(rot.):    -0.2061E-02   -0.4213E-03    0.7044E-04
# Minimization at step:    72 with Value:     0.0000Tol(Act/Req):0.1995E+01/0.1000E-04
# With parameters(tra.):    -0.2630E-03   -0.1956E-03    0.1875E-03
# With parameters(rot.):    -0.1563E-02   -0.3622E-03    0.2624E-04
# Minimization at step:    73 with Value:     0.0000Tol(Act/Req):0.1994E+01/0.1000E-04
# With parameters(tra.):    -0.2595E-03   -0.1971E-03    0.1579E-03
# With parameters(rot.):    -0.1385E-02   -0.4319E-03   -0.5579E-05
# Minimization at step:    74 with Value:     0.0000Tol(Act/Req):0.1993E+01/0.1000E-04
# With parameters(tra.):    -0.2308E-03   -0.2635E-03    0.1040E-03
# With parameters(rot.):    -0.6224E-03   -0.2790E-03   -0.4685E-04
# Minimization at step:    75 with Value:     0.0000Tol(Act/Req):0.1993E+01/0.1000E-04
# With parameters(tra.):    -0.1636E-03   -0.2585E-03    0.1010E-03
# With parameters(rot.):    -0.3377E-02   -0.2370E-03   -0.1808E-03
# Minimization at step:    76 with Value:     0.0000Tol(Act/Req):0.1993E+01/0.1000E-04
# With parameters(tra.):    -0.7450E-04   -0.2865E-03    0.1296E-03
# With parameters(rot.):    -0.2073E-02   -0.1339E-03   -0.8457E-04
# Minimization at step:    77 with Value:     0.0000Tol(Act/Req):0.1992E+01/0.1000E-04
# With parameters(tra.):    -0.7037E-04   -0.2317E-03    0.6538E-04
# With parameters(rot.):    -0.2974E-02   -0.2834E-04    0.6045E-04
# Minimization at step:    78 with Value:     0.0000Tol(Act/Req):0.1991E+01/0.1000E-04
# With parameters(tra.):    -0.7940E-04   -0.2308E-03    0.6315E-04
# With parameters(rot.):    -0.2252E-02   -0.2146E-04    0.1140E-03
# Minimization at step:    79 with Value:     0.0000Tol(Act/Req):0.1989E+01/0.1000E-04
# With parameters(tra.):    -0.3917E-04   -0.2160E-03    0.7916E-04
# With parameters(rot.):    -0.1677E-02    0.1524E-03    0.6967E-04
# Minimization at step:    80 with Value:     0.0000Tol(Act/Req):0.1989E+01/0.1000E-04
# With parameters(tra.):    -0.1906E-04   -0.2184E-03    0.5776E-04
# With parameters(rot.):    -0.1612E-02    0.1662E-03    0.6003E-04
# Minimization at step:    81 with Value:     0.0000Tol(Act/Req):0.1989E+01/0.1000E-04
# With parameters(tra.):     0.2276E-04   -0.1369E-03    0.9618E-04
# With parameters(rot.):    -0.2705E-02    0.1618E-03    0.1369E-03
# Minimization at step:    82 with Value:     0.0000Tol(Act/Req):0.1985E+01/0.1000E-04
# With parameters(tra.):    -0.1973E-04   -0.7844E-04    0.6640E-04
# With parameters(rot.):    -0.3841E-02    0.1584E-03    0.1202E-03
# Minimization at step:    83 with Value:     0.0000Tol(Act/Req):0.1982E+01/0.1000E-04
# With parameters(tra.):    -0.3373E-04   -0.9394E-04    0.5431E-04
# With parameters(rot.):    -0.3662E-02    0.1592E-03    0.9954E-04
# Minimization at step:    84 with Value:     0.0000Tol(Act/Req):0.1980E+01/0.1000E-04
# With parameters(tra.):    -0.2766E-04   -0.1006E-03    0.9972E-04
# With parameters(rot.):    -0.3158E-02    0.1269E-03    0.5456E-06
# Minimization at step:    85 with Value:     0.0000Tol(Act/Req):0.1978E+01/0.1000E-04
# With parameters(tra.):    -0.2847E-04   -0.5521E-04    0.1074E-03
# With parameters(rot.):    -0.2016E-02    0.1902E-03    0.6987E-04
# Minimization at step:    86 with Value:     0.0000Tol(Act/Req):0.1974E+01/0.1000E-04
# With parameters(tra.):    -0.5173E-04   -0.1143E-04    0.1062E-03
# With parameters(rot.):    -0.2512E-02    0.8687E-04    0.9952E-04
# Minimization at step:    87 with Value:     0.0000Tol(Act/Req):0.1970E+01/0.1000E-04
# With parameters(tra.):    -0.2240E-04    0.5291E-04    0.7956E-04
# With parameters(rot.):    -0.2683E-02    0.8813E-04    0.9340E-04
# Minimization at step:    88 with Value:     0.0000Tol(Act/Req):0.1969E+01/0.1000E-04
# With parameters(tra.):     0.2372E-05    0.3616E-04    0.7383E-04
# With parameters(rot.):    -0.2353E-02    0.1659E-03    0.6964E-04
# Minimization at step:    89 with Value:     0.0000Tol(Act/Req):0.1965E+01/0.1000E-04
# With parameters(tra.):     0.5146E-05    0.3244E-04    0.6910E-04
# With parameters(rot.):    -0.2667E-02    0.1481E-03    0.5229E-04
# Minimization at step:    90 with Value:     0.0000Tol(Act/Req):0.1964E+01/0.1000E-04
# With parameters(tra.):     0.4176E-04    0.3044E-04    0.8985E-04
# With parameters(rot.):    -0.1518E-02    0.1469E-03    0.4084E-04
# Minimization at step:    91 with Value:     0.0000Tol(Act/Req):0.1964E+01/0.1000E-04
# With parameters(tra.):     0.3978E-04    0.1249E-04    0.9737E-04
# With parameters(rot.):    -0.1379E-02    0.1515E-03    0.3799E-04
# Minimization at step:    92 with Value:     0.0000Tol(Act/Req):0.1958E+01/0.1000E-04
# With parameters(tra.):     0.3629E-04    0.1696E-04    0.8755E-04
# With parameters(rot.):    -0.2607E-03    0.1506E-03   -0.2377E-04
# Minimization at step:    93 with Value:     0.0000Tol(Act/Req):0.1953E+01/0.1000E-04
# With parameters(tra.):     0.4060E-04    0.2786E-04    0.7897E-04
# With parameters(rot.):    -0.1033E-03    0.1580E-03   -0.9293E-05
# Minimization at step:    94 with Value:     0.0000Tol(Act/Req):0.1933E+01/0.1000E-04
# With parameters(tra.):     0.3602E-05    0.2899E-04    0.5459E-04
# With parameters(rot.):    -0.7800E-03    0.1628E-03   -0.1456E-04
# Minimization at step:    95 with Value:     0.0000Tol(Act/Req):0.1929E+01/0.1000E-04
# With parameters(tra.):    -0.1250E-04    0.3776E-04    0.5200E-04
# With parameters(rot.):    -0.4754E-03    0.1099E-03   -0.2678E-04
# Minimization at step:    96 with Value:     0.0000Tol(Act/Req):0.1925E+01/0.1000E-04
# With parameters(tra.):    -0.1284E-04    0.3209E-04    0.3683E-04
# With parameters(rot.):    -0.3724E-03    0.6155E-04   -0.8784E-04
# Minimization at step:    97 with Value:     0.0000Tol(Act/Req):0.1920E+01/0.1000E-04
# With parameters(tra.):    -0.1606E-04    0.3223E-04    0.3506E-04
# With parameters(rot.):    -0.6612E-03    0.5435E-04   -0.7774E-04
# Minimization at step:    98 with Value:     0.0000Tol(Act/Req):0.1912E+01/0.1000E-04
# With parameters(tra.):    -0.8449E-05    0.3222E-04    0.3953E-04
# With parameters(rot.):    -0.4821E-03    0.4410E-04   -0.8169E-04
# Minimization at step:    99 with Value:     0.0000Tol(Act/Req):0.1898E+01/0.1000E-04
# With parameters(tra.):    -0.1346E-04    0.2489E-04    0.3846E-04
# With parameters(rot.):    -0.3375E-03    0.3744E-04   -0.9309E-04
# Minimization at step:   100 with Value:     0.0000Tol(Act/Req):0.1875E+01/0.1000E-04
# With parameters(tra.):    -0.2050E-04    0.4049E-04    0.1547E-04
# With parameters(rot.):    -0.1600E-03    0.1833E-04   -0.9233E-04
# Minimization at step:   101 with Value:     0.0000Tol(Act/Req):0.1784E+01/0.1000E-04
# With parameters(tra.):    -0.2216E-04    0.4684E-04    0.2150E-04
# With parameters(rot.):    -0.1841E-03    0.4381E-04   -0.4766E-04
# Minimization at step:   102 with Value:     0.0000Tol(Act/Req):0.1782E+01/0.1000E-04
# With parameters(tra.):    -0.2428E-04    0.4813E-04    0.1948E-04
# With parameters(rot.):    -0.2888E-03    0.3933E-04   -0.4010E-04
# Minimization at step:   103 with Value:     0.0000Tol(Act/Req):0.1780E+01/0.1000E-04
# With parameters(tra.):    -0.1433E-04    0.5341E-04    0.2174E-04
# With parameters(rot.):     0.1338E-03    0.1724E-04   -0.3414E-04
# Minimization at step:   104 with Value:     0.0000Tol(Act/Req):0.1760E+01/0.1000E-04
# With parameters(tra.):     0.1161E-05    0.4985E-04    0.1425E-04
# With parameters(rot.):     0.3231E-04    0.3924E-04   -0.2437E-04
# Minimization at step:   105 with Value:     0.0000Tol(Act/Req):0.1745E+01/0.1000E-04
# With parameters(tra.):    -0.3988E-05    0.4350E-04    0.4049E-05
# With parameters(rot.):     0.4448E-03    0.2653E-04   -0.2426E-04
# Minimization at step:   106 with Value:     0.0000Tol(Act/Req):0.1740E+01/0.1000E-04
# With parameters(tra.):    -0.1049E-04    0.3492E-04   -0.4101E-05
# With parameters(rot.):     0.1258E-03    0.5171E-04   -0.2693E-04
# Minimization at step:   107 with Value:     0.0000Tol(Act/Req):0.1694E+01/0.1000E-04
# With parameters(tra.):    -0.4462E-05    0.2573E-04    0.2506E-05
# With parameters(rot.):     0.1085E-03    0.6961E-04   -0.1095E-04
# Minimization at step:   108 with Value:     0.0000Tol(Act/Req):0.1693E+01/0.1000E-04
# With parameters(tra.):    -0.2336E-05    0.2711E-04    0.5094E-05
# With parameters(rot.):     0.1868E-03    0.6480E-04   -0.8955E-05
# Minimization at step:   109 with Value:     0.0000Tol(Act/Req):0.1647E+01/0.1000E-04
# With parameters(tra.):     0.5382E-05    0.1629E-04   -0.4397E-05
# With parameters(rot.):     0.3265E-03    0.5481E-04   -0.2583E-04
# Minimization at step:   110 with Value:     0.0000Tol(Act/Req):0.1641E+01/0.1000E-04
# With parameters(tra.):    -0.8707E-05    0.8667E-05   -0.3118E-05
# With parameters(rot.):     0.5261E-03    0.3800E-04   -0.3610E-04
# Minimization at step:   111 with Value:     0.0000Tol(Act/Req):0.1612E+01/0.1000E-04
# With parameters(tra.):    -0.6026E-05    0.4720E-05    0.2737E-05
# With parameters(rot.):     0.2371E-03    0.5041E-04   -0.3914E-04
# Minimization at step:   112 with Value:     0.0000Tol(Act/Req):0.1590E+01/0.1000E-04
# With parameters(tra.):    -0.2280E-05    0.6297E-05    0.2905E-05
# With parameters(rot.):     0.1631E-03    0.5565E-04   -0.3683E-04
# Minimization at step:   113 with Value:     0.0000Tol(Act/Req):0.1556E+01/0.1000E-04
# With parameters(tra.):     0.8160E-06   -0.5070E-05   -0.6652E-05
# With parameters(rot.):     0.1044E-03    0.5213E-04   -0.2062E-04
# Minimization at step:   114 with Value:     0.0000Tol(Act/Req):0.1438E+01/0.1000E-04
# With parameters(tra.):    -0.1494E-05   -0.4147E-05   -0.4468E-05
# With parameters(rot.):     0.5100E-04    0.5441E-04   -0.1597E-04
# Minimization at step:   115 with Value:     0.0000Tol(Act/Req):0.1433E+01/0.1000E-04
# With parameters(tra.):    -0.4520E-05   -0.7976E-05   -0.1120E-04
# With parameters(rot.):     0.4339E-04    0.3741E-04   -0.2829E-04
# Minimization at step:   116 with Value:     0.0000Tol(Act/Req):0.1396E+01/0.1000E-04
# With parameters(tra.):    -0.5738E-05   -0.5376E-05   -0.9186E-05
# With parameters(rot.):     0.5297E-04    0.3706E-04   -0.3298E-04
# Minimization at step:   117 with Value:     0.0000Tol(Act/Req):0.1334E+01/0.1000E-04
# With parameters(tra.):    -0.2620E-05   -0.1345E-04   -0.8770E-05
# With parameters(rot.):     0.1650E-03    0.1820E-04   -0.3699E-04
# Minimization at step:   118 with Value:     0.0000Tol(Act/Req):0.1320E+01/0.1000E-04
# With parameters(tra.):     0.1039E-05   -0.1144E-04   -0.1231E-05
# With parameters(rot.):     0.2131E-03    0.2880E-04   -0.2757E-04
# Minimization at step:   119 with Value:     0.0000Tol(Act/Req):0.1279E+01/0.1000E-04
# With parameters(tra.):     0.5645E-06   -0.9255E-05   -0.7073E-06
# With parameters(rot.):     0.1891E-03    0.3440E-04   -0.2578E-04
# Minimization at step:   120 with Value:     0.0000Tol(Act/Req):0.1173E+01/0.1000E-04
# With parameters(tra.):     0.8712E-06   -0.1077E-04   -0.4496E-05
# With parameters(rot.):     0.3216E-03    0.2419E-04   -0.2092E-04
# Minimization at step:   121 with Value:     0.0000Tol(Act/Req):0.1154E+01/0.1000E-04
# With parameters(tra.):     0.3007E-05   -0.1141E-04   -0.5029E-05
# With parameters(rot.):     0.2978E-03    0.2418E-04   -0.1844E-04
# Minimization at step:   122 with Value:     0.0000Tol(Act/Req):0.1131E+01/0.1000E-04
# With parameters(tra.):     0.2256E-05   -0.1191E-04   -0.7230E-05
# With parameters(rot.):     0.2929E-03    0.2115E-04   -0.2004E-04
# Minimization at step:   123 with Value:     0.0000Tol(Act/Req):0.9963E+00/0.1000E-04
# With parameters(tra.):    -0.1114E-05   -0.1265E-04   -0.3781E-05
# With parameters(rot.):     0.2666E-03    0.1461E-04   -0.1208E-04
# Minimization at step:   124 with Value:     0.0000Tol(Act/Req):0.8357E+00/0.1000E-04
# With parameters(tra.):    -0.1786E-05   -0.1057E-04    0.5865E-06
# With parameters(rot.):     0.3344E-03    0.8478E-05   -0.1389E-04
# Minimization at step:   125 with Value:     0.0000Tol(Act/Req):0.7969E+00/0.1000E-04
# With parameters(tra.):    -0.3519E-05   -0.6636E-05    0.2066E-05
# With parameters(rot.):     0.3348E-03    0.1103E-04   -0.6354E-05
# Minimization at step:   126 with Value:     0.0000Tol(Act/Req):0.7929E+00/0.1000E-04
# With parameters(tra.):    -0.5186E-05   -0.4243E-05    0.6779E-05
# With parameters(rot.):     0.2509E-03    0.1346E-04   -0.4739E-05
# Minimization at step:   127 with Value:     0.0000Tol(Act/Req):0.7326E+00/0.1000E-04
# With parameters(tra.):    -0.3647E-05   -0.3122E-05    0.9650E-05
# With parameters(rot.):     0.1876E-03    0.9872E-05    0.4793E-05
# Minimization at step:   128 with Value:     0.0000Tol(Act/Req):0.6519E+00/0.1000E-04
# With parameters(tra.):    -0.4514E-05   -0.2640E-05    0.9956E-05
# With parameters(rot.):     0.1764E-03    0.7416E-05    0.6065E-05
# Minimization at step:   129 with Value:     0.0000Tol(Act/Req):0.6513E+00/0.1000E-04
# With parameters(tra.):    -0.2622E-05   -0.4498E-05    0.6302E-05
# With parameters(rot.):     0.2355E-03    0.2981E-05    0.8050E-05
# Minimization at step:   130 with Value:     0.0000Tol(Act/Req):0.5663E+00/0.1000E-04
# With parameters(tra.):    -0.2922E-05   -0.4893E-05    0.5305E-05
# With parameters(rot.):     0.2553E-03    0.3303E-05    0.5938E-05
# Minimization at step:   131 with Value:     0.0000Tol(Act/Req):0.5153E+00/0.1000E-04
# With parameters(tra.):    -0.2852E-05   -0.4389E-05    0.3966E-05
# With parameters(rot.):     0.1838E-03    0.5667E-05    0.1376E-04
# Minimization at step:   132 with Value:     0.0000Tol(Act/Req):0.4982E+00/0.1000E-04
# With parameters(tra.):    -0.8972E-06   -0.7571E-05    0.3120E-05
# With parameters(rot.):     0.1330E-03    0.1321E-05    0.1292E-04
# Minimization at step:   133 with Value:     0.0000Tol(Act/Req):0.4949E+00/0.1000E-04
# With parameters(tra.):     0.2545E-05   -0.5138E-05    0.1971E-05
# With parameters(rot.):     0.1147E-03    0.3429E-05    0.1330E-04
# Minimization at step:   134 with Value:     0.0000Tol(Act/Req):0.4522E+00/0.1000E-04
# With parameters(tra.):     0.2418E-05   -0.3904E-05    0.3630E-05
# With parameters(rot.):     0.4019E-04    0.6867E-05    0.1313E-04
# Minimization at step:   135 with Value:     0.0000Tol(Act/Req):0.3917E+00/0.1000E-04
# With parameters(tra.):     0.4105E-05   -0.4247E-05    0.4856E-05
# With parameters(rot.):     0.6386E-04    0.4903E-05    0.5098E-05
# Minimization at step:   136 with Value:     0.0000Tol(Act/Req):0.3912E+00/0.1000E-04
# With parameters(tra.):     0.4033E-05   -0.3174E-05    0.5213E-05
# With parameters(rot.):     0.7079E-04    0.6288E-05    0.4655E-05
# Minimization at step:   137 with Value:     0.0000Tol(Act/Req):0.3393E+00/0.1000E-04
# With parameters(tra.):     0.5148E-05   -0.2387E-05    0.4244E-05
# With parameters(rot.):     0.1309E-04    0.9984E-06    0.6729E-05
# Minimization at step:   138 with Value:     0.0000Tol(Act/Req):0.3269E+00/0.1000E-04
# With parameters(tra.):     0.4813E-05   -0.2146E-05    0.3886E-05
# With parameters(rot.):     0.2937E-05    0.1164E-05    0.8872E-05
# Minimization at step:   139 with Value:     0.0000Tol(Act/Req):0.2988E+00/0.1000E-04
# With parameters(tra.):     0.6297E-05   -0.2052E-05    0.2036E-05
# With parameters(rot.):    -0.3047E-04    0.1112E-05    0.6439E-05
# Minimization at step:   140 with Value:     0.0000Tol(Act/Req):0.2684E+00/0.1000E-04
# With parameters(tra.):     0.4105E-05   -0.3456E-05    0.3206E-05
# With parameters(rot.):    -0.6060E-04   -0.1769E-05    0.3770E-05
# Minimization at step:   141 with Value:     0.0000Tol(Act/Req):0.2261E+00/0.1000E-04
# With parameters(tra.):     0.3009E-05   -0.4314E-05    0.3673E-05
# With parameters(rot.):    -0.3574E-04    0.1507E-05    0.1474E-05
# Minimization at step:   142 with Value:     0.0000Tol(Act/Req):0.2149E+00/0.1000E-04
# With parameters(tra.):     0.3079E-05   -0.4554E-05    0.3401E-05
# With parameters(rot.):    -0.2965E-04    0.4869E-06    0.5325E-06
# Minimization at step:   143 with Value:     0.0000Tol(Act/Req):0.1689E+00/0.1000E-04
# With parameters(tra.):     0.3542E-05   -0.4294E-05    0.3124E-05
# With parameters(rot.):    -0.1953E-04    0.1395E-05    0.9300E-06
# Minimization at step:   144 with Value:     0.0000Tol(Act/Req):0.1381E+00/0.1000E-04
# With parameters(tra.):     0.3234E-05   -0.2522E-05    0.3141E-05
# With parameters(rot.):    -0.3577E-04    0.2534E-05   -0.1198E-05
# Minimization at step:   145 with Value:     0.0000Tol(Act/Req):0.1364E+00/0.1000E-04
# With parameters(tra.):     0.2731E-05   -0.2577E-05    0.3541E-05
# With parameters(rot.):    -0.3064E-04    0.2661E-05   -0.1428E-05
# Minimization at step:   146 with Value:     0.0000Tol(Act/Req):0.1079E+00/0.1000E-04
# With parameters(tra.):     0.1368E-05   -0.2240E-05    0.2711E-05
# With parameters(rot.):    -0.6213E-04    0.3491E-05   -0.5761E-06
# Minimization at step:   147 with Value:     0.0000Tol(Act/Req):0.1018E+00/0.1000E-04
# With parameters(tra.):     0.1552E-05   -0.9766E-06    0.2079E-05
# With parameters(rot.):    -0.8750E-04    0.1969E-05    0.2709E-06
# Minimization at step:   148 with Value:     0.0000Tol(Act/Req):0.9304E-01/0.1000E-04
# With parameters(tra.):     0.1184E-05   -0.2637E-06    0.1092E-05
# With parameters(rot.):    -0.9459E-04    0.4238E-06   -0.1700E-05
# Minimization at step:   149 with Value:     0.0000Tol(Act/Req):0.8145E-01/0.1000E-04
# With parameters(tra.):     0.1218E-05    0.2020E-06    0.7849E-06
# With parameters(rot.):    -0.9579E-04    0.7969E-06   -0.1720E-05
# Minimization at step:   150 with Value:     0.0000Tol(Act/Req):0.8040E-01/0.1000E-04
# With parameters(tra.):     0.1547E-05    0.3212E-06    0.8320E-06
# With parameters(rot.):    -0.9073E-04    0.3649E-06   -0.2028E-05
# Minimization at step:   151 with Value:     0.0000Tol(Act/Req):0.7550E-01/0.1000E-04
# With parameters(tra.):     0.1361E-05   -0.5095E-06    0.1049E-05
# With parameters(rot.):    -0.6643E-04    0.1352E-05   -0.3642E-05
# Minimization at step:   152 with Value:     0.0000Tol(Act/Req):0.6835E-01/0.1000E-04
# With parameters(tra.):     0.1044E-05   -0.1610E-05    0.3351E-06
# With parameters(rot.):    -0.6042E-04   -0.1805E-06   -0.2329E-05
# Minimization at step:   153 with Value:     0.0000Tol(Act/Req):0.6208E-01/0.1000E-04
# With parameters(tra.):     0.1125E-05   -0.1901E-05    0.5185E-06
# With parameters(rot.):    -0.5580E-04    0.1555E-06   -0.1889E-05
# Minimization at step:   154 with Value:     0.0000Tol(Act/Req):0.4868E-01/0.1000E-04
# With parameters(tra.):    -0.3074E-07   -0.1814E-05    0.3634E-06
# With parameters(rot.):    -0.5440E-04   -0.2800E-06   -0.2350E-05
# Minimization at step:   155 with Value:     0.0000Tol(Act/Req):0.4621E-01/0.1000E-04
# With parameters(tra.):    -0.1003E-06   -0.1715E-05    0.2520E-06
# With parameters(rot.):    -0.5947E-04   -0.6629E-06   -0.1839E-05
# Minimization at step:   156 with Value:     0.0000Tol(Act/Req):0.3828E-01/0.1000E-04
# With parameters(tra.):    -0.1165E-06   -0.1449E-05    0.4236E-06
# With parameters(rot.):    -0.6089E-04   -0.3199E-06   -0.2127E-05
# Minimization at step:   157 with Value:     0.0000Tol(Act/Req):0.3729E-01/0.1000E-04
# With parameters(tra.):    -0.4921E-06   -0.1068E-05   -0.3119E-06
# With parameters(rot.):    -0.5166E-04    0.5402E-07   -0.2303E-05
# Minimization at step:   158 with Value:     0.0000Tol(Act/Req):0.2561E-01/0.1000E-04
# With parameters(tra.):    -0.5091E-06   -0.1236E-05   -0.5272E-06
# With parameters(rot.):    -0.3429E-04   -0.6718E-06   -0.2834E-05
# Minimization at step:   159 with Value:     0.0000Tol(Act/Req):0.2096E-01/0.1000E-04
# With parameters(tra.):    -0.8929E-06   -0.1596E-05   -0.5089E-06
# With parameters(rot.):    -0.1788E-04   -0.2756E-06   -0.2269E-05
# Minimization at step:   160 with Value:     0.0000Tol(Act/Req):0.2017E-01/0.1000E-04
# With parameters(tra.):    -0.4099E-06   -0.1580E-05   -0.6963E-06
# With parameters(rot.):    -0.6635E-05    0.1620E-07   -0.1934E-05
# Minimization at step:   161 with Value:     0.0000Tol(Act/Req):0.1960E-01/0.1000E-04
# With parameters(tra.):    -0.5401E-06   -0.1091E-05   -0.7265E-06
# With parameters(rot.):     0.8604E-05    0.8141E-06   -0.2445E-05
# Minimization at step:   162 with Value:     0.0000Tol(Act/Req):0.1890E-01/0.1000E-04
# With parameters(tra.):    -0.6115E-06   -0.9898E-06   -0.8637E-06
# With parameters(rot.):     0.1174E-04    0.7458E-06   -0.2240E-05
# Minimization at step:   163 with Value:     0.0000Tol(Act/Req):0.1839E-01/0.1000E-04
# With parameters(tra.):    -0.5051E-06   -0.1445E-05   -0.8792E-06
# With parameters(rot.):    -0.2451E-05   -0.7491E-07   -0.1661E-05
# Minimization at step:   164 with Value:     0.0000Tol(Act/Req):0.1816E-01/0.1000E-04
# With parameters(tra.):    -0.4123E-06   -0.1572E-05   -0.7426E-06
# With parameters(rot.):    -0.6601E-06   -0.1791E-06   -0.1563E-05
# Minimization at step:   165 with Value:     0.0000Tol(Act/Req):0.1779E-01/0.1000E-04
# With parameters(tra.):     0.1316E-06   -0.1205E-05   -0.8388E-06
# With parameters(rot.):    -0.1133E-04   -0.5431E-06   -0.1893E-05
# Minimization at step:   166 with Value:     0.0000Tol(Act/Req):0.1470E-01/0.1000E-04
# With parameters(tra.):     0.2375E-06   -0.6692E-06   -0.8099E-06
# With parameters(rot.):    -0.1025E-06    0.1215E-06   -0.2550E-05
# Minimization at step:   167 with Value:     0.0000Tol(Act/Req):0.1403E-01/0.1000E-04
# With parameters(tra.):     0.1103E-06   -0.7163E-06   -0.7834E-06
# With parameters(rot.):     0.3502E-05    0.2679E-06   -0.2522E-05
# Minimization at step:   168 with Value:     0.0000Tol(Act/Req):0.1217E-01/0.1000E-04
# With parameters(tra.):     0.7325E-07   -0.8541E-06   -0.7884E-06
# With parameters(rot.):     0.9945E-06    0.1139E-06   -0.2355E-05
# Minimization at step:   169 with Value:     0.0000Tol(Act/Req):0.9460E-02/0.1000E-04
# With parameters(tra.):     0.2787E-06   -0.6144E-06   -0.7320E-06
# With parameters(rot.):     0.1177E-05    0.8597E-06   -0.1842E-05
# Minimization at step:   170 with Value:     0.0000Tol(Act/Req):0.8515E-02/0.1000E-04
# With parameters(tra.):     0.2528E-07   -0.3076E-06   -0.5565E-06
# With parameters(rot.):    -0.7461E-05    0.8491E-06   -0.2146E-05
# Minimization at step:   171 with Value:     0.0000Tol(Act/Req):0.8193E-02/0.1000E-04
# With parameters(tra.):     0.9468E-07    0.1228E-06   -0.7285E-06
# With parameters(rot.):    -0.7587E-05    0.7468E-06   -0.1704E-05
# Minimization at step:   172 with Value:     0.0000Tol(Act/Req):0.7285E-02/0.1000E-04
# With parameters(tra.):     0.4493E-06    0.4342E-06   -0.4507E-06
# With parameters(rot.):    -0.6313E-05    0.8470E-06   -0.1556E-05
# Minimization at step:   173 with Value:     0.0000Tol(Act/Req):0.6502E-02/0.1000E-04
# With parameters(tra.):     0.5480E-06    0.4193E-06   -0.4857E-06
# With parameters(rot.):    -0.4058E-05    0.8495E-06   -0.1431E-05
# Minimization at step:   174 with Value:     0.0000Tol(Act/Req):0.6320E-02/0.1000E-04
# With parameters(tra.):     0.4675E-06    0.3402E-06   -0.5581E-06
# With parameters(rot.):    -0.4189E-05    0.8247E-06   -0.1458E-05
# Minimization at step:   175 with Value:     0.0000Tol(Act/Req):0.6283E-02/0.1000E-04
# With parameters(tra.):     0.3323E-06    0.5980E-06   -0.4301E-06
# With parameters(rot.):     0.4565E-06    0.1303E-05   -0.1047E-05
# Minimization at step:   176 with Value:     0.0000Tol(Act/Req):0.5498E-02/0.1000E-04
# With parameters(tra.):     0.3415E-06    0.7544E-06   -0.3481E-06
# With parameters(rot.):    -0.3439E-05    0.1369E-05   -0.4703E-06
# Minimization at step:   177 with Value:     0.0000Tol(Act/Req):0.5455E-02/0.1000E-04
# With parameters(tra.):     0.4798E-06    0.5487E-06   -0.4487E-06
# With parameters(rot.):    -0.9383E-05    0.9131E-06   -0.6885E-06
# Minimization at step:   178 with Value:     0.0000Tol(Act/Req):0.5265E-02/0.1000E-04
# With parameters(tra.):     0.4452E-06    0.5857E-06   -0.4393E-06
# With parameters(rot.):    -0.1031E-04    0.7311E-06   -0.7209E-06
# Minimization at step:   179 with Value:     0.0000Tol(Act/Req):0.4449E-02/0.1000E-04
# With parameters(tra.):     0.4926E-06    0.3096E-06   -0.1708E-06
# With parameters(rot.):    -0.1109E-04    0.8281E-06   -0.8345E-06
# Minimization at step:   180 with Value:     0.0000Tol(Act/Req):0.3145E-02/0.1000E-04
# With parameters(tra.):     0.3921E-06    0.4041E-06   -0.2581E-07
# With parameters(rot.):    -0.7059E-05    0.1149E-05   -0.7074E-06
# Minimization at step:   181 with Value:     0.0000Tol(Act/Req):0.3045E-02/0.1000E-04
# With parameters(tra.):     0.4284E-06    0.3954E-06   -0.5008E-08
# With parameters(rot.):    -0.6181E-05    0.1175E-05   -0.5846E-06
# Minimization at step:   182 with Value:     0.0000Tol(Act/Req):0.2879E-02/0.1000E-04
# With parameters(tra.):     0.2545E-06    0.2556E-06    0.3459E-07
# With parameters(rot.):    -0.7106E-05    0.1242E-05   -0.3468E-06
# Minimization at step:   183 with Value:     0.0000Tol(Act/Req):0.2858E-02/0.1000E-04
# With parameters(tra.):     0.2228E-06    0.3201E-06   -0.1540E-07
# With parameters(rot.):    -0.6579E-05    0.1253E-05   -0.2777E-06
# Minimization at step:   184 with Value:     0.0000Tol(Act/Req):0.2558E-02/0.1000E-04
# With parameters(tra.):     0.1772E-06    0.7113E-07    0.4080E-07
# With parameters(rot.):    -0.5028E-05    0.1170E-05   -0.5980E-06
# Minimization at step:   185 with Value:     0.0000Tol(Act/Req):0.1902E-02/0.1000E-04
# With parameters(tra.):     0.1862E-07   -0.2638E-07    0.2198E-06
# With parameters(rot.):    -0.5119E-05    0.9518E-06   -0.6217E-06
# Minimization at step:   186 with Value:     0.0000Tol(Act/Req):0.1760E-02/0.1000E-04
# With parameters(tra.):     0.1143E-07    0.1901E-06    0.2232E-06
# With parameters(rot.):    -0.6700E-05    0.9623E-06   -0.3094E-06
# Minimization at step:   187 with Value:     0.0000Tol(Act/Req):0.1751E-02/0.1000E-04
# With parameters(tra.):    -0.4844E-07    0.5575E-07    0.2096E-06
# With parameters(rot.):    -0.9268E-05    0.6861E-06   -0.2614E-06
# Minimization at step:   188 with Value:     0.0000Tol(Act/Req):0.1647E-02/0.1000E-04
# With parameters(tra.):    -0.5163E-07   -0.9569E-08    0.2076E-06
# With parameters(rot.):    -0.9087E-05    0.6605E-06   -0.3355E-06
# Minimization at step:   189 with Value:     0.0000Tol(Act/Req):0.1486E-02/0.1000E-04
# With parameters(tra.):    -0.7346E-07   -0.4768E-07    0.2357E-06
# With parameters(rot.):    -0.8890E-05    0.6307E-06   -0.2534E-06
# Minimization at step:   190 with Value:     0.0000Tol(Act/Req):0.1302E-02/0.1000E-04
# With parameters(tra.):    -0.4149E-07   -0.2507E-07    0.1923E-06
# With parameters(rot.):    -0.9182E-05    0.6584E-06   -0.2167E-06
# Minimization at step:   191 with Value:     0.0000Tol(Act/Req):0.1263E-02/0.1000E-04
# With parameters(tra.):    -0.1930E-06   -0.1110E-07    0.1615E-06
# With parameters(rot.):    -0.8995E-05    0.4808E-06   -0.5828E-07
# Minimization at step:   192 with Value:     0.0000Tol(Act/Req):0.8647E-03/0.1000E-04
# With parameters(tra.):    -0.1683E-06    0.3980E-07    0.1642E-06
# With parameters(rot.):    -0.8700E-05    0.1597E-06   -0.1999E-06
# Minimization at step:   193 with Value:     0.0000Tol(Act/Req):0.7863E-03/0.1000E-04
# With parameters(tra.):    -0.1484E-06    0.1688E-06    0.1628E-06
# With parameters(rot.):    -0.5942E-05    0.2605E-06   -0.2272E-06
# Minimization at step:   194 with Value:     0.0000Tol(Act/Req):0.6855E-03/0.1000E-04
# With parameters(tra.):    -0.1068E-06    0.1803E-06    0.1706E-06
# With parameters(rot.):    -0.5734E-05    0.2865E-06   -0.2809E-06
# Minimization at step:   195 with Value:     0.0000Tol(Act/Req):0.6850E-03/0.1000E-04
# With parameters(tra.):    -0.1615E-06    0.1801E-06    0.2051E-06
# With parameters(rot.):    -0.4289E-05    0.1122E-06   -0.1258E-06
# Minimization at step:   196 with Value:     0.0000Tol(Act/Req):0.6486E-03/0.1000E-04
# With parameters(tra.):    -0.2045E-06    0.1127E-06    0.2002E-06
# With parameters(rot.):    -0.2327E-05   -0.1218E-06   -0.2041E-06
# Minimization at step:   197 with Value:     0.0000Tol(Act/Req):0.6036E-03/0.1000E-04
# With parameters(tra.):    -0.2021E-06    0.1355E-06    0.1792E-06
# With parameters(rot.):    -0.1902E-05   -0.1730E-06   -0.1847E-06
# Minimization at step:   198 with Value:     0.0000Tol(Act/Req):0.5011E-03/0.1000E-04
# With parameters(tra.):    -0.2291E-06    0.1213E-06    0.1809E-06
# With parameters(rot.):    -0.4240E-06   -0.1540E-07   -0.7474E-07
# Minimization at step:   199 with Value:     0.0000Tol(Act/Req):0.4864E-03/0.1000E-04
# With parameters(tra.):    -0.2204E-06    0.1388E-06    0.1805E-06
# With parameters(rot.):    -0.7558E-06    0.5198E-07   -0.4439E-07
# Minimization at step:   200 with Value:     0.0000Tol(Act/Req):0.3343E-03/0.1000E-04
# With parameters(tra.):    -0.2314E-06    0.1041E-06    0.1823E-06
# With parameters(rot.):    -0.1013E-05    0.9419E-08   -0.2231E-07
# Minimization at step:   201 with Value:     0.0000Tol(Act/Req):0.3161E-03/0.1000E-04
# With parameters(tra.):    -0.2000E-06    0.7893E-07    0.1402E-06
# With parameters(rot.):    -0.1366E-05    0.1495E-06   -0.1430E-06
# Minimization at step:   202 with Value:     0.0000Tol(Act/Req):0.1775E-03/0.1000E-04
# With parameters(tra.):    -0.1478E-06    0.6812E-07    0.1457E-06
# With parameters(rot.):     0.5051E-06    0.1559E-06   -0.2044E-06
# Minimization at step:   203 with Value:     0.0000Tol(Act/Req):0.1498E-03/0.1000E-04
# With parameters(tra.):    -0.1307E-06    0.8546E-07    0.1058E-06
# With parameters(rot.):     0.1745E-05    0.1613E-06   -0.1802E-06
# Minimization at step:   204 with Value:     0.0000Tol(Act/Req):0.1922E-03/0.1000E-04
# With parameters(tra.):    -0.1423E-06    0.8960E-07    0.1011E-06
# With parameters(rot.):     0.1381E-05    0.1602E-06   -0.1629E-06
# Minimization at step:   205 with Value:     0.0000Tol(Act/Req):0.1736E-03/0.1000E-04
# With parameters(tra.):    -0.9531E-07    0.8854E-07    0.7334E-07
# With parameters(rot.):     0.9968E-06    0.1136E-06   -0.2655E-06
# Minimization at step:   206 with Value:     0.0000Tol(Act/Req):0.1473E-03/0.1000E-04
# With parameters(tra.):    -0.7191E-07    0.1385E-07    0.4070E-07
# With parameters(rot.):     0.1152E-05    0.6323E-07   -0.3025E-06
# Minimization at step:   207 with Value:     0.0000Tol(Act/Req):0.1200E-03/0.1000E-04
# With parameters(tra.):    -0.6911E-07    0.1471E-07    0.4293E-07
# With parameters(rot.):     0.1451E-05    0.2103E-07   -0.2856E-06
# Minimization at step:   208 with Value:     0.0000Tol(Act/Req):0.1127E-03/0.1000E-04
# With parameters(tra.):    -0.6003E-07   -0.2042E-07    0.4861E-07
# With parameters(rot.):     0.5258E-06   -0.2937E-07   -0.3368E-06
# Minimization at step:   209 with Value:     0.0000Tol(Act/Req):0.8537E-04/0.1000E-04
# With parameters(tra.):    -0.4232E-07   -0.2491E-07    0.3742E-07
# With parameters(rot.):     0.4666E-06   -0.2461E-08   -0.3460E-06
# Minimization at step:   210 with Value:     0.0000Tol(Act/Req):0.7443E-04/0.1000E-04
# With parameters(tra.):    -0.7161E-07   -0.6167E-07    0.5318E-07
# With parameters(rot.):     0.6736E-06    0.5398E-08   -0.2701E-06
# Minimization at step:   211 with Value:    -0.0000Tol(Act/Req):0.6597E-04/0.1000E-04
# With parameters(tra.):    -0.6683E-07   -0.8541E-07    0.6106E-07
# With parameters(rot.):     0.1011E-05   -0.8421E-07   -0.2312E-06
# Minimization at step:   212 with Value:    -0.0000Tol(Act/Req):0.6204E-04/0.1000E-04
# With parameters(tra.):    -0.3956E-07   -0.1146E-06    0.4656E-07
# With parameters(rot.):     0.1074E-05   -0.5764E-07   -0.2113E-06
# Minimization at step:   213 with Value:    -0.0000Tol(Act/Req):0.6170E-04/0.1000E-04
# With parameters(tra.):    -0.4272E-07   -0.1066E-06    0.5521E-07
# With parameters(rot.):     0.1029E-05   -0.5512E-07   -0.1945E-06
# Minimization at step:   214 with Value:    -0.0000Tol(Act/Req):0.5142E-04/0.1000E-04
# With parameters(tra.):    -0.3299E-07   -0.1011E-06    0.5144E-07
# With parameters(rot.):     0.1007E-05   -0.6212E-07   -0.2072E-06
# Minimization at step:   215 with Value:    -0.0000Tol(Act/Req):0.4798E-04/0.1000E-04
# With parameters(tra.):    -0.3925E-07   -0.9273E-07    0.5547E-07
# With parameters(rot.):     0.9853E-06   -0.6914E-07   -0.2118E-06
# Minimization at step:   216 with Value:    -0.0000Tol(Act/Req):0.4796E-04/0.1000E-04
# With parameters(tra.):    -0.3491E-07   -0.8931E-07    0.5392E-07
# With parameters(rot.):     0.9724E-06   -0.7323E-07   -0.2185E-06
# Minimization at step:   217 with Value:    -0.0000Tol(Act/Req):0.4527E-04/0.1000E-04
# With parameters(tra.):    -0.3584E-07   -0.8388E-07    0.5813E-07
# With parameters(rot.):     0.9450E-06   -0.7348E-07   -0.2121E-06
# Minimization at step:   218 with Value:    -0.0000Tol(Act/Req):0.4523E-04/0.1000E-04
# With parameters(tra.):    -0.3374E-07   -0.8172E-07    0.5771E-07
# With parameters(rot.):     0.9363E-06   -0.7554E-07   -0.2149E-06
# Minimization at step:   219 with Value:    -0.0000Tol(Act/Req):0.4490E-04/0.1000E-04
# With parameters(tra.):    -0.3403E-07   -0.7882E-07    0.5978E-07
# With parameters(rot.):     0.9219E-06   -0.7584E-07   -0.2120E-06
# Minimization at step:   220 with Value:    -0.0000Tol(Act/Req):0.7714E-04/0.1000E-04
# With parameters(tra.):    -0.5335E-07   -0.7044E-08    0.9453E-07
# With parameters(rot.):     0.2245E-05    0.4559E-07   -0.2395E-06
# Minimization at step:   221 with Value:    -0.0000Tol(Act/Req):0.3690E-04/0.1000E-04
# With parameters(tra.):    -0.5355E-07    0.7901E-09    0.9355E-07
# With parameters(rot.):     0.2773E-05    0.6305E-07   -0.1931E-06
# Minimization at step:   222 with Value:    -0.0000Tol(Act/Req):0.2960E-04/0.1000E-04
# With parameters(tra.):    -0.5498E-07   -0.1841E-08    0.9596E-07
# With parameters(rot.):     0.2856E-05    0.6134E-07   -0.1981E-06
# Minimization at step:   223 with Value:    -0.0000Tol(Act/Req):0.6865E-04/0.1000E-04
# With parameters(tra.):    -0.5505E-07   -0.4019E-08    0.9641E-07
# With parameters(rot.):     0.2730E-05    0.5684E-07   -0.2101E-06
# Minimization at step:   224 with Value:    -0.0000Tol(Act/Req):0.6783E-04/0.1000E-04
# With parameters(tra.):    -0.5358E-07   -0.3643E-09    0.9696E-07
# With parameters(rot.):     0.2881E-05    0.5847E-07   -0.2026E-06
# Minimization at step:   225 with Value:    -0.0000Tol(Act/Req):0.6448E-04/0.1000E-04
# With parameters(tra.):    -0.5394E-07    0.4756E-08    0.9984E-07
# With parameters(rot.):     0.3079E-05    0.6247E-07   -0.1873E-06
# Minimization at step:   226 with Value:    -0.0000Tol(Act/Req):0.6268E-04/0.1000E-04
# With parameters(tra.):    -0.5954E-07    0.1941E-07    0.1064E-06
# With parameters(rot.):     0.3325E-05    0.5996E-07   -0.1746E-06
# Minimization at step:   227 with Value:    -0.0000Tol(Act/Req):0.6112E-04/0.1000E-04
# With parameters(tra.):    -0.5516E-07    0.4304E-08    0.9872E-07
# With parameters(rot.):     0.3244E-05    0.2427E-07   -0.1438E-06
# Minimization at step:   228 with Value:    -0.0000Tol(Act/Req):0.4492E-04/0.1000E-04
# With parameters(tra.):    -0.5589E-07    0.3501E-08    0.1002E-06
# With parameters(rot.):     0.3318E-05    0.2033E-07   -0.1417E-06
# Minimization at step:   229 with Value:    -0.0000Tol(Act/Req):0.4394E-04/0.1000E-04
# With parameters(tra.):    -0.5534E-07    0.7621E-08    0.9958E-07
# With parameters(rot.):     0.3361E-05    0.2978E-07   -0.1376E-06
# Minimization at step:   230 with Value:    -0.0000Tol(Act/Req):0.3577E-04/0.1000E-04
# With parameters(tra.):    -0.5544E-07    0.3456E-08    0.9662E-07
# With parameters(rot.):     0.3257E-05    0.1488E-07   -0.1363E-06
# Minimization at step:   231 with Value:    -0.0000Tol(Act/Req):0.3459E-04/0.1000E-04
# With parameters(tra.):    -0.5577E-07    0.3051E-08    0.9704E-07
# With parameters(rot.):     0.3289E-05    0.1246E-07   -0.1349E-06
# Minimization at step:   232 with Value:    -0.0000Tol(Act/Req):0.4083E-04/0.1000E-04
# With parameters(tra.):    -0.5520E-07    0.6049E-08    0.9539E-07
# With parameters(rot.):     0.3386E-05    0.4816E-07   -0.1364E-06
# Minimization at step:   233 with Value:    -0.0000Tol(Act/Req):0.2209E-04/0.1000E-04
# With parameters(tra.):    -0.5263E-07   -0.1492E-08    0.9178E-07
# With parameters(rot.):     0.3289E-05    0.4317E-07   -0.1362E-06
# Minimization at step:   234 with Value:    -0.0000Tol(Act/Req):0.1954E-04/0.1000E-04
# With parameters(tra.):    -0.5435E-07    0.3536E-08    0.9419E-07
# With parameters(rot.):     0.3353E-05    0.4650E-07   -0.1364E-06
# Minimization at step:   235 with Value:    -0.0000Tol(Act/Req):0.1630E-04/0.1000E-04
# With parameters(tra.):    -0.5406E-07    0.4712E-08    0.9534E-07
# With parameters(rot.):     0.3400E-05    0.5299E-07   -0.1367E-06
# Minimization at step:   236 with Value:    -0.0000Tol(Act/Req):0.1596E-04/0.1000E-04
# With parameters(tra.):    -0.5454E-07    0.6437E-08    0.9622E-07
# With parameters(rot.):     0.3413E-05    0.5736E-07   -0.1403E-06
# Minimization at step:   237 with Value:    -0.0000Tol(Act/Req):0.1801E-04/0.1000E-04
# With parameters(tra.):    -0.5384E-07    0.9925E-08    0.9550E-07
# With parameters(rot.):     0.3453E-05    0.6698E-07   -0.1370E-06
# Minimization at step:   238 with Value:    -0.0000Tol(Act/Req):0.1419E-04/0.1000E-04
# With parameters(tra.):    -0.5380E-07    0.1015E-07    0.9562E-07
# With parameters(rot.):     0.3467E-05    0.6794E-07   -0.1367E-06
# Minimization at step:   239 with Value:    -0.0000Tol(Act/Req):0.1214E-04/0.1000E-04
# With parameters(tra.):    -0.5398E-07    0.1132E-07    0.9601E-07
# With parameters(rot.):     0.3478E-05    0.7101E-07   -0.1381E-06
# Minimization at step:   240 with Value:    -0.0000Tol(Act/Req):0.1292E-04/0.1000E-04
# With parameters(tra.):    -0.5398E-07    0.1215E-07    0.9637E-07
# With parameters(rot.):     0.3509E-05    0.7395E-07   -0.1380E-06
# Minimization at step:   241 with Value:    -0.0000Tol(Act/Req):0.1141E-04/0.1000E-04
# With parameters(tra.):    -0.5415E-07    0.1235E-07    0.9639E-07
# With parameters(rot.):     0.3518E-05    0.7398E-07   -0.1362E-06
# Minimization at step:   242 with Value:    -0.0000Tol(Act/Req):0.8881E-05/0.1000E-04
# With parameters(tra.):    -0.5425E-07    0.1302E-07    0.9661E-07
# With parameters(rot.):     0.3526E-05    0.7576E-07   -0.1368E-06
# CSM Values after y minimization.
# Final Number of optim. Steps:   242
#      Before min is:      0.00000000000
# Final CSM Value is:     -0.00000000000
# Coordinates rotated along Z.
[molecule] Nrec=   4 Format=nscxyz
  h                1    1    0.20000000D+00  -0.10000000D+01   0.10000000D+00
  h                2    1   -0.20000000D+00  -0.10000000D+01  -0.10000000D+00
  h                3    1   -0.20000000D+00   0.10000000D+01   0.10000000D+00
  h                4    1    0.20000000D+00   0.10000000D+01  -0.10000000D+00
# Minimization at step:     0 with Value:     0.0327Tol(Act/Req):0.2000E+01/0.1000E-04
# With parameters(tra.):     0.1429E-01    0.1429E-01    0.1429E-01
# With parameters(rot.):     0.1429E-01    0.1429E-01    0.1429E-01
# Minimization at step:     1 with Value:     0.0257Tol(Act/Req):0.2000E+01/0.1000E-04
# With parameters(tra.):     0.1548E-01    0.1548E-01    0.7143E-02
# With parameters(rot.):     0.1548E-01    0.1548E-01    0.1548E-01
# Minimization at step:     2 with Value:     0.0194Tol(Act/Req):0.2000E+01/0.1000E-04
# With parameters(tra.):     0.8433E-02    0.1677E-01    0.7738E-02
# With parameters(rot.):     0.1677E-01    0.1677E-01    0.1677E-01
# Minimization at step:     3 with Value:     0.0132Tol(Act/Req):0.2000E+01/0.1000E-04
# With parameters(tra.):     0.9135E-02    0.9830E-02    0.8383E-02
# With parameters(rot.):     0.1816E-01    0.1816E-01    0.1816E-01
# Minimization at step:     4 with Value:     0.0112Tol(Act/Req):0.2000E+01/0.1000E-04
# With parameters(tra.):     0.9897E-02    0.1065E-01    0.9082E-02
# With parameters(rot.):     0.1968E-01    0.1134E-01    0.1968E-01
# Minimization at step:     5 with Value:     0.0094Tol(Act/Req):0.2000E+01/0.1000E-04
# With parameters(tra.):     0.1029E-01    0.1123E-01   -0.1148E-02
# With parameters(rot.):     0.2251E-01    0.1210E-01    0.2251E-01
# Minimization at step:     6 with Value:     0.0077Tol(Act/Req):0.2000E+01/0.1000E-04
# With parameters(tra.):     0.1855E-03    0.1178E-01   -0.2477E-02
# With parameters(rot.):     0.2588E-01    0.1286E-01    0.2588E-01
# Minimization at step:     7 with Value:     0.0075Tol(Act/Req):0.2000E+01/0.1000E-04
# With parameters(tra.):     0.2474E-03    0.1570E-01   -0.3302E-02
# With parameters(rot.):     0.3451E-01    0.1715E-01    0.1178E-02
# Minimization at step:     8 with Value:     0.0065Tol(Act/Req):0.2000E+01/0.1000E-04
# With parameters(tra.):    -0.1310E-02    0.3789E-02   -0.5908E-02
# With parameters(rot.):     0.4276E-01    0.1961E-01   -0.1689E-02
# Minimization at step:     9 with Value:     0.0048Tol(Act/Req):0.2000E+01/0.1000E-04
# With parameters(tra.):    -0.1455E-02    0.1815E-02   -0.5919E-02
# With parameters(rot.):     0.4129E-01    0.1874E-01    0.4248E-02
# Minimization at step:    10 with Value:     0.0037Tol(Act/Req):0.2000E+01/0.1000E-04
# With parameters(tra.):    -0.1078E-02    0.4629E-02   -0.5268E-02
# With parameters(rot.):     0.3910E-01    0.1805E-01    0.5460E-02
# Minimization at step:    11 with Value:     0.0031Tol(Act/Req):0.2000E+01/0.1000E-04
# With parameters(tra.):    -0.4115E-02    0.2690E-02   -0.1183E-02
# With parameters(rot.):     0.4183E-01    0.1917E-01   -0.2212E-03
# Minimization at step:    12 with Value:     0.0028Tol(Act/Req):0.2000E+01/0.1000E-04
# With parameters(tra.):    -0.7262E-02    0.1675E-02   -0.3208E-02
# With parameters(rot.):     0.5224E-01    0.8135E-02   -0.3827E-02
# Minimization at step:    13 with Value:     0.0022Tol(Act/Req):0.2000E+01/0.1000E-04
# With parameters(tra.):    -0.6199E-02    0.7415E-03   -0.3047E-02
# With parameters(rot.):     0.5388E-01    0.7613E-02   -0.6864E-02
# Minimization at step:    14 with Value:     0.0018Tol(Act/Req):0.2000E+01/0.1000E-04
# With parameters(tra.):    -0.6667E-02   -0.3351E-03   -0.2813E-02
# With parameters(rot.):     0.5419E-01    0.6252E-02   -0.4822E-02
# Minimization at step:    15 with Value:     0.0014Tol(Act/Req):0.2000E+01/0.1000E-04
# With parameters(tra.):    -0.5831E-02   -0.2489E-03   -0.2274E-02
# With parameters(rot.):     0.5175E-01    0.8853E-02   -0.4003E-02
# Minimization at step:    16 with Value:     0.0011Tol(Act/Req):0.2000E+01/0.1000E-04
# With parameters(tra.):    -0.6453E-02    0.2753E-02   -0.5501E-03
# With parameters(rot.):     0.5164E-01    0.5524E-02   -0.4552E-02
# Minimization at step:    17 with Value:     0.0009Tol(Act/Req):0.2000E+01/0.1000E-04
# With parameters(tra.):    -0.5520E-02    0.3738E-02   -0.2434E-02
# With parameters(rot.):     0.5273E-01    0.1556E-02   -0.2794E-02
# Minimization at step:    18 with Value:     0.0008Tol(Act/Req):0.2000E+01/0.1000E-04
# With parameters(tra.):    -0.3167E-02    0.2870E-02   -0.1909E-02
# With parameters(rot.):     0.5561E-01   -0.1506E-02   -0.7512E-02
# Minimization at step:    19 with Value:     0.0008Tol(Act/Req):0.2000E+01/0.1000E-04
# With parameters(tra.):    -0.2936E-02    0.1785E-02   -0.1140E-02
# With parameters(rot.):     0.5671E-01   -0.6814E-02   -0.4324E-02
# Minimization at step:    20 with Value:     0.0007Tol(Act/Req):0.2000E+01/0.1000E-04
# With parameters(tra.):    -0.2983E-03    0.2635E-02    0.3167E-03
# With parameters(rot.):     0.5349E-01   -0.6834E-02   -0.2794E-02
# Minimization at step:    21 with Value:     0.0006Tol(Act/Req):0.2000E+01/0.1000E-04
# With parameters(tra.):    -0.6474E-03    0.2833E-02    0.3708E-03
# With parameters(rot.):     0.5259E-01   -0.6513E-02   -0.1221E-02
# Minimization at step:    22 with Value:     0.0005Tol(Act/Req):0.2000E+01/0.1000E-04
# With parameters(tra.):    -0.2483E-03    0.3908E-02    0.1714E-03
# With parameters(rot.):     0.5073E-01   -0.2457E-02   -0.2836E-02
# Minimization at step:    23 with Value:     0.0005Tol(Act/Req):0.2000E+01/0.1000E-04
# With parameters(tra.):     0.2235E-02    0.2292E-02   -0.7375E-03
# With parameters(rot.):     0.5050E-01   -0.2897E-02   -0.1899E-02
# Minimization at step:    24 with Value:     0.0005Tol(Act/Req):0.2000E+01/0.1000E-04
# With parameters(tra.):     0.4415E-03    0.1328E-02   -0.2545E-02
# With parameters(rot.):     0.5274E-01   -0.1564E-02   -0.3131E-02
# Minimization at step:    25 with Value:     0.0004Tol(Act/Req):0.2000E+01/0.1000E-04
# With parameters(tra.):    -0.3288E-03    0.1651E-02   -0.2469E-02
# With parameters(rot.):     0.5298E-01   -0.1343E-02   -0.3468E-02
# Minimization at step:    26 with Value:     0.0003Tol(Act/Req):0.2000E+01/0.1000E-04
# With parameters(tra.):     0.8238E-03    0.2456E-02   -0.1094E-02
# With parameters(rot.):     0.5136E-01   -0.2287E-02   -0.2628E-02
# Minimization at step:    27 with Value:     0.0002Tol(Act/Req):0.2000E+01/0.1000E-04
# With parameters(tra.):     0.1943E-02    0.1642E-02    0.1835E-03
# With parameters(rot.):     0.5048E-01   -0.1265E-02   -0.3466E-02
# Minimization at step:    28 with Value:     0.0002Tol(Act/Req):0.2000E+01/0.1000E-04
# With parameters(tra.):     0.2108E-02    0.1641E-02    0.2293E-03
# With parameters(rot.):     0.4798E-01    0.1128E-02   -0.1069E-02
# Minimization at step:    29 with Value:     0.0002Tol(Act/Req):0.2000E+01/0.1000E-04
# With parameters(tra.):     0.2498E-02    0.5360E-03    0.3435E-03
# With parameters(rot.):     0.4822E-01   -0.3762E-05    0.1810E-03
# Minimization at step:    30 with Value:     0.0002Tol(Act/Req):0.2000E+01/0.1000E-04
# With parameters(tra.):     0.2489E-02    0.4444E-03    0.3415E-03
# With parameters(rot.):     0.4887E-01   -0.6963E-03   -0.3142E-03
# Minimization at step:    31 with Value:     0.0002Tol(Act/Req):0.2000E+01/0.1000E-04
# With parameters(tra.):     0.2275E-02   -0.7622E-03   -0.9664E-04
# With parameters(rot.):     0.4911E-01    0.4637E-03   -0.1025E-03
# Minimization at step:    32 with Value:     0.0002Tol(Act/Req):0.2000E+01/0.1000E-04
# With parameters(tra.):     0.1640E-02   -0.1022E-02   -0.1041E-02
# With parameters(rot.):     0.4924E-01    0.3579E-03    0.1577E-02
# Minimization at step:    33 with Value:     0.0001Tol(Act/Req):0.2000E+01/0.1000E-04
# With parameters(tra.):     0.7559E-03   -0.1265E-02   -0.4126E-03
# With parameters(rot.):     0.4849E-01    0.1367E-02    0.2585E-02
# Minimization at step:    34 with Value:     0.0001Tol(Act/Req):0.2000E+01/0.1000E-04
# With parameters(tra.):     0.4629E-03   -0.2265E-03   -0.7974E-04
# With parameters(rot.):     0.4803E-01    0.5084E-03    0.3269E-02
# Minimization at step:    35 with Value:     0.0001Tol(Act/Req):0.2000E+01/0.1000E-04
# With parameters(tra.):     0.5235E-03   -0.9540E-04    0.2366E-03
# With parameters(rot.):     0.4790E-01    0.5474E-03    0.2990E-02
# Minimization at step:    36 with Value:     0.0001Tol(Act/Req):0.2000E+01/0.1000E-04
# With parameters(tra.):     0.7252E-03    0.6304E-04    0.1335E-03
# With parameters(rot.):     0.4804E-01    0.2268E-03    0.2772E-02
# Minimization at step:    37 with Value:     0.0001Tol(Act/Req):0.2000E+01/0.1000E-04
# With parameters(tra.):     0.8204E-03   -0.1726E-03    0.6805E-04
# With parameters(rot.):     0.4815E-01    0.4180E-03    0.2559E-02
# Minimization at step:    38 with Value:     0.0001Tol(Act/Req):0.2000E+01/0.1000E-04
# With parameters(tra.):     0.2063E-03    0.2027E-03   -0.5789E-04
# With parameters(rot.):     0.4802E-01    0.1089E-02    0.2529E-02
# Minimization at step:    39 with Value:     0.0001Tol(Act/Req):0.2000E+01/0.1000E-04
# With parameters(tra.):     0.2751E-03    0.2702E-03   -0.7718E-04
# With parameters(rot.):     0.3069E-01    0.1452E-02    0.3372E-02
# Minimization at step:    40 with Value:     0.0001Tol(Act/Req):0.2000E+01/0.1000E-04
# With parameters(tra.):    -0.2916E-03    0.8922E-04   -0.1848E-03
# With parameters(rot.):     0.2711E-01    0.9509E-03    0.3551E-02
# Minimization at step:    41 with Value:     0.0001Tol(Act/Req):0.2000E+01/0.1000E-04
# With parameters(tra.):    -0.4420E-03    0.4130E-03    0.3075E-03
# With parameters(rot.):     0.1991E-01    0.1163E-02    0.3180E-02
# Minimization at step:    42 with Value:     0.0000Tol(Act/Req):0.2000E+01/0.1000E-04
# With parameters(tra.):    -0.5189E-03    0.4080E-03    0.3444E-03
# With parameters(rot.):     0.2335E-01    0.1049E-02    0.2953E-02
# Minimization at step:    43 with Value:     0.0000Tol(Act/Req):0.2000E+01/0.1000E-04
# With parameters(tra.):    -0.5303E-03    0.8398E-03    0.2084E-03
# With parameters(rot.):     0.1540E-01    0.6812E-03    0.2578E-02
# Minimization at step:    44 with Value:     0.0000Tol(Act/Req):0.2000E+01/0.1000E-04
# With parameters(tra.):    -0.7902E-03    0.7061E-03    0.1243E-03
# With parameters(rot.):     0.4703E-02    0.1151E-02    0.2159E-02
# Minimization at step:    45 with Value:     0.0000Tol(Act/Req):0.2000E+01/0.1000E-04
# With parameters(tra.):    -0.7130E-03    0.6238E-03    0.2690E-03
# With parameters(rot.):    -0.9642E-02    0.7244E-03    0.2056E-02
# Minimization at step:    46 with Value:     0.0000Tol(Act/Req):0.2000E+01/0.1000E-04
# With parameters(tra.):    -0.6530E-03    0.3703E-03   -0.2361E-03
# With parameters(rot.):    -0.1229E-01    0.3657E-03    0.2051E-02
# Minimization at step:    47 with Value:     0.0000Tol(Act/Req):0.2000E+01/0.1000E-04
# With parameters(tra.):    -0.5887E-03    0.4239E-03   -0.2224E-03
# With parameters(rot.):    -0.1498E-01    0.4005E-03    0.1897E-02
# Minimization at step:    48 with Value:     0.0000Tol(Act/Req):0.2000E+01/0.1000E-04
# With parameters(tra.):    -0.5976E-03    0.4278E-03   -0.2995E-03
# With parameters(rot.):    -0.1184E-01    0.4802E-03    0.1909E-02
# Minimization at step:    49 with Value:     0.0000Tol(Act/Req):0.2000E+01/0.1000E-04
# With parameters(tra.):    -0.7777E-03    0.4245E-03   -0.4404E-03
# With parameters(rot.):    -0.1670E-01    0.6103E-04    0.1108E-02
# Minimization at step:    50 with Value:     0.0000Tol(Act/Req):0.1999E+01/0.1000E-04
# With parameters(tra.):    -0.5136E-03    0.4643E-03   -0.5446E-03
# With parameters(rot.):    -0.1314E-01   -0.7726E-03    0.1176E-02
# Minimization at step:    51 with Value:     0.0000Tol(Act/Req):0.1999E+01/0.1000E-04
# With parameters(tra.):    -0.4967E-03   -0.9271E-04   -0.6596E-03
# With parameters(rot.):    -0.1471E-01   -0.8898E-03    0.1085E-02
# Minimization at step:    52 with Value:     0.0000Tol(Act/Req):0.1999E+01/0.1000E-04
# With parameters(tra.):    -0.4282E-03   -0.1350E-03   -0.6426E-03
# With parameters(rot.):    -0.1333E-01   -0.8643E-03    0.1283E-02
# Minimization at step:    53 with Value:     0.0000Tol(Act/Req):0.1999E+01/0.1000E-04
# With parameters(tra.):    -0.4133E-03   -0.4993E-04   -0.2731E-03
# With parameters(rot.):    -0.1102E-01   -0.9155E-03    0.1031E-02
# Minimization at step:    54 with Value:     0.0000Tol(Act/Req):0.1999E+01/0.1000E-04
# With parameters(tra.):    -0.4106E-03    0.9290E-04   -0.2121E-03
# With parameters(rot.):    -0.1032E-01   -0.8883E-03    0.1050E-02
# Minimization at step:    55 with Value:     0.0000Tol(Act/Req):0.1999E+01/0.1000E-04
# With parameters(tra.):    -0.4681E-03    0.5198E-04   -0.1584E-03
# With parameters(rot.):    -0.1097E-01   -0.6895E-03    0.1022E-02
# Minimization at step:    56 with Value:     0.0000Tol(Act/Req):0.1999E+01/0.1000E-04
# With parameters(tra.):    -0.2992E-03    0.3519E-04   -0.1097E-03
# With parameters(rot.):    -0.1501E-01   -0.9832E-03    0.4209E-03
# Minimization at step:    57 with Value:     0.0000Tol(Act/Req):0.1999E+01/0.1000E-04
# With parameters(tra.):    -0.2176E-03   -0.8786E-04   -0.2007E-03
# With parameters(rot.):    -0.9785E-02   -0.1312E-02   -0.5005E-04
# Minimization at step:    58 with Value:     0.0000Tol(Act/Req):0.1999E+01/0.1000E-04
# With parameters(tra.):    -0.3593E-03   -0.1121E-03   -0.2797E-03
# With parameters(rot.):    -0.4005E-02   -0.1127E-02    0.3941E-03
# Minimization at step:    59 with Value:     0.0000Tol(Act/Req):0.1999E+01/0.1000E-04
# With parameters(tra.):    -0.3915E-03   -0.8333E-04   -0.2635E-03
# With parameters(rot.):    -0.4830E-02   -0.1030E-02    0.5488E-03
# Minimization at step:    60 with Value:     0.0000Tol(Act/Req):0.1999E+01/0.1000E-04
# With parameters(tra.):    -0.2424E-03   -0.1506E-03   -0.1032E-03
# With parameters(rot.):     0.7651E-03   -0.1034E-02    0.7010E-03
# Minimization at step:    61 with Value:     0.0000Tol(Act/Req):0.1998E+01/0.1000E-04
# With parameters(tra.):    -0.6172E-04   -0.1393E-03    0.3455E-04
# With parameters(rot.):    -0.3425E-02   -0.1187E-02    0.3592E-03
# Minimization at step:    62 with Value:     0.0000Tol(Act/Req):0.1998E+01/0.1000E-04
# With parameters(tra.):    -0.3128E-04   -0.8721E-04    0.8559E-04
# With parameters(rot.):    -0.2502E-02   -0.1198E-02    0.3108E-03
# Minimization at step:    63 with Value:     0.0000Tol(Act/Req):0.1998E+01/0.1000E-04
# With parameters(tra.):    -0.5820E-06   -0.2154E-03    0.2744E-03
# With parameters(rot.):    -0.9856E-03   -0.9706E-03    0.1844E-04
# Minimization at step:    64 with Value:     0.0000Tol(Act/Req):0.1998E+01/0.1000E-04
# With parameters(tra.):    -0.1609E-03   -0.2522E-03    0.2165E-03
# With parameters(rot.):     0.4018E-02   -0.7452E-03    0.2467E-03
# Minimization at step:    65 with Value:     0.0000Tol(Act/Req):0.1998E+01/0.1000E-04
# With parameters(tra.):    -0.2828E-03   -0.2187E-03    0.1629E-03
# With parameters(rot.):    -0.4926E-03   -0.6449E-03   -0.5692E-04
# Minimization at step:    66 with Value:     0.0000Tol(Act/Req):0.1998E+01/0.1000E-04
# With parameters(tra.):    -0.2529E-03   -0.2068E-03    0.1729E-03
# With parameters(rot.):    -0.2119E-02   -0.6928E-03   -0.1393E-03
# Minimization at step:    67 with Value:     0.0000Tol(Act/Req):0.1998E+01/0.1000E-04
# With parameters(tra.):    -0.2143E-03   -0.3441E-03   -0.4806E-04
# With parameters(rot.):    -0.1462E-02   -0.5674E-03   -0.2775E-03
# Minimization at step:    68 with Value:     0.0000Tol(Act/Req):0.1998E+01/0.1000E-04
# With parameters(tra.):    -0.2398E-03   -0.3227E-03   -0.1221E-03
# With parameters(rot.):    -0.1881E-02   -0.5908E-03   -0.2291E-03
# Minimization at step:    69 with Value:     0.0000Tol(Act/Req):0.1997E+01/0.1000E-04
# With parameters(tra.):    -0.2751E-03   -0.2144E-03    0.2504E-04
# With parameters(rot.):    -0.2478E-02   -0.6907E-03   -0.1133E-03
# Minimization at step:    70 with Value:     0.0000Tol(Act/Req):0.1997E+01/0.1000E-04
# With parameters(tra.):    -0.2440E-03   -0.2224E-03    0.2697E-04
# With parameters(rot.):    -0.1516E-02   -0.7196E-03   -0.4209E-04
# Minimization at step:    71 with Value:     0.0000Tol(Act/Req):0.1996E+01/0.1000E-04
# With parameters(tra.):    -0.2592E-03   -0.2113E-03    0.1561E-03
# With parameters(rot.):    -0.2061E-02   -0.4213E-03    0.7044E-04
# Minimization at step:    72 with Value:     0.0000Tol(Act/Req):0.1995E+01/0.1000E-04
# With parameters(tra.):    -0.2630E-03   -0.1956E-03    0.1875E-03
# With parameters(rot.):    -0.1563E-02   -0.3622E-03    0.2624E-04
# Minimization at step:    73 with Value:     0.0000Tol(Act/Req):0.1994E+01/0.1000E-04
# With parameters(tra.):    -0.2595E-03   -0.1971E-03    0.1579E-03
# With parameters(rot.):    -0.1385E-02   -0.4319E-03   -0.5579E-05
# Minimization at step:    74 with Value:     0.0000Tol(Act/Req):0.1993E+01/0.1000E-04
# With parameters(tra.):    -0.2308E-03   -0.2635E-03    0.1040E-03
# With parameters(rot.):    -0.6224E-03   -0.2790E-03   -0.4685E-04
# Minimization at step:    75 with Value:     0.0000Tol(Act/Req):0.1993E+01/0.1000E-04
# With parameters(tra.):    -0.1636E-03   -0.2585E-03    0.1010E-03
# With parameters(rot.):    -0.3377E-02   -0.2370E-03   -0.1808E-03
# Minimization at step:    76 with Value:     0.0000Tol(Act/Req):0.1993E+01/0.1000E-04
# With parameters(tra.):    -0.7450E-04   -0.2865E-03    0.1296E-03
# With parameters(rot.):    -0.2073E-02   -0.1339E-03   -0.8457E-04
# Minimization at step:    77 with Value:     0.0000Tol(Act/Req):0.1992E+01/0.1000E-04
# With parameters(tra.):    -0.7037E-04   -0.2317E-03    0.6538E-04
# With parameters(rot.):    -0.2974E-02   -0.2834E-04    0.6045E-04
# Minimization at step:    78 with Value:     0.0000Tol(Act/Req):0.1991E+01/0.1000E-04
# With parameters(tra.):    -0.7940E-04   -0.2308E-03    0.6315E-04
# With parameters(rot.):    -0.2252E-02   -0.2146E-04    0.1140E-03
# Minimization at step:    79 with Value:     0.0000Tol(Act/Req):0.1989E+01/0.1000E-04
# With parameters(tra.):    -0.3917E-04   -0.2160E-03    0.7916E-04
# With parameters(rot.):    -0.1677E-02    0.1524E-03    0.6967E-04
# Minimization at step:    80 with Value:     0.0000Tol(Act/Req):0.1989E+01/0.1000E-04
# With parameters(tra.):    -0.1906E-04   -0.2184E-03    0.5776E-04
# With parameters(rot.):    -0.1612E-02    0.1662E-03    0.6003E-04
# Minimization at step:    81 with Value:     0.0000Tol(Act/Req):0.1989E+01/0.1000E-04
# With parameters(tra.):     0.2276E-04   -0.1369E-03    0.9618E-04
# With parameters(rot.):    -0.2705E-02    0.1618E-03    0.1369E-03
# Minimization at step:    82 with Value:     0.0000Tol(Act/Req):0.1985E+01/0.1000E-04
# With parameters(tra.):    -0.1973E-04   -0.7844E-04    0.6640E-04
# With parameters(rot.):    -0.3841E-02    0.1584E-03    0.1202E-03
# Minimization at step:    83 with Value:     0.0000Tol(Act/Req):0.1982E+01/0.1000E-04
# With parameters(tra.):    -0.3373E-04   -0.9394E-04    0.5431E-04
# With parameters(rot.):    -0.3662E-02    0.1592E-03    0.9954E-04
# Minimization at step:    84 with Value:     0.0000Tol(Act/Req):0.1980E+01/0.1000E-04
# With parameters(tra.):    -0.2766E-04   -0.1006E-03    0.9972E-04
# With parameters(rot.):    -0.3158E-02    0.1269E-03    0.5456E-06
# Minimization at step:    85 with Value:     0.0000Tol(Act/Req):0.1978E+01/0.1000E-04
# With parameters(tra.):    -0.2847E-04   -0.5521E-04    0.1074E-03
# With parameters(rot.):    -0.2016E-02    0.1902E-03    0.6987E-04
# Minimization at step:    86 with Value:     0.0000Tol(Act/Req):0.1974E+01/0.1000E-04
# With parameters(tra.):    -0.5173E-04   -0.1143E-04    0.1062E-03
# With parameters(rot.):    -0.2512E-02    0.8687E-04    0.9952E-04
# Minimization at step:    87 with Value:     0.0000Tol(Act/Req):0.1970E+01/0.1000E-04
# With parameters(tra.):    -0.2240E-04    0.5291E-04    0.7956E-04
# With parameters(rot.):    -0.2683E-02    0.8813E-04    0.9340E-04
# Minimization at step:    88 with Value:     0.0000Tol(Act/Req):0.1969E+01/0.1000E-04
# With parameters(tra.):     0.2372E-05    0.3616E-04    0.7383E-04
# With parameters(rot.):    -0.2353E-02    0.1659E-03    0.6964E-04
# Minimization at step:    89 with Value:     0.0000Tol(Act/Req):0.1965E+01/0.1000E-04
# With parameters(tra.):     0.5146E-05    0.3244E-04    0.6910E-04
# With parameters(rot.):    -0.2667E-02    0.1481E-03    0.5229E-04
# Minimization at step:    90 with Value:     0.0000Tol(Act/Req):0.1964E+01/0.1000E-04
# With parameters(tra.):     0.4176E-04    0.3044E-04    0.8985E-04
# With parameters(rot.):    -0.1518E-02    0.1469E-03    0.4084E-04
# Minimization at step:    91 with Value:     0.0000Tol(Act/Req):0.1964E+01/0.1000E-04
# With parameters(tra.):     0.3978E-04    0.1249E-04    0.9737E-04
# With parameters(rot.):    -0.1379E-02    0.1515E-03    0.3799E-04
# Minimization at step:    92 with Value:     0.0000Tol(Act/Req):0.1958E+01/0.1000E-04
# With parameters(tra.):     0.3629E-04    0.1696E-04    0.8755E-04
# With parameters(rot.):    -0.2607E-03    0.1506E-03   -0.2377E-04
# Minimization at step:    93 with Value:     0.0000Tol(Act/Req):0.1953E+01/0.1000E-04
# With parameters(tra.):     0.4060E-04    0.2786E-04    0.7897E-04
# With parameters(rot.):    -0.1033E-03    0.1580E-03   -0.9293E-05
# Minimization at step:    94 with Value:     0.0000Tol(Act/Req):0.1933E+01/0.1000E-04
# With parameters(tra.):     0.3602E-05    0.2899E-04    0.5459E-04
# With parameters(rot.):    -0.7800E-03    0.1628E-03   -0.1456E-04
# Minimization at step:    95 with Value:     0.0000Tol(Act/Req):0.1929E+01/0.1000E-04
# With parameters(tra.):    -0.1250E-04    0.3776E-04    0.5200E-04
# With parameters(rot.):    -0.4754E-03    0.1099E-03   -0.2678E-04
# Minimization at step:    96 with Value:     0.0000Tol(Act/Req):0.1925E+01/0.1000E-04
# With parameters(tra.):    -0.1284E-04    0.3209E-04    0.3683E-04
# With parameters(rot.):    -0.3724E-03    0.6155E-04   -0.8784E-04
# Minimization at step:    97 with Value:     0.0000Tol(Act/Req):0.1920E+01/0.1000E-04
# With parameters(tra.):    -0.1606E-04    0.3223E-04    0.3506E-04
# With parameters(rot.):    -0.6612E-03    0.5435E-04   -0.7774E-04
# Minimization at step:    98 with Value:     0.0000Tol(Act/Req):0.1912E+01/0.1000E-04
# With parameters(tra.):    -0.8449E-05    0.3222E-04    0.3953E-04
# With parameters(rot.):    -0.4821E-03    0.4410E-04   -0.8169E-04
# Minimization at step:    99 with Value:     0.0000Tol(Act/Req):0.1898E+01/0.1000E-04
# With parameters(tra.):    -0.1346E-04    0.2489E-04    0.3846E-04
# With parameters(rot.):    -0.3375E-03    0.3744E-04   -0.9309E-04
# Minimization at step:   100 with Value:     0.0000Tol(Act/Req):0.1875E+01/0.1000E-04
# With parameters(tra.):    -0.2050E-04    0.4049E-04    0.1547E-04
# With parameters(rot.):    -0.1600E-03    0.1833E-04   -0.9233E-04
# Minimization at step:   101 with Value:     0.0000Tol(Act/Req):0.1784E+01/0.1000E-04
# With parameters(tra.):    -0.2216E-04    0.4684E-04    0.2150E-04
# With parameters(rot.):    -0.1841E-03    0.4381E-04   -0.4766E-04
# Minimization at step:   102 with Value:     0.0000Tol(Act/Req):0.1782E+01/0.1000E-04
# With parameters(tra.):    -0.2428E-04    0.4813E-04    0.1948E-04
# With parameters(rot.):    -0.2888E-03    0.3933E-04   -0.4010E-04
# Minimization at step:   103 with Value:     0.0000Tol(Act/Req):0.1780E+01/0.1000E-04
# With parameters(tra.):    -0.1433E-04    0.5341E-04    0.2174E-04
# With parameters(rot.):     0.1338E-03    0.1724E-04   -0.3414E-04
# Minimization at step:   104 with Value:     0.0000Tol(Act/Req):0.1760E+01/0.1000E-04
# With parameters(tra.):     0.1161E-05    0.4985E-04    0.1425E-04
# With parameters(rot.):     0.3231E-04    0.3924E-04   -0.2437E-04
# Minimization at step:   105 with Value:     0.0000Tol(Act/Req):0.1745E+01/0.1000E-04
# With parameters(tra.):    -0.3988E-05    0.4350E-04    0.4049E-05
# With parameters(rot.):     0.4448E-03    0.2653E-04   -0.2426E-04
# Minimization at step:   106 with Value:     0.0000Tol(Act/Req):0.1740E+01/0.1000E-04
# With parameters(tra.):    -0.1049E-04    0.3492E-04   -0.4101E-05
# With parameters(rot.):     0.1258E-03    0.5171E-04   -0.2693E-04
# Minimization at step:   107 with Value:     0.0000Tol(Act/Req):0.1694E+01/0.1000E-04
# With parameters(tra.):    -0.4462E-05    0.2573E-04    0.2506E-05
# With parameters(rot.):     0.1085E-03    0.6961E-04   -0.1095E-04
# Minimization at step:   108 with Value:     0.0000Tol(Act/Req):0.1693E+01/0.1000E-04
# With parameters(tra.):    -0.2336E-05    0.2711E-04    0.5094E-05
# With parameters(rot.):     0.1868E-03    0.6480E-04   -0.8955E-05
# Minimization at step:   109 with Value:     0.0000Tol(Act/Req):0.1647E+01/0.1000E-04
# With parameters(tra.):     0.5382E-05    0.1629E-04   -0.4397E-05
# With parameters(rot.):     0.3265E-03    0.5481E-04   -0.2583E-04
# Minimization at step:   110 with Value:     0.0000Tol(Act/Req):0.1641E+01/0.1000E-04
# With parameters(tra.):    -0.8707E-05    0.8667E-05   -0.3118E-05
# With parameters(rot.):     0.5261E-03    0.3800E-04   -0.3610E-04
# Minimization at step:   111 with Value:     0.0000Tol(Act/Req):0.1612E+01/0.1000E-04
# With parameters(tra.):    -0.6026E-05    0.4720E-05    0.2737E-05
# With parameters(rot.):     0.2371E-03    0.5041E-04   -0.3914E-04
# Minimization at step:   112 with Value:     0.0000Tol(Act/Req):0.1590E+01/0.1000E-04
# With parameters(tra.):    -0.2280E-05    0.6297E-05    0.2905E-05
# With parameters(rot.):     0.1631E-03    0.5565E-04   -0.3683E-04
# Minimization at step:   113 with Value:     0.0000Tol(Act/Req):0.1556E+01/0.1000E-04
# With parameters(tra.):     0.8160E-06   -0.5070E-05   -0.6652E-05
# With parameters(rot.):     0.1044E-03    0.5213E-04   -0.2062E-04
# Minimization at step:   114 with Value:     0.0000Tol(Act/Req):0.1438E+01/0.1000E-04
# With parameters(tra.):    -0.1494E-05   -0.4147E-05   -0.4468E-05
# With parameters(rot.):     0.5100E-04    0.5441E-04   -0.1597E-04
# Minimization at step:   115 with Value:     0.0000Tol(Act/Req):0.1433E+01/0.1000E-04
# With parameters(tra.):    -0.4520E-05   -0.7976E-05   -0.1120E-04
# With parameters(rot.):     0.4339E-04    0.3741E-04   -0.2829E-04
# Minimization at step:   116 with Value:     0.0000Tol(Act/Req):0.1396E+01/0.1000E-04
# With parameters(tra.):    -0.5738E-05   -0.5376E-05   -0.9186E-05
# With parameters(rot.):     0.5297E-04    0.3706E-04   -0.3298E-04
# Minimization at step:   117 with Value:     0.0000Tol(Act/Req):0.1334E+01/0.1000E-04
# With parameters(tra.):    -0.2620E-05   -0.1345E-04   -0.8770E-05
# With parameters(rot.):     0.1650E-03    0.1820E-04   -0.3699E-04
# Minimization at step:   118 with Value:     0.0000Tol(Act/Req):0.1320E+01/0.1000E-04
# With parameters(tra.):     0.1039E-05   -0.1144E-04   -0.1231E-05
# With parameters(rot.):     0.2131E-03    0.2880E-04   -0.2757E-04
# Minimization at step:   119 with Value:     0.0000Tol(Act/Req):0.1279E+01/0.1000E-04
# With parameters(tra.):     0.5645E-06   -0.9255E-05   -0.7073E-06
# With parameters(rot.):     0.1891E-03    0.3440E-04   -0.2578E-04
# Minimization at step:   120 with Value:     0.0000Tol(Act/Req):0.1173E+01/0.1000E-04
# With parameters(tra.):     0.8712E-06   -0.1077E-04   -0.4496E-05
# With parameters(rot.):     0.3216E-03    0.2419E-04   -0.2092E-04
# Minimization at step:   121 with Value:     0.0000Tol(Act/Req):0.1154E+01/0.1000E-04
# With parameters(tra.):     0.3007E-05   -0.1141E-04   -0.5029E-05
# With parameters(rot.):     0.2978E-03    0.2418E-04   -0.1844E-04
# Minimization at step:   122 with Value:     0.0000Tol(Act/Req):0.1131E+01/0.1000E-04
# With parameters(tra.):     0.2256E-05   -0.1191E-04   -0.7230E-05
# With parameters(rot.):     0.2929E-03    0.2115E-04   -0.2004E-04
# Minimization at step:   123 with Value:     0.0000Tol(Act/Req):0.9963E+00/0.1000E-04
# With parameters(tra.):    -0.1114E-05   -0.1265E-04   -0.3781E-05
# With parameters(rot.):     0.2666E-03    0.1461E-04   -0.1208E-04
# Minimization at step:   124 with Value:     0.0000Tol(Act/Req):0.8357E+00/0.1000E-04
# With parameters(tra.):    -0.1786E-05   -0.1057E-04    0.5865E-06
# With parameters(rot.):     0.3344E-03    0.8478E-05   -0.1389E-04
# Minimization at step:   125 with Value:     0.0000Tol(Act/Req):0.7969E+00/0.1000E-04
# With parameters(tra.):    -0.3519E-05   -0.6636E-05    0.2066E-05
# With parameters(rot.):     0.3348E-03    0.1103E-04   -0.6354E-05
# Minimization at step:   126 with Value:     0.0000Tol(Act/Req):0.7929E+00/0.1000E-04
# With parameters(tra.):    -0.5186E-05   -0.4243E-05    0.6779E-05
# With parameters(rot.):     0.2509E-03    0.1346E-04   -0.4739E-05
# Minimization at step:   127 with Value:     0.0000Tol(Act/Req):0.7326E+00/0.1000E-04
# With parameters(tra.):    -0.3647E-05   -0.3122E-05    0.9650E-05
# With parameters(rot.):     0.1876E-03    0.9872E-05    0.4793E-05
# Minimization at step:   128 with Value:     0.0000Tol(Act/Req):0.6519E+00/0.1000E-04
# With parameters(tra.):    -0.4514E-05   -0.2640E-05    0.9956E-05
# With parameters(rot.):     0.1764E-03    0.7416E-05    0.6065E-05
# Minimization at step:   129 with Value:     0.0000Tol(Act/Req):0.6513E+00/0.1000E-04
# With parameters(tra.):    -0.2622E-05   -0.4498E-05    0.6302E-05
# With parameters(rot.):     0.2355E-03    0.2981E-05    0.8050E-05
# Minimization at step:   130 with Value:     0.0000Tol(Act/Req):0.5663E+00/0.1000E-04
# With parameters(tra.):    -0.2922E-05   -0.4893E-05    0.5305E-05
# With parameters(rot.):     0.2553E-03    0.3303E-05    0.5938E-05
# Minimization at step:   131 with Value:     0.0000Tol(Act/Req):0.5153E+00/0.1000E-04
# With parameters(tra.):    -0.2852E-05   -0.4389E-05    0.3966E-05
# With parameters(rot.):     0.1838E-03    0.5667E-05    0.1376E-04
# Minimization at step:   132 with Value:     0.0000Tol(Act/Req):0.4982E+00/0.1000E-04
# With parameters(tra.):    -0.8972E-06   -0.7571E-05    0.3120E-05
# With parameters(rot.):     0.1330E-03    0.1321E-05    0.1292E-04
# Minimization at step:   133 with Value:     0.0000Tol(Act/Req):0.4949E+00/0.1000E-04
# With parameters(tra.):     0.2545E-05   -0.5138E-05    0.1971E-05
# With parameters(rot.):     0.1147E-03    0.3429E-05    0.1330E-04
# Minimization at step:   134 with Value:     0.0000Tol(Act/Req):0.4522E+00/0.1000E-04
# With parameters(tra.):     0.2418E-05   -0.3904E-05    0.3630E-05
# With parameters(rot.):     0.4019E-04    0.6867E-05    0.1313E-04
# Minimization at step:   135 with Value:     0.0000Tol(Act/Req):0.3917E+00/0.1000E-04
# With parameters(tra.):     0.4105E-05   -0.4247E-05    0.4856E-05
# With parameters(rot.):     0.6386E-04    0.4903E-05    0.5098E-05
# Minimization at step:   136 with Value:     0.0000Tol(Act/Req):0.3912E+00/0.1000E-04
# With parameters(tra.):     0.4033E-05   -0.3174E-05    0.5213E-05
# With parameters(rot.):     0.7079E-04    0.6288E-05    0.4655E-05
# Minimization at step:   137 with Value:     0.0000Tol(Act/Req):0.3393E+00/0.1000E-04
# With parameters(tra.):     0.5148E-05   -0.2387E-05    0.4244E-05
# With parameters(rot.):     0.1309E-04    0.9984E-06    0.6729E-05
# Minimization at step:   138 with Value:     0.0000Tol(Act/Req):0.3269E+00/0.1000E-04
# With parameters(tra.):     0.4813E-05   -0.2146E-05    0.3886E-05
# With parameters(rot.):     0.2937E-05    0.1164E-05    0.8872E-05
# Minimization at step:   139 with Value:     0.0000Tol(Act/Req):0.2988E+00/0.1000E-04
# With parameters(tra.):     0.6297E-05   -0.2052E-05    0.2036E-05
# With parameters(rot.):    -0.3047E-04    0.1112E-05    0.6439E-05
# Minimization at step:   140 with Value:     0.0000Tol(Act/Req):0.2684E+00/0.1000E-04
# With parameters(tra.):     0.4105E-05   -0.3456E-05    0.3206E-05
# With parameters(rot.):    -0.6060E-04   -0.1769E-05    0.3770E-05
# Minimization at step:   141 with Value:     0.0000Tol(Act/Req):0.2261E+00/0.1000E-04
# With parameters(tra.):     0.3009E-05   -0.4314E-05    0.3673E-05
# With parameters(rot.):    -0.3574E-04    0.1507E-05    0.1474E-05
# Minimization at step:   142 with Value:     0.0000Tol(Act/Req):0.2149E+00/0.1000E-04
# With parameters(tra.):     0.3079E-05   -0.4554E-05    0.3401E-05
# With parameters(rot.):    -0.2965E-04    0.4869E-06    0.5325E-06
# Minimization at step:   143 with Value:     0.0000Tol(Act/Req):0.1689E+00/0.1000E-04
# With parameters(tra.):     0.3542E-05   -0.4294E-05    0.3124E-05
# With parameters(rot.):    -0.1953E-04    0.1395E-05    0.9300E-06
# Minimization at step:   144 with Value:     0.0000Tol(Act/Req):0.1381E+00/0.1000E-04
# With parameters(tra.):     0.3234E-05   -0.2522E-05    0.3141E-05
# With parameters(rot.):    -0.3577E-04    0.2534E-05   -0.1198E-05
# Minimization at step:   145 with Value:     0.0000Tol(Act/Req):0.1364E+00/0.1000E-04
# With parameters(tra.):     0.2731E-05   -0.2577E-05    0.3541E-05
# With parameters(rot.):    -0.3064E-04    0.2661E-05   -0.1428E-05
# Minimization at step:   146 with Value:     0.0000Tol(Act/Req):0.1079E+00/0.1000E-04
# With parameters(tra.):     0.1368E-05   -0.2240E-05    0.2711E-05
# With parameters(rot.):    -0.6213E-04    0.3491E-05   -0.5761E-06
# Minimization at step:   147 with Value:     0.0000Tol(Act/Req):0.1018E+00/0.1000E-04
# With parameters(tra.):     0.1552E-05   -0.9766E-06    0.2079E-05
# With parameters(rot.):    -0.8750E-04    0.1969E-05    0.2709E-06
# Minimization at step:   148 with Value:     0.0000Tol(Act/Req):0.9304E-01/0.1000E-04
# With parameters(tra.):     0.1184E-05   -0.2637E-06    0.1092E-05
# With parameters(rot.):    -0.9459E-04    0.4238E-06   -0.1700E-05
# Minimization at step:   149 with Value:     0.0000Tol(Act/Req):0.8145E-01/0.1000E-04
# With parameters(tra.):     0.1218E-05    0.2020E-06    0.7849E-06
# With parameters(rot.):    -0.9579E-04    0.7969E-06   -0.1720E-05
# Minimization at step:   150 with Value:     0.0000Tol(Act/Req):0.8040E-01/0.1000E-04
# With parameters(tra.):     0.1547E-05    0.3212E-06    0.8320E-06
# With parameters(rot.):    -0.9073E-04    0.3649E-06   -0.2028E-05
# Minimization at step:   151 with Value:     0.0000Tol(Act/Req):0.7550E-01/0.1000E-04
# With parameters(tra.):     0.1361E-05   -0.5095E-06    0.1049E-05
# With parameters(rot.):    -0.6643E-04    0.1352E-05   -0.3642E-05
# Minimization at step:   152 with Value:     0.0000Tol(Act/Req):0.6835E-01/0.1000E-04
# With parameters(tra.):     0.1044E-05   -0.1610E-05    0.3351E-06
# With parameters(rot.):    -0.6042E-04   -0.1805E-06   -0.2329E-05
# Minimization at step:   153 with Value:     0.0000Tol(Act/Req):0.6208E-01/0.1000E-04
# With parameters(tra.):     0.1125E-05   -0.1901E-05    0.5185E-06
# With parameters(rot.):    -0.5580E-04    0.1555E-06   -0.1889E-05
# Minimization at step:   154 with Value:     0.0000Tol(Act/Req):0.4868E-01/0.1000E-04
# With parameters(tra.):    -0.3074E-07   -0.1814E-05    0.3634E-06
# With parameters(rot.):    -0.5440E-04   -0.2800E-06   -0.2350E-05
# Minimization at step:   155 with Value:     0.0000Tol(Act/Req):0.4621E-01/0.1000E-04
# With parameters(tra.):    -0.1003E-06   -0.1715E-05    0.2520E-06
# With parameters(rot.):    -0.5947E-04   -0.6629E-06   -0.1839E-05
# Minimization at step:   156 with Value:     0.0000Tol(Act/Req):0.3828E-01/0.1000E-04
# With parameters(tra.):    -0.1165E-06   -0.1449E-05    0.4236E-06
# With parameters(rot.):    -0.6089E-04   -0.3199E-06   -0.2127E-05
# Minimization at step:   157 with Value:     0.0000Tol(Act/Req):0.3729E-01/0.1000E-04
# With parameters(tra.):    -0.4921E-06   -0.1068E-05   -0.3119E-06
# With parameters(rot.):    -0.5166E-04    0.5402E-07   -0.2303E-05
# Minimization at step:   158 with Value:     0.0000Tol(Act/Req):0.2561E-01/0.1000E-04
# With parameters(tra.):    -0.5091E-06   -0.1236E-05   -0.5272E-06
# With parameters(rot.):    -0.3429E-04   -0.6718E-06   -0.2834E-05
# Minimization at step:   159 with Value:     0.0000Tol(Act/Req):0.2096E-01/0.1000E-04
# With parameters(tra.):    -0.8929E-06   -0.1596E-05   -0.5089E-06
# With parameters(rot.):    -0.1788E-04   -0.2756E-06   -0.2269E-05
# Minimization at step:   160 with Value:     0.0000Tol(Act/Req):0.2017E-01/0.1000E-04
# With parameters(tra.):    -0.4099E-06   -0.1580E-05   -0.6963E-06
# With parameters(rot.):    -0.6635E-05    0.1620E-07   -0.1934E-05
# Minimization at step:   161 with Value:     0.0000Tol(Act/Req):0.1960E-01/0.1000E-04
# With parameters(tra.):    -0.5401E-06   -0.1091E-05   -0.7265E-06
# With parameters(rot.):     0.8604E-05    0.8141E-06   -0.2445E-05
# Minimization at step:   162 with Value:     0.0000Tol(Act/Req):0.1890E-01/0.1000E-04
# With parameters(tra.):    -0.6115E-06   -0.9898E-06   -0.8637E-06
# With parameters(rot.):     0.1174E-04    0.7458E-06   -0.2240E-05
# Minimization at step:   163 with Value:     0.0000Tol(Act/Req):0.1839E-01/0.1000E-04
# With parameters(tra.):    -0.5051E-06   -0.1445E-05   -0.8792E-06
# With parameters(rot.):    -0.2451E-05   -0.7491E-07   -0.1661E-05
# Minimization at step:   164 with Value:     0.0000Tol(Act/Req):0.1816E-01/0.1000E-04
# With parameters(tra.):    -0.4123E-06   -0.1572E-05   -0.7426E-06
# With parameters(rot.):    -0.6601E-06   -0.1791E-06   -0.1563E-05
# Minimization at step:   165 with Value:     0.0000Tol(Act/Req):0.1779E-01/0.1000E-04
# With parameters(tra.):     0.1316E-06   -0.1205E-05   -0.8388E-06
# With parameters(rot.):    -0.1133E-04   -0.5431E-06   -0.1893E-05
# Minimization at step:   166 with Value:     0.0000Tol(Act/Req):0.1470E-01/0.1000E-04
# With parameters(tra.):     0.2375E-06   -0.6692E-06   -0.8099E-06
# With parameters(rot.):    -0.1025E-06    0.1215E-06   -0.2550E-05
# Minimization at step:   167 with Value:     0.0000Tol(Act/Req):0.1403E-01/0.1000E-04
# With parameters(tra.):     0.1103E-06   -0.7163E-06   -0.7834E-06
# With parameters(rot.):     0.3502E-05    0.2679E-06   -0.2522E-05
# Minimization at step:   168 with Value:     0.0000Tol(Act/Req):0.1217E-01/0.1000E-04
# With parameters(tra.):     0.7325E-07   -0.8541E-06   -0.7884E-06
# With parameters(rot.):     0.9945E-06    0.1139E-06   -0.2355E-05
# Minimization at step:   169 with Value:     0.0000Tol(Act/Req):0.9460E-02/0.1000E-04
# With parameters(tra.):     0.2787E-06   -0.6144E-06   -0.7320E-06
# With parameters(rot.):     0.1177E-05    0.8597E-06   -0.1842E-05
# Minimization at step:   170 with Value:     0.0000Tol(Act/Req):0.8515E-02/0.1000E-04
# With parameters(tra.):     0.2528E-07   -0.3076E-06   -0.5565E-06
# With parameters(rot.):    -0.7461E-05    0.8491E-06   -0.2146E-05
# Minimization at step:   171 with Value:     0.0000Tol(Act/Req):0.8193E-02/0.1000E-04
# With parameters(tra.):     0.9468E-07    0.1228E-06   -0.7285E-06
# With parameters(rot.):    -0.7587E-05    0.7468E-06   -0.1704E-05
# Minimization at step:   172 with Value:     0.0000Tol(Act/Req):0.7285E-02/0.1000E-04
# With parameters(tra.):     0.4493E-06    0.4342E-06   -0.4507E-06
# With parameters(rot.):    -0.6313E-05    0.8470E-06   -0.1556E-05
# Minimization at step:   173 with Value:     0.0000Tol(Act/Req):0.6502E-02/0.1000E-04
# With parameters(tra.):     0.5480E-06    0.4193E-06   -0.4857E-06
# With parameters(rot.):    -0.4058E-05    0.8495E-06   -0.1431E-05
# Minimization at step:   174 with Value:     0.0000Tol(Act/Req):0.6320E-02/0.1000E-04
# With parameters(tra.):     0.4675E-06    0.3402E-06   -0.5581E-06
# With parameters(rot.):    -0.4189E-05    0.8247E-06   -0.1458E-05
# Minimization at step:   175 with Value:     0.0000Tol(Act/Req):0.6283E-02/0.1000E-04
# With parameters(tra.):     0.3323E-06    0.5980E-06   -0.4301E-06
# With parameters(rot.):     0.4565E-06    0.1303E-05   -0.1047E-05
# Minimization at step:   176 with Value:     0.0000Tol(Act/Req):0.5498E-02/0.1000E-04
# With parameters(tra.):     0.3415E-06    0.7544E-06   -0.3481E-06
# With parameters(rot.):    -0.3439E-05    0.1369E-05   -0.4703E-06
# Minimization at step:   177 with Value:     0.0000Tol(Act/Req):0.5455E-02/0.1000E-04
# With parameters(tra.):     0.4798E-06    0.5487E-06   -0.4487E-06
# With parameters(rot.):    -0.9383E-05    0.9131E-06   -0.6885E-06
# Minimization at step:   178 with Value:     0.0000Tol(Act/Req):0.5265E-02/0.1000E-04
# With parameters(tra.):     0.4452E-06    0.5857E-06   -0.4393E-06
# With parameters(rot.):    -0.1031E-04    0.7311E-06   -0.7209E-06
# Minimization at step:   179 with Value:     0.0000Tol(Act/Req):0.4449E-02/0.1000E-04
# With parameters(tra.):     0.4926E-06    0.3096E-06   -0.1708E-06
# With parameters(rot.):    -0.1109E-04    0.8281E-06   -0.8345E-06
# Minimization at step:   180 with Value:     0.0000Tol(Act/Req):0.3145E-02/0.1000E-04
# With parameters(tra.):     0.3921E-06    0.4041E-06   -0.2581E-07
# With parameters(rot.):    -0.7059E-05    0.1149E-05   -0.7074E-06
# Minimization at step:   181 with Value:     0.0000Tol(Act/Req):0.3045E-02/0.1000E-04
# With parameters(tra.):     0.4284E-06    0.3954E-06   -0.5008E-08
# With parameters(rot.):    -0.6181E-05    0.1175E-05   -0.5846E-06
# Minimization at step:   182 with Value:     0.0000Tol(Act/Req):0.2879E-02/0.1000E-04
# With parameters(tra.):     0.2545E-06    0.2556E-06    0.3459E-07
# With parameters(rot.):    -0.7106E-05    0.1242E-05   -0.3468E-06
# Minimization at step:   183 with Value:     0.0000Tol(Act/Req):0.2858E-02/0.1000E-04
# With parameters(tra.):     0.2228E-06    0.3201E-06   -0.1540E-07
# With parameters(rot.):    -0.6579E-05    0.1253E-05   -0.2777E-06
# Minimization at step:   184 with Value:     0.0000Tol(Act/Req):0.2558E-02/0.1000E-04
# With parameters(tra.):     0.1772E-06    0.7113E-07    0.4080E-07
# With parameters(rot.):    -0.5028E-05    0.1170E-05   -0.5980E-06
# Minimization at step:   185 with Value:     0.0000Tol(Act/Req):0.1902E-02/0.1000E-04
# With parameters(tra.):     0.1862E-07   -0.2638E-07    0.2198E-06
# With parameters(rot.):    -0.5119E-05    0.9518E-06   -0.6217E-06
# Minimization at step:   186 with Value:     0.0000Tol(Act/Req):0.1760E-02/0.1000E-04
# With parameters(tra.):     0.1143E-07    0.1901E-06    0.2232E-06
# With parameters(rot.):    -0.6700E-05    0.9623E-06   -0.3094E-06
# Minimization at step:   187 with Value:     0.0000Tol(Act/Req):0.1751E-02/0.1000E-04
# With parameters(tra.):    -0.4844E-07    0.5575E-07    0.2096E-06
# With parameters(rot.):    -0.9268E-05    0.6861E-06   -0.2614E-06
# Minimization at step:   188 with Value:     0.0000Tol(Act/Req):0.1647E-02/0.1000E-04
# With parameters(tra.):    -0.5163E-07   -0.9569E-08    0.2076E-06
# With parameters(rot.):    -0.9087E-05    0.6605E-06   -0.3355E-06
# Minimization at step:   189 with Value:     0.0000Tol(Act/Req):0.1486E-02/0.1000E-04
# With parameters(tra.):    -0.7346E-07   -0.4768E-07    0.2357E-06
# With parameters(rot.):    -0.8890E-05    0.6307E-06   -0.2534E-06
# Minimization at step:   190 with Value:     0.0000Tol(Act/Req):0.1302E-02/0.1000E-04
# With parameters(tra.):    -0.4149E-07   -0.2507E-07    0.1923E-06
# With parameters(rot.):    -0.9182E-05    0.6584E-06   -0.2167E-06
# Minimization at step:   191 with Value:     0.0000Tol(Act/Req):0.1263E-02/0.1000E-04
# With parameters(tra.):    -0.1930E-06   -0.1110E-07    0.1615E-06
# With parameters(rot.):    -0.8995E-05    0.4808E-06   -0.5828E-07
# Minimization at step:   192 with Value:     0.0000Tol(Act/Req):0.8647E-03/0.1000E-04
# With parameters(tra.):    -0.1683E-06    0.3980E-07    0.1642E-06
# With parameters(rot.):    -0.8700E-05    0.1597E-06   -0.1999E-06
# Minimization at step:   193 with Value:     0.0000Tol(Act/Req):0.7863E-03/0.1000E-04
# With parameters(tra.):    -0.1484E-06    0.1688E-06    0.1628E-06
# With parameters(rot.):    -0.5942E-05    0.2605E-06   -0.2272E-06
# Minimization at step:   194 with Value:     0.0000Tol(Act/Req):0.6855E-03/0.1000E-04
# With parameters(tra.):    -0.1068E-06    0.1803E-06    0.1706E-06
# With parameters(rot.):    -0.5734E-05    0.2865E-06   -0.2809E-06
# Minimization at step:   195 with Value:     0.0000Tol(Act/Req):0.6850E-03/0.1000E-04
# With parameters(tra.):    -0.1615E-06    0.1801E-06    0.2051E-06
# With parameters(rot.):    -0.4289E-05    0.1122E-06   -0.1258E-06
# Minimization at step:   196 with Value:     0.0000Tol(Act/Req):0.6486E-03/0.1000E-04
# With parameters(tra.):    -0.2045E-06    0.1127E-06    0.2002E-06
# With parameters(rot.):    -0.2327E-05   -0.1218E-06   -0.2041E-06
# Minimization at step:   197 with Value:     0.0000Tol(Act/Req):0.6036E-03/0.1000E-04
# With parameters(tra.):    -0.2021E-06    0.1355E-06    0.1792E-06
# With parameters(rot.):    -0.1902E-05   -0.1730E-06   -0.1847E-06
# Minimization at step:   198 with Value:     0.0000Tol(Act/Req):0.5011E-03/0.1000E-04
# With parameters(tra.):    -0.2291E-06    0.1213E-06    0.1809E-06
# With parameters(rot.):    -0.4240E-06   -0.1540E-07   -0.7474E-07
# Minimization at step:   199 with Value:     0.0000Tol(Act/Req):0.4864E-03/0.1000E-04
# With parameters(tra.):    -0.2204E-06    0.1388E-06    0.1805E-06
# With parameters(rot.):    -0.7558E-06    0.5198E-07   -0.4439E-07
# Minimization at step:   200 with Value:     0.0000Tol(Act/Req):0.3343E-03/0.1000E-04
# With parameters(tra.):    -0.2314E-06    0.1041E-06    0.1823E-06
# With parameters(rot.):    -0.1013E-05    0.9419E-08   -0.2231E-07
# Minimization at step:   201 with Value:     0.0000Tol(Act/Req):0.3161E-03/0.1000E-04
# With parameters(tra.):    -0.2000E-06    0.7893E-07    0.1402E-06
# With parameters(rot.):    -0.1366E-05    0.1495E-06   -0.1430E-06
# Minimization at step:   202 with Value:     0.0000Tol(Act/Req):0.1775E-03/0.1000E-04
# With parameters(tra.):    -0.1478E-06    0.6812E-07    0.1457E-06
# With parameters(rot.):     0.5051E-06    0.1559E-06   -0.2044E-06
# Minimization at step:   203 with Value:     0.0000Tol(Act/Req):0.1498E-03/0.1000E-04
# With parameters(tra.):    -0.1307E-06    0.8546E-07    0.1058E-06
# With parameters(rot.):     0.1745E-05    0.1613E-06   -0.1802E-06
# Minimization at step:   204 with Value:     0.0000Tol(Act/Req):0.1922E-03/0.1000E-04
# With parameters(tra.):    -0.1423E-06    0.8960E-07    0.1011E-06
# With parameters(rot.):     0.1381E-05    0.1602E-06   -0.1629E-06
# Minimization at step:   205 with Value:     0.0000Tol(Act/Req):0.1736E-03/0.1000E-04
# With parameters(tra.):    -0.9531E-07    0.8854E-07    0.7334E-07
# With parameters(rot.):     0.9968E-06    0.1136E-06   -0.2655E-06
# Minimization at step:   206 with Value:     0.0000Tol(Act/Req):0.1473E-03/0.1000E-04
# With parameters(tra.):    -0.7191E-07    0.1385E-07    0.4070E-07
# With parameters(rot.):     0.1152E-05    0.6323E-07   -0.3025E-06
# Minimization at step:   207 with Value:     0.0000Tol(Act/Req):0.1200E-03/0.1000E-04
# With parameters(tra.):    -0.6911E-07    0.1471E-07    0.4293E-07
# With parameters(rot.):     0.1451E-05    0.2103E-07   -0.2856E-06
# Minimization at step:   208 with Value:     0.0000Tol(Act/Req):0.1127E-03/0.1000E-04
# With parameters(tra.):    -0.6003E-07   -0.2042E-07    0.4861E-07
# With parameters(rot.):     0.5258E-06   -0.2937E-07   -0.3368E-06
# Minimization at step:   209 with Value:     0.0000Tol(Act/Req):0.8537E-04/0.1000E-04
# With parameters(tra.):    -0.4232E-07   -0.2491E-07    0.3742E-07
# With parameters(rot.):     0.4666E-06   -0.2461E-08   -0.3460E-06
# Minimization at step:   210 with Value:     0.0000Tol(Act/Req):0.7443E-04/0.1000E-04
# With parameters(tra.):    -0.7161E-07   -0.6167E-07    0.5318E-07
# With parameters(rot.):     0.6736E-06    0.5398E-08   -0.2701E-06
# Minimization at step:   211 with Value:    -0.0000Tol(Act/Req):0.6597E-04/0.1000E-04
# With parameters(tra.):    -0.6683E-07   -0.8541E-07    0.6106E-07
# With parameters(rot.):     0.1011E-05   -0.8421E-07   -0.2312E-06
# Minimization at step:   212 with Value:    -0.0000Tol(Act/Req):0.6204E-04/0.1000E-04
# With parameters(tra.):    -0.3956E-07   -0.1146E-06    0.4656E-07
# With parameters(rot.):     0.1074E-05   -0.5764E-07   -0.2113E-06
# Minimization at step:   213 with Value:    -0.0000Tol(Act/Req):0.6170E-04/0.1000E-04
# With parameters(tra.):    -0.4272E-07   -0.1066E-06    0.5521E-07
# With parameters(rot.):     0.1029E-05   -0.5512E-07   -0.1945E-06
# Minimization at step:   214 with Value:    -0.0000Tol(Act/Req):0.5142E-04/0.1000E-04
# With parameters(tra.):    -0.3299E-07   -0.1011E-06    0.5144E-07
# With parameters(rot.):     0.1007E-05   -0.6212E-07   -0.2072E-06
# Minimization at step:   215 with Value:    -0.0000Tol(Act/Req):0.4798E-04/0.1000E-04
# With parameters(tra.):    -0.3925E-07   -0.9273E-07    0.5547E-07
# With parameters(rot.):     0.9853E-06   -0.6914E-07   -0.2118E-06
# Minimization at step:   216 with Value:    -0.0000Tol(Act/Req):0.4796E-04/0.1000E-04
# With parameters(tra.):    -0.3491E-07   -0.8931E-07    0.5392E-07
# With parameters(rot.):     0.9724E-06   -0.7323E-07   -0.2185E-06
# Minimization at step:   217 with Value:    -0.0000Tol(Act/Req):0.4527E-04/0.1000E-04
# With parameters(tra.):    -0.3584E-07   -0.8388E-07    0.5813E-07
# With parameters(rot.):     0.9450E-06   -0.7348E-07   -0.2121E-06
# Minimization at step:   218 with Value:    -0.0000Tol(Act/Req):0.4523E-04/0.1000E-04
# With parameters(tra.):    -0.3374E-07   -0.8172E-07    0.5771E-07
# With parameters(rot.):     0.9363E-06   -0.7554E-07   -0.2149E-06
# Minimization at step:   219 with Value:    -0.0000Tol(Act/Req):0.4490E-04/0.1000E-04
# With parameters(tra.):    -0.3403E-07   -0.7882E-07    0.5978E-07
# With parameters(rot.):     0.9219E-06   -0.7584E-07   -0.2120E-06
# Minimization at step:   220 with Value:    -0.0000Tol(Act/Req):0.7714E-04/0.1000E-04
# With parameters(tra.):    -0.5335E-07   -0.7044E-08    0.9453E-07
# With parameters(rot.):     0.2245E-05    0.4559E-07   -0.2395E-06
# Minimization at step:   221 with Value:    -0.0000Tol(Act/Req):0.3690E-04/0.1000E-04
# With parameters(tra.):    -0.5355E-07    0.7901E-09    0.9355E-07
# With parameters(rot.):     0.2773E-05    0.6305E-07   -0.1931E-06
# Minimization at step:   222 with Value:    -0.0000Tol(Act/Req):0.2960E-04/0.1000E-04
# With parameters(tra.):    -0.5498E-07   -0.1841E-08    0.9596E-07
# With parameters(rot.):     0.2856E-05    0.6134E-07   -0.1981E-06
# Minimization at step:   223 with Value:    -0.0000Tol(Act/Req):0.6865E-04/0.1000E-04
# With parameters(tra.):    -0.5505E-07   -0.4019E-08    0.9641E-07
# With parameters(rot.):     0.2730E-05    0.5684E-07   -0.2101E-06
# Minimization at step:   224 with Value:    -0.0000Tol(Act/Req):0.6783E-04/0.1000E-04
# With parameters(tra.):    -0.5358E-07   -0.3643E-09    0.9696E-07
# With parameters(rot.):     0.2881E-05    0.5847E-07   -0.2026E-06
# Minimization at step:   225 with Value:    -0.0000Tol(Act/Req):0.6448E-04/0.1000E-04
# With parameters(tra.):    -0.5394E-07    0.4756E-08    0.9984E-07
# With parameters(rot.):     0.3079E-05    0.6247E-07   -0.1873E-06
# Minimization at step:   226 with Value:    -0.0000Tol(Act/Req):0.6268E-04/0.1000E-04
# With parameters(tra.):    -0.5954E-07    0.1941E-07    0.1064E-06
# With parameters(rot.):     0.3325E-05    0.5996E-07   -0.1746E-06
# Minimization at step:   227 with Value:    -0.0000Tol(Act/Req):0.6112E-04/0.1000E-04
# With parameters(tra.):    -0.5516E-07    0.4304E-08    0.9872E-07
# With parameters(rot.):     0.3244E-05    0.2427E-07   -0.1438E-06
# Minimization at step:   228 with Value:    -0.0000Tol(Act/Req):0.4492E-04/0.1000E-04
# With parameters(tra.):    -0.5589E-07    0.3501E-08    0.1002E-06
# With parameters(rot.):     0.3318E-05    0.2033E-07   -0.1417E-06
# Minimization at step:   229 with Value:    -0.0000Tol(Act/Req):0.4394E-04/0.1000E-04
# With parameters(tra.):    -0.5534E-07    0.7621E-08    0.9958E-07
# With parameters(rot.):     0.3361E-05    0.2978E-07   -0.1376E-06
# Minimization at step:   230 with Value:    -0.0000Tol(Act/Req):0.3577E-04/0.1000E-04
# With parameters(tra.):    -0.5544E-07    0.3456E-08    0.9662E-07
# With parameters(rot.):     0.3257E-05    0.1488E-07   -0.1363E-06
# Minimization at step:   231 with Value:    -0.0000Tol(Act/Req):0.3459E-04/0.1000E-04
# With parameters(tra.):    -0.5577E-07    0.3051E-08    0.9704E-07
# With parameters(rot.):     0.3289E-05    0.1246E-07   -0.1349E-06
# Minimization at step:   232 with Value:    -0.0000Tol(Act/Req):0.4083E-04/0.1000E-04
# With parameters(tra.):    -0.5520E-07    0.6049E-08    0.9539E-07
# With parameters(rot.):     0.3386E-05    0.4816E-07   -0.1364E-06
# Minimization at step:   233 with Value:    -0.0000Tol(Act/Req):0.2209E-04/0.1000E-04
# With parameters(tra.):    -0.5263E-07   -0.1492E-08    0.9178E-07
# With parameters(rot.):     0.3289E-05    0.4317E-07   -0.1362E-06
# Minimization at step:   234 with Value:    -0.0000Tol(Act/Req):0.1954E-04/0.1000E-04
# With parameters(tra.):    -0.5435E-07    0.3536E-08    0.9419E-07
# With parameters(rot.):     0.3353E-05    0.4650E-07   -0.1364E-06
# Minimization at step:   235 with Value:    -0.0000Tol(Act/Req):0.1630E-04/0.1000E-04
# With parameters(tra.):    -0.5406E-07    0.4712E-08    0.9534E-07
# With parameters(rot.):     0.3400E-05    0.5299E-07   -0.1367E-06
# Minimization at step:   236 with Value:    -0.0000Tol(Act/Req):0.1596E-04/0.1000E-04
# With parameters(tra.):    -0.5454E-07    0.6437E-08    0.9622E-07
# With parameters(rot.):     0.3413E-05    0.5736E-07   -0.1403E-06
# Minimization at step:   237 with Value:    -0.0000Tol(Act/Req):0.1801E-04/0.1000E-04
# With parameters(tra.):    -0.5384E-07    0.9925E-08    0.9550E-07
# With parameters(rot.):     0.3453E-05    0.6698E-07   -0.1370E-06
# Minimization at step:   238 with Value:    -0.0000Tol(Act/Req):0.1419E-04/0.1000E-04
# With parameters(tra.):    -0.5380E-07    0.1015E-07    0.9562E-07
# With parameters(rot.):     0.3467E-05    0.6794E-07   -0.1367E-06
# Minimization at step:   239 with Value:    -0.0000Tol(Act/Req):0.1214E-04/0.1000E-04
# With parameters(tra.):    -0.5398E-07    0.1132E-07    0.9601E-07
# With parameters(rot.):     0.3478E-05    0.7101E-07   -0.1381E-06
# Minimization at step:   240 with Value:    -0.0000Tol(Act/Req):0.1292E-04/0.1000E-04
# With parameters(tra.):    -0.5398E-07    0.1215E-07    0.9637E-07
# With parameters(rot.):     0.3509E-05    0.7395E-07   -0.1380E-06
# Minimization at step:   241 with Value:    -0.0000Tol(Act/Req):0.1141E-04/0.1000E-04
# With parameters(tra.):    -0.5415E-07    0.1235E-07    0.9639E-07
# With parameters(rot.):     0.3518E-05    0.7398E-07   -0.1362E-06
# Minimization at step:   242 with Value:    -0.0000Tol(Act/Req):0.8881E-05/0.1000E-04
# With parameters(tra.):    -0.5425E-07    0.1302E-07    0.9661E-07
# With parameters(rot.):     0.3526E-05    0.7576E-07   -0.1368E-06
# CSM Values after z minimization.
# Final Number of optim. Steps:   242
#      Before min is:      0.00000000000
# Final CSM Simplex Value is:     -0.00000000000
# CSM Summary.
#    Inizial CSM Value is:      0.00000000000
#   After optimization is:     -0.00000000000
#          Along x axe is:     -0.00000000000
#          Along y axe is:     -0.00000000000
#          Along z axe is:     -0.00000000000
# The Lowest CSM Value is:     -0.00000000000
#    Obtained CSM in % is:     -0.00000000005
