# [csmmod_rdinput] messages reinitialized.
# MESLOG:[csmmod_rdinput] messages reinitialized.
# Input  file unit is: 5
# Input  file name is:stdin
# Output file unit is: 6
# Output file name is:stdout
# Error  file unit is: 6
# Error  file name is:stderr
# Log    file unit is: 6
# Log    file name is:stdlog
# MESLOG:[csm_rdinput] molecule_init called with debug.
[molecule] Nrec=   6 Format=nscxyz
  he               1    2    0.99500000D-01   0.99504000D+00   0.11000000D+01
  he               2    2   -0.99500000D-01   0.99504000D+00   0.90000000D+00
  he               3    2    0.81198000D+00  -0.58369000D+00   0.11000000D+01
  he               4    2    0.91148000D+00  -0.41135000D+00   0.90000000D+00
  he               5    2   -0.91148000D+00  -0.41135000D+00   0.11000000D+01
  he               6    2   -0.81198000D+00  -0.58369000D+00   0.90000000D+00
# Molecule moved to the center of mass
# Shift Vector is:        0.00000000       0.00000000       0.52917706
# Inertia Tensor: (Before Diagonalization)
# Up Diagonal Columnwise
#    0.17137819D+01   0.55511151D-16   0.17137820D+01  -0.20816682D-16  -0.00000000D+00   0.33603571D+01
# Inertia Tensor: (Full Matrix)
# 1,1 - 1,3           0.17137819D+01   0.55511151D-16  -0.20816682D-16
# 2,1 - 2,3           0.55511151D-16   0.17137820D+01  -0.00000000D+00
# 3,1 - 3,3          -0.20816682D-16  -0.00000000D+00   0.33603571D+01
# Inertia Tensor
# Inertia EigenValues:     0.17137819D+01   0.17137820D+01   0.33603571D+01
# Eigen Vectors:
# 1,1 - 1,3           0.10000000D+01   0.20546645D-08   0.00000000D+00
# 2,1 - 2,3          -0.20546645D-08   0.10000000D+01   0.00000000D+00
# 3,1 - 3,3           0.00000000D+00  -0.00000000D+00   0.10000000D+01
# Molecule Rotated to match inertia axes
[molecule] Nrec=   6 Format=nscxyz
  he               1    2    0.99499998D-01   0.99504000D+00   0.10000000D+00
  he               2    2   -0.99500002D-01   0.99504000D+00  -0.10000000D+00
  he               3    2    0.81198000D+00  -0.58369000D+00   0.10000000D+00
  he               4    2    0.91148000D+00  -0.41135000D+00  -0.10000000D+00
  he               5    2   -0.91148000D+00  -0.41135000D+00   0.10000000D+00
  he               6    2   -0.81198000D+00  -0.58369000D+00  -0.10000000D+00
# Initial Integrals follow ...
# INT: Number of electrons from integrated RHO:     11.99998774631
# INT: \int \rho \rho dr:       5.29759856873
# INT: \int \rho \tilde{\rho} dr/ng:       5.29759856873
# INT: \int \rho \tilde{\rho}m dr/ng:       4.41466547394
#  DEBUG     \int rr  =      5.29759856873
#  DEBUG     \int rr~ =      5.29759856873
#  DEBUG     \int rr~ =      5.29759856873
#  DEBUG     CSM value =     -0.00000000000
#  DEBUG     CSM value =     -0.00000000000
# Number of electrons =     11.99998774631
# Initial rho^2 value =      5.29759856873
#  Initial rrii value =      1.09327647699
#  Initial rrij value =      4.20432209174
#  Initial imj  value =      5.29759856873
#  Initial impj value =      4.41466547394
#  Initial CSM  value =     -0.00000000000
#  Initial CSM% value =     -0.00000000000
[molecule] Nrec=   6 Format=nscxyz
  he               1    2    0.99499998D-01   0.99504000D+00   0.10000000D+00
  he               2    2   -0.99500002D-01   0.99504000D+00  -0.10000000D+00
  he               3    2    0.81198000D+00  -0.58369000D+00   0.10000000D+00
  he               4    2    0.91148000D+00  -0.41135000D+00  -0.10000000D+00
  he               5    2   -0.91148000D+00  -0.41135000D+00   0.10000000D+00
  he               6    2   -0.81198000D+00  -0.58369000D+00  -0.10000000D+00
# Request Simplex: Run it with internal procedure. NOT IMPLEMENTED!
# Request for Simplex: Initial Coordinates.
[molecule] Nrec=   6 Format=nscxyz
  he               1    2    0.99499998D-01   0.99504000D+00   0.10000000D+00
  he               2    2   -0.99500002D-01   0.99504000D+00  -0.10000000D+00
  he               3    2    0.81198000D+00  -0.58369000D+00   0.10000000D+00
  he               4    2    0.91148000D+00  -0.41135000D+00  -0.10000000D+00
  he               5    2   -0.91148000D+00  -0.41135000D+00   0.10000000D+00
  he               6    2   -0.81198000D+00  -0.58369000D+00  -0.10000000D+00
# Minimization at step:     0 with Value:     0.0030Tol(Act/Req):0.2000E+01/0.1000E-04
# With parameters(tra.):     0.1429E-01    0.1429E-01    0.1429E-01
# With parameters(rot.):     0.1429E-01    0.1429E-01    0.1429E-01
# Minimization at step:     1 with Value:     0.0022Tol(Act/Req):0.2000E+01/0.1000E-04
# With parameters(tra.):     0.1548E-01    0.1548E-01    0.7143E-02
# With parameters(rot.):     0.1548E-01    0.1548E-01    0.1548E-01
# Minimization at step:     2 with Value:     0.0015Tol(Act/Req):0.2000E+01/0.1000E-04
# With parameters(tra.):     0.8433E-02    0.1677E-01    0.7738E-02
# With parameters(rot.):     0.1677E-01    0.1677E-01    0.1677E-01
# Minimization at step:     3 with Value:     0.0008Tol(Act/Req):0.2000E+01/0.1000E-04
# With parameters(tra.):     0.1054E-01   -0.4043E-02    0.9673E-02
# With parameters(rot.):     0.2096E-01    0.2096E-01    0.2096E-01
# Minimization at step:     4 with Value:     0.0006Tol(Act/Req):0.2000E+01/0.1000E-04
# With parameters(tra.):     0.1109E-01   -0.7137E-02   -0.4092E-03
# With parameters(rot.):     0.2411E-01    0.2411E-01    0.2411E-01
# Minimization at step:     5 with Value:     0.0004Tol(Act/Req):0.2000E+01/0.1000E-04
# With parameters(tra.):     0.7792E-02   -0.8484E-02   -0.7906E-03
# With parameters(rot.):     0.2537E-01    0.2537E-01    0.2537E-01
# Minimization at step:     6 with Value:     0.0002Tol(Act/Req):0.2000E+01/0.1000E-04
# With parameters(tra.):     0.6051E-02    0.8103E-03   -0.4374E-02
# With parameters(rot.):     0.2438E-01    0.2438E-01    0.2438E-01
# Minimization at step:     7 with Value:     0.0002Tol(Act/Req):0.2000E+01/0.1000E-04
# With parameters(tra.):     0.4003E-02    0.5522E-02    0.1026E-02
# With parameters(rot.):     0.2236E-01    0.2236E-01    0.2236E-01
# Minimization at step:     8 with Value:     0.0002Tol(Act/Req):0.2000E+01/0.1000E-04
# With parameters(tra.):     0.2037E-02    0.6016E-02    0.9869E-03
# With parameters(rot.):     0.2274E-01    0.2274E-01    0.2274E-01
# Minimization at step:     9 with Value:     0.0001Tol(Act/Req):0.2000E+01/0.1000E-04
# With parameters(tra.):     0.2385E-02    0.4879E-02   -0.3663E-03
# With parameters(rot.):     0.2328E-01    0.2328E-01    0.2328E-01
# Minimization at step:    10 with Value:     0.0001Tol(Act/Req):0.2000E+01/0.1000E-04
# With parameters(tra.):     0.2339E-02    0.1249E-02    0.2427E-02
# With parameters(rot.):     0.2350E-01    0.2350E-01    0.2350E-01
# Minimization at step:    11 with Value:     0.0001Tol(Act/Req):0.2000E+01/0.1000E-04
# With parameters(tra.):     0.2510E-02    0.3781E-03    0.1983E-02
# With parameters(rot.):     0.2378E-01    0.2378E-01    0.2378E-01
# Minimization at step:    12 with Value:     0.0001Tol(Act/Req):0.2000E+01/0.1000E-04
# With parameters(tra.):    -0.3210E-03   -0.2909E-03    0.2173E-02
# With parameters(rot.):     0.2461E-01    0.2461E-01    0.2461E-01
# Minimization at step:    13 with Value:     0.0001Tol(Act/Req):0.2000E+01/0.1000E-04
# With parameters(tra.):    -0.3477E-03   -0.3151E-03    0.2354E-02
# With parameters(rot.):     0.1833E-01    0.2666E-01    0.2666E-01
# Minimization at step:    14 with Value:     0.0000Tol(Act/Req):0.2000E+01/0.1000E-04
# With parameters(tra.):    -0.4347E-03   -0.3939E-03    0.2943E-02
# With parameters(rot.):     0.2291E-01    0.8326E-02    0.3333E-01
# Minimization at step:    15 with Value:     0.0000Tol(Act/Req):0.2000E+01/0.1000E-04
# With parameters(tra.):    -0.1105E-02    0.1010E-02    0.1675E-02
# With parameters(rot.):     0.2265E-01    0.4423E-02    0.3567E-01
# Minimization at step:    16 with Value:     0.0000Tol(Act/Req):0.2000E+01/0.1000E-04
# With parameters(tra.):    -0.1321E-02    0.6275E-03    0.1428E-02
# With parameters(rot.):     0.2270E-01    0.2952E-02    0.3681E-01
# Minimization at step:    17 with Value:     0.0000Tol(Act/Req):0.2000E+01/0.1000E-04
# With parameters(tra.):    -0.1561E-03    0.1192E-02    0.1146E-02
# With parameters(rot.):     0.2181E-01   -0.2876E-02    0.3944E-01
# Minimization at step:    18 with Value:     0.0000Tol(Act/Req):0.2000E+01/0.1000E-04
# With parameters(tra.):    -0.5243E-05    0.1773E-02    0.1551E-03
# With parameters(rot.):     0.1839E-01    0.5614E-02    0.3704E-01
# Minimization at step:    19 with Value:     0.0000Tol(Act/Req):0.1999E+01/0.1000E-04
# With parameters(tra.):     0.4026E-04    0.2258E-02   -0.1230E-03
# With parameters(rot.):     0.8980E-02    0.3428E-02    0.4271E-01
# Minimization at step:    20 with Value:     0.0000Tol(Act/Req):0.1999E+01/0.1000E-04
# With parameters(tra.):     0.5368E-04    0.3011E-02   -0.1640E-03
# With parameters(rot.):     0.1197E-01    0.4571E-02    0.2361E-01
# Minimization at step:    21 with Value:     0.0000Tol(Act/Req):0.1999E+01/0.1000E-04
# With parameters(tra.):    -0.4471E-04    0.2885E-02    0.4996E-03
# With parameters(rot.):     0.1294E-01   -0.2057E-02    0.2206E-01
# Minimization at step:    22 with Value:     0.0000Tol(Act/Req):0.1999E+01/0.1000E-04
# With parameters(tra.):    -0.5627E-04    0.2686E-02    0.5652E-03
# With parameters(rot.):     0.1227E-01   -0.2895E-02    0.2670E-01
# Minimization at step:    23 with Value:     0.0000Tol(Act/Req):0.1999E+01/0.1000E-04
# With parameters(tra.):     0.7404E-03    0.2309E-02    0.1040E-02
# With parameters(rot.):     0.8978E-02   -0.2732E-02    0.2215E-01
# Minimization at step:    24 with Value:     0.0000Tol(Act/Req):0.1999E+01/0.1000E-04
# With parameters(tra.):     0.9955E-03    0.2103E-02    0.4159E-03
# With parameters(rot.):     0.4501E-02   -0.7567E-02    0.1953E-01
# Minimization at step:    25 with Value:     0.0000Tol(Act/Req):0.1999E+01/0.1000E-04
# With parameters(tra.):     0.6025E-03    0.2031E-02    0.3600E-03
# With parameters(rot.):    -0.6748E-03   -0.5245E-02    0.1113E-01
# Minimization at step:    26 with Value:     0.0000Tol(Act/Req):0.1999E+01/0.1000E-04
# With parameters(tra.):     0.7203E-03    0.1732E-02    0.6198E-03
# With parameters(rot.):     0.1616E-02   -0.6321E-02    0.4052E-03
# Minimization at step:    27 with Value:     0.0000Tol(Act/Req):0.1998E+01/0.1000E-04
# With parameters(tra.):     0.1041E-02    0.1432E-02    0.2174E-03
# With parameters(rot.):    -0.2799E-02   -0.3324E-02   -0.5777E-02
# Minimization at step:    28 with Value:     0.0000Tol(Act/Req):0.1998E+01/0.1000E-04
# With parameters(tra.):     0.1127E-02    0.1228E-02    0.2212E-03
# With parameters(rot.):    -0.4389E-02   -0.3779E-02   -0.6161E-02
# Minimization at step:    29 with Value:     0.0000Tol(Act/Req):0.1998E+01/0.1000E-04
# With parameters(tra.):     0.1074E-02    0.1206E-02    0.3611E-03
# With parameters(rot.):    -0.4010E-02   -0.2254E-02   -0.7647E-02
# Minimization at step:    30 with Value:     0.0000Tol(Act/Req):0.1998E+01/0.1000E-04
# With parameters(tra.):     0.5596E-03    0.1213E-02   -0.1649E-03
# With parameters(rot.):    -0.4790E-02   -0.2257E-02   -0.1168E-01
# Minimization at step:    31 with Value:     0.0000Tol(Act/Req):0.1997E+01/0.1000E-04
# With parameters(tra.):     0.1988E-03    0.1384E-02    0.4127E-04
# With parameters(rot.):    -0.1976E-02   -0.4238E-02   -0.8519E-02
# Minimization at step:    32 with Value:     0.0000Tol(Act/Req):0.1996E+01/0.1000E-04
# With parameters(tra.):     0.2634E-03    0.1348E-02    0.2868E-04
# With parameters(rot.):    -0.7910E-03   -0.4735E-02   -0.8058E-02
# Minimization at step:    33 with Value:     0.0000Tol(Act/Req):0.1996E+01/0.1000E-04
# With parameters(tra.):     0.9021E-04    0.1402E-02   -0.2490E-03
# With parameters(rot.):    -0.2538E-02   -0.3800E-02   -0.4809E-02
# Minimization at step:    34 with Value:     0.0000Tol(Act/Req):0.1996E+01/0.1000E-04
# With parameters(tra.):    -0.3433E-03    0.1424E-02   -0.1727E-03
# With parameters(rot.):    -0.1290E-02   -0.1267E-02   -0.6835E-02
# Minimization at step:    35 with Value:     0.0000Tol(Act/Req):0.1995E+01/0.1000E-04
# With parameters(tra.):    -0.6620E-03    0.1082E-02   -0.2964E-03
# With parameters(rot.):    -0.3437E-02   -0.1339E-02   -0.7828E-02
# Minimization at step:    36 with Value:     0.0000Tol(Act/Req):0.1995E+01/0.1000E-04
# With parameters(tra.):    -0.3347E-03    0.9456E-03   -0.4140E-03
# With parameters(rot.):    -0.5400E-02   -0.3896E-02   -0.6133E-02
# Minimization at step:    37 with Value:     0.0000Tol(Act/Req):0.1995E+01/0.1000E-04
# With parameters(tra.):    -0.2899E-03    0.8513E-03   -0.1463E-03
# With parameters(rot.):    -0.5084E-02   -0.4441E-02   -0.1596E-02
# Minimization at step:    38 with Value:     0.0000Tol(Act/Req):0.1995E+01/0.1000E-04
# With parameters(tra.):    -0.6023E-03    0.9560E-03    0.6052E-04
# With parameters(rot.):    -0.3015E-02   -0.2065E-02   -0.1779E-02
# Minimization at step:    39 with Value:     0.0000Tol(Act/Req):0.1994E+01/0.1000E-04
# With parameters(tra.):    -0.5177E-03    0.1031E-02    0.1212E-03
# With parameters(rot.):    -0.2443E-02   -0.2107E-02   -0.1027E-02
# Minimization at step:    40 with Value:     0.0000Tol(Act/Req):0.1994E+01/0.1000E-04
# With parameters(tra.):    -0.4326E-03    0.1011E-02    0.7454E-04
# With parameters(rot.):    -0.2913E-02   -0.2705E-02   -0.9181E-03
# Minimization at step:    41 with Value:     0.0000Tol(Act/Req):0.1993E+01/0.1000E-04
# With parameters(tra.):    -0.4025E-03    0.7731E-03   -0.5184E-04
# With parameters(rot.):    -0.5100E-02   -0.8730E-03   -0.4917E-03
# Minimization at step:    42 with Value:     0.0000Tol(Act/Req):0.1992E+01/0.1000E-04
# With parameters(tra.):    -0.4952E-03    0.5096E-03   -0.1039E-03
# With parameters(rot.):    -0.4166E-02   -0.5788E-03    0.2952E-02
# Minimization at step:    43 with Value:     0.0000Tol(Act/Req):0.1991E+01/0.1000E-04
# With parameters(tra.):    -0.5749E-03    0.1763E-03    0.1297E-03
# With parameters(rot.):    -0.3544E-02   -0.1279E-03    0.3373E-02
# Minimization at step:    44 with Value:     0.0000Tol(Act/Req):0.1989E+01/0.1000E-04
# With parameters(tra.):    -0.5968E-03    0.1860E-03    0.1764E-03
# With parameters(rot.):    -0.2868E-02   -0.5238E-03    0.3589E-02
# Minimization at step:    45 with Value:     0.0000Tol(Act/Req):0.1987E+01/0.1000E-04
# With parameters(tra.):    -0.6336E-03    0.1542E-03    0.1364E-03
# With parameters(rot.):    -0.2762E-02   -0.6120E-04    0.2887E-02
# Minimization at step:    46 with Value:     0.0000Tol(Act/Req):0.1987E+01/0.1000E-04
# With parameters(tra.):    -0.6185E-03    0.2357E-03    0.7854E-04
# With parameters(rot.):    -0.2852E-02   -0.1683E-03    0.2741E-02
# Minimization at step:    47 with Value:     0.0000Tol(Act/Req):0.1987E+01/0.1000E-04
# With parameters(tra.):    -0.4829E-03    0.1207E-03    0.1857E-03
# With parameters(rot.):    -0.1845E-02    0.3930E-03    0.5501E-02
# Minimization at step:    48 with Value:     0.0000Tol(Act/Req):0.1983E+01/0.1000E-04
# With parameters(tra.):    -0.4445E-03    0.3658E-04    0.1716E-03
# With parameters(rot.):    -0.1991E-02    0.3524E-03    0.6091E-02
# Minimization at step:    49 with Value:     0.0000Tol(Act/Req):0.1981E+01/0.1000E-04
# With parameters(tra.):    -0.3348E-03    0.1424E-03    0.3154E-03
# With parameters(rot.):    -0.2200E-02    0.3685E-03    0.3693E-02
# Minimization at step:    50 with Value:     0.0000Tol(Act/Req):0.1976E+01/0.1000E-04
# With parameters(tra.):    -0.3564E-03    0.1729E-03    0.2995E-03
# With parameters(rot.):    -0.2482E-02    0.2261E-03    0.2852E-02
# Minimization at step:    51 with Value:     0.0000Tol(Act/Req):0.1973E+01/0.1000E-04
# With parameters(tra.):    -0.3473E-03    0.1767E-03    0.3331E-03
# With parameters(rot.):    -0.2111E-02    0.9068E-04    0.2898E-02
# Minimization at step:    52 with Value:     0.0000Tol(Act/Req):0.1973E+01/0.1000E-04
# With parameters(tra.):    -0.3254E-03    0.1205E-03    0.3186E-03
# With parameters(rot.):    -0.1683E-02    0.1066E-02    0.1498E-02
# Minimization at step:    53 with Value:     0.0000Tol(Act/Req):0.1969E+01/0.1000E-04
# With parameters(tra.):    -0.3520E-03    0.9222E-04    0.2829E-03
# With parameters(rot.):    -0.1588E-02    0.1121E-02    0.1914E-02
# Minimization at step:    54 with Value:     0.0000Tol(Act/Req):0.1966E+01/0.1000E-04
# With parameters(tra.):    -0.2331E-03    0.2074E-03    0.2354E-03
# With parameters(rot.):    -0.1347E-02    0.1336E-02    0.1347E-02
# Minimization at step:    55 with Value:     0.0000Tol(Act/Req):0.1953E+01/0.1000E-04
# With parameters(tra.):    -0.8592E-04    0.9603E-04    0.2285E-03
# With parameters(rot.):    -0.1423E-02    0.1583E-02    0.9444E-03
# Minimization at step:    56 with Value:     0.0000Tol(Act/Req):0.1952E+01/0.1000E-04
# With parameters(tra.):    -0.7417E-04    0.1049E-03    0.2146E-03
# With parameters(rot.):    -0.1476E-02    0.1624E-02    0.3650E-03
# Minimization at step:    57 with Value:     0.0000Tol(Act/Req):0.1942E+01/0.1000E-04
# With parameters(tra.):     0.7753E-05    0.9263E-04    0.2354E-03
# With parameters(rot.):    -0.7612E-03    0.1805E-02   -0.1989E-03
# Minimization at step:    58 with Value:     0.0000Tol(Act/Req):0.1942E+01/0.1000E-04
# With parameters(tra.):     0.9690E-04    0.1396E-03    0.2222E-03
# With parameters(rot.):    -0.8821E-03    0.1075E-02    0.6360E-03
# Minimization at step:    59 with Value:     0.0000Tol(Act/Req):0.1928E+01/0.1000E-04
# With parameters(tra.):     0.1933E-03    0.9880E-04    0.1306E-03
# With parameters(rot.):    -0.4561E-03    0.1168E-02    0.1043E-02
# Minimization at step:    60 with Value:     0.0000Tol(Act/Req):0.1925E+01/0.1000E-04
# With parameters(tra.):     0.1991E-03    0.6096E-04    0.1337E-03
# With parameters(rot.):    -0.4421E-03    0.1100E-02    0.1159E-02
# Minimization at step:    61 with Value:     0.0000Tol(Act/Req):0.1919E+01/0.1000E-04
# With parameters(tra.):     0.1469E-03    0.1606E-03    0.1090E-03
# With parameters(rot.):    -0.3836E-04    0.6927E-03    0.1634E-02
# Minimization at step:    62 with Value:     0.0000Tol(Act/Req):0.1914E+01/0.1000E-04
# With parameters(tra.):     0.7441E-04    0.1207E-03    0.8446E-04
# With parameters(rot.):     0.3638E-03    0.1295E-02    0.1132E-02
# Minimization at step:    63 with Value:     0.0000Tol(Act/Req):0.1902E+01/0.1000E-04
# With parameters(tra.):     0.4040E-04    0.1327E-03    0.1035E-03
# With parameters(rot.):     0.3256E-03    0.1282E-02    0.1037E-02
# Minimization at step:    64 with Value:     0.0000Tol(Act/Req):0.1897E+01/0.1000E-04
# With parameters(tra.):     0.4458E-04    0.1055E-03    0.1093E-03
# With parameters(rot.):     0.2550E-03    0.1433E-02    0.8689E-03
# Minimization at step:    65 with Value:     0.0000Tol(Act/Req):0.1887E+01/0.1000E-04
# With parameters(tra.):     0.6035E-04    0.1100E-03    0.9353E-04
# With parameters(rot.):     0.3730E-03    0.1438E-02    0.6212E-03
# Minimization at step:    66 with Value:     0.0000Tol(Act/Req):0.1879E+01/0.1000E-04
# With parameters(tra.):     0.7730E-04    0.1191E-03    0.1004E-03
# With parameters(rot.):     0.2732E-03    0.1300E-02    0.7043E-03
# Minimization at step:    67 with Value:     0.0000Tol(Act/Req):0.1839E+01/0.1000E-04
# With parameters(tra.):     0.4587E-04    0.1360E-03    0.4154E-04
# With parameters(rot.):     0.1416E-03    0.1011E-02    0.1381E-02
# Minimization at step:    68 with Value:     0.0000Tol(Act/Req):0.1788E+01/0.1000E-04
# With parameters(tra.):     0.6410E-05    0.8537E-04    0.1711E-04
# With parameters(rot.):     0.3641E-03    0.8459E-03    0.1688E-02
# Minimization at step:    69 with Value:     0.0000Tol(Act/Req):0.1773E+01/0.1000E-04
# With parameters(tra.):     0.1098E-04    0.7690E-04    0.2979E-04
# With parameters(rot.):     0.4155E-03    0.9042E-03    0.1544E-02
# Minimization at step:    70 with Value:     0.0000Tol(Act/Req):0.1770E+01/0.1000E-04
# With parameters(tra.):    -0.8475E-05    0.7826E-04    0.3318E-04
# With parameters(rot.):     0.4039E-03    0.8664E-03    0.1539E-02
# Minimization at step:    71 with Value:     0.0000Tol(Act/Req):0.1762E+01/0.1000E-04
# With parameters(tra.):     0.1261E-06    0.7665E-04   -0.1840E-04
# With parameters(rot.):     0.6502E-03    0.6858E-03    0.1350E-02
# Minimization at step:    72 with Value:     0.0000Tol(Act/Req):0.1759E+01/0.1000E-04
# With parameters(tra.):    -0.6334E-05    0.1254E-04   -0.4948E-04
# With parameters(rot.):     0.6407E-03    0.7386E-03    0.1174E-02
# Minimization at step:    73 with Value:     0.0000Tol(Act/Req):0.1691E+01/0.1000E-04
# With parameters(tra.):    -0.1818E-05   -0.4597E-06   -0.7664E-04
# With parameters(rot.):     0.5830E-03    0.3903E-03    0.1416E-02
# Minimization at step:    74 with Value:     0.0000Tol(Act/Req):0.1690E+01/0.1000E-04
# With parameters(tra.):    -0.1107E-04   -0.2455E-04   -0.4447E-04
# With parameters(rot.):     0.3143E-03    0.4725E-03    0.1627E-02
# Minimization at step:    75 with Value:     0.0000Tol(Act/Req):0.1687E+01/0.1000E-04
# With parameters(tra.):     0.2257E-04   -0.1052E-04   -0.4057E-04
# With parameters(rot.):     0.7518E-04    0.5133E-03    0.1300E-02
# Minimization at step:    76 with Value:     0.0000Tol(Act/Req):0.1589E+01/0.1000E-04
# With parameters(tra.):     0.2659E-04    0.3580E-05   -0.3206E-04
# With parameters(rot.):     0.3042E-04    0.4813E-03    0.1354E-02
# Minimization at step:    77 with Value:     0.0000Tol(Act/Req):0.1586E+01/0.1000E-04
# With parameters(tra.):     0.4093E-04   -0.3780E-04   -0.2731E-04
# With parameters(rot.):     0.4914E-05    0.4571E-03    0.1004E-02
# Minimization at step:    78 with Value:     0.0000Tol(Act/Req):0.1585E+01/0.1000E-04
# With parameters(tra.):     0.6752E-04   -0.1812E-04   -0.5375E-04
# With parameters(rot.):     0.1705E-03    0.3698E-03    0.5849E-03
# Minimization at step:    79 with Value:     0.0000Tol(Act/Req):0.1571E+01/0.1000E-04
# With parameters(tra.):     0.5394E-04   -0.4754E-04   -0.7594E-04
# With parameters(rot.):     0.6949E-04    0.1285E-03    0.2568E-03
# Minimization at step:    80 with Value:     0.0000Tol(Act/Req):0.1559E+01/0.1000E-04
# With parameters(tra.):     0.3060E-04   -0.6965E-04   -0.6166E-04
# With parameters(rot.):    -0.7995E-04    0.1337E-03    0.4891E-03
# Minimization at step:    81 with Value:     0.0000Tol(Act/Req):0.1523E+01/0.1000E-04
# With parameters(tra.):     0.3206E-04   -0.6414E-04   -0.5493E-04
# With parameters(rot.):    -0.6715E-04    0.1944E-03    0.5904E-03
# Minimization at step:    82 with Value:     0.0000Tol(Act/Req):0.1402E+01/0.1000E-04
# With parameters(tra.):     0.3413E-04   -0.6728E-04   -0.4859E-04
# With parameters(rot.):    -0.1117E-03    0.2361E-03    0.4813E-03
# Minimization at step:    83 with Value:     0.0000Tol(Act/Req):0.1371E+01/0.1000E-04
# With parameters(tra.):     0.1751E-04   -0.3572E-04   -0.6044E-04
# With parameters(rot.):    -0.1251E-03    0.1868E-03    0.6578E-03
# Minimization at step:    84 with Value:     0.0000Tol(Act/Req):0.1347E+01/0.1000E-04
# With parameters(tra.):     0.8684E-05   -0.4133E-04   -0.6307E-04
# With parameters(rot.):    -0.8198E-04    0.1494E-03    0.6860E-03
# Minimization at step:    85 with Value:     0.0000Tol(Act/Req):0.1232E+01/0.1000E-04
# With parameters(tra.):     0.1076E-04   -0.2809E-04   -0.5637E-04
# With parameters(rot.):    -0.2090E-03   -0.2521E-04    0.5724E-03
# Minimization at step:    86 with Value:     0.0000Tol(Act/Req):0.1198E+01/0.1000E-04
# With parameters(tra.):     0.1435E-04   -0.3535E-04   -0.5307E-04
# With parameters(rot.):    -0.2126E-03   -0.3054E-04    0.5211E-03
# Minimization at step:    87 with Value:     0.0000Tol(Act/Req):0.1177E+01/0.1000E-04
# With parameters(tra.):     0.2449E-04   -0.9171E-05   -0.5973E-04
# With parameters(rot.):    -0.1572E-03   -0.8873E-04    0.3770E-03
# Minimization at step:    88 with Value:     0.0000Tol(Act/Req):0.1133E+01/0.1000E-04
# With parameters(tra.):     0.2487E-04    0.2017E-04   -0.4785E-04
# With parameters(rot.):    -0.1616E-03   -0.6165E-04    0.5086E-03
# Minimization at step:    89 with Value:     0.0000Tol(Act/Req):0.1074E+01/0.1000E-04
# With parameters(tra.):     0.2513E-04    0.2589E-04   -0.4462E-04
# With parameters(rot.):    -0.1881E-03   -0.6560E-04    0.4563E-03
# Minimization at step:    90 with Value:     0.0000Tol(Act/Req):0.1047E+01/0.1000E-04
# With parameters(tra.):     0.2506E-04    0.1903E-04   -0.4732E-04
# With parameters(rot.):    -0.1892E-03   -0.7271E-04    0.4191E-03
# Minimization at step:    91 with Value:     0.0000Tol(Act/Req):0.9870E+00/0.1000E-04
# With parameters(tra.):     0.1511E-04    0.2258E-05   -0.3653E-04
# With parameters(rot.):    -0.2552E-03   -0.9174E-05    0.5772E-03
# Minimization at step:    92 with Value:     0.0000Tol(Act/Req):0.9414E+00/0.1000E-04
# With parameters(tra.):     0.1496E-04    0.1478E-05   -0.3655E-04
# With parameters(rot.):    -0.2273E-03    0.3581E-04    0.6060E-03
# Minimization at step:    93 with Value:     0.0000Tol(Act/Req):0.9202E+00/0.1000E-04
# With parameters(tra.):     0.1743E-04    0.5606E-05   -0.3925E-04
# With parameters(rot.):    -0.2085E-03    0.2368E-04    0.5689E-03
# Minimization at step:    94 with Value:     0.0000Tol(Act/Req):0.8511E+00/0.1000E-04
# With parameters(tra.):     0.2685E-05    0.1004E-04   -0.3657E-04
# With parameters(rot.):    -0.1645E-03   -0.9305E-04    0.5864E-03
# Minimization at step:    95 with Value:     0.0000Tol(Act/Req):0.7634E+00/0.1000E-04
# With parameters(tra.):     0.5976E-05    0.1066E-04   -0.2448E-04
# With parameters(rot.):    -0.1557E-03   -0.1245E-03    0.5057E-03
# Minimization at step:    96 with Value:     0.0000Tol(Act/Req):0.7483E+00/0.1000E-04
# With parameters(tra.):     0.9937E-05    0.9606E-05   -0.2414E-04
# With parameters(rot.):    -0.1660E-03   -0.9799E-04    0.4946E-03
# Minimization at step:    97 with Value:     0.0000Tol(Act/Req):0.7126E+00/0.1000E-04
# With parameters(tra.):     0.5399E-05    0.1561E-04   -0.1085E-04
# With parameters(rot.):    -0.2115E-03   -0.1167E-03    0.4028E-03
# Minimization at step:    98 with Value:     0.0000Tol(Act/Req):0.6329E+00/0.1000E-04
# With parameters(tra.):    -0.1300E-05    0.7551E-06   -0.4092E-05
# With parameters(rot.):    -0.2212E-03   -0.1456E-03    0.3229E-03
# Minimization at step:    99 with Value:     0.0000Tol(Act/Req):0.6200E+00/0.1000E-04
# With parameters(tra.):    -0.7033E-05   -0.1046E-05    0.6688E-05
# With parameters(rot.):    -0.1634E-03   -0.1161E-03    0.2861E-03
# Minimization at step:   100 with Value:     0.0000Tol(Act/Req):0.5091E+00/0.1000E-04
# With parameters(tra.):    -0.7835E-05    0.4640E-06    0.9166E-05
# With parameters(rot.):    -0.1502E-03   -0.1338E-03    0.2440E-03
# Minimization at step:   101 with Value:     0.0000Tol(Act/Req):0.4891E+00/0.1000E-04
# With parameters(tra.):    -0.7708E-05   -0.1059E-04    0.2552E-05
# With parameters(rot.):    -0.8422E-04   -0.1208E-03    0.2829E-03
# Minimization at step:   102 with Value:     0.0000Tol(Act/Req):0.4634E+00/0.1000E-04
# With parameters(tra.):    -0.3145E-05    0.4824E-06   -0.1991E-05
# With parameters(rot.):    -0.2891E-04   -0.8361E-04    0.3495E-03
# Minimization at step:   103 with Value:     0.0000Tol(Act/Req):0.3872E+00/0.1000E-04
# With parameters(tra.):     0.4151E-06   -0.4671E-05    0.6069E-05
# With parameters(rot.):    -0.3748E-05   -0.2570E-04    0.2789E-03
# Minimization at step:   104 with Value:     0.0000Tol(Act/Req):0.3823E+00/0.1000E-04
# With parameters(tra.):    -0.4290E-06   -0.7869E-05    0.7876E-05
# With parameters(rot.):    -0.1548E-04   -0.3016E-04    0.2563E-03
# Minimization at step:   105 with Value:     0.0000Tol(Act/Req):0.2976E+00/0.1000E-04
# With parameters(tra.):     0.1459E-06   -0.4878E-05    0.9974E-05
# With parameters(rot.):    -0.2624E-04   -0.2587E-04    0.2444E-03
# Minimization at step:   106 with Value:     0.0000Tol(Act/Req):0.2905E+00/0.1000E-04
# With parameters(tra.):     0.2177E-05   -0.4747E-05    0.7553E-05
# With parameters(rot.):    -0.2927E-04   -0.2573E-04    0.2501E-03
# Minimization at step:   107 with Value:     0.0000Tol(Act/Req):0.2546E+00/0.1000E-04
# With parameters(tra.):     0.3911E-05   -0.3464E-05    0.1197E-04
# With parameters(rot.):     0.3739E-04   -0.2514E-04    0.1679E-03
# Minimization at step:   108 with Value:     0.0000Tol(Act/Req):0.2500E+00/0.1000E-04
# With parameters(tra.):     0.2917E-05   -0.4798E-05    0.1198E-04
# With parameters(rot.):     0.5130E-04   -0.8983E-05    0.1599E-03
# Minimization at step:   109 with Value:     0.0000Tol(Act/Req):0.2309E+00/0.1000E-04
# With parameters(tra.):     0.1903E-06    0.3136E-06    0.5896E-05
# With parameters(rot.):     0.4449E-04   -0.6132E-04    0.1909E-03
# Minimization at step:   110 with Value:     0.0000Tol(Act/Req):0.2205E+00/0.1000E-04
# With parameters(tra.):    -0.5534E-06    0.3077E-06    0.4285E-05
# With parameters(rot.):     0.2842E-04   -0.6448E-04    0.2133E-03
# Minimization at step:   111 with Value:     0.0000Tol(Act/Req):0.1450E+00/0.1000E-04
# With parameters(tra.):     0.1305E-05   -0.3527E-05    0.8448E-05
# With parameters(rot.):     0.2951E-04   -0.2602E-04    0.1957E-03
# Minimization at step:   112 with Value:     0.0000Tol(Act/Req):0.1359E+00/0.1000E-04
# With parameters(tra.):     0.1690E-05   -0.1919E-05    0.9370E-05
# With parameters(rot.):     0.2877E-04   -0.2389E-04    0.1857E-03
# Minimization at step:   113 with Value:     0.0000Tol(Act/Req):0.1241E+00/0.1000E-04
# With parameters(tra.):     0.1444E-05   -0.3022E-05    0.1040E-04
# With parameters(rot.):     0.2659E-04   -0.2559E-04    0.1686E-03
# Minimization at step:   114 with Value:     0.0000Tol(Act/Req):0.9353E-01/0.1000E-04
# With parameters(tra.):     0.5263E-05   -0.2185E-05    0.6504E-05
# With parameters(rot.):     0.3916E-04   -0.2527E-04    0.1528E-03
# Minimization at step:   115 with Value:     0.0000Tol(Act/Req):0.8889E-01/0.1000E-04
# With parameters(tra.):     0.4055E-05   -0.3981E-05    0.4702E-05
# With parameters(rot.):     0.6293E-04    0.1620E-05    0.1345E-03
# Minimization at step:   116 with Value:     0.0000Tol(Act/Req):0.7916E-01/0.1000E-04
# With parameters(tra.):     0.3732E-05   -0.1576E-05    0.6778E-06
# With parameters(rot.):     0.7334E-04   -0.1481E-04    0.1258E-03
# Minimization at step:   117 with Value:     0.0000Tol(Act/Req):0.7592E-01/0.1000E-04
# With parameters(tra.):     0.3688E-05   -0.2056E-05   -0.2641E-05
# With parameters(rot.):     0.6046E-04   -0.7132E-05    0.1376E-03
# Minimization at step:   118 with Value:     0.0000Tol(Act/Req):0.6954E-01/0.1000E-04
# With parameters(tra.):     0.3959E-05   -0.1446E-05   -0.2802E-05
# With parameters(rot.):     0.5431E-04   -0.1458E-04    0.1425E-03
# Minimization at step:   119 with Value:     0.0000Tol(Act/Req):0.6901E-01/0.1000E-04
# With parameters(tra.):     0.5484E-05    0.1928E-05   -0.5016E-05
# With parameters(rot.):     0.6135E-04   -0.7214E-05    0.1080E-03
# Minimization at step:   120 with Value:     0.0000Tol(Act/Req):0.6872E-01/0.1000E-04
# With parameters(tra.):     0.6391E-05    0.6906E-06   -0.2890E-05
# With parameters(rot.):     0.4694E-04    0.1174E-04    0.1108E-03
# Minimization at step:   121 with Value:     0.0000Tol(Act/Req):0.6447E-01/0.1000E-04
# With parameters(tra.):     0.6085E-05   -0.2561E-06   -0.2159E-05
# With parameters(rot.):     0.4398E-04    0.1148E-04    0.1196E-03
# Minimization at step:   122 with Value:     0.0000Tol(Act/Req):0.6312E-01/0.1000E-04
# With parameters(tra.):     0.7141E-05   -0.1541E-05   -0.4289E-05
# With parameters(rot.):     0.4542E-04    0.2043E-04    0.6899E-04
# Minimization at step:   123 with Value:     0.0000Tol(Act/Req):0.5141E-01/0.1000E-04
# With parameters(tra.):     0.3949E-05   -0.2163E-05   -0.3992E-05
# With parameters(rot.):     0.3495E-04    0.3533E-04    0.5681E-04
# Minimization at step:   124 with Value:     0.0000Tol(Act/Req):0.3893E-01/0.1000E-04
# With parameters(tra.):     0.3419E-05   -0.1893E-05   -0.3435E-05
# With parameters(rot.):     0.3371E-04    0.3434E-04    0.6845E-04
# Minimization at step:   125 with Value:     0.0000Tol(Act/Req):0.3705E-01/0.1000E-04
# With parameters(tra.):     0.3358E-05   -0.1519E-05   -0.1488E-05
# With parameters(rot.):     0.3338E-04    0.4305E-04    0.3752E-04
# Minimization at step:   126 with Value:     0.0000Tol(Act/Req):0.3590E-01/0.1000E-04
# With parameters(tra.):     0.3701E-05   -0.3249E-06   -0.1372E-05
# With parameters(rot.):     0.1411E-04    0.4735E-04    0.1221E-04
# Minimization at step:   127 with Value:     0.0000Tol(Act/Req):0.3164E-01/0.1000E-04
# With parameters(tra.):     0.1897E-05    0.5739E-06   -0.2993E-05
# With parameters(rot.):     0.1758E-04    0.4026E-04   -0.2340E-04
# Minimization at step:   128 with Value:     0.0000Tol(Act/Req):0.2832E-01/0.1000E-04
# With parameters(tra.):     0.1396E-05    0.1698E-06   -0.2697E-05
# With parameters(rot.):     0.1390E-04    0.4253E-04   -0.3090E-04
# Minimization at step:   129 with Value:     0.0000Tol(Act/Req):0.2395E-01/0.1000E-04
# With parameters(tra.):     0.1805E-05   -0.8862E-07   -0.2267E-05
# With parameters(rot.):     0.1272E-04    0.4449E-04   -0.2262E-04
# Minimization at step:   130 with Value:     0.0000Tol(Act/Req):0.2263E-01/0.1000E-04
# With parameters(tra.):     0.2424E-05    0.2397E-06   -0.2198E-05
# With parameters(rot.):     0.1349E-04    0.4153E-04   -0.2619E-04
# Minimization at step:   131 with Value:     0.0000Tol(Act/Req):0.2133E-01/0.1000E-04
# With parameters(tra.):     0.1033E-05    0.1489E-05   -0.6709E-06
# With parameters(rot.):     0.4285E-05    0.4194E-04   -0.3446E-04
# Minimization at step:   132 with Value:     0.0000Tol(Act/Req):0.2124E-01/0.1000E-04
# With parameters(tra.):    -0.1993E-06    0.8996E-06   -0.5523E-06
# With parameters(rot.):     0.2028E-04    0.3583E-04   -0.2471E-04
# Minimization at step:   133 with Value:     0.0000Tol(Act/Req):0.1592E-01/0.1000E-04
# With parameters(tra.):    -0.1325E-05    0.1332E-05   -0.2188E-05
# With parameters(rot.):     0.1624E-04    0.2471E-04   -0.1452E-04
# Minimization at step:   134 with Value:     0.0000Tol(Act/Req):0.1453E-01/0.1000E-04
# With parameters(tra.):    -0.1173E-05    0.1007E-05   -0.2696E-05
# With parameters(rot.):     0.1954E-04    0.2318E-04   -0.1079E-04
# Minimization at step:   135 with Value:     0.0000Tol(Act/Req):0.1212E-01/0.1000E-04
# With parameters(tra.):    -0.9466E-06    0.1163E-05   -0.2904E-05
# With parameters(rot.):     0.1548E-04    0.2365E-04   -0.1206E-04
# Minimization at step:   136 with Value:     0.0000Tol(Act/Req):0.1203E-01/0.1000E-04
# With parameters(tra.):    -0.6337E-06    0.1041E-05   -0.2555E-05
# With parameters(rot.):     0.1643E-04    0.2634E-04   -0.1441E-04
# Minimization at step:   137 with Value:     0.0000Tol(Act/Req):0.1173E-01/0.1000E-04
# With parameters(tra.):    -0.2314E-05    0.5227E-06   -0.1916E-05
# With parameters(rot.):     0.9908E-05    0.2548E-04   -0.2390E-04
# Minimization at step:   138 with Value:     0.0000Tol(Act/Req):0.1075E-01/0.1000E-04
# With parameters(tra.):    -0.2869E-05    0.2097E-06   -0.9396E-06
# With parameters(rot.):     0.6622E-05    0.2306E-04   -0.7778E-05
# Minimization at step:   139 with Value:     0.0000Tol(Act/Req):0.1071E-01/0.1000E-04
# With parameters(tra.):    -0.3394E-05    0.8562E-06   -0.3810E-06
# With parameters(rot.):     0.5866E-05    0.1098E-04   -0.8788E-05
# Minimization at step:   140 with Value:     0.0000Tol(Act/Req):0.6237E-02/0.1000E-04
# With parameters(tra.):    -0.2074E-05    0.1485E-05   -0.5083E-06
# With parameters(rot.):     0.1104E-04    0.7006E-05    0.5746E-05
# Minimization at step:   141 with Value:     0.0000Tol(Act/Req):0.6192E-02/0.1000E-04
# With parameters(tra.):    -0.1996E-05    0.1906E-05   -0.1262E-06
# With parameters(rot.):     0.1435E-05    0.2405E-05    0.9131E-05
# Minimization at step:   142 with Value:     0.0000Tol(Act/Req):0.5736E-02/0.1000E-04
# With parameters(tra.):    -0.1253E-05    0.1683E-05   -0.4814E-06
# With parameters(rot.):     0.8941E-06    0.9325E-05    0.1437E-04
# Minimization at step:   143 with Value:     0.0000Tol(Act/Req):0.5239E-02/0.1000E-04
# With parameters(tra.):    -0.1514E-05    0.1542E-05   -0.4473E-06
# With parameters(rot.):    -0.1244E-05    0.1051E-04    0.1145E-04
# Minimization at step:   144 with Value:     0.0000Tol(Act/Req):0.5212E-02/0.1000E-04
# With parameters(tra.):    -0.1263E-05    0.1731E-05   -0.6505E-06
# With parameters(rot.):    -0.1078E-05    0.1007E-04    0.9024E-05
# Minimization at step:   145 with Value:     0.0000Tol(Act/Req):0.5204E-02/0.1000E-04
# With parameters(tra.):    -0.8464E-06    0.1717E-05    0.6829E-06
# With parameters(rot.):    -0.5021E-05    0.1003E-04    0.1215E-04
# Minimization at step:   146 with Value:     0.0000Tol(Act/Req):0.5185E-02/0.1000E-04
# With parameters(tra.):    -0.7434E-06    0.1614E-05    0.7104E-06
# With parameters(rot.):    -0.5419E-05    0.8161E-05    0.1592E-04
# Minimization at step:   147 with Value:     0.0000Tol(Act/Req):0.4354E-02/0.1000E-04
# With parameters(tra.):    -0.1030E-05    0.1599E-05   -0.2827E-06
# With parameters(rot.):    -0.2561E-05    0.7727E-05    0.1452E-04
# Minimization at step:   148 with Value:     0.0000Tol(Act/Req):0.2256E-02/0.1000E-04
# With parameters(tra.):    -0.9688E-06    0.1468E-05   -0.3913E-06
# With parameters(rot.):    -0.4934E-06    0.9321E-05    0.1413E-04
# Minimization at step:   149 with Value:     0.0000Tol(Act/Req):0.1938E-02/0.1000E-04
# With parameters(tra.):    -0.1370E-05    0.1545E-05   -0.1244E-06
# With parameters(rot.):    -0.5952E-06    0.4707E-05    0.1056E-04
# Minimization at step:   150 with Value:     0.0000Tol(Act/Req):0.1926E-02/0.1000E-04
# With parameters(tra.):    -0.1373E-05    0.1314E-05   -0.3476E-06
# With parameters(rot.):     0.2169E-06   -0.1742E-06    0.1632E-04
# Minimization at step:   151 with Value:     0.0000Tol(Act/Req):0.1892E-02/0.1000E-04
# With parameters(tra.):    -0.1023E-05    0.1494E-05   -0.5766E-06
# With parameters(rot.):     0.7896E-06   -0.3397E-05    0.1450E-04
# Minimization at step:   152 with Value:     0.0000Tol(Act/Req):0.1808E-02/0.1000E-04
# With parameters(tra.):    -0.9034E-06    0.1784E-05   -0.4297E-06
# With parameters(rot.):     0.1683E-06    0.4091E-06    0.8128E-05
# Minimization at step:   153 with Value:     0.0000Tol(Act/Req):0.1717E-02/0.1000E-04
# With parameters(tra.):    -0.1223E-05    0.1583E-05   -0.3557E-06
# With parameters(rot.):    -0.3637E-05   -0.5864E-06    0.1189E-05
# Minimization at step:   154 with Value:     0.0000Tol(Act/Req):0.1645E-02/0.1000E-04
# With parameters(tra.):    -0.1191E-05    0.1584E-05   -0.1963E-06
# With parameters(rot.):    -0.4203E-05   -0.1207E-05    0.3109E-06
# Minimization at step:   155 with Value:     0.0000Tol(Act/Req):0.1545E-02/0.1000E-04
# With parameters(tra.):    -0.9438E-06    0.1736E-05   -0.2119E-06
# With parameters(rot.):    -0.1491E-05   -0.6155E-06    0.5295E-05
# Minimization at step:   156 with Value:     0.0000Tol(Act/Req):0.1521E-02/0.1000E-04
# With parameters(tra.):    -0.4007E-06    0.1722E-05   -0.5079E-06
# With parameters(rot.):    -0.1687E-05    0.2225E-05    0.7114E-05
# Minimization at step:   157 with Value:     0.0000Tol(Act/Req):0.1405E-02/0.1000E-04
# With parameters(tra.):    -0.8918E-07    0.1546E-05   -0.7640E-06
# With parameters(rot.):     0.2050E-05    0.3047E-05    0.3983E-05
# Minimization at step:   158 with Value:     0.0000Tol(Act/Req):0.1296E-02/0.1000E-04
# With parameters(tra.):     0.2478E-07    0.1269E-05   -0.9577E-06
# With parameters(rot.):     0.2987E-05    0.8513E-06    0.7724E-05
# Minimization at step:   159 with Value:     0.0000Tol(Act/Req):0.1147E-02/0.1000E-04
# With parameters(tra.):    -0.3765E-06    0.1131E-05   -0.8116E-06
# With parameters(rot.):     0.4741E-05   -0.2447E-05    0.6109E-05
# Minimization at step:   160 with Value:     0.0000Tol(Act/Req):0.1050E-02/0.1000E-04
# With parameters(tra.):    -0.4783E-06    0.1140E-05   -0.7515E-06
# With parameters(rot.):     0.4031E-05   -0.3110E-05    0.7068E-05
# Minimization at step:   161 with Value:     0.0000Tol(Act/Req):0.9715E-03/0.1000E-04
# With parameters(tra.):    -0.3865E-06    0.1176E-05   -0.7831E-06
# With parameters(rot.):     0.3533E-05   -0.2341E-05    0.7552E-05
# Minimization at step:   162 with Value:     0.0000Tol(Act/Req):0.8202E-03/0.1000E-04
# With parameters(tra.):    -0.4075E-06    0.9498E-06   -0.6993E-06
# With parameters(rot.):     0.4066E-05    0.1600E-06    0.6451E-05
# Minimization at step:   163 with Value:     0.0000Tol(Act/Req):0.7877E-03/0.1000E-04
# With parameters(tra.):    -0.8298E-07    0.7408E-06   -0.5480E-06
# With parameters(rot.):     0.5691E-05   -0.6255E-06    0.6741E-05
# Minimization at step:   164 with Value:     0.0000Tol(Act/Req):0.6297E-03/0.1000E-04
# With parameters(tra.):     0.3891E-07    0.3085E-06   -0.6497E-06
# With parameters(rot.):     0.6276E-05   -0.1023E-05    0.3900E-05
# Minimization at step:   165 with Value:     0.0000Tol(Act/Req):0.5364E-03/0.1000E-04
# With parameters(tra.):    -0.3235E-07    0.1730E-06   -0.4178E-06
# With parameters(rot.):     0.6749E-05   -0.1844E-06    0.1309E-06
# Minimization at step:   166 with Value:     0.0000Tol(Act/Req):0.5299E-03/0.1000E-04
# With parameters(tra.):     0.4308E-07    0.1071E-06   -0.4031E-06
# With parameters(rot.):     0.6768E-05    0.3800E-06   -0.2456E-06
# Minimization at step:   167 with Value:     0.0000Tol(Act/Req):0.4847E-03/0.1000E-04
# With parameters(tra.):     0.1324E-07   -0.2183E-06   -0.1669E-06
# With parameters(rot.):     0.6259E-05    0.2168E-06   -0.7639E-06
# Minimization at step:   168 with Value:     0.0000Tol(Act/Req):0.4536E-03/0.1000E-04
# With parameters(tra.):    -0.1172E-06    0.3841E-07    0.9560E-07
# With parameters(rot.):     0.5668E-05    0.1028E-05    0.5227E-06
# Minimization at step:   169 with Value:     0.0000Tol(Act/Req):0.3263E-03/0.1000E-04
# With parameters(tra.):    -0.2012E-06    0.3213E-07    0.1114E-06
# With parameters(rot.):     0.5260E-05    0.1362E-05   -0.6794E-07
# Minimization at step:   170 with Value:     0.0000Tol(Act/Req):0.3088E-03/0.1000E-04
# With parameters(tra.):    -0.1756E-06   -0.3257E-07    0.4712E-07
# With parameters(rot.):     0.5374E-05    0.1187E-05   -0.4388E-06
# Minimization at step:   171 with Value:     0.0000Tol(Act/Req):0.3081E-03/0.1000E-04
# With parameters(tra.):    -0.1521E-06    0.3437E-07   -0.2973E-07
# With parameters(rot.):     0.4444E-05    0.8054E-06    0.3140E-05
# Minimization at step:   172 with Value:     0.0000Tol(Act/Req):0.2919E-03/0.1000E-04
# With parameters(tra.):    -0.4587E-07   -0.4483E-07    0.1096E-06
# With parameters(rot.):     0.4037E-05   -0.1480E-05    0.3138E-05
# Minimization at step:   173 with Value:     0.0000Tol(Act/Req):0.2675E-03/0.1000E-04
# With parameters(tra.):    -0.4333E-07    0.5097E-07    0.7361E-07
# With parameters(rot.):     0.3979E-05   -0.1581E-05    0.3593E-05
# Minimization at step:   174 with Value:     0.0000Tol(Act/Req):0.2318E-03/0.1000E-04
# With parameters(tra.):    -0.6967E-07    0.7876E-07    0.3577E-07
# With parameters(rot.):     0.4075E-05   -0.1018E-05    0.3631E-05
# Minimization at step:   175 with Value:     0.0000Tol(Act/Req):0.1734E-03/0.1000E-04
# With parameters(tra.):     0.4360E-07   -0.6250E-07    0.2114E-06
# With parameters(rot.):     0.3216E-05   -0.3553E-06    0.4170E-05
# Minimization at step:   176 with Value:     0.0000Tol(Act/Req):0.1707E-03/0.1000E-04
# With parameters(tra.):    -0.4279E-07   -0.1066E-06    0.2764E-06
# With parameters(rot.):     0.1719E-05   -0.2593E-06    0.4402E-05
# Minimization at step:   177 with Value:     0.0000Tol(Act/Req):0.1681E-03/0.1000E-04
# With parameters(tra.):    -0.3956E-07   -0.1351E-06    0.3212E-06
# With parameters(rot.):     0.1724E-05   -0.2527E-06    0.3612E-05
# Minimization at step:   178 with Value:     0.0000Tol(Act/Req):0.1320E-03/0.1000E-04
# With parameters(tra.):    -0.1805E-06   -0.1802E-07    0.1821E-06
# With parameters(rot.):     0.2086E-05   -0.8812E-06    0.2887E-05
# Minimization at step:   179 with Value:     0.0000Tol(Act/Req):0.1159E-03/0.1000E-04
# With parameters(tra.):    -0.1434E-06   -0.1114E-06    0.1193E-06
# With parameters(rot.):     0.1435E-05   -0.1661E-05    0.3162E-05
# Minimization at step:   180 with Value:     0.0000Tol(Act/Req):0.1017E-03/0.1000E-04
# With parameters(tra.):    -0.1050E-06   -0.1485E-06    0.1489E-06
# With parameters(rot.):     0.1290E-05   -0.1568E-05    0.3366E-05
# Minimization at step:   181 with Value:     0.0000Tol(Act/Req):0.9816E-04/0.1000E-04
# With parameters(tra.):    -0.1695E-06   -0.1687E-06    0.1109E-06
# With parameters(rot.):     0.5552E-06   -0.6257E-06    0.3355E-05
# Minimization at step:   182 with Value:     0.0000Tol(Act/Req):0.9217E-04/0.1000E-04
# With parameters(tra.):    -0.1787E-06   -0.1391E-06    0.9602E-07
# With parameters(rot.):     0.2409E-06   -0.5964E-06    0.3562E-05
# Minimization at step:   183 with Value:     0.0000Tol(Act/Req):0.6048E-04/0.1000E-04
# With parameters(tra.):    -0.1479E-06   -0.1141E-06    0.2167E-08
# With parameters(rot.):     0.9946E-06   -0.7526E-06    0.3179E-05
# Minimization at step:   184 with Value:     0.0000Tol(Act/Req):0.5109E-04/0.1000E-04
# With parameters(tra.):    -0.1776E-06   -0.1641E-06   -0.1471E-07
# With parameters(rot.):     0.7623E-06   -0.9059E-06    0.1455E-05
# Minimization at step:   185 with Value:     0.0000Tol(Act/Req):0.4865E-04/0.1000E-04
# With parameters(tra.):    -0.1621E-06   -0.1586E-06   -0.1568E-07
# With parameters(rot.):     0.9633E-06   -0.1165E-05    0.1300E-05
# Minimization at step:   186 with Value:     0.0000Tol(Act/Req):0.4197E-04/0.1000E-04
# With parameters(tra.):    -0.1932E-06   -0.1121E-06   -0.1887E-07
# With parameters(rot.):     0.1240E-05   -0.4802E-06    0.4957E-06
# Minimization at step:   187 with Value:     0.0000Tol(Act/Req):0.3704E-04/0.1000E-04
# With parameters(tra.):    -0.1459E-06   -0.1741E-06   -0.1571E-07
# With parameters(rot.):     0.9343E-06    0.6691E-07   -0.5265E-07
# Minimization at step:   188 with Value:     0.0000Tol(Act/Req):0.3677E-04/0.1000E-04
# With parameters(tra.):    -0.1534E-06   -0.1265E-06   -0.8274E-07
# With parameters(rot.):     0.5367E-06    0.3466E-06   -0.8425E-06
# Minimization at step:   189 with Value:     0.0000Tol(Act/Req):0.3224E-04/0.1000E-04
# With parameters(tra.):    -0.1157E-06   -0.6404E-07   -0.8855E-07
# With parameters(rot.):     0.6938E-06    0.9174E-06    0.1152E-06
# Minimization at step:   190 with Value:     0.0000Tol(Act/Req):0.3135E-04/0.1000E-04
# With parameters(tra.):    -0.5887E-07   -0.9457E-07   -0.1086E-06
# With parameters(rot.):     0.2344E-06    0.6985E-06    0.7924E-06
# Minimization at step:   191 with Value:     0.0000Tol(Act/Req):0.3095E-04/0.1000E-04
# With parameters(tra.):    -0.6356E-07   -0.1127E-06   -0.1088E-06
# With parameters(rot.):     0.1569E-06    0.5376E-06    0.6094E-06
# Minimization at step:   192 with Value:     0.0000Tol(Act/Req):0.2991E-04/0.1000E-04
# With parameters(tra.):    -0.5418E-07   -0.1235E-06   -0.9421E-07
# With parameters(rot.):     0.2246E-06    0.4835E-06    0.9279E-06
# Minimization at step:   193 with Value:     0.0000Tol(Act/Req):0.2729E-04/0.1000E-04
# With parameters(tra.):    -0.5150E-07   -0.1284E-06   -0.8660E-07
# With parameters(rot.):     0.3486E-07    0.6126E-06    0.8042E-06
# Minimization at step:   194 with Value:     0.0000Tol(Act/Req):0.1821E-04/0.1000E-04
# With parameters(tra.):    -0.6337E-07   -0.7052E-07   -0.1067E-06
# With parameters(rot.):     0.3954E-07    0.3387E-06    0.1430E-05
# Minimization at step:   195 with Value:     0.0000Tol(Act/Req):0.1519E-04/0.1000E-04
# With parameters(tra.):    -0.7796E-07   -0.6088E-07   -0.1015E-06
# With parameters(rot.):     0.1381E-06    0.3634E-06    0.1313E-05
# Minimization at step:   196 with Value:     0.0000Tol(Act/Req):0.1126E-04/0.1000E-04
# With parameters(tra.):    -0.1902E-07   -0.1745E-07   -0.1321E-06
# With parameters(rot.):     0.2650E-06    0.3549E-06    0.1007E-05
# Minimization at step:   197 with Value:     0.0000Tol(Act/Req):0.1037E-04/0.1000E-04
# With parameters(tra.):    -0.1356E-07   -0.2201E-07   -0.1403E-06
# With parameters(rot.):     0.1459E-06   -0.2789E-07    0.7738E-06
# Minimization at step:   198 with Value:     0.0000Tol(Act/Req):0.1019E-04/0.1000E-04
# With parameters(tra.):    -0.2784E-07   -0.3325E-07   -0.1333E-06
# With parameters(rot.):     0.1043E-06   -0.5765E-07    0.8309E-06
# Minimization at step:   199 with Value:     0.0000Tol(Act/Req):0.8771E-05/0.1000E-04
# With parameters(tra.):    -0.8076E-08   -0.5942E-07   -0.1288E-06
# With parameters(rot.):     0.1227E-06   -0.7172E-08    0.2144E-06
# CSM Simplex Values from input minimization.
# Final Number of Simplex optim. Steps:   199
# Final CSM Simplex Value is:      0.00000000000
[molecule] Nrec=   6 Format=nscxyz
  he               1    2    0.99498453D-01   0.99503992D+00   0.99999619D-01
  he               2    2   -0.99501518D-01   0.99503956D+00  -0.10000041D+00
  he               3    2    0.81198104D+00  -0.58368891D+00   0.10000000D+00
  he               4    2    0.91148078D+00  -0.41134879D+00  -0.10000001D+00
  he               5    2   -0.91147924D+00  -0.41135174D+00   0.99999724D-01
  he               6    2   -0.81197893D+00  -0.58369161D+00  -0.10000023D+00
# Coordinates rotated along X. New coordinates:
[molecule] Nrec=   6 Format=nscxyz
  he               1    2    0.99499998D-01   0.10000000D+00  -0.99504000D+00
  he               2    2   -0.99500002D-01  -0.10000000D+00  -0.99504000D+00
  he               3    2    0.81198000D+00   0.10000000D+00   0.58369000D+00
  he               4    2    0.91148000D+00  -0.10000000D+00   0.41135000D+00
  he               5    2   -0.91148000D+00   0.10000000D+00   0.41135000D+00
  he               6    2   -0.81198000D+00  -0.10000000D+00   0.58369000D+00
# Minimization at step:     0 with Value:     0.0030Tol(Act/Req):0.2000E+01/0.1000E-04
# With parameters(tra.):     0.1429E-01    0.1429E-01    0.1429E-01
# With parameters(rot.):     0.1429E-01    0.1429E-01    0.1429E-01
# Minimization at step:     1 with Value:     0.0022Tol(Act/Req):0.2000E+01/0.1000E-04
# With parameters(tra.):     0.1548E-01    0.1548E-01    0.7143E-02
# With parameters(rot.):     0.1548E-01    0.1548E-01    0.1548E-01
# Minimization at step:     2 with Value:     0.0015Tol(Act/Req):0.2000E+01/0.1000E-04
# With parameters(tra.):     0.8433E-02    0.1677E-01    0.7738E-02
# With parameters(rot.):     0.1677E-01    0.1677E-01    0.1677E-01
# Minimization at step:     3 with Value:     0.0008Tol(Act/Req):0.2000E+01/0.1000E-04
# With parameters(tra.):     0.1054E-01   -0.4043E-02    0.9673E-02
# With parameters(rot.):     0.2096E-01    0.2096E-01    0.2096E-01
# Minimization at step:     4 with Value:     0.0006Tol(Act/Req):0.2000E+01/0.1000E-04
# With parameters(tra.):     0.1109E-01   -0.7137E-02   -0.4092E-03
# With parameters(rot.):     0.2411E-01    0.2411E-01    0.2411E-01
# Minimization at step:     5 with Value:     0.0004Tol(Act/Req):0.2000E+01/0.1000E-04
# With parameters(tra.):     0.7792E-02   -0.8484E-02   -0.7906E-03
# With parameters(rot.):     0.2537E-01    0.2537E-01    0.2537E-01
# Minimization at step:     6 with Value:     0.0002Tol(Act/Req):0.2000E+01/0.1000E-04
# With parameters(tra.):     0.6051E-02    0.8103E-03   -0.4374E-02
# With parameters(rot.):     0.2438E-01    0.2438E-01    0.2438E-01
# Minimization at step:     7 with Value:     0.0002Tol(Act/Req):0.2000E+01/0.1000E-04
# With parameters(tra.):     0.4003E-02    0.5522E-02    0.1026E-02
# With parameters(rot.):     0.2236E-01    0.2236E-01    0.2236E-01
# Minimization at step:     8 with Value:     0.0002Tol(Act/Req):0.2000E+01/0.1000E-04
# With parameters(tra.):     0.2037E-02    0.6016E-02    0.9869E-03
# With parameters(rot.):     0.2274E-01    0.2274E-01    0.2274E-01
# Minimization at step:     9 with Value:     0.0001Tol(Act/Req):0.2000E+01/0.1000E-04
# With parameters(tra.):     0.2385E-02    0.4879E-02   -0.3663E-03
# With parameters(rot.):     0.2328E-01    0.2328E-01    0.2328E-01
# Minimization at step:    10 with Value:     0.0001Tol(Act/Req):0.2000E+01/0.1000E-04
# With parameters(tra.):     0.2339E-02    0.1249E-02    0.2427E-02
# With parameters(rot.):     0.2350E-01    0.2350E-01    0.2350E-01
# Minimization at step:    11 with Value:     0.0001Tol(Act/Req):0.2000E+01/0.1000E-04
# With parameters(tra.):     0.2510E-02    0.3781E-03    0.1983E-02
# With parameters(rot.):     0.2378E-01    0.2378E-01    0.2378E-01
# Minimization at step:    12 with Value:     0.0001Tol(Act/Req):0.2000E+01/0.1000E-04
# With parameters(tra.):    -0.3210E-03   -0.2909E-03    0.2173E-02
# With parameters(rot.):     0.2461E-01    0.2461E-01    0.2461E-01
# Minimization at step:    13 with Value:     0.0001Tol(Act/Req):0.2000E+01/0.1000E-04
# With parameters(tra.):    -0.3477E-03   -0.3151E-03    0.2354E-02
# With parameters(rot.):     0.1833E-01    0.2666E-01    0.2666E-01
# Minimization at step:    14 with Value:     0.0000Tol(Act/Req):0.2000E+01/0.1000E-04
# With parameters(tra.):    -0.4347E-03   -0.3939E-03    0.2943E-02
# With parameters(rot.):     0.2291E-01    0.8326E-02    0.3333E-01
# Minimization at step:    15 with Value:     0.0000Tol(Act/Req):0.2000E+01/0.1000E-04
# With parameters(tra.):    -0.1105E-02    0.1010E-02    0.1675E-02
# With parameters(rot.):     0.2265E-01    0.4423E-02    0.3567E-01
# Minimization at step:    16 with Value:     0.0000Tol(Act/Req):0.2000E+01/0.1000E-04
# With parameters(tra.):    -0.1321E-02    0.6275E-03    0.1428E-02
# With parameters(rot.):     0.2270E-01    0.2952E-02    0.3681E-01
# Minimization at step:    17 with Value:     0.0000Tol(Act/Req):0.2000E+01/0.1000E-04
# With parameters(tra.):    -0.1561E-03    0.1192E-02    0.1146E-02
# With parameters(rot.):     0.2181E-01   -0.2876E-02    0.3944E-01
# Minimization at step:    18 with Value:     0.0000Tol(Act/Req):0.2000E+01/0.1000E-04
# With parameters(tra.):    -0.5243E-05    0.1773E-02    0.1551E-03
# With parameters(rot.):     0.1839E-01    0.5614E-02    0.3704E-01
# Minimization at step:    19 with Value:     0.0000Tol(Act/Req):0.1999E+01/0.1000E-04
# With parameters(tra.):     0.4026E-04    0.2258E-02   -0.1230E-03
# With parameters(rot.):     0.8980E-02    0.3428E-02    0.4271E-01
# Minimization at step:    20 with Value:     0.0000Tol(Act/Req):0.1999E+01/0.1000E-04
# With parameters(tra.):     0.5368E-04    0.3011E-02   -0.1640E-03
# With parameters(rot.):     0.1197E-01    0.4571E-02    0.2361E-01
# Minimization at step:    21 with Value:     0.0000Tol(Act/Req):0.1999E+01/0.1000E-04
# With parameters(tra.):    -0.4471E-04    0.2885E-02    0.4996E-03
# With parameters(rot.):     0.1294E-01   -0.2057E-02    0.2206E-01
# Minimization at step:    22 with Value:     0.0000Tol(Act/Req):0.1999E+01/0.1000E-04
# With parameters(tra.):    -0.5627E-04    0.2686E-02    0.5652E-03
# With parameters(rot.):     0.1227E-01   -0.2895E-02    0.2670E-01
# Minimization at step:    23 with Value:     0.0000Tol(Act/Req):0.1999E+01/0.1000E-04
# With parameters(tra.):     0.7404E-03    0.2309E-02    0.1040E-02
# With parameters(rot.):     0.8978E-02   -0.2732E-02    0.2215E-01
# Minimization at step:    24 with Value:     0.0000Tol(Act/Req):0.1999E+01/0.1000E-04
# With parameters(tra.):     0.9955E-03    0.2103E-02    0.4159E-03
# With parameters(rot.):     0.4501E-02   -0.7567E-02    0.1953E-01
# Minimization at step:    25 with Value:     0.0000Tol(Act/Req):0.1999E+01/0.1000E-04
# With parameters(tra.):     0.6025E-03    0.2031E-02    0.3600E-03
# With parameters(rot.):    -0.6748E-03   -0.5245E-02    0.1113E-01
# Minimization at step:    26 with Value:     0.0000Tol(Act/Req):0.1999E+01/0.1000E-04
# With parameters(tra.):     0.7203E-03    0.1732E-02    0.6198E-03
# With parameters(rot.):     0.1616E-02   -0.6321E-02    0.4052E-03
# Minimization at step:    27 with Value:     0.0000Tol(Act/Req):0.1998E+01/0.1000E-04
# With parameters(tra.):     0.1041E-02    0.1432E-02    0.2174E-03
# With parameters(rot.):    -0.2799E-02   -0.3324E-02   -0.5777E-02
# Minimization at step:    28 with Value:     0.0000Tol(Act/Req):0.1998E+01/0.1000E-04
# With parameters(tra.):     0.1127E-02    0.1228E-02    0.2212E-03
# With parameters(rot.):    -0.4389E-02   -0.3779E-02   -0.6161E-02
# Minimization at step:    29 with Value:     0.0000Tol(Act/Req):0.1998E+01/0.1000E-04
# With parameters(tra.):     0.1074E-02    0.1206E-02    0.3611E-03
# With parameters(rot.):    -0.4010E-02   -0.2254E-02   -0.7647E-02
# Minimization at step:    30 with Value:     0.0000Tol(Act/Req):0.1998E+01/0.1000E-04
# With parameters(tra.):     0.5596E-03    0.1213E-02   -0.1649E-03
# With parameters(rot.):    -0.4790E-02   -0.2257E-02   -0.1168E-01
# Minimization at step:    31 with Value:     0.0000Tol(Act/Req):0.1997E+01/0.1000E-04
# With parameters(tra.):     0.1988E-03    0.1384E-02    0.4127E-04
# With parameters(rot.):    -0.1976E-02   -0.4238E-02   -0.8519E-02
# Minimization at step:    32 with Value:     0.0000Tol(Act/Req):0.1996E+01/0.1000E-04
# With parameters(tra.):     0.2634E-03    0.1348E-02    0.2868E-04
# With parameters(rot.):    -0.7910E-03   -0.4735E-02   -0.8058E-02
# Minimization at step:    33 with Value:     0.0000Tol(Act/Req):0.1996E+01/0.1000E-04
# With parameters(tra.):     0.9021E-04    0.1402E-02   -0.2490E-03
# With parameters(rot.):    -0.2538E-02   -0.3800E-02   -0.4809E-02
# Minimization at step:    34 with Value:     0.0000Tol(Act/Req):0.1996E+01/0.1000E-04
# With parameters(tra.):    -0.3433E-03    0.1424E-02   -0.1727E-03
# With parameters(rot.):    -0.1290E-02   -0.1267E-02   -0.6835E-02
# Minimization at step:    35 with Value:     0.0000Tol(Act/Req):0.1995E+01/0.1000E-04
# With parameters(tra.):    -0.6620E-03    0.1082E-02   -0.2964E-03
# With parameters(rot.):    -0.3437E-02   -0.1339E-02   -0.7828E-02
# Minimization at step:    36 with Value:     0.0000Tol(Act/Req):0.1995E+01/0.1000E-04
# With parameters(tra.):    -0.3347E-03    0.9456E-03   -0.4140E-03
# With parameters(rot.):    -0.5400E-02   -0.3896E-02   -0.6133E-02
# Minimization at step:    37 with Value:     0.0000Tol(Act/Req):0.1995E+01/0.1000E-04
# With parameters(tra.):    -0.2899E-03    0.8513E-03   -0.1463E-03
# With parameters(rot.):    -0.5084E-02   -0.4441E-02   -0.1596E-02
# Minimization at step:    38 with Value:     0.0000Tol(Act/Req):0.1995E+01/0.1000E-04
# With parameters(tra.):    -0.6023E-03    0.9560E-03    0.6052E-04
# With parameters(rot.):    -0.3015E-02   -0.2065E-02   -0.1779E-02
# Minimization at step:    39 with Value:     0.0000Tol(Act/Req):0.1994E+01/0.1000E-04
# With parameters(tra.):    -0.5177E-03    0.1031E-02    0.1212E-03
# With parameters(rot.):    -0.2443E-02   -0.2107E-02   -0.1027E-02
# Minimization at step:    40 with Value:     0.0000Tol(Act/Req):0.1994E+01/0.1000E-04
# With parameters(tra.):    -0.4326E-03    0.1011E-02    0.7454E-04
# With parameters(rot.):    -0.2913E-02   -0.2705E-02   -0.9181E-03
# Minimization at step:    41 with Value:     0.0000Tol(Act/Req):0.1993E+01/0.1000E-04
# With parameters(tra.):    -0.4025E-03    0.7731E-03   -0.5184E-04
# With parameters(rot.):    -0.5100E-02   -0.8730E-03   -0.4917E-03
# Minimization at step:    42 with Value:     0.0000Tol(Act/Req):0.1992E+01/0.1000E-04
# With parameters(tra.):    -0.4952E-03    0.5096E-03   -0.1039E-03
# With parameters(rot.):    -0.4166E-02   -0.5788E-03    0.2952E-02
# Minimization at step:    43 with Value:     0.0000Tol(Act/Req):0.1991E+01/0.1000E-04
# With parameters(tra.):    -0.5749E-03    0.1763E-03    0.1297E-03
# With parameters(rot.):    -0.3544E-02   -0.1279E-03    0.3373E-02
# Minimization at step:    44 with Value:     0.0000Tol(Act/Req):0.1989E+01/0.1000E-04
# With parameters(tra.):    -0.5968E-03    0.1860E-03    0.1764E-03
# With parameters(rot.):    -0.2868E-02   -0.5238E-03    0.3589E-02
# Minimization at step:    45 with Value:     0.0000Tol(Act/Req):0.1987E+01/0.1000E-04
# With parameters(tra.):    -0.6336E-03    0.1542E-03    0.1364E-03
# With parameters(rot.):    -0.2762E-02   -0.6120E-04    0.2887E-02
# Minimization at step:    46 with Value:     0.0000Tol(Act/Req):0.1987E+01/0.1000E-04
# With parameters(tra.):    -0.6185E-03    0.2357E-03    0.7854E-04
# With parameters(rot.):    -0.2852E-02   -0.1683E-03    0.2741E-02
# Minimization at step:    47 with Value:     0.0000Tol(Act/Req):0.1987E+01/0.1000E-04
# With parameters(tra.):    -0.4829E-03    0.1207E-03    0.1857E-03
# With parameters(rot.):    -0.1845E-02    0.3930E-03    0.5501E-02
# Minimization at step:    48 with Value:     0.0000Tol(Act/Req):0.1983E+01/0.1000E-04
# With parameters(tra.):    -0.4445E-03    0.3658E-04    0.1716E-03
# With parameters(rot.):    -0.1991E-02    0.3524E-03    0.6091E-02
# Minimization at step:    49 with Value:     0.0000Tol(Act/Req):0.1981E+01/0.1000E-04
# With parameters(tra.):    -0.3348E-03    0.1424E-03    0.3154E-03
# With parameters(rot.):    -0.2200E-02    0.3685E-03    0.3693E-02
# Minimization at step:    50 with Value:     0.0000Tol(Act/Req):0.1976E+01/0.1000E-04
# With parameters(tra.):    -0.3564E-03    0.1729E-03    0.2995E-03
# With parameters(rot.):    -0.2482E-02    0.2261E-03    0.2852E-02
# Minimization at step:    51 with Value:     0.0000Tol(Act/Req):0.1973E+01/0.1000E-04
# With parameters(tra.):    -0.3473E-03    0.1767E-03    0.3331E-03
# With parameters(rot.):    -0.2111E-02    0.9068E-04    0.2898E-02
# Minimization at step:    52 with Value:     0.0000Tol(Act/Req):0.1973E+01/0.1000E-04
# With parameters(tra.):    -0.3254E-03    0.1205E-03    0.3186E-03
# With parameters(rot.):    -0.1683E-02    0.1066E-02    0.1498E-02
# Minimization at step:    53 with Value:     0.0000Tol(Act/Req):0.1969E+01/0.1000E-04
# With parameters(tra.):    -0.3520E-03    0.9222E-04    0.2829E-03
# With parameters(rot.):    -0.1588E-02    0.1121E-02    0.1914E-02
# Minimization at step:    54 with Value:     0.0000Tol(Act/Req):0.1966E+01/0.1000E-04
# With parameters(tra.):    -0.2331E-03    0.2074E-03    0.2354E-03
# With parameters(rot.):    -0.1347E-02    0.1336E-02    0.1347E-02
# Minimization at step:    55 with Value:     0.0000Tol(Act/Req):0.1953E+01/0.1000E-04
# With parameters(tra.):    -0.8592E-04    0.9603E-04    0.2285E-03
# With parameters(rot.):    -0.1423E-02    0.1583E-02    0.9444E-03
# Minimization at step:    56 with Value:     0.0000Tol(Act/Req):0.1952E+01/0.1000E-04
# With parameters(tra.):    -0.7417E-04    0.1049E-03    0.2146E-03
# With parameters(rot.):    -0.1476E-02    0.1624E-02    0.3650E-03
# Minimization at step:    57 with Value:     0.0000Tol(Act/Req):0.1942E+01/0.1000E-04
# With parameters(tra.):     0.7753E-05    0.9263E-04    0.2354E-03
# With parameters(rot.):    -0.7612E-03    0.1805E-02   -0.1989E-03
# Minimization at step:    58 with Value:     0.0000Tol(Act/Req):0.1942E+01/0.1000E-04
# With parameters(tra.):     0.9690E-04    0.1396E-03    0.2222E-03
# With parameters(rot.):    -0.8821E-03    0.1075E-02    0.6360E-03
# Minimization at step:    59 with Value:     0.0000Tol(Act/Req):0.1928E+01/0.1000E-04
# With parameters(tra.):     0.1933E-03    0.9880E-04    0.1306E-03
# With parameters(rot.):    -0.4561E-03    0.1168E-02    0.1043E-02
# Minimization at step:    60 with Value:     0.0000Tol(Act/Req):0.1925E+01/0.1000E-04
# With parameters(tra.):     0.1991E-03    0.6096E-04    0.1337E-03
# With parameters(rot.):    -0.4421E-03    0.1100E-02    0.1159E-02
# Minimization at step:    61 with Value:     0.0000Tol(Act/Req):0.1919E+01/0.1000E-04
# With parameters(tra.):     0.1469E-03    0.1606E-03    0.1090E-03
# With parameters(rot.):    -0.3836E-04    0.6927E-03    0.1634E-02
# Minimization at step:    62 with Value:     0.0000Tol(Act/Req):0.1914E+01/0.1000E-04
# With parameters(tra.):     0.7441E-04    0.1207E-03    0.8446E-04
# With parameters(rot.):     0.3638E-03    0.1295E-02    0.1132E-02
# Minimization at step:    63 with Value:     0.0000Tol(Act/Req):0.1902E+01/0.1000E-04
# With parameters(tra.):     0.4040E-04    0.1327E-03    0.1035E-03
# With parameters(rot.):     0.3256E-03    0.1282E-02    0.1037E-02
# Minimization at step:    64 with Value:     0.0000Tol(Act/Req):0.1897E+01/0.1000E-04
# With parameters(tra.):     0.4458E-04    0.1055E-03    0.1093E-03
# With parameters(rot.):     0.2550E-03    0.1433E-02    0.8689E-03
# Minimization at step:    65 with Value:     0.0000Tol(Act/Req):0.1887E+01/0.1000E-04
# With parameters(tra.):     0.6035E-04    0.1100E-03    0.9353E-04
# With parameters(rot.):     0.3730E-03    0.1438E-02    0.6212E-03
# Minimization at step:    66 with Value:     0.0000Tol(Act/Req):0.1879E+01/0.1000E-04
# With parameters(tra.):     0.7730E-04    0.1191E-03    0.1004E-03
# With parameters(rot.):     0.2732E-03    0.1300E-02    0.7043E-03
# Minimization at step:    67 with Value:     0.0000Tol(Act/Req):0.1839E+01/0.1000E-04
# With parameters(tra.):     0.4587E-04    0.1360E-03    0.4154E-04
# With parameters(rot.):     0.1416E-03    0.1011E-02    0.1381E-02
# Minimization at step:    68 with Value:     0.0000Tol(Act/Req):0.1788E+01/0.1000E-04
# With parameters(tra.):     0.6410E-05    0.8537E-04    0.1711E-04
# With parameters(rot.):     0.3641E-03    0.8459E-03    0.1688E-02
# Minimization at step:    69 with Value:     0.0000Tol(Act/Req):0.1773E+01/0.1000E-04
# With parameters(tra.):     0.1098E-04    0.7690E-04    0.2979E-04
# With parameters(rot.):     0.4155E-03    0.9042E-03    0.1544E-02
# Minimization at step:    70 with Value:     0.0000Tol(Act/Req):0.1770E+01/0.1000E-04
# With parameters(tra.):    -0.8475E-05    0.7826E-04    0.3318E-04
# With parameters(rot.):     0.4039E-03    0.8664E-03    0.1539E-02
# Minimization at step:    71 with Value:     0.0000Tol(Act/Req):0.1762E+01/0.1000E-04
# With parameters(tra.):     0.1261E-06    0.7665E-04   -0.1840E-04
# With parameters(rot.):     0.6502E-03    0.6858E-03    0.1350E-02
# Minimization at step:    72 with Value:     0.0000Tol(Act/Req):0.1759E+01/0.1000E-04
# With parameters(tra.):    -0.6334E-05    0.1254E-04   -0.4948E-04
# With parameters(rot.):     0.6407E-03    0.7386E-03    0.1174E-02
# Minimization at step:    73 with Value:     0.0000Tol(Act/Req):0.1691E+01/0.1000E-04
# With parameters(tra.):    -0.1818E-05   -0.4597E-06   -0.7664E-04
# With parameters(rot.):     0.5830E-03    0.3903E-03    0.1416E-02
# Minimization at step:    74 with Value:     0.0000Tol(Act/Req):0.1690E+01/0.1000E-04
# With parameters(tra.):    -0.1107E-04   -0.2455E-04   -0.4447E-04
# With parameters(rot.):     0.3143E-03    0.4725E-03    0.1627E-02
# Minimization at step:    75 with Value:     0.0000Tol(Act/Req):0.1687E+01/0.1000E-04
# With parameters(tra.):     0.2257E-04   -0.1052E-04   -0.4057E-04
# With parameters(rot.):     0.7518E-04    0.5133E-03    0.1300E-02
# Minimization at step:    76 with Value:     0.0000Tol(Act/Req):0.1589E+01/0.1000E-04
# With parameters(tra.):     0.2659E-04    0.3580E-05   -0.3206E-04
# With parameters(rot.):     0.3042E-04    0.4813E-03    0.1354E-02
# Minimization at step:    77 with Value:     0.0000Tol(Act/Req):0.1586E+01/0.1000E-04
# With parameters(tra.):     0.4093E-04   -0.3780E-04   -0.2731E-04
# With parameters(rot.):     0.4914E-05    0.4571E-03    0.1004E-02
# Minimization at step:    78 with Value:     0.0000Tol(Act/Req):0.1585E+01/0.1000E-04
# With parameters(tra.):     0.6752E-04   -0.1812E-04   -0.5375E-04
# With parameters(rot.):     0.1705E-03    0.3698E-03    0.5849E-03
# Minimization at step:    79 with Value:     0.0000Tol(Act/Req):0.1571E+01/0.1000E-04
# With parameters(tra.):     0.5394E-04   -0.4754E-04   -0.7594E-04
# With parameters(rot.):     0.6949E-04    0.1285E-03    0.2568E-03
# Minimization at step:    80 with Value:     0.0000Tol(Act/Req):0.1559E+01/0.1000E-04
# With parameters(tra.):     0.3060E-04   -0.6965E-04   -0.6166E-04
# With parameters(rot.):    -0.7995E-04    0.1337E-03    0.4891E-03
# Minimization at step:    81 with Value:     0.0000Tol(Act/Req):0.1523E+01/0.1000E-04
# With parameters(tra.):     0.3206E-04   -0.6414E-04   -0.5493E-04
# With parameters(rot.):    -0.6715E-04    0.1944E-03    0.5904E-03
# Minimization at step:    82 with Value:     0.0000Tol(Act/Req):0.1402E+01/0.1000E-04
# With parameters(tra.):     0.3413E-04   -0.6728E-04   -0.4859E-04
# With parameters(rot.):    -0.1117E-03    0.2361E-03    0.4813E-03
# Minimization at step:    83 with Value:     0.0000Tol(Act/Req):0.1371E+01/0.1000E-04
# With parameters(tra.):     0.1751E-04   -0.3572E-04   -0.6044E-04
# With parameters(rot.):    -0.1251E-03    0.1868E-03    0.6578E-03
# Minimization at step:    84 with Value:     0.0000Tol(Act/Req):0.1347E+01/0.1000E-04
# With parameters(tra.):     0.8684E-05   -0.4133E-04   -0.6307E-04
# With parameters(rot.):    -0.8198E-04    0.1494E-03    0.6860E-03
# Minimization at step:    85 with Value:     0.0000Tol(Act/Req):0.1232E+01/0.1000E-04
# With parameters(tra.):     0.1076E-04   -0.2809E-04   -0.5637E-04
# With parameters(rot.):    -0.2090E-03   -0.2521E-04    0.5724E-03
# Minimization at step:    86 with Value:     0.0000Tol(Act/Req):0.1198E+01/0.1000E-04
# With parameters(tra.):     0.1435E-04   -0.3535E-04   -0.5307E-04
# With parameters(rot.):    -0.2126E-03   -0.3054E-04    0.5211E-03
# Minimization at step:    87 with Value:     0.0000Tol(Act/Req):0.1177E+01/0.1000E-04
# With parameters(tra.):     0.2449E-04   -0.9171E-05   -0.5973E-04
# With parameters(rot.):    -0.1572E-03   -0.8873E-04    0.3770E-03
# Minimization at step:    88 with Value:     0.0000Tol(Act/Req):0.1133E+01/0.1000E-04
# With parameters(tra.):     0.2487E-04    0.2017E-04   -0.4785E-04
# With parameters(rot.):    -0.1616E-03   -0.6165E-04    0.5086E-03
# Minimization at step:    89 with Value:     0.0000Tol(Act/Req):0.1074E+01/0.1000E-04
# With parameters(tra.):     0.2513E-04    0.2589E-04   -0.4462E-04
# With parameters(rot.):    -0.1881E-03   -0.6560E-04    0.4563E-03
# Minimization at step:    90 with Value:     0.0000Tol(Act/Req):0.1047E+01/0.1000E-04
# With parameters(tra.):     0.2506E-04    0.1903E-04   -0.4732E-04
# With parameters(rot.):    -0.1892E-03   -0.7271E-04    0.4191E-03
# Minimization at step:    91 with Value:     0.0000Tol(Act/Req):0.9870E+00/0.1000E-04
# With parameters(tra.):     0.1511E-04    0.2258E-05   -0.3653E-04
# With parameters(rot.):    -0.2552E-03   -0.9174E-05    0.5772E-03
# Minimization at step:    92 with Value:     0.0000Tol(Act/Req):0.9414E+00/0.1000E-04
# With parameters(tra.):     0.1496E-04    0.1478E-05   -0.3655E-04
# With parameters(rot.):    -0.2273E-03    0.3581E-04    0.6060E-03
# Minimization at step:    93 with Value:     0.0000Tol(Act/Req):0.9202E+00/0.1000E-04
# With parameters(tra.):     0.1743E-04    0.5606E-05   -0.3925E-04
# With parameters(rot.):    -0.2085E-03    0.2368E-04    0.5689E-03
# Minimization at step:    94 with Value:     0.0000Tol(Act/Req):0.8511E+00/0.1000E-04
# With parameters(tra.):     0.2685E-05    0.1004E-04   -0.3657E-04
# With parameters(rot.):    -0.1645E-03   -0.9305E-04    0.5864E-03
# Minimization at step:    95 with Value:     0.0000Tol(Act/Req):0.7634E+00/0.1000E-04
# With parameters(tra.):     0.5976E-05    0.1066E-04   -0.2448E-04
# With parameters(rot.):    -0.1557E-03   -0.1245E-03    0.5057E-03
# Minimization at step:    96 with Value:     0.0000Tol(Act/Req):0.7483E+00/0.1000E-04
# With parameters(tra.):     0.9937E-05    0.9606E-05   -0.2414E-04
# With parameters(rot.):    -0.1660E-03   -0.9799E-04    0.4946E-03
# Minimization at step:    97 with Value:     0.0000Tol(Act/Req):0.7126E+00/0.1000E-04
# With parameters(tra.):     0.5399E-05    0.1561E-04   -0.1085E-04
# With parameters(rot.):    -0.2115E-03   -0.1167E-03    0.4028E-03
# Minimization at step:    98 with Value:     0.0000Tol(Act/Req):0.6329E+00/0.1000E-04
# With parameters(tra.):    -0.1300E-05    0.7551E-06   -0.4092E-05
# With parameters(rot.):    -0.2212E-03   -0.1456E-03    0.3229E-03
# Minimization at step:    99 with Value:     0.0000Tol(Act/Req):0.6200E+00/0.1000E-04
# With parameters(tra.):    -0.7033E-05   -0.1046E-05    0.6688E-05
# With parameters(rot.):    -0.1634E-03   -0.1161E-03    0.2861E-03
# Minimization at step:   100 with Value:     0.0000Tol(Act/Req):0.5091E+00/0.1000E-04
# With parameters(tra.):    -0.7835E-05    0.4640E-06    0.9166E-05
# With parameters(rot.):    -0.1502E-03   -0.1338E-03    0.2440E-03
# Minimization at step:   101 with Value:     0.0000Tol(Act/Req):0.4891E+00/0.1000E-04
# With parameters(tra.):    -0.7708E-05   -0.1059E-04    0.2552E-05
# With parameters(rot.):    -0.8422E-04   -0.1208E-03    0.2829E-03
# Minimization at step:   102 with Value:     0.0000Tol(Act/Req):0.4634E+00/0.1000E-04
# With parameters(tra.):    -0.3145E-05    0.4824E-06   -0.1991E-05
# With parameters(rot.):    -0.2891E-04   -0.8361E-04    0.3495E-03
# Minimization at step:   103 with Value:     0.0000Tol(Act/Req):0.3872E+00/0.1000E-04
# With parameters(tra.):     0.4151E-06   -0.4671E-05    0.6069E-05
# With parameters(rot.):    -0.3748E-05   -0.2570E-04    0.2789E-03
# Minimization at step:   104 with Value:     0.0000Tol(Act/Req):0.3823E+00/0.1000E-04
# With parameters(tra.):    -0.4290E-06   -0.7869E-05    0.7876E-05
# With parameters(rot.):    -0.1548E-04   -0.3016E-04    0.2563E-03
# Minimization at step:   105 with Value:     0.0000Tol(Act/Req):0.2976E+00/0.1000E-04
# With parameters(tra.):     0.1459E-06   -0.4878E-05    0.9974E-05
# With parameters(rot.):    -0.2624E-04   -0.2587E-04    0.2444E-03
# Minimization at step:   106 with Value:     0.0000Tol(Act/Req):0.2905E+00/0.1000E-04
# With parameters(tra.):     0.2177E-05   -0.4747E-05    0.7553E-05
# With parameters(rot.):    -0.2927E-04   -0.2573E-04    0.2501E-03
# Minimization at step:   107 with Value:     0.0000Tol(Act/Req):0.2546E+00/0.1000E-04
# With parameters(tra.):     0.3911E-05   -0.3464E-05    0.1197E-04
# With parameters(rot.):     0.3739E-04   -0.2514E-04    0.1679E-03
# Minimization at step:   108 with Value:     0.0000Tol(Act/Req):0.2500E+00/0.1000E-04
# With parameters(tra.):     0.2917E-05   -0.4798E-05    0.1198E-04
# With parameters(rot.):     0.5130E-04   -0.8983E-05    0.1599E-03
# Minimization at step:   109 with Value:     0.0000Tol(Act/Req):0.2309E+00/0.1000E-04
# With parameters(tra.):     0.1903E-06    0.3136E-06    0.5896E-05
# With parameters(rot.):     0.4449E-04   -0.6132E-04    0.1909E-03
# Minimization at step:   110 with Value:     0.0000Tol(Act/Req):0.2205E+00/0.1000E-04
# With parameters(tra.):    -0.5534E-06    0.3077E-06    0.4285E-05
# With parameters(rot.):     0.2842E-04   -0.6448E-04    0.2133E-03
# Minimization at step:   111 with Value:     0.0000Tol(Act/Req):0.1450E+00/0.1000E-04
# With parameters(tra.):     0.1305E-05   -0.3527E-05    0.8448E-05
# With parameters(rot.):     0.2951E-04   -0.2602E-04    0.1957E-03
# Minimization at step:   112 with Value:     0.0000Tol(Act/Req):0.1359E+00/0.1000E-04
# With parameters(tra.):     0.1690E-05   -0.1919E-05    0.9370E-05
# With parameters(rot.):     0.2877E-04   -0.2389E-04    0.1857E-03
# Minimization at step:   113 with Value:     0.0000Tol(Act/Req):0.1241E+00/0.1000E-04
# With parameters(tra.):     0.1444E-05   -0.3022E-05    0.1040E-04
# With parameters(rot.):     0.2659E-04   -0.2559E-04    0.1686E-03
# Minimization at step:   114 with Value:     0.0000Tol(Act/Req):0.9353E-01/0.1000E-04
# With parameters(tra.):     0.5263E-05   -0.2185E-05    0.6504E-05
# With parameters(rot.):     0.3916E-04   -0.2527E-04    0.1528E-03
# Minimization at step:   115 with Value:     0.0000Tol(Act/Req):0.8889E-01/0.1000E-04
# With parameters(tra.):     0.4055E-05   -0.3981E-05    0.4702E-05
# With parameters(rot.):     0.6293E-04    0.1620E-05    0.1345E-03
# Minimization at step:   116 with Value:     0.0000Tol(Act/Req):0.7916E-01/0.1000E-04
# With parameters(tra.):     0.3732E-05   -0.1576E-05    0.6778E-06
# With parameters(rot.):     0.7334E-04   -0.1481E-04    0.1258E-03
# Minimization at step:   117 with Value:     0.0000Tol(Act/Req):0.7592E-01/0.1000E-04
# With parameters(tra.):     0.3688E-05   -0.2056E-05   -0.2641E-05
# With parameters(rot.):     0.6046E-04   -0.7132E-05    0.1376E-03
# Minimization at step:   118 with Value:     0.0000Tol(Act/Req):0.6954E-01/0.1000E-04
# With parameters(tra.):     0.3959E-05   -0.1446E-05   -0.2802E-05
# With parameters(rot.):     0.5431E-04   -0.1458E-04    0.1425E-03
# Minimization at step:   119 with Value:     0.0000Tol(Act/Req):0.6901E-01/0.1000E-04
# With parameters(tra.):     0.5484E-05    0.1928E-05   -0.5016E-05
# With parameters(rot.):     0.6135E-04   -0.7214E-05    0.1080E-03
# Minimization at step:   120 with Value:     0.0000Tol(Act/Req):0.6872E-01/0.1000E-04
# With parameters(tra.):     0.6391E-05    0.6906E-06   -0.2890E-05
# With parameters(rot.):     0.4694E-04    0.1174E-04    0.1108E-03
# Minimization at step:   121 with Value:     0.0000Tol(Act/Req):0.6447E-01/0.1000E-04
# With parameters(tra.):     0.6085E-05   -0.2561E-06   -0.2159E-05
# With parameters(rot.):     0.4398E-04    0.1148E-04    0.1196E-03
# Minimization at step:   122 with Value:     0.0000Tol(Act/Req):0.6312E-01/0.1000E-04
# With parameters(tra.):     0.7141E-05   -0.1541E-05   -0.4289E-05
# With parameters(rot.):     0.4542E-04    0.2043E-04    0.6899E-04
# Minimization at step:   123 with Value:     0.0000Tol(Act/Req):0.5141E-01/0.1000E-04
# With parameters(tra.):     0.3949E-05   -0.2163E-05   -0.3992E-05
# With parameters(rot.):     0.3495E-04    0.3533E-04    0.5681E-04
# Minimization at step:   124 with Value:     0.0000Tol(Act/Req):0.3893E-01/0.1000E-04
# With parameters(tra.):     0.3419E-05   -0.1893E-05   -0.3435E-05
# With parameters(rot.):     0.3371E-04    0.3434E-04    0.6845E-04
# Minimization at step:   125 with Value:     0.0000Tol(Act/Req):0.3705E-01/0.1000E-04
# With parameters(tra.):     0.3358E-05   -0.1519E-05   -0.1488E-05
# With parameters(rot.):     0.3338E-04    0.4305E-04    0.3752E-04
# Minimization at step:   126 with Value:     0.0000Tol(Act/Req):0.3590E-01/0.1000E-04
# With parameters(tra.):     0.3701E-05   -0.3249E-06   -0.1372E-05
# With parameters(rot.):     0.1411E-04    0.4735E-04    0.1221E-04
# Minimization at step:   127 with Value:     0.0000Tol(Act/Req):0.3164E-01/0.1000E-04
# With parameters(tra.):     0.1897E-05    0.5739E-06   -0.2993E-05
# With parameters(rot.):     0.1758E-04    0.4026E-04   -0.2340E-04
# Minimization at step:   128 with Value:     0.0000Tol(Act/Req):0.2832E-01/0.1000E-04
# With parameters(tra.):     0.1396E-05    0.1698E-06   -0.2697E-05
# With parameters(rot.):     0.1390E-04    0.4253E-04   -0.3090E-04
# Minimization at step:   129 with Value:     0.0000Tol(Act/Req):0.2395E-01/0.1000E-04
# With parameters(tra.):     0.1805E-05   -0.8862E-07   -0.2267E-05
# With parameters(rot.):     0.1272E-04    0.4449E-04   -0.2262E-04
# Minimization at step:   130 with Value:     0.0000Tol(Act/Req):0.2263E-01/0.1000E-04
# With parameters(tra.):     0.2424E-05    0.2397E-06   -0.2198E-05
# With parameters(rot.):     0.1349E-04    0.4153E-04   -0.2619E-04
# Minimization at step:   131 with Value:     0.0000Tol(Act/Req):0.2133E-01/0.1000E-04
# With parameters(tra.):     0.1033E-05    0.1489E-05   -0.6709E-06
# With parameters(rot.):     0.4285E-05    0.4194E-04   -0.3446E-04
# Minimization at step:   132 with Value:     0.0000Tol(Act/Req):0.2124E-01/0.1000E-04
# With parameters(tra.):    -0.1993E-06    0.8996E-06   -0.5523E-06
# With parameters(rot.):     0.2028E-04    0.3583E-04   -0.2471E-04
# Minimization at step:   133 with Value:     0.0000Tol(Act/Req):0.1592E-01/0.1000E-04
# With parameters(tra.):    -0.1325E-05    0.1332E-05   -0.2188E-05
# With parameters(rot.):     0.1624E-04    0.2471E-04   -0.1452E-04
# Minimization at step:   134 with Value:     0.0000Tol(Act/Req):0.1453E-01/0.1000E-04
# With parameters(tra.):    -0.1173E-05    0.1007E-05   -0.2696E-05
# With parameters(rot.):     0.1954E-04    0.2318E-04   -0.1079E-04
# Minimization at step:   135 with Value:     0.0000Tol(Act/Req):0.1212E-01/0.1000E-04
# With parameters(tra.):    -0.9466E-06    0.1163E-05   -0.2904E-05
# With parameters(rot.):     0.1548E-04    0.2365E-04   -0.1206E-04
# Minimization at step:   136 with Value:     0.0000Tol(Act/Req):0.1203E-01/0.1000E-04
# With parameters(tra.):    -0.6337E-06    0.1041E-05   -0.2555E-05
# With parameters(rot.):     0.1643E-04    0.2634E-04   -0.1441E-04
# Minimization at step:   137 with Value:     0.0000Tol(Act/Req):0.1173E-01/0.1000E-04
# With parameters(tra.):    -0.2314E-05    0.5227E-06   -0.1916E-05
# With parameters(rot.):     0.9908E-05    0.2548E-04   -0.2390E-04
# Minimization at step:   138 with Value:     0.0000Tol(Act/Req):0.1075E-01/0.1000E-04
# With parameters(tra.):    -0.2869E-05    0.2097E-06   -0.9396E-06
# With parameters(rot.):     0.6622E-05    0.2306E-04   -0.7778E-05
# Minimization at step:   139 with Value:     0.0000Tol(Act/Req):0.1071E-01/0.1000E-04
# With parameters(tra.):    -0.3394E-05    0.8562E-06   -0.3810E-06
# With parameters(rot.):     0.5866E-05    0.1098E-04   -0.8788E-05
# Minimization at step:   140 with Value:     0.0000Tol(Act/Req):0.6237E-02/0.1000E-04
# With parameters(tra.):    -0.2074E-05    0.1485E-05   -0.5083E-06
# With parameters(rot.):     0.1104E-04    0.7006E-05    0.5746E-05
# Minimization at step:   141 with Value:     0.0000Tol(Act/Req):0.6192E-02/0.1000E-04
# With parameters(tra.):    -0.1996E-05    0.1906E-05   -0.1262E-06
# With parameters(rot.):     0.1435E-05    0.2405E-05    0.9131E-05
# Minimization at step:   142 with Value:     0.0000Tol(Act/Req):0.5736E-02/0.1000E-04
# With parameters(tra.):    -0.1253E-05    0.1683E-05   -0.4814E-06
# With parameters(rot.):     0.8941E-06    0.9325E-05    0.1437E-04
# Minimization at step:   143 with Value:     0.0000Tol(Act/Req):0.5239E-02/0.1000E-04
# With parameters(tra.):    -0.1514E-05    0.1542E-05   -0.4473E-06
# With parameters(rot.):    -0.1244E-05    0.1051E-04    0.1145E-04
# Minimization at step:   144 with Value:     0.0000Tol(Act/Req):0.5212E-02/0.1000E-04
# With parameters(tra.):    -0.1263E-05    0.1731E-05   -0.6505E-06
# With parameters(rot.):    -0.1078E-05    0.1007E-04    0.9024E-05
# Minimization at step:   145 with Value:     0.0000Tol(Act/Req):0.5204E-02/0.1000E-04
# With parameters(tra.):    -0.8464E-06    0.1717E-05    0.6829E-06
# With parameters(rot.):    -0.5021E-05    0.1003E-04    0.1215E-04
# Minimization at step:   146 with Value:     0.0000Tol(Act/Req):0.5185E-02/0.1000E-04
# With parameters(tra.):    -0.7434E-06    0.1614E-05    0.7104E-06
# With parameters(rot.):    -0.5419E-05    0.8161E-05    0.1592E-04
# Minimization at step:   147 with Value:     0.0000Tol(Act/Req):0.4354E-02/0.1000E-04
# With parameters(tra.):    -0.1030E-05    0.1599E-05   -0.2827E-06
# With parameters(rot.):    -0.2561E-05    0.7727E-05    0.1452E-04
# Minimization at step:   148 with Value:     0.0000Tol(Act/Req):0.2256E-02/0.1000E-04
# With parameters(tra.):    -0.9688E-06    0.1468E-05   -0.3913E-06
# With parameters(rot.):    -0.4934E-06    0.9321E-05    0.1413E-04
# Minimization at step:   149 with Value:     0.0000Tol(Act/Req):0.1938E-02/0.1000E-04
# With parameters(tra.):    -0.1370E-05    0.1545E-05   -0.1244E-06
# With parameters(rot.):    -0.5952E-06    0.4707E-05    0.1056E-04
# Minimization at step:   150 with Value:     0.0000Tol(Act/Req):0.1926E-02/0.1000E-04
# With parameters(tra.):    -0.1373E-05    0.1314E-05   -0.3476E-06
# With parameters(rot.):     0.2169E-06   -0.1742E-06    0.1632E-04
# Minimization at step:   151 with Value:     0.0000Tol(Act/Req):0.1892E-02/0.1000E-04
# With parameters(tra.):    -0.1023E-05    0.1494E-05   -0.5766E-06
# With parameters(rot.):     0.7896E-06   -0.3397E-05    0.1450E-04
# Minimization at step:   152 with Value:     0.0000Tol(Act/Req):0.1808E-02/0.1000E-04
# With parameters(tra.):    -0.9034E-06    0.1784E-05   -0.4297E-06
# With parameters(rot.):     0.1683E-06    0.4091E-06    0.8128E-05
# Minimization at step:   153 with Value:     0.0000Tol(Act/Req):0.1717E-02/0.1000E-04
# With parameters(tra.):    -0.1223E-05    0.1583E-05   -0.3557E-06
# With parameters(rot.):    -0.3637E-05   -0.5864E-06    0.1189E-05
# Minimization at step:   154 with Value:     0.0000Tol(Act/Req):0.1645E-02/0.1000E-04
# With parameters(tra.):    -0.1191E-05    0.1584E-05   -0.1963E-06
# With parameters(rot.):    -0.4203E-05   -0.1207E-05    0.3109E-06
# Minimization at step:   155 with Value:     0.0000Tol(Act/Req):0.1545E-02/0.1000E-04
# With parameters(tra.):    -0.9438E-06    0.1736E-05   -0.2119E-06
# With parameters(rot.):    -0.1491E-05   -0.6155E-06    0.5295E-05
# Minimization at step:   156 with Value:     0.0000Tol(Act/Req):0.1521E-02/0.1000E-04
# With parameters(tra.):    -0.4007E-06    0.1722E-05   -0.5079E-06
# With parameters(rot.):    -0.1687E-05    0.2225E-05    0.7114E-05
# Minimization at step:   157 with Value:     0.0000Tol(Act/Req):0.1405E-02/0.1000E-04
# With parameters(tra.):    -0.8918E-07    0.1546E-05   -0.7640E-06
# With parameters(rot.):     0.2050E-05    0.3047E-05    0.3983E-05
# Minimization at step:   158 with Value:     0.0000Tol(Act/Req):0.1296E-02/0.1000E-04
# With parameters(tra.):     0.2478E-07    0.1269E-05   -0.9577E-06
# With parameters(rot.):     0.2987E-05    0.8513E-06    0.7724E-05
# Minimization at step:   159 with Value:     0.0000Tol(Act/Req):0.1147E-02/0.1000E-04
# With parameters(tra.):    -0.3765E-06    0.1131E-05   -0.8116E-06
# With parameters(rot.):     0.4741E-05   -0.2447E-05    0.6109E-05
# Minimization at step:   160 with Value:     0.0000Tol(Act/Req):0.1050E-02/0.1000E-04
# With parameters(tra.):    -0.4783E-06    0.1140E-05   -0.7515E-06
# With parameters(rot.):     0.4031E-05   -0.3110E-05    0.7068E-05
# Minimization at step:   161 with Value:     0.0000Tol(Act/Req):0.9715E-03/0.1000E-04
# With parameters(tra.):    -0.3865E-06    0.1176E-05   -0.7831E-06
# With parameters(rot.):     0.3533E-05   -0.2341E-05    0.7552E-05
# Minimization at step:   162 with Value:     0.0000Tol(Act/Req):0.8202E-03/0.1000E-04
# With parameters(tra.):    -0.4075E-06    0.9498E-06   -0.6993E-06
# With parameters(rot.):     0.4066E-05    0.1600E-06    0.6451E-05
# Minimization at step:   163 with Value:     0.0000Tol(Act/Req):0.7877E-03/0.1000E-04
# With parameters(tra.):    -0.8298E-07    0.7408E-06   -0.5480E-06
# With parameters(rot.):     0.5691E-05   -0.6255E-06    0.6741E-05
# Minimization at step:   164 with Value:     0.0000Tol(Act/Req):0.6297E-03/0.1000E-04
# With parameters(tra.):     0.3891E-07    0.3085E-06   -0.6497E-06
# With parameters(rot.):     0.6276E-05   -0.1023E-05    0.3900E-05
# Minimization at step:   165 with Value:     0.0000Tol(Act/Req):0.5364E-03/0.1000E-04
# With parameters(tra.):    -0.3235E-07    0.1730E-06   -0.4178E-06
# With parameters(rot.):     0.6749E-05   -0.1844E-06    0.1309E-06
# Minimization at step:   166 with Value:     0.0000Tol(Act/Req):0.5299E-03/0.1000E-04
# With parameters(tra.):     0.4308E-07    0.1071E-06   -0.4031E-06
# With parameters(rot.):     0.6768E-05    0.3800E-06   -0.2456E-06
# Minimization at step:   167 with Value:     0.0000Tol(Act/Req):0.4847E-03/0.1000E-04
# With parameters(tra.):     0.1324E-07   -0.2183E-06   -0.1669E-06
# With parameters(rot.):     0.6259E-05    0.2168E-06   -0.7639E-06
# Minimization at step:   168 with Value:     0.0000Tol(Act/Req):0.4536E-03/0.1000E-04
# With parameters(tra.):    -0.1172E-06    0.3841E-07    0.9560E-07
# With parameters(rot.):     0.5668E-05    0.1028E-05    0.5227E-06
# Minimization at step:   169 with Value:     0.0000Tol(Act/Req):0.3263E-03/0.1000E-04
# With parameters(tra.):    -0.2012E-06    0.3213E-07    0.1114E-06
# With parameters(rot.):     0.5260E-05    0.1362E-05   -0.6794E-07
# Minimization at step:   170 with Value:     0.0000Tol(Act/Req):0.3088E-03/0.1000E-04
# With parameters(tra.):    -0.1756E-06   -0.3257E-07    0.4712E-07
# With parameters(rot.):     0.5374E-05    0.1187E-05   -0.4388E-06
# Minimization at step:   171 with Value:     0.0000Tol(Act/Req):0.3081E-03/0.1000E-04
# With parameters(tra.):    -0.1521E-06    0.3437E-07   -0.2973E-07
# With parameters(rot.):     0.4444E-05    0.8054E-06    0.3140E-05
# Minimization at step:   172 with Value:     0.0000Tol(Act/Req):0.2919E-03/0.1000E-04
# With parameters(tra.):    -0.4587E-07   -0.4483E-07    0.1096E-06
# With parameters(rot.):     0.4037E-05   -0.1480E-05    0.3138E-05
# Minimization at step:   173 with Value:     0.0000Tol(Act/Req):0.2675E-03/0.1000E-04
# With parameters(tra.):    -0.4333E-07    0.5097E-07    0.7361E-07
# With parameters(rot.):     0.3979E-05   -0.1581E-05    0.3593E-05
# Minimization at step:   174 with Value:     0.0000Tol(Act/Req):0.2318E-03/0.1000E-04
# With parameters(tra.):    -0.6967E-07    0.7876E-07    0.3577E-07
# With parameters(rot.):     0.4075E-05   -0.1018E-05    0.3631E-05
# Minimization at step:   175 with Value:     0.0000Tol(Act/Req):0.1734E-03/0.1000E-04
# With parameters(tra.):     0.4360E-07   -0.6250E-07    0.2114E-06
# With parameters(rot.):     0.3216E-05   -0.3553E-06    0.4170E-05
# Minimization at step:   176 with Value:     0.0000Tol(Act/Req):0.1707E-03/0.1000E-04
# With parameters(tra.):    -0.4279E-07   -0.1066E-06    0.2764E-06
# With parameters(rot.):     0.1719E-05   -0.2593E-06    0.4402E-05
# Minimization at step:   177 with Value:     0.0000Tol(Act/Req):0.1681E-03/0.1000E-04
# With parameters(tra.):    -0.3956E-07   -0.1351E-06    0.3212E-06
# With parameters(rot.):     0.1724E-05   -0.2527E-06    0.3612E-05
# Minimization at step:   178 with Value:     0.0000Tol(Act/Req):0.1320E-03/0.1000E-04
# With parameters(tra.):    -0.1805E-06   -0.1802E-07    0.1821E-06
# With parameters(rot.):     0.2086E-05   -0.8812E-06    0.2887E-05
# Minimization at step:   179 with Value:     0.0000Tol(Act/Req):0.1159E-03/0.1000E-04
# With parameters(tra.):    -0.1434E-06   -0.1114E-06    0.1193E-06
# With parameters(rot.):     0.1435E-05   -0.1661E-05    0.3162E-05
# Minimization at step:   180 with Value:     0.0000Tol(Act/Req):0.1017E-03/0.1000E-04
# With parameters(tra.):    -0.1050E-06   -0.1485E-06    0.1489E-06
# With parameters(rot.):     0.1290E-05   -0.1568E-05    0.3366E-05
# Minimization at step:   181 with Value:     0.0000Tol(Act/Req):0.9816E-04/0.1000E-04
# With parameters(tra.):    -0.1695E-06   -0.1687E-06    0.1109E-06
# With parameters(rot.):     0.5552E-06   -0.6257E-06    0.3355E-05
# Minimization at step:   182 with Value:     0.0000Tol(Act/Req):0.9217E-04/0.1000E-04
# With parameters(tra.):    -0.1787E-06   -0.1391E-06    0.9602E-07
# With parameters(rot.):     0.2409E-06   -0.5964E-06    0.3562E-05
# Minimization at step:   183 with Value:     0.0000Tol(Act/Req):0.6048E-04/0.1000E-04
# With parameters(tra.):    -0.1479E-06   -0.1141E-06    0.2167E-08
# With parameters(rot.):     0.9946E-06   -0.7526E-06    0.3179E-05
# Minimization at step:   184 with Value:     0.0000Tol(Act/Req):0.5109E-04/0.1000E-04
# With parameters(tra.):    -0.1776E-06   -0.1641E-06   -0.1471E-07
# With parameters(rot.):     0.7623E-06   -0.9059E-06    0.1455E-05
# Minimization at step:   185 with Value:     0.0000Tol(Act/Req):0.4865E-04/0.1000E-04
# With parameters(tra.):    -0.1621E-06   -0.1586E-06   -0.1568E-07
# With parameters(rot.):     0.9633E-06   -0.1165E-05    0.1300E-05
# Minimization at step:   186 with Value:     0.0000Tol(Act/Req):0.4197E-04/0.1000E-04
# With parameters(tra.):    -0.1932E-06   -0.1121E-06   -0.1887E-07
# With parameters(rot.):     0.1240E-05   -0.4802E-06    0.4957E-06
# Minimization at step:   187 with Value:     0.0000Tol(Act/Req):0.3704E-04/0.1000E-04
# With parameters(tra.):    -0.1459E-06   -0.1741E-06   -0.1571E-07
# With parameters(rot.):     0.9343E-06    0.6691E-07   -0.5265E-07
# Minimization at step:   188 with Value:     0.0000Tol(Act/Req):0.3677E-04/0.1000E-04
# With parameters(tra.):    -0.1534E-06   -0.1265E-06   -0.8274E-07
# With parameters(rot.):     0.5367E-06    0.3466E-06   -0.8425E-06
# Minimization at step:   189 with Value:     0.0000Tol(Act/Req):0.3224E-04/0.1000E-04
# With parameters(tra.):    -0.1157E-06   -0.6404E-07   -0.8855E-07
# With parameters(rot.):     0.6938E-06    0.9174E-06    0.1152E-06
# Minimization at step:   190 with Value:     0.0000Tol(Act/Req):0.3135E-04/0.1000E-04
# With parameters(tra.):    -0.5887E-07   -0.9457E-07   -0.1086E-06
# With parameters(rot.):     0.2344E-06    0.6985E-06    0.7924E-06
# Minimization at step:   191 with Value:     0.0000Tol(Act/Req):0.3095E-04/0.1000E-04
# With parameters(tra.):    -0.6356E-07   -0.1127E-06   -0.1088E-06
# With parameters(rot.):     0.1569E-06    0.5376E-06    0.6094E-06
# Minimization at step:   192 with Value:     0.0000Tol(Act/Req):0.2991E-04/0.1000E-04
# With parameters(tra.):    -0.5418E-07   -0.1235E-06   -0.9421E-07
# With parameters(rot.):     0.2246E-06    0.4835E-06    0.9279E-06
# Minimization at step:   193 with Value:     0.0000Tol(Act/Req):0.2729E-04/0.1000E-04
# With parameters(tra.):    -0.5150E-07   -0.1284E-06   -0.8660E-07
# With parameters(rot.):     0.3486E-07    0.6126E-06    0.8042E-06
# Minimization at step:   194 with Value:     0.0000Tol(Act/Req):0.1821E-04/0.1000E-04
# With parameters(tra.):    -0.6337E-07   -0.7052E-07   -0.1067E-06
# With parameters(rot.):     0.3954E-07    0.3387E-06    0.1430E-05
# Minimization at step:   195 with Value:     0.0000Tol(Act/Req):0.1519E-04/0.1000E-04
# With parameters(tra.):    -0.7796E-07   -0.6088E-07   -0.1015E-06
# With parameters(rot.):     0.1381E-06    0.3634E-06    0.1313E-05
# Minimization at step:   196 with Value:     0.0000Tol(Act/Req):0.1126E-04/0.1000E-04
# With parameters(tra.):    -0.1902E-07   -0.1745E-07   -0.1321E-06
# With parameters(rot.):     0.2650E-06    0.3549E-06    0.1007E-05
# Minimization at step:   197 with Value:     0.0000Tol(Act/Req):0.1037E-04/0.1000E-04
# With parameters(tra.):    -0.1356E-07   -0.2201E-07   -0.1403E-06
# With parameters(rot.):     0.1459E-06   -0.2789E-07    0.7738E-06
# Minimization at step:   198 with Value:     0.0000Tol(Act/Req):0.1019E-04/0.1000E-04
# With parameters(tra.):    -0.2784E-07   -0.3325E-07   -0.1333E-06
# With parameters(rot.):     0.1043E-06   -0.5765E-07    0.8309E-06
# Minimization at step:   199 with Value:     0.0000Tol(Act/Req):0.8771E-05/0.1000E-04
# With parameters(tra.):    -0.8076E-08   -0.5942E-07   -0.1288E-06
# With parameters(rot.):     0.1227E-06   -0.7172E-08    0.2144E-06
# CSM Values after x minimization.
# Final Number of optim. Steps:   199
#      Before min is:      0.00342355489
# Final CSM Value is:      0.00000000000
# Coordinates rotated along Y.
[molecule] Nrec=   6 Format=nscxyz
  he               1    2   -0.10000000D+00   0.99504000D+00   0.99499998D-01
  he               2    2    0.10000000D+00   0.99504000D+00  -0.99500002D-01
  he               3    2   -0.10000000D+00  -0.58369000D+00   0.81198000D+00
  he               4    2    0.10000000D+00  -0.41135000D+00   0.91148000D+00
  he               5    2   -0.10000000D+00  -0.41135000D+00  -0.91148000D+00
  he               6    2    0.10000000D+00  -0.58369000D+00  -0.81198000D+00
# Minimization at step:     0 with Value:     0.0030Tol(Act/Req):0.2000E+01/0.1000E-04
# With parameters(tra.):     0.1429E-01    0.1429E-01    0.1429E-01
# With parameters(rot.):     0.1429E-01    0.1429E-01    0.1429E-01
# Minimization at step:     1 with Value:     0.0022Tol(Act/Req):0.2000E+01/0.1000E-04
# With parameters(tra.):     0.1548E-01    0.1548E-01    0.7143E-02
# With parameters(rot.):     0.1548E-01    0.1548E-01    0.1548E-01
# Minimization at step:     2 with Value:     0.0015Tol(Act/Req):0.2000E+01/0.1000E-04
# With parameters(tra.):     0.8433E-02    0.1677E-01    0.7738E-02
# With parameters(rot.):     0.1677E-01    0.1677E-01    0.1677E-01
# Minimization at step:     3 with Value:     0.0008Tol(Act/Req):0.2000E+01/0.1000E-04
# With parameters(tra.):     0.1054E-01   -0.4043E-02    0.9673E-02
# With parameters(rot.):     0.2096E-01    0.2096E-01    0.2096E-01
# Minimization at step:     4 with Value:     0.0006Tol(Act/Req):0.2000E+01/0.1000E-04
# With parameters(tra.):     0.1109E-01   -0.7137E-02   -0.4092E-03
# With parameters(rot.):     0.2411E-01    0.2411E-01    0.2411E-01
# Minimization at step:     5 with Value:     0.0004Tol(Act/Req):0.2000E+01/0.1000E-04
# With parameters(tra.):     0.7792E-02   -0.8484E-02   -0.7906E-03
# With parameters(rot.):     0.2537E-01    0.2537E-01    0.2537E-01
# Minimization at step:     6 with Value:     0.0002Tol(Act/Req):0.2000E+01/0.1000E-04
# With parameters(tra.):     0.6051E-02    0.8103E-03   -0.4374E-02
# With parameters(rot.):     0.2438E-01    0.2438E-01    0.2438E-01
# Minimization at step:     7 with Value:     0.0002Tol(Act/Req):0.2000E+01/0.1000E-04
# With parameters(tra.):     0.4003E-02    0.5522E-02    0.1026E-02
# With parameters(rot.):     0.2236E-01    0.2236E-01    0.2236E-01
# Minimization at step:     8 with Value:     0.0002Tol(Act/Req):0.2000E+01/0.1000E-04
# With parameters(tra.):     0.2037E-02    0.6016E-02    0.9869E-03
# With parameters(rot.):     0.2274E-01    0.2274E-01    0.2274E-01
# Minimization at step:     9 with Value:     0.0001Tol(Act/Req):0.2000E+01/0.1000E-04
# With parameters(tra.):     0.2385E-02    0.4879E-02   -0.3663E-03
# With parameters(rot.):     0.2328E-01    0.2328E-01    0.2328E-01
# Minimization at step:    10 with Value:     0.0001Tol(Act/Req):0.2000E+01/0.1000E-04
# With parameters(tra.):     0.2339E-02    0.1249E-02    0.2427E-02
# With parameters(rot.):     0.2350E-01    0.2350E-01    0.2350E-01
# Minimization at step:    11 with Value:     0.0001Tol(Act/Req):0.2000E+01/0.1000E-04
# With parameters(tra.):     0.2510E-02    0.3781E-03    0.1983E-02
# With parameters(rot.):     0.2378E-01    0.2378E-01    0.2378E-01
# Minimization at step:    12 with Value:     0.0001Tol(Act/Req):0.2000E+01/0.1000E-04
# With parameters(tra.):    -0.3210E-03   -0.2909E-03    0.2173E-02
# With parameters(rot.):     0.2461E-01    0.2461E-01    0.2461E-01
# Minimization at step:    13 with Value:     0.0001Tol(Act/Req):0.2000E+01/0.1000E-04
# With parameters(tra.):    -0.3477E-03   -0.3151E-03    0.2354E-02
# With parameters(rot.):     0.1833E-01    0.2666E-01    0.2666E-01
# Minimization at step:    14 with Value:     0.0000Tol(Act/Req):0.2000E+01/0.1000E-04
# With parameters(tra.):    -0.4347E-03   -0.3939E-03    0.2943E-02
# With parameters(rot.):     0.2291E-01    0.8326E-02    0.3333E-01
# Minimization at step:    15 with Value:     0.0000Tol(Act/Req):0.2000E+01/0.1000E-04
# With parameters(tra.):    -0.1105E-02    0.1010E-02    0.1675E-02
# With parameters(rot.):     0.2265E-01    0.4423E-02    0.3567E-01
# Minimization at step:    16 with Value:     0.0000Tol(Act/Req):0.2000E+01/0.1000E-04
# With parameters(tra.):    -0.1321E-02    0.6275E-03    0.1428E-02
# With parameters(rot.):     0.2270E-01    0.2952E-02    0.3681E-01
# Minimization at step:    17 with Value:     0.0000Tol(Act/Req):0.2000E+01/0.1000E-04
# With parameters(tra.):    -0.1561E-03    0.1192E-02    0.1146E-02
# With parameters(rot.):     0.2181E-01   -0.2876E-02    0.3944E-01
# Minimization at step:    18 with Value:     0.0000Tol(Act/Req):0.2000E+01/0.1000E-04
# With parameters(tra.):    -0.5243E-05    0.1773E-02    0.1551E-03
# With parameters(rot.):     0.1839E-01    0.5614E-02    0.3704E-01
# Minimization at step:    19 with Value:     0.0000Tol(Act/Req):0.1999E+01/0.1000E-04
# With parameters(tra.):     0.4026E-04    0.2258E-02   -0.1230E-03
# With parameters(rot.):     0.8980E-02    0.3428E-02    0.4271E-01
# Minimization at step:    20 with Value:     0.0000Tol(Act/Req):0.1999E+01/0.1000E-04
# With parameters(tra.):     0.5368E-04    0.3011E-02   -0.1640E-03
# With parameters(rot.):     0.1197E-01    0.4571E-02    0.2361E-01
# Minimization at step:    21 with Value:     0.0000Tol(Act/Req):0.1999E+01/0.1000E-04
# With parameters(tra.):    -0.4471E-04    0.2885E-02    0.4996E-03
# With parameters(rot.):     0.1294E-01   -0.2057E-02    0.2206E-01
# Minimization at step:    22 with Value:     0.0000Tol(Act/Req):0.1999E+01/0.1000E-04
# With parameters(tra.):    -0.5627E-04    0.2686E-02    0.5652E-03
# With parameters(rot.):     0.1227E-01   -0.2895E-02    0.2670E-01
# Minimization at step:    23 with Value:     0.0000Tol(Act/Req):0.1999E+01/0.1000E-04
# With parameters(tra.):     0.7404E-03    0.2309E-02    0.1040E-02
# With parameters(rot.):     0.8978E-02   -0.2732E-02    0.2215E-01
# Minimization at step:    24 with Value:     0.0000Tol(Act/Req):0.1999E+01/0.1000E-04
# With parameters(tra.):     0.9955E-03    0.2103E-02    0.4159E-03
# With parameters(rot.):     0.4501E-02   -0.7567E-02    0.1953E-01
# Minimization at step:    25 with Value:     0.0000Tol(Act/Req):0.1999E+01/0.1000E-04
# With parameters(tra.):     0.6025E-03    0.2031E-02    0.3600E-03
# With parameters(rot.):    -0.6748E-03   -0.5245E-02    0.1113E-01
# Minimization at step:    26 with Value:     0.0000Tol(Act/Req):0.1999E+01/0.1000E-04
# With parameters(tra.):     0.7203E-03    0.1732E-02    0.6198E-03
# With parameters(rot.):     0.1616E-02   -0.6321E-02    0.4052E-03
# Minimization at step:    27 with Value:     0.0000Tol(Act/Req):0.1998E+01/0.1000E-04
# With parameters(tra.):     0.1041E-02    0.1432E-02    0.2174E-03
# With parameters(rot.):    -0.2799E-02   -0.3324E-02   -0.5777E-02
# Minimization at step:    28 with Value:     0.0000Tol(Act/Req):0.1998E+01/0.1000E-04
# With parameters(tra.):     0.1127E-02    0.1228E-02    0.2212E-03
# With parameters(rot.):    -0.4389E-02   -0.3779E-02   -0.6161E-02
# Minimization at step:    29 with Value:     0.0000Tol(Act/Req):0.1998E+01/0.1000E-04
# With parameters(tra.):     0.1074E-02    0.1206E-02    0.3611E-03
# With parameters(rot.):    -0.4010E-02   -0.2254E-02   -0.7647E-02
# Minimization at step:    30 with Value:     0.0000Tol(Act/Req):0.1998E+01/0.1000E-04
# With parameters(tra.):     0.5596E-03    0.1213E-02   -0.1649E-03
# With parameters(rot.):    -0.4790E-02   -0.2257E-02   -0.1168E-01
# Minimization at step:    31 with Value:     0.0000Tol(Act/Req):0.1997E+01/0.1000E-04
# With parameters(tra.):     0.1988E-03    0.1384E-02    0.4127E-04
# With parameters(rot.):    -0.1976E-02   -0.4238E-02   -0.8519E-02
# Minimization at step:    32 with Value:     0.0000Tol(Act/Req):0.1996E+01/0.1000E-04
# With parameters(tra.):     0.2634E-03    0.1348E-02    0.2868E-04
# With parameters(rot.):    -0.7910E-03   -0.4735E-02   -0.8058E-02
# Minimization at step:    33 with Value:     0.0000Tol(Act/Req):0.1996E+01/0.1000E-04
# With parameters(tra.):     0.9021E-04    0.1402E-02   -0.2490E-03
# With parameters(rot.):    -0.2538E-02   -0.3800E-02   -0.4809E-02
# Minimization at step:    34 with Value:     0.0000Tol(Act/Req):0.1996E+01/0.1000E-04
# With parameters(tra.):    -0.3433E-03    0.1424E-02   -0.1727E-03
# With parameters(rot.):    -0.1290E-02   -0.1267E-02   -0.6835E-02
# Minimization at step:    35 with Value:     0.0000Tol(Act/Req):0.1995E+01/0.1000E-04
# With parameters(tra.):    -0.6620E-03    0.1082E-02   -0.2964E-03
# With parameters(rot.):    -0.3437E-02   -0.1339E-02   -0.7828E-02
# Minimization at step:    36 with Value:     0.0000Tol(Act/Req):0.1995E+01/0.1000E-04
# With parameters(tra.):    -0.3347E-03    0.9456E-03   -0.4140E-03
# With parameters(rot.):    -0.5400E-02   -0.3896E-02   -0.6133E-02
# Minimization at step:    37 with Value:     0.0000Tol(Act/Req):0.1995E+01/0.1000E-04
# With parameters(tra.):    -0.2899E-03    0.8513E-03   -0.1463E-03
# With parameters(rot.):    -0.5084E-02   -0.4441E-02   -0.1596E-02
# Minimization at step:    38 with Value:     0.0000Tol(Act/Req):0.1995E+01/0.1000E-04
# With parameters(tra.):    -0.6023E-03    0.9560E-03    0.6052E-04
# With parameters(rot.):    -0.3015E-02   -0.2065E-02   -0.1779E-02
# Minimization at step:    39 with Value:     0.0000Tol(Act/Req):0.1994E+01/0.1000E-04
# With parameters(tra.):    -0.5177E-03    0.1031E-02    0.1212E-03
# With parameters(rot.):    -0.2443E-02   -0.2107E-02   -0.1027E-02
# Minimization at step:    40 with Value:     0.0000Tol(Act/Req):0.1994E+01/0.1000E-04
# With parameters(tra.):    -0.4326E-03    0.1011E-02    0.7454E-04
# With parameters(rot.):    -0.2913E-02   -0.2705E-02   -0.9181E-03
# Minimization at step:    41 with Value:     0.0000Tol(Act/Req):0.1993E+01/0.1000E-04
# With parameters(tra.):    -0.4025E-03    0.7731E-03   -0.5184E-04
# With parameters(rot.):    -0.5100E-02   -0.8730E-03   -0.4917E-03
# Minimization at step:    42 with Value:     0.0000Tol(Act/Req):0.1992E+01/0.1000E-04
# With parameters(tra.):    -0.4952E-03    0.5096E-03   -0.1039E-03
# With parameters(rot.):    -0.4166E-02   -0.5788E-03    0.2952E-02
# Minimization at step:    43 with Value:     0.0000Tol(Act/Req):0.1991E+01/0.1000E-04
# With parameters(tra.):    -0.5749E-03    0.1763E-03    0.1297E-03
# With parameters(rot.):    -0.3544E-02   -0.1279E-03    0.3373E-02
# Minimization at step:    44 with Value:     0.0000Tol(Act/Req):0.1989E+01/0.1000E-04
# With parameters(tra.):    -0.5968E-03    0.1860E-03    0.1764E-03
# With parameters(rot.):    -0.2868E-02   -0.5238E-03    0.3589E-02
# Minimization at step:    45 with Value:     0.0000Tol(Act/Req):0.1987E+01/0.1000E-04
# With parameters(tra.):    -0.6336E-03    0.1542E-03    0.1364E-03
# With parameters(rot.):    -0.2762E-02   -0.6120E-04    0.2887E-02
# Minimization at step:    46 with Value:     0.0000Tol(Act/Req):0.1987E+01/0.1000E-04
# With parameters(tra.):    -0.6185E-03    0.2357E-03    0.7854E-04
# With parameters(rot.):    -0.2852E-02   -0.1683E-03    0.2741E-02
# Minimization at step:    47 with Value:     0.0000Tol(Act/Req):0.1987E+01/0.1000E-04
# With parameters(tra.):    -0.4829E-03    0.1207E-03    0.1857E-03
# With parameters(rot.):    -0.1845E-02    0.3930E-03    0.5501E-02
# Minimization at step:    48 with Value:     0.0000Tol(Act/Req):0.1983E+01/0.1000E-04
# With parameters(tra.):    -0.4445E-03    0.3658E-04    0.1716E-03
# With parameters(rot.):    -0.1991E-02    0.3524E-03    0.6091E-02
# Minimization at step:    49 with Value:     0.0000Tol(Act/Req):0.1981E+01/0.1000E-04
# With parameters(tra.):    -0.3348E-03    0.1424E-03    0.3154E-03
# With parameters(rot.):    -0.2200E-02    0.3685E-03    0.3693E-02
# Minimization at step:    50 with Value:     0.0000Tol(Act/Req):0.1976E+01/0.1000E-04
# With parameters(tra.):    -0.3564E-03    0.1729E-03    0.2995E-03
# With parameters(rot.):    -0.2482E-02    0.2261E-03    0.2852E-02
# Minimization at step:    51 with Value:     0.0000Tol(Act/Req):0.1973E+01/0.1000E-04
# With parameters(tra.):    -0.3473E-03    0.1767E-03    0.3331E-03
# With parameters(rot.):    -0.2111E-02    0.9068E-04    0.2898E-02
# Minimization at step:    52 with Value:     0.0000Tol(Act/Req):0.1973E+01/0.1000E-04
# With parameters(tra.):    -0.3254E-03    0.1205E-03    0.3186E-03
# With parameters(rot.):    -0.1683E-02    0.1066E-02    0.1498E-02
# Minimization at step:    53 with Value:     0.0000Tol(Act/Req):0.1969E+01/0.1000E-04
# With parameters(tra.):    -0.3520E-03    0.9222E-04    0.2829E-03
# With parameters(rot.):    -0.1588E-02    0.1121E-02    0.1914E-02
# Minimization at step:    54 with Value:     0.0000Tol(Act/Req):0.1966E+01/0.1000E-04
# With parameters(tra.):    -0.2331E-03    0.2074E-03    0.2354E-03
# With parameters(rot.):    -0.1347E-02    0.1336E-02    0.1347E-02
# Minimization at step:    55 with Value:     0.0000Tol(Act/Req):0.1953E+01/0.1000E-04
# With parameters(tra.):    -0.8592E-04    0.9603E-04    0.2285E-03
# With parameters(rot.):    -0.1423E-02    0.1583E-02    0.9444E-03
# Minimization at step:    56 with Value:     0.0000Tol(Act/Req):0.1952E+01/0.1000E-04
# With parameters(tra.):    -0.7417E-04    0.1049E-03    0.2146E-03
# With parameters(rot.):    -0.1476E-02    0.1624E-02    0.3650E-03
# Minimization at step:    57 with Value:     0.0000Tol(Act/Req):0.1942E+01/0.1000E-04
# With parameters(tra.):     0.7753E-05    0.9263E-04    0.2354E-03
# With parameters(rot.):    -0.7612E-03    0.1805E-02   -0.1989E-03
# Minimization at step:    58 with Value:     0.0000Tol(Act/Req):0.1942E+01/0.1000E-04
# With parameters(tra.):     0.9690E-04    0.1396E-03    0.2222E-03
# With parameters(rot.):    -0.8821E-03    0.1075E-02    0.6360E-03
# Minimization at step:    59 with Value:     0.0000Tol(Act/Req):0.1928E+01/0.1000E-04
# With parameters(tra.):     0.1933E-03    0.9880E-04    0.1306E-03
# With parameters(rot.):    -0.4561E-03    0.1168E-02    0.1043E-02
# Minimization at step:    60 with Value:     0.0000Tol(Act/Req):0.1925E+01/0.1000E-04
# With parameters(tra.):     0.1991E-03    0.6096E-04    0.1337E-03
# With parameters(rot.):    -0.4421E-03    0.1100E-02    0.1159E-02
# Minimization at step:    61 with Value:     0.0000Tol(Act/Req):0.1919E+01/0.1000E-04
# With parameters(tra.):     0.1469E-03    0.1606E-03    0.1090E-03
# With parameters(rot.):    -0.3836E-04    0.6927E-03    0.1634E-02
# Minimization at step:    62 with Value:     0.0000Tol(Act/Req):0.1914E+01/0.1000E-04
# With parameters(tra.):     0.7441E-04    0.1207E-03    0.8446E-04
# With parameters(rot.):     0.3638E-03    0.1295E-02    0.1132E-02
# Minimization at step:    63 with Value:     0.0000Tol(Act/Req):0.1902E+01/0.1000E-04
# With parameters(tra.):     0.4040E-04    0.1327E-03    0.1035E-03
# With parameters(rot.):     0.3256E-03    0.1282E-02    0.1037E-02
# Minimization at step:    64 with Value:     0.0000Tol(Act/Req):0.1897E+01/0.1000E-04
# With parameters(tra.):     0.4458E-04    0.1055E-03    0.1093E-03
# With parameters(rot.):     0.2550E-03    0.1433E-02    0.8689E-03
# Minimization at step:    65 with Value:     0.0000Tol(Act/Req):0.1887E+01/0.1000E-04
# With parameters(tra.):     0.6035E-04    0.1100E-03    0.9353E-04
# With parameters(rot.):     0.3730E-03    0.1438E-02    0.6212E-03
# Minimization at step:    66 with Value:     0.0000Tol(Act/Req):0.1879E+01/0.1000E-04
# With parameters(tra.):     0.7730E-04    0.1191E-03    0.1004E-03
# With parameters(rot.):     0.2732E-03    0.1300E-02    0.7043E-03
# Minimization at step:    67 with Value:     0.0000Tol(Act/Req):0.1839E+01/0.1000E-04
# With parameters(tra.):     0.4587E-04    0.1360E-03    0.4154E-04
# With parameters(rot.):     0.1416E-03    0.1011E-02    0.1381E-02
# Minimization at step:    68 with Value:     0.0000Tol(Act/Req):0.1788E+01/0.1000E-04
# With parameters(tra.):     0.6410E-05    0.8537E-04    0.1711E-04
# With parameters(rot.):     0.3641E-03    0.8459E-03    0.1688E-02
# Minimization at step:    69 with Value:     0.0000Tol(Act/Req):0.1773E+01/0.1000E-04
# With parameters(tra.):     0.1098E-04    0.7690E-04    0.2979E-04
# With parameters(rot.):     0.4155E-03    0.9042E-03    0.1544E-02
# Minimization at step:    70 with Value:     0.0000Tol(Act/Req):0.1770E+01/0.1000E-04
# With parameters(tra.):    -0.8475E-05    0.7826E-04    0.3318E-04
# With parameters(rot.):     0.4039E-03    0.8664E-03    0.1539E-02
# Minimization at step:    71 with Value:     0.0000Tol(Act/Req):0.1762E+01/0.1000E-04
# With parameters(tra.):     0.1261E-06    0.7665E-04   -0.1840E-04
# With parameters(rot.):     0.6502E-03    0.6858E-03    0.1350E-02
# Minimization at step:    72 with Value:     0.0000Tol(Act/Req):0.1759E+01/0.1000E-04
# With parameters(tra.):    -0.6334E-05    0.1254E-04   -0.4948E-04
# With parameters(rot.):     0.6407E-03    0.7386E-03    0.1174E-02
# Minimization at step:    73 with Value:     0.0000Tol(Act/Req):0.1691E+01/0.1000E-04
# With parameters(tra.):    -0.1818E-05   -0.4597E-06   -0.7664E-04
# With parameters(rot.):     0.5830E-03    0.3903E-03    0.1416E-02
# Minimization at step:    74 with Value:     0.0000Tol(Act/Req):0.1690E+01/0.1000E-04
# With parameters(tra.):    -0.1107E-04   -0.2455E-04   -0.4447E-04
# With parameters(rot.):     0.3143E-03    0.4725E-03    0.1627E-02
# Minimization at step:    75 with Value:     0.0000Tol(Act/Req):0.1687E+01/0.1000E-04
# With parameters(tra.):     0.2257E-04   -0.1052E-04   -0.4057E-04
# With parameters(rot.):     0.7518E-04    0.5133E-03    0.1300E-02
# Minimization at step:    76 with Value:     0.0000Tol(Act/Req):0.1589E+01/0.1000E-04
# With parameters(tra.):     0.2659E-04    0.3580E-05   -0.3206E-04
# With parameters(rot.):     0.3042E-04    0.4813E-03    0.1354E-02
# Minimization at step:    77 with Value:     0.0000Tol(Act/Req):0.1586E+01/0.1000E-04
# With parameters(tra.):     0.4093E-04   -0.3780E-04   -0.2731E-04
# With parameters(rot.):     0.4914E-05    0.4571E-03    0.1004E-02
# Minimization at step:    78 with Value:     0.0000Tol(Act/Req):0.1585E+01/0.1000E-04
# With parameters(tra.):     0.6752E-04   -0.1812E-04   -0.5375E-04
# With parameters(rot.):     0.1705E-03    0.3698E-03    0.5849E-03
# Minimization at step:    79 with Value:     0.0000Tol(Act/Req):0.1571E+01/0.1000E-04
# With parameters(tra.):     0.5394E-04   -0.4754E-04   -0.7594E-04
# With parameters(rot.):     0.6949E-04    0.1285E-03    0.2568E-03
# Minimization at step:    80 with Value:     0.0000Tol(Act/Req):0.1559E+01/0.1000E-04
# With parameters(tra.):     0.3060E-04   -0.6965E-04   -0.6166E-04
# With parameters(rot.):    -0.7995E-04    0.1337E-03    0.4891E-03
# Minimization at step:    81 with Value:     0.0000Tol(Act/Req):0.1523E+01/0.1000E-04
# With parameters(tra.):     0.3206E-04   -0.6414E-04   -0.5493E-04
# With parameters(rot.):    -0.6715E-04    0.1944E-03    0.5904E-03
# Minimization at step:    82 with Value:     0.0000Tol(Act/Req):0.1402E+01/0.1000E-04
# With parameters(tra.):     0.3413E-04   -0.6728E-04   -0.4859E-04
# With parameters(rot.):    -0.1117E-03    0.2361E-03    0.4813E-03
# Minimization at step:    83 with Value:     0.0000Tol(Act/Req):0.1371E+01/0.1000E-04
# With parameters(tra.):     0.1751E-04   -0.3572E-04   -0.6044E-04
# With parameters(rot.):    -0.1251E-03    0.1868E-03    0.6578E-03
# Minimization at step:    84 with Value:     0.0000Tol(Act/Req):0.1347E+01/0.1000E-04
# With parameters(tra.):     0.8684E-05   -0.4133E-04   -0.6307E-04
# With parameters(rot.):    -0.8198E-04    0.1494E-03    0.6860E-03
# Minimization at step:    85 with Value:     0.0000Tol(Act/Req):0.1232E+01/0.1000E-04
# With parameters(tra.):     0.1076E-04   -0.2809E-04   -0.5637E-04
# With parameters(rot.):    -0.2090E-03   -0.2521E-04    0.5724E-03
# Minimization at step:    86 with Value:     0.0000Tol(Act/Req):0.1198E+01/0.1000E-04
# With parameters(tra.):     0.1435E-04   -0.3535E-04   -0.5307E-04
# With parameters(rot.):    -0.2126E-03   -0.3054E-04    0.5211E-03
# Minimization at step:    87 with Value:     0.0000Tol(Act/Req):0.1177E+01/0.1000E-04
# With parameters(tra.):     0.2449E-04   -0.9171E-05   -0.5973E-04
# With parameters(rot.):    -0.1572E-03   -0.8873E-04    0.3770E-03
# Minimization at step:    88 with Value:     0.0000Tol(Act/Req):0.1133E+01/0.1000E-04
# With parameters(tra.):     0.2487E-04    0.2017E-04   -0.4785E-04
# With parameters(rot.):    -0.1616E-03   -0.6165E-04    0.5086E-03
# Minimization at step:    89 with Value:     0.0000Tol(Act/Req):0.1074E+01/0.1000E-04
# With parameters(tra.):     0.2513E-04    0.2589E-04   -0.4462E-04
# With parameters(rot.):    -0.1881E-03   -0.6560E-04    0.4563E-03
# Minimization at step:    90 with Value:     0.0000Tol(Act/Req):0.1047E+01/0.1000E-04
# With parameters(tra.):     0.2506E-04    0.1903E-04   -0.4732E-04
# With parameters(rot.):    -0.1892E-03   -0.7271E-04    0.4191E-03
# Minimization at step:    91 with Value:     0.0000Tol(Act/Req):0.9870E+00/0.1000E-04
# With parameters(tra.):     0.1511E-04    0.2258E-05   -0.3653E-04
# With parameters(rot.):    -0.2552E-03   -0.9174E-05    0.5772E-03
# Minimization at step:    92 with Value:     0.0000Tol(Act/Req):0.9414E+00/0.1000E-04
# With parameters(tra.):     0.1496E-04    0.1478E-05   -0.3655E-04
# With parameters(rot.):    -0.2273E-03    0.3581E-04    0.6060E-03
# Minimization at step:    93 with Value:     0.0000Tol(Act/Req):0.9202E+00/0.1000E-04
# With parameters(tra.):     0.1743E-04    0.5606E-05   -0.3925E-04
# With parameters(rot.):    -0.2085E-03    0.2368E-04    0.5689E-03
# Minimization at step:    94 with Value:     0.0000Tol(Act/Req):0.8511E+00/0.1000E-04
# With parameters(tra.):     0.2685E-05    0.1004E-04   -0.3657E-04
# With parameters(rot.):    -0.1645E-03   -0.9305E-04    0.5864E-03
# Minimization at step:    95 with Value:     0.0000Tol(Act/Req):0.7634E+00/0.1000E-04
# With parameters(tra.):     0.5976E-05    0.1066E-04   -0.2448E-04
# With parameters(rot.):    -0.1557E-03   -0.1245E-03    0.5057E-03
# Minimization at step:    96 with Value:     0.0000Tol(Act/Req):0.7483E+00/0.1000E-04
# With parameters(tra.):     0.9937E-05    0.9606E-05   -0.2414E-04
# With parameters(rot.):    -0.1660E-03   -0.9799E-04    0.4946E-03
# Minimization at step:    97 with Value:     0.0000Tol(Act/Req):0.7126E+00/0.1000E-04
# With parameters(tra.):     0.5399E-05    0.1561E-04   -0.1085E-04
# With parameters(rot.):    -0.2115E-03   -0.1167E-03    0.4028E-03
# Minimization at step:    98 with Value:     0.0000Tol(Act/Req):0.6329E+00/0.1000E-04
# With parameters(tra.):    -0.1300E-05    0.7551E-06   -0.4092E-05
# With parameters(rot.):    -0.2212E-03   -0.1456E-03    0.3229E-03
# Minimization at step:    99 with Value:     0.0000Tol(Act/Req):0.6200E+00/0.1000E-04
# With parameters(tra.):    -0.7033E-05   -0.1046E-05    0.6688E-05
# With parameters(rot.):    -0.1634E-03   -0.1161E-03    0.2861E-03
# Minimization at step:   100 with Value:     0.0000Tol(Act/Req):0.5091E+00/0.1000E-04
# With parameters(tra.):    -0.7835E-05    0.4640E-06    0.9166E-05
# With parameters(rot.):    -0.1502E-03   -0.1338E-03    0.2440E-03
# Minimization at step:   101 with Value:     0.0000Tol(Act/Req):0.4891E+00/0.1000E-04
# With parameters(tra.):    -0.7708E-05   -0.1059E-04    0.2552E-05
# With parameters(rot.):    -0.8422E-04   -0.1208E-03    0.2829E-03
# Minimization at step:   102 with Value:     0.0000Tol(Act/Req):0.4634E+00/0.1000E-04
# With parameters(tra.):    -0.3145E-05    0.4824E-06   -0.1991E-05
# With parameters(rot.):    -0.2891E-04   -0.8361E-04    0.3495E-03
# Minimization at step:   103 with Value:     0.0000Tol(Act/Req):0.3872E+00/0.1000E-04
# With parameters(tra.):     0.4151E-06   -0.4671E-05    0.6069E-05
# With parameters(rot.):    -0.3748E-05   -0.2570E-04    0.2789E-03
# Minimization at step:   104 with Value:     0.0000Tol(Act/Req):0.3823E+00/0.1000E-04
# With parameters(tra.):    -0.4290E-06   -0.7869E-05    0.7876E-05
# With parameters(rot.):    -0.1548E-04   -0.3016E-04    0.2563E-03
# Minimization at step:   105 with Value:     0.0000Tol(Act/Req):0.2976E+00/0.1000E-04
# With parameters(tra.):     0.1459E-06   -0.4878E-05    0.9974E-05
# With parameters(rot.):    -0.2624E-04   -0.2587E-04    0.2444E-03
# Minimization at step:   106 with Value:     0.0000Tol(Act/Req):0.2905E+00/0.1000E-04
# With parameters(tra.):     0.2177E-05   -0.4747E-05    0.7553E-05
# With parameters(rot.):    -0.2927E-04   -0.2573E-04    0.2501E-03
# Minimization at step:   107 with Value:     0.0000Tol(Act/Req):0.2546E+00/0.1000E-04
# With parameters(tra.):     0.3911E-05   -0.3464E-05    0.1197E-04
# With parameters(rot.):     0.3739E-04   -0.2514E-04    0.1679E-03
# Minimization at step:   108 with Value:     0.0000Tol(Act/Req):0.2500E+00/0.1000E-04
# With parameters(tra.):     0.2917E-05   -0.4798E-05    0.1198E-04
# With parameters(rot.):     0.5130E-04   -0.8983E-05    0.1599E-03
# Minimization at step:   109 with Value:     0.0000Tol(Act/Req):0.2309E+00/0.1000E-04
# With parameters(tra.):     0.1903E-06    0.3136E-06    0.5896E-05
# With parameters(rot.):     0.4449E-04   -0.6132E-04    0.1909E-03
# Minimization at step:   110 with Value:     0.0000Tol(Act/Req):0.2205E+00/0.1000E-04
# With parameters(tra.):    -0.5534E-06    0.3077E-06    0.4285E-05
# With parameters(rot.):     0.2842E-04   -0.6448E-04    0.2133E-03
# Minimization at step:   111 with Value:     0.0000Tol(Act/Req):0.1450E+00/0.1000E-04
# With parameters(tra.):     0.1305E-05   -0.3527E-05    0.8448E-05
# With parameters(rot.):     0.2951E-04   -0.2602E-04    0.1957E-03
# Minimization at step:   112 with Value:     0.0000Tol(Act/Req):0.1359E+00/0.1000E-04
# With parameters(tra.):     0.1690E-05   -0.1919E-05    0.9370E-05
# With parameters(rot.):     0.2877E-04   -0.2389E-04    0.1857E-03
# Minimization at step:   113 with Value:     0.0000Tol(Act/Req):0.1241E+00/0.1000E-04
# With parameters(tra.):     0.1444E-05   -0.3022E-05    0.1040E-04
# With parameters(rot.):     0.2659E-04   -0.2559E-04    0.1686E-03
# Minimization at step:   114 with Value:     0.0000Tol(Act/Req):0.9353E-01/0.1000E-04
# With parameters(tra.):     0.5263E-05   -0.2185E-05    0.6504E-05
# With parameters(rot.):     0.3916E-04   -0.2527E-04    0.1528E-03
# Minimization at step:   115 with Value:     0.0000Tol(Act/Req):0.8889E-01/0.1000E-04
# With parameters(tra.):     0.4055E-05   -0.3981E-05    0.4702E-05
# With parameters(rot.):     0.6293E-04    0.1620E-05    0.1345E-03
# Minimization at step:   116 with Value:     0.0000Tol(Act/Req):0.7916E-01/0.1000E-04
# With parameters(tra.):     0.3732E-05   -0.1576E-05    0.6778E-06
# With parameters(rot.):     0.7334E-04   -0.1481E-04    0.1258E-03
# Minimization at step:   117 with Value:     0.0000Tol(Act/Req):0.7592E-01/0.1000E-04
# With parameters(tra.):     0.3688E-05   -0.2056E-05   -0.2641E-05
# With parameters(rot.):     0.6046E-04   -0.7132E-05    0.1376E-03
# Minimization at step:   118 with Value:     0.0000Tol(Act/Req):0.6954E-01/0.1000E-04
# With parameters(tra.):     0.3959E-05   -0.1446E-05   -0.2802E-05
# With parameters(rot.):     0.5431E-04   -0.1458E-04    0.1425E-03
# Minimization at step:   119 with Value:     0.0000Tol(Act/Req):0.6901E-01/0.1000E-04
# With parameters(tra.):     0.5484E-05    0.1928E-05   -0.5016E-05
# With parameters(rot.):     0.6135E-04   -0.7214E-05    0.1080E-03
# Minimization at step:   120 with Value:     0.0000Tol(Act/Req):0.6872E-01/0.1000E-04
# With parameters(tra.):     0.6391E-05    0.6906E-06   -0.2890E-05
# With parameters(rot.):     0.4694E-04    0.1174E-04    0.1108E-03
# Minimization at step:   121 with Value:     0.0000Tol(Act/Req):0.6447E-01/0.1000E-04
# With parameters(tra.):     0.6085E-05   -0.2561E-06   -0.2159E-05
# With parameters(rot.):     0.4398E-04    0.1148E-04    0.1196E-03
# Minimization at step:   122 with Value:     0.0000Tol(Act/Req):0.6312E-01/0.1000E-04
# With parameters(tra.):     0.7141E-05   -0.1541E-05   -0.4289E-05
# With parameters(rot.):     0.4542E-04    0.2043E-04    0.6899E-04
# Minimization at step:   123 with Value:     0.0000Tol(Act/Req):0.5141E-01/0.1000E-04
# With parameters(tra.):     0.3949E-05   -0.2163E-05   -0.3992E-05
# With parameters(rot.):     0.3495E-04    0.3533E-04    0.5681E-04
# Minimization at step:   124 with Value:     0.0000Tol(Act/Req):0.3893E-01/0.1000E-04
# With parameters(tra.):     0.3419E-05   -0.1893E-05   -0.3435E-05
# With parameters(rot.):     0.3371E-04    0.3434E-04    0.6845E-04
# Minimization at step:   125 with Value:     0.0000Tol(Act/Req):0.3705E-01/0.1000E-04
# With parameters(tra.):     0.3358E-05   -0.1519E-05   -0.1488E-05
# With parameters(rot.):     0.3338E-04    0.4305E-04    0.3752E-04
# Minimization at step:   126 with Value:     0.0000Tol(Act/Req):0.3590E-01/0.1000E-04
# With parameters(tra.):     0.3701E-05   -0.3249E-06   -0.1372E-05
# With parameters(rot.):     0.1411E-04    0.4735E-04    0.1221E-04
# Minimization at step:   127 with Value:     0.0000Tol(Act/Req):0.3164E-01/0.1000E-04
# With parameters(tra.):     0.1897E-05    0.5739E-06   -0.2993E-05
# With parameters(rot.):     0.1758E-04    0.4026E-04   -0.2340E-04
# Minimization at step:   128 with Value:     0.0000Tol(Act/Req):0.2832E-01/0.1000E-04
# With parameters(tra.):     0.1396E-05    0.1698E-06   -0.2697E-05
# With parameters(rot.):     0.1390E-04    0.4253E-04   -0.3090E-04
# Minimization at step:   129 with Value:     0.0000Tol(Act/Req):0.2395E-01/0.1000E-04
# With parameters(tra.):     0.1805E-05   -0.8862E-07   -0.2267E-05
# With parameters(rot.):     0.1272E-04    0.4449E-04   -0.2262E-04
# Minimization at step:   130 with Value:     0.0000Tol(Act/Req):0.2263E-01/0.1000E-04
# With parameters(tra.):     0.2424E-05    0.2397E-06   -0.2198E-05
# With parameters(rot.):     0.1349E-04    0.4153E-04   -0.2619E-04
# Minimization at step:   131 with Value:     0.0000Tol(Act/Req):0.2133E-01/0.1000E-04
# With parameters(tra.):     0.1033E-05    0.1489E-05   -0.6709E-06
# With parameters(rot.):     0.4285E-05    0.4194E-04   -0.3446E-04
# Minimization at step:   132 with Value:     0.0000Tol(Act/Req):0.2124E-01/0.1000E-04
# With parameters(tra.):    -0.1993E-06    0.8996E-06   -0.5523E-06
# With parameters(rot.):     0.2028E-04    0.3583E-04   -0.2471E-04
# Minimization at step:   133 with Value:     0.0000Tol(Act/Req):0.1592E-01/0.1000E-04
# With parameters(tra.):    -0.1325E-05    0.1332E-05   -0.2188E-05
# With parameters(rot.):     0.1624E-04    0.2471E-04   -0.1452E-04
# Minimization at step:   134 with Value:     0.0000Tol(Act/Req):0.1453E-01/0.1000E-04
# With parameters(tra.):    -0.1173E-05    0.1007E-05   -0.2696E-05
# With parameters(rot.):     0.1954E-04    0.2318E-04   -0.1079E-04
# Minimization at step:   135 with Value:     0.0000Tol(Act/Req):0.1212E-01/0.1000E-04
# With parameters(tra.):    -0.9466E-06    0.1163E-05   -0.2904E-05
# With parameters(rot.):     0.1548E-04    0.2365E-04   -0.1206E-04
# Minimization at step:   136 with Value:     0.0000Tol(Act/Req):0.1203E-01/0.1000E-04
# With parameters(tra.):    -0.6337E-06    0.1041E-05   -0.2555E-05
# With parameters(rot.):     0.1643E-04    0.2634E-04   -0.1441E-04
# Minimization at step:   137 with Value:     0.0000Tol(Act/Req):0.1173E-01/0.1000E-04
# With parameters(tra.):    -0.2314E-05    0.5227E-06   -0.1916E-05
# With parameters(rot.):     0.9908E-05    0.2548E-04   -0.2390E-04
# Minimization at step:   138 with Value:     0.0000Tol(Act/Req):0.1075E-01/0.1000E-04
# With parameters(tra.):    -0.2869E-05    0.2097E-06   -0.9396E-06
# With parameters(rot.):     0.6622E-05    0.2306E-04   -0.7778E-05
# Minimization at step:   139 with Value:     0.0000Tol(Act/Req):0.1071E-01/0.1000E-04
# With parameters(tra.):    -0.3394E-05    0.8562E-06   -0.3810E-06
# With parameters(rot.):     0.5866E-05    0.1098E-04   -0.8788E-05
# Minimization at step:   140 with Value:     0.0000Tol(Act/Req):0.6237E-02/0.1000E-04
# With parameters(tra.):    -0.2074E-05    0.1485E-05   -0.5083E-06
# With parameters(rot.):     0.1104E-04    0.7006E-05    0.5746E-05
# Minimization at step:   141 with Value:     0.0000Tol(Act/Req):0.6192E-02/0.1000E-04
# With parameters(tra.):    -0.1996E-05    0.1906E-05   -0.1262E-06
# With parameters(rot.):     0.1435E-05    0.2405E-05    0.9131E-05
# Minimization at step:   142 with Value:     0.0000Tol(Act/Req):0.5736E-02/0.1000E-04
# With parameters(tra.):    -0.1253E-05    0.1683E-05   -0.4814E-06
# With parameters(rot.):     0.8941E-06    0.9325E-05    0.1437E-04
# Minimization at step:   143 with Value:     0.0000Tol(Act/Req):0.5239E-02/0.1000E-04
# With parameters(tra.):    -0.1514E-05    0.1542E-05   -0.4473E-06
# With parameters(rot.):    -0.1244E-05    0.1051E-04    0.1145E-04
# Minimization at step:   144 with Value:     0.0000Tol(Act/Req):0.5212E-02/0.1000E-04
# With parameters(tra.):    -0.1263E-05    0.1731E-05   -0.6505E-06
# With parameters(rot.):    -0.1078E-05    0.1007E-04    0.9024E-05
# Minimization at step:   145 with Value:     0.0000Tol(Act/Req):0.5204E-02/0.1000E-04
# With parameters(tra.):    -0.8464E-06    0.1717E-05    0.6829E-06
# With parameters(rot.):    -0.5021E-05    0.1003E-04    0.1215E-04
# Minimization at step:   146 with Value:     0.0000Tol(Act/Req):0.5185E-02/0.1000E-04
# With parameters(tra.):    -0.7434E-06    0.1614E-05    0.7104E-06
# With parameters(rot.):    -0.5419E-05    0.8161E-05    0.1592E-04
# Minimization at step:   147 with Value:     0.0000Tol(Act/Req):0.4354E-02/0.1000E-04
# With parameters(tra.):    -0.1030E-05    0.1599E-05   -0.2827E-06
# With parameters(rot.):    -0.2561E-05    0.7727E-05    0.1452E-04
# Minimization at step:   148 with Value:     0.0000Tol(Act/Req):0.2256E-02/0.1000E-04
# With parameters(tra.):    -0.9688E-06    0.1468E-05   -0.3913E-06
# With parameters(rot.):    -0.4934E-06    0.9321E-05    0.1413E-04
# Minimization at step:   149 with Value:     0.0000Tol(Act/Req):0.1938E-02/0.1000E-04
# With parameters(tra.):    -0.1370E-05    0.1545E-05   -0.1244E-06
# With parameters(rot.):    -0.5952E-06    0.4707E-05    0.1056E-04
# Minimization at step:   150 with Value:     0.0000Tol(Act/Req):0.1926E-02/0.1000E-04
# With parameters(tra.):    -0.1373E-05    0.1314E-05   -0.3476E-06
# With parameters(rot.):     0.2169E-06   -0.1742E-06    0.1632E-04
# Minimization at step:   151 with Value:     0.0000Tol(Act/Req):0.1892E-02/0.1000E-04
# With parameters(tra.):    -0.1023E-05    0.1494E-05   -0.5766E-06
# With parameters(rot.):     0.7896E-06   -0.3397E-05    0.1450E-04
# Minimization at step:   152 with Value:     0.0000Tol(Act/Req):0.1808E-02/0.1000E-04
# With parameters(tra.):    -0.9034E-06    0.1784E-05   -0.4297E-06
# With parameters(rot.):     0.1683E-06    0.4091E-06    0.8128E-05
# Minimization at step:   153 with Value:     0.0000Tol(Act/Req):0.1717E-02/0.1000E-04
# With parameters(tra.):    -0.1223E-05    0.1583E-05   -0.3557E-06
# With parameters(rot.):    -0.3637E-05   -0.5864E-06    0.1189E-05
# Minimization at step:   154 with Value:     0.0000Tol(Act/Req):0.1645E-02/0.1000E-04
# With parameters(tra.):    -0.1191E-05    0.1584E-05   -0.1963E-06
# With parameters(rot.):    -0.4203E-05   -0.1207E-05    0.3109E-06
# Minimization at step:   155 with Value:     0.0000Tol(Act/Req):0.1545E-02/0.1000E-04
# With parameters(tra.):    -0.9438E-06    0.1736E-05   -0.2119E-06
# With parameters(rot.):    -0.1491E-05   -0.6155E-06    0.5295E-05
# Minimization at step:   156 with Value:     0.0000Tol(Act/Req):0.1521E-02/0.1000E-04
# With parameters(tra.):    -0.4007E-06    0.1722E-05   -0.5079E-06
# With parameters(rot.):    -0.1687E-05    0.2225E-05    0.7114E-05
# Minimization at step:   157 with Value:     0.0000Tol(Act/Req):0.1405E-02/0.1000E-04
# With parameters(tra.):    -0.8918E-07    0.1546E-05   -0.7640E-06
# With parameters(rot.):     0.2050E-05    0.3047E-05    0.3983E-05
# Minimization at step:   158 with Value:     0.0000Tol(Act/Req):0.1296E-02/0.1000E-04
# With parameters(tra.):     0.2478E-07    0.1269E-05   -0.9577E-06
# With parameters(rot.):     0.2987E-05    0.8513E-06    0.7724E-05
# Minimization at step:   159 with Value:     0.0000Tol(Act/Req):0.1147E-02/0.1000E-04
# With parameters(tra.):    -0.3765E-06    0.1131E-05   -0.8116E-06
# With parameters(rot.):     0.4741E-05   -0.2447E-05    0.6109E-05
# Minimization at step:   160 with Value:     0.0000Tol(Act/Req):0.1050E-02/0.1000E-04
# With parameters(tra.):    -0.4783E-06    0.1140E-05   -0.7515E-06
# With parameters(rot.):     0.4031E-05   -0.3110E-05    0.7068E-05
# Minimization at step:   161 with Value:     0.0000Tol(Act/Req):0.9715E-03/0.1000E-04
# With parameters(tra.):    -0.3865E-06    0.1176E-05   -0.7831E-06
# With parameters(rot.):     0.3533E-05   -0.2341E-05    0.7552E-05
# Minimization at step:   162 with Value:     0.0000Tol(Act/Req):0.8202E-03/0.1000E-04
# With parameters(tra.):    -0.4075E-06    0.9498E-06   -0.6993E-06
# With parameters(rot.):     0.4066E-05    0.1600E-06    0.6451E-05
# Minimization at step:   163 with Value:     0.0000Tol(Act/Req):0.7877E-03/0.1000E-04
# With parameters(tra.):    -0.8298E-07    0.7408E-06   -0.5480E-06
# With parameters(rot.):     0.5691E-05   -0.6255E-06    0.6741E-05
# Minimization at step:   164 with Value:     0.0000Tol(Act/Req):0.6297E-03/0.1000E-04
# With parameters(tra.):     0.3891E-07    0.3085E-06   -0.6497E-06
# With parameters(rot.):     0.6276E-05   -0.1023E-05    0.3900E-05
# Minimization at step:   165 with Value:     0.0000Tol(Act/Req):0.5364E-03/0.1000E-04
# With parameters(tra.):    -0.3235E-07    0.1730E-06   -0.4178E-06
# With parameters(rot.):     0.6749E-05   -0.1844E-06    0.1309E-06
# Minimization at step:   166 with Value:     0.0000Tol(Act/Req):0.5299E-03/0.1000E-04
# With parameters(tra.):     0.4308E-07    0.1071E-06   -0.4031E-06
# With parameters(rot.):     0.6768E-05    0.3800E-06   -0.2456E-06
# Minimization at step:   167 with Value:     0.0000Tol(Act/Req):0.4847E-03/0.1000E-04
# With parameters(tra.):     0.1324E-07   -0.2183E-06   -0.1669E-06
# With parameters(rot.):     0.6259E-05    0.2168E-06   -0.7639E-06
# Minimization at step:   168 with Value:     0.0000Tol(Act/Req):0.4536E-03/0.1000E-04
# With parameters(tra.):    -0.1172E-06    0.3841E-07    0.9560E-07
# With parameters(rot.):     0.5668E-05    0.1028E-05    0.5227E-06
# Minimization at step:   169 with Value:     0.0000Tol(Act/Req):0.3263E-03/0.1000E-04
# With parameters(tra.):    -0.2012E-06    0.3213E-07    0.1114E-06
# With parameters(rot.):     0.5260E-05    0.1362E-05   -0.6794E-07
# Minimization at step:   170 with Value:     0.0000Tol(Act/Req):0.3088E-03/0.1000E-04
# With parameters(tra.):    -0.1756E-06   -0.3257E-07    0.4712E-07
# With parameters(rot.):     0.5374E-05    0.1187E-05   -0.4388E-06
# Minimization at step:   171 with Value:     0.0000Tol(Act/Req):0.3081E-03/0.1000E-04
# With parameters(tra.):    -0.1521E-06    0.3437E-07   -0.2973E-07
# With parameters(rot.):     0.4444E-05    0.8054E-06    0.3140E-05
# Minimization at step:   172 with Value:     0.0000Tol(Act/Req):0.2919E-03/0.1000E-04
# With parameters(tra.):    -0.4587E-07   -0.4483E-07    0.1096E-06
# With parameters(rot.):     0.4037E-05   -0.1480E-05    0.3138E-05
# Minimization at step:   173 with Value:     0.0000Tol(Act/Req):0.2675E-03/0.1000E-04
# With parameters(tra.):    -0.4333E-07    0.5097E-07    0.7361E-07
# With parameters(rot.):     0.3979E-05   -0.1581E-05    0.3593E-05
# Minimization at step:   174 with Value:     0.0000Tol(Act/Req):0.2318E-03/0.1000E-04
# With parameters(tra.):    -0.6967E-07    0.7876E-07    0.3577E-07
# With parameters(rot.):     0.4075E-05   -0.1018E-05    0.3631E-05
# Minimization at step:   175 with Value:     0.0000Tol(Act/Req):0.1734E-03/0.1000E-04
# With parameters(tra.):     0.4360E-07   -0.6250E-07    0.2114E-06
# With parameters(rot.):     0.3216E-05   -0.3553E-06    0.4170E-05
# Minimization at step:   176 with Value:     0.0000Tol(Act/Req):0.1707E-03/0.1000E-04
# With parameters(tra.):    -0.4279E-07   -0.1066E-06    0.2764E-06
# With parameters(rot.):     0.1719E-05   -0.2593E-06    0.4402E-05
# Minimization at step:   177 with Value:     0.0000Tol(Act/Req):0.1681E-03/0.1000E-04
# With parameters(tra.):    -0.3956E-07   -0.1351E-06    0.3212E-06
# With parameters(rot.):     0.1724E-05   -0.2527E-06    0.3612E-05
# Minimization at step:   178 with Value:     0.0000Tol(Act/Req):0.1320E-03/0.1000E-04
# With parameters(tra.):    -0.1805E-06   -0.1802E-07    0.1821E-06
# With parameters(rot.):     0.2086E-05   -0.8812E-06    0.2887E-05
# Minimization at step:   179 with Value:     0.0000Tol(Act/Req):0.1159E-03/0.1000E-04
# With parameters(tra.):    -0.1434E-06   -0.1114E-06    0.1193E-06
# With parameters(rot.):     0.1435E-05   -0.1661E-05    0.3162E-05
# Minimization at step:   180 with Value:     0.0000Tol(Act/Req):0.1017E-03/0.1000E-04
# With parameters(tra.):    -0.1050E-06   -0.1485E-06    0.1489E-06
# With parameters(rot.):     0.1290E-05   -0.1568E-05    0.3366E-05
# Minimization at step:   181 with Value:     0.0000Tol(Act/Req):0.9816E-04/0.1000E-04
# With parameters(tra.):    -0.1695E-06   -0.1687E-06    0.1109E-06
# With parameters(rot.):     0.5552E-06   -0.6257E-06    0.3355E-05
# Minimization at step:   182 with Value:     0.0000Tol(Act/Req):0.9217E-04/0.1000E-04
# With parameters(tra.):    -0.1787E-06   -0.1391E-06    0.9602E-07
# With parameters(rot.):     0.2409E-06   -0.5964E-06    0.3562E-05
# Minimization at step:   183 with Value:     0.0000Tol(Act/Req):0.6048E-04/0.1000E-04
# With parameters(tra.):    -0.1479E-06   -0.1141E-06    0.2167E-08
# With parameters(rot.):     0.9946E-06   -0.7526E-06    0.3179E-05
# Minimization at step:   184 with Value:     0.0000Tol(Act/Req):0.5109E-04/0.1000E-04
# With parameters(tra.):    -0.1776E-06   -0.1641E-06   -0.1471E-07
# With parameters(rot.):     0.7623E-06   -0.9059E-06    0.1455E-05
# Minimization at step:   185 with Value:     0.0000Tol(Act/Req):0.4865E-04/0.1000E-04
# With parameters(tra.):    -0.1621E-06   -0.1586E-06   -0.1568E-07
# With parameters(rot.):     0.9633E-06   -0.1165E-05    0.1300E-05
# Minimization at step:   186 with Value:     0.0000Tol(Act/Req):0.4197E-04/0.1000E-04
# With parameters(tra.):    -0.1932E-06   -0.1121E-06   -0.1887E-07
# With parameters(rot.):     0.1240E-05   -0.4802E-06    0.4957E-06
# Minimization at step:   187 with Value:     0.0000Tol(Act/Req):0.3704E-04/0.1000E-04
# With parameters(tra.):    -0.1459E-06   -0.1741E-06   -0.1571E-07
# With parameters(rot.):     0.9343E-06    0.6691E-07   -0.5265E-07
# Minimization at step:   188 with Value:     0.0000Tol(Act/Req):0.3677E-04/0.1000E-04
# With parameters(tra.):    -0.1534E-06   -0.1265E-06   -0.8274E-07
# With parameters(rot.):     0.5367E-06    0.3466E-06   -0.8425E-06
# Minimization at step:   189 with Value:     0.0000Tol(Act/Req):0.3224E-04/0.1000E-04
# With parameters(tra.):    -0.1157E-06   -0.6404E-07   -0.8855E-07
# With parameters(rot.):     0.6938E-06    0.9174E-06    0.1152E-06
# Minimization at step:   190 with Value:     0.0000Tol(Act/Req):0.3135E-04/0.1000E-04
# With parameters(tra.):    -0.5887E-07   -0.9457E-07   -0.1086E-06
# With parameters(rot.):     0.2344E-06    0.6985E-06    0.7924E-06
# Minimization at step:   191 with Value:     0.0000Tol(Act/Req):0.3095E-04/0.1000E-04
# With parameters(tra.):    -0.6356E-07   -0.1127E-06   -0.1088E-06
# With parameters(rot.):     0.1569E-06    0.5376E-06    0.6094E-06
# Minimization at step:   192 with Value:     0.0000Tol(Act/Req):0.2991E-04/0.1000E-04
# With parameters(tra.):    -0.5418E-07   -0.1235E-06   -0.9421E-07
# With parameters(rot.):     0.2246E-06    0.4835E-06    0.9279E-06
# Minimization at step:   193 with Value:     0.0000Tol(Act/Req):0.2729E-04/0.1000E-04
# With parameters(tra.):    -0.5150E-07   -0.1284E-06   -0.8660E-07
# With parameters(rot.):     0.3486E-07    0.6126E-06    0.8042E-06
# Minimization at step:   194 with Value:     0.0000Tol(Act/Req):0.1821E-04/0.1000E-04
# With parameters(tra.):    -0.6337E-07   -0.7052E-07   -0.1067E-06
# With parameters(rot.):     0.3954E-07    0.3387E-06    0.1430E-05
# Minimization at step:   195 with Value:     0.0000Tol(Act/Req):0.1519E-04/0.1000E-04
# With parameters(tra.):    -0.7796E-07   -0.6088E-07   -0.1015E-06
# With parameters(rot.):     0.1381E-06    0.3634E-06    0.1313E-05
# Minimization at step:   196 with Value:     0.0000Tol(Act/Req):0.1126E-04/0.1000E-04
# With parameters(tra.):    -0.1902E-07   -0.1745E-07   -0.1321E-06
# With parameters(rot.):     0.2650E-06    0.3549E-06    0.1007E-05
# Minimization at step:   197 with Value:     0.0000Tol(Act/Req):0.1037E-04/0.1000E-04
# With parameters(tra.):    -0.1356E-07   -0.2201E-07   -0.1403E-06
# With parameters(rot.):     0.1459E-06   -0.2789E-07    0.7738E-06
# Minimization at step:   198 with Value:     0.0000Tol(Act/Req):0.1019E-04/0.1000E-04
# With parameters(tra.):    -0.2784E-07   -0.3325E-07   -0.1333E-06
# With parameters(rot.):     0.1043E-06   -0.5765E-07    0.8309E-06
# Minimization at step:   199 with Value:     0.0000Tol(Act/Req):0.8771E-05/0.1000E-04
# With parameters(tra.):    -0.8076E-08   -0.5942E-07   -0.1288E-06
# With parameters(rot.):     0.1227E-06   -0.7172E-08    0.2144E-06
# CSM Values after y minimization.
# Final Number of optim. Steps:   199
#      Before min is:      0.00339681160
# Final CSM Value is:      0.00000000000
# Coordinates rotated along Z.
[molecule] Nrec=   6 Format=nscxyz
  he               1    2    0.99504000D+00  -0.99499998D-01   0.10000000D+00
  he               2    2    0.99504000D+00   0.99500002D-01  -0.10000000D+00
  he               3    2   -0.58369000D+00  -0.81198000D+00   0.10000000D+00
  he               4    2   -0.41135000D+00  -0.91148000D+00  -0.10000000D+00
  he               5    2   -0.41135000D+00   0.91148000D+00   0.10000000D+00
  he               6    2   -0.58369000D+00   0.81198000D+00  -0.10000000D+00
# Minimization at step:     0 with Value:     0.0030Tol(Act/Req):0.2000E+01/0.1000E-04
# With parameters(tra.):     0.1429E-01    0.1429E-01    0.1429E-01
# With parameters(rot.):     0.1429E-01    0.1429E-01    0.1429E-01
# Minimization at step:     1 with Value:     0.0022Tol(Act/Req):0.2000E+01/0.1000E-04
# With parameters(tra.):     0.1548E-01    0.1548E-01    0.7143E-02
# With parameters(rot.):     0.1548E-01    0.1548E-01    0.1548E-01
# Minimization at step:     2 with Value:     0.0015Tol(Act/Req):0.2000E+01/0.1000E-04
# With parameters(tra.):     0.8433E-02    0.1677E-01    0.7738E-02
# With parameters(rot.):     0.1677E-01    0.1677E-01    0.1677E-01
# Minimization at step:     3 with Value:     0.0008Tol(Act/Req):0.2000E+01/0.1000E-04
# With parameters(tra.):     0.1054E-01   -0.4043E-02    0.9673E-02
# With parameters(rot.):     0.2096E-01    0.2096E-01    0.2096E-01
# Minimization at step:     4 with Value:     0.0006Tol(Act/Req):0.2000E+01/0.1000E-04
# With parameters(tra.):     0.1109E-01   -0.7137E-02   -0.4092E-03
# With parameters(rot.):     0.2411E-01    0.2411E-01    0.2411E-01
# Minimization at step:     5 with Value:     0.0004Tol(Act/Req):0.2000E+01/0.1000E-04
# With parameters(tra.):     0.7792E-02   -0.8484E-02   -0.7906E-03
# With parameters(rot.):     0.2537E-01    0.2537E-01    0.2537E-01
# Minimization at step:     6 with Value:     0.0002Tol(Act/Req):0.2000E+01/0.1000E-04
# With parameters(tra.):     0.6051E-02    0.8103E-03   -0.4374E-02
# With parameters(rot.):     0.2438E-01    0.2438E-01    0.2438E-01
# Minimization at step:     7 with Value:     0.0002Tol(Act/Req):0.2000E+01/0.1000E-04
# With parameters(tra.):     0.4003E-02    0.5522E-02    0.1026E-02
# With parameters(rot.):     0.2236E-01    0.2236E-01    0.2236E-01
# Minimization at step:     8 with Value:     0.0002Tol(Act/Req):0.2000E+01/0.1000E-04
# With parameters(tra.):     0.2037E-02    0.6016E-02    0.9869E-03
# With parameters(rot.):     0.2274E-01    0.2274E-01    0.2274E-01
# Minimization at step:     9 with Value:     0.0001Tol(Act/Req):0.2000E+01/0.1000E-04
# With parameters(tra.):     0.2385E-02    0.4879E-02   -0.3663E-03
# With parameters(rot.):     0.2328E-01    0.2328E-01    0.2328E-01
# Minimization at step:    10 with Value:     0.0001Tol(Act/Req):0.2000E+01/0.1000E-04
# With parameters(tra.):     0.2339E-02    0.1249E-02    0.2427E-02
# With parameters(rot.):     0.2350E-01    0.2350E-01    0.2350E-01
# Minimization at step:    11 with Value:     0.0001Tol(Act/Req):0.2000E+01/0.1000E-04
# With parameters(tra.):     0.2510E-02    0.3781E-03    0.1983E-02
# With parameters(rot.):     0.2378E-01    0.2378E-01    0.2378E-01
# Minimization at step:    12 with Value:     0.0001Tol(Act/Req):0.2000E+01/0.1000E-04
# With parameters(tra.):    -0.3210E-03   -0.2909E-03    0.2173E-02
# With parameters(rot.):     0.2461E-01    0.2461E-01    0.2461E-01
# Minimization at step:    13 with Value:     0.0001Tol(Act/Req):0.2000E+01/0.1000E-04
# With parameters(tra.):    -0.3477E-03   -0.3151E-03    0.2354E-02
# With parameters(rot.):     0.1833E-01    0.2666E-01    0.2666E-01
# Minimization at step:    14 with Value:     0.0000Tol(Act/Req):0.2000E+01/0.1000E-04
# With parameters(tra.):    -0.4347E-03   -0.3939E-03    0.2943E-02
# With parameters(rot.):     0.2291E-01    0.8326E-02    0.3333E-01
# Minimization at step:    15 with Value:     0.0000Tol(Act/Req):0.2000E+01/0.1000E-04
# With parameters(tra.):    -0.1105E-02    0.1010E-02    0.1675E-02
# With parameters(rot.):     0.2265E-01    0.4423E-02    0.3567E-01
# Minimization at step:    16 with Value:     0.0000Tol(Act/Req):0.2000E+01/0.1000E-04
# With parameters(tra.):    -0.1321E-02    0.6275E-03    0.1428E-02
# With parameters(rot.):     0.2270E-01    0.2952E-02    0.3681E-01
# Minimization at step:    17 with Value:     0.0000Tol(Act/Req):0.2000E+01/0.1000E-04
# With parameters(tra.):    -0.1561E-03    0.1192E-02    0.1146E-02
# With parameters(rot.):     0.2181E-01   -0.2876E-02    0.3944E-01
# Minimization at step:    18 with Value:     0.0000Tol(Act/Req):0.2000E+01/0.1000E-04
# With parameters(tra.):    -0.5243E-05    0.1773E-02    0.1551E-03
# With parameters(rot.):     0.1839E-01    0.5614E-02    0.3704E-01
# Minimization at step:    19 with Value:     0.0000Tol(Act/Req):0.1999E+01/0.1000E-04
# With parameters(tra.):     0.4026E-04    0.2258E-02   -0.1230E-03
# With parameters(rot.):     0.8980E-02    0.3428E-02    0.4271E-01
# Minimization at step:    20 with Value:     0.0000Tol(Act/Req):0.1999E+01/0.1000E-04
# With parameters(tra.):     0.5368E-04    0.3011E-02   -0.1640E-03
# With parameters(rot.):     0.1197E-01    0.4571E-02    0.2361E-01
# Minimization at step:    21 with Value:     0.0000Tol(Act/Req):0.1999E+01/0.1000E-04
# With parameters(tra.):    -0.4471E-04    0.2885E-02    0.4996E-03
# With parameters(rot.):     0.1294E-01   -0.2057E-02    0.2206E-01
# Minimization at step:    22 with Value:     0.0000Tol(Act/Req):0.1999E+01/0.1000E-04
# With parameters(tra.):    -0.5627E-04    0.2686E-02    0.5652E-03
# With parameters(rot.):     0.1227E-01   -0.2895E-02    0.2670E-01
# Minimization at step:    23 with Value:     0.0000Tol(Act/Req):0.1999E+01/0.1000E-04
# With parameters(tra.):     0.7404E-03    0.2309E-02    0.1040E-02
# With parameters(rot.):     0.8978E-02   -0.2732E-02    0.2215E-01
# Minimization at step:    24 with Value:     0.0000Tol(Act/Req):0.1999E+01/0.1000E-04
# With parameters(tra.):     0.9955E-03    0.2103E-02    0.4159E-03
# With parameters(rot.):     0.4501E-02   -0.7567E-02    0.1953E-01
# Minimization at step:    25 with Value:     0.0000Tol(Act/Req):0.1999E+01/0.1000E-04
# With parameters(tra.):     0.6025E-03    0.2031E-02    0.3600E-03
# With parameters(rot.):    -0.6748E-03   -0.5245E-02    0.1113E-01
# Minimization at step:    26 with Value:     0.0000Tol(Act/Req):0.1999E+01/0.1000E-04
# With parameters(tra.):     0.7203E-03    0.1732E-02    0.6198E-03
# With parameters(rot.):     0.1616E-02   -0.6321E-02    0.4052E-03
# Minimization at step:    27 with Value:     0.0000Tol(Act/Req):0.1998E+01/0.1000E-04
# With parameters(tra.):     0.1041E-02    0.1432E-02    0.2174E-03
# With parameters(rot.):    -0.2799E-02   -0.3324E-02   -0.5777E-02
# Minimization at step:    28 with Value:     0.0000Tol(Act/Req):0.1998E+01/0.1000E-04
# With parameters(tra.):     0.1127E-02    0.1228E-02    0.2212E-03
# With parameters(rot.):    -0.4389E-02   -0.3779E-02   -0.6161E-02
# Minimization at step:    29 with Value:     0.0000Tol(Act/Req):0.1998E+01/0.1000E-04
# With parameters(tra.):     0.1074E-02    0.1206E-02    0.3611E-03
# With parameters(rot.):    -0.4010E-02   -0.2254E-02   -0.7647E-02
# Minimization at step:    30 with Value:     0.0000Tol(Act/Req):0.1998E+01/0.1000E-04
# With parameters(tra.):     0.5596E-03    0.1213E-02   -0.1649E-03
# With parameters(rot.):    -0.4790E-02   -0.2257E-02   -0.1168E-01
# Minimization at step:    31 with Value:     0.0000Tol(Act/Req):0.1997E+01/0.1000E-04
# With parameters(tra.):     0.1988E-03    0.1384E-02    0.4127E-04
# With parameters(rot.):    -0.1976E-02   -0.4238E-02   -0.8519E-02
# Minimization at step:    32 with Value:     0.0000Tol(Act/Req):0.1996E+01/0.1000E-04
# With parameters(tra.):     0.2634E-03    0.1348E-02    0.2868E-04
# With parameters(rot.):    -0.7910E-03   -0.4735E-02   -0.8058E-02
# Minimization at step:    33 with Value:     0.0000Tol(Act/Req):0.1996E+01/0.1000E-04
# With parameters(tra.):     0.9021E-04    0.1402E-02   -0.2490E-03
# With parameters(rot.):    -0.2538E-02   -0.3800E-02   -0.4809E-02
# Minimization at step:    34 with Value:     0.0000Tol(Act/Req):0.1996E+01/0.1000E-04
# With parameters(tra.):    -0.3433E-03    0.1424E-02   -0.1727E-03
# With parameters(rot.):    -0.1290E-02   -0.1267E-02   -0.6835E-02
# Minimization at step:    35 with Value:     0.0000Tol(Act/Req):0.1995E+01/0.1000E-04
# With parameters(tra.):    -0.6620E-03    0.1082E-02   -0.2964E-03
# With parameters(rot.):    -0.3437E-02   -0.1339E-02   -0.7828E-02
# Minimization at step:    36 with Value:     0.0000Tol(Act/Req):0.1995E+01/0.1000E-04
# With parameters(tra.):    -0.3347E-03    0.9456E-03   -0.4140E-03
# With parameters(rot.):    -0.5400E-02   -0.3896E-02   -0.6133E-02
# Minimization at step:    37 with Value:     0.0000Tol(Act/Req):0.1995E+01/0.1000E-04
# With parameters(tra.):    -0.2899E-03    0.8513E-03   -0.1463E-03
# With parameters(rot.):    -0.5084E-02   -0.4441E-02   -0.1596E-02
# Minimization at step:    38 with Value:     0.0000Tol(Act/Req):0.1995E+01/0.1000E-04
# With parameters(tra.):    -0.6023E-03    0.9560E-03    0.6052E-04
# With parameters(rot.):    -0.3015E-02   -0.2065E-02   -0.1779E-02
# Minimization at step:    39 with Value:     0.0000Tol(Act/Req):0.1994E+01/0.1000E-04
# With parameters(tra.):    -0.5177E-03    0.1031E-02    0.1212E-03
# With parameters(rot.):    -0.2443E-02   -0.2107E-02   -0.1027E-02
# Minimization at step:    40 with Value:     0.0000Tol(Act/Req):0.1994E+01/0.1000E-04
# With parameters(tra.):    -0.4326E-03    0.1011E-02    0.7454E-04
# With parameters(rot.):    -0.2913E-02   -0.2705E-02   -0.9181E-03
# Minimization at step:    41 with Value:     0.0000Tol(Act/Req):0.1993E+01/0.1000E-04
# With parameters(tra.):    -0.4025E-03    0.7731E-03   -0.5184E-04
# With parameters(rot.):    -0.5100E-02   -0.8730E-03   -0.4917E-03
# Minimization at step:    42 with Value:     0.0000Tol(Act/Req):0.1992E+01/0.1000E-04
# With parameters(tra.):    -0.4952E-03    0.5096E-03   -0.1039E-03
# With parameters(rot.):    -0.4166E-02   -0.5788E-03    0.2952E-02
# Minimization at step:    43 with Value:     0.0000Tol(Act/Req):0.1991E+01/0.1000E-04
# With parameters(tra.):    -0.5749E-03    0.1763E-03    0.1297E-03
# With parameters(rot.):    -0.3544E-02   -0.1279E-03    0.3373E-02
# Minimization at step:    44 with Value:     0.0000Tol(Act/Req):0.1989E+01/0.1000E-04
# With parameters(tra.):    -0.5968E-03    0.1860E-03    0.1764E-03
# With parameters(rot.):    -0.2868E-02   -0.5238E-03    0.3589E-02
# Minimization at step:    45 with Value:     0.0000Tol(Act/Req):0.1987E+01/0.1000E-04
# With parameters(tra.):    -0.6336E-03    0.1542E-03    0.1364E-03
# With parameters(rot.):    -0.2762E-02   -0.6120E-04    0.2887E-02
# Minimization at step:    46 with Value:     0.0000Tol(Act/Req):0.1987E+01/0.1000E-04
# With parameters(tra.):    -0.6185E-03    0.2357E-03    0.7854E-04
# With parameters(rot.):    -0.2852E-02   -0.1683E-03    0.2741E-02
# Minimization at step:    47 with Value:     0.0000Tol(Act/Req):0.1987E+01/0.1000E-04
# With parameters(tra.):    -0.4829E-03    0.1207E-03    0.1857E-03
# With parameters(rot.):    -0.1845E-02    0.3930E-03    0.5501E-02
# Minimization at step:    48 with Value:     0.0000Tol(Act/Req):0.1983E+01/0.1000E-04
# With parameters(tra.):    -0.4445E-03    0.3658E-04    0.1716E-03
# With parameters(rot.):    -0.1991E-02    0.3524E-03    0.6091E-02
# Minimization at step:    49 with Value:     0.0000Tol(Act/Req):0.1981E+01/0.1000E-04
# With parameters(tra.):    -0.3348E-03    0.1424E-03    0.3154E-03
# With parameters(rot.):    -0.2200E-02    0.3685E-03    0.3693E-02
# Minimization at step:    50 with Value:     0.0000Tol(Act/Req):0.1976E+01/0.1000E-04
# With parameters(tra.):    -0.3564E-03    0.1729E-03    0.2995E-03
# With parameters(rot.):    -0.2482E-02    0.2261E-03    0.2852E-02
# Minimization at step:    51 with Value:     0.0000Tol(Act/Req):0.1973E+01/0.1000E-04
# With parameters(tra.):    -0.3473E-03    0.1767E-03    0.3331E-03
# With parameters(rot.):    -0.2111E-02    0.9068E-04    0.2898E-02
# Minimization at step:    52 with Value:     0.0000Tol(Act/Req):0.1973E+01/0.1000E-04
# With parameters(tra.):    -0.3254E-03    0.1205E-03    0.3186E-03
# With parameters(rot.):    -0.1683E-02    0.1066E-02    0.1498E-02
# Minimization at step:    53 with Value:     0.0000Tol(Act/Req):0.1969E+01/0.1000E-04
# With parameters(tra.):    -0.3520E-03    0.9222E-04    0.2829E-03
# With parameters(rot.):    -0.1588E-02    0.1121E-02    0.1914E-02
# Minimization at step:    54 with Value:     0.0000Tol(Act/Req):0.1966E+01/0.1000E-04
# With parameters(tra.):    -0.2331E-03    0.2074E-03    0.2354E-03
# With parameters(rot.):    -0.1347E-02    0.1336E-02    0.1347E-02
# Minimization at step:    55 with Value:     0.0000Tol(Act/Req):0.1953E+01/0.1000E-04
# With parameters(tra.):    -0.8592E-04    0.9603E-04    0.2285E-03
# With parameters(rot.):    -0.1423E-02    0.1583E-02    0.9444E-03
# Minimization at step:    56 with Value:     0.0000Tol(Act/Req):0.1952E+01/0.1000E-04
# With parameters(tra.):    -0.7417E-04    0.1049E-03    0.2146E-03
# With parameters(rot.):    -0.1476E-02    0.1624E-02    0.3650E-03
# Minimization at step:    57 with Value:     0.0000Tol(Act/Req):0.1942E+01/0.1000E-04
# With parameters(tra.):     0.7753E-05    0.9263E-04    0.2354E-03
# With parameters(rot.):    -0.7612E-03    0.1805E-02   -0.1989E-03
# Minimization at step:    58 with Value:     0.0000Tol(Act/Req):0.1942E+01/0.1000E-04
# With parameters(tra.):     0.9690E-04    0.1396E-03    0.2222E-03
# With parameters(rot.):    -0.8821E-03    0.1075E-02    0.6360E-03
# Minimization at step:    59 with Value:     0.0000Tol(Act/Req):0.1928E+01/0.1000E-04
# With parameters(tra.):     0.1933E-03    0.9880E-04    0.1306E-03
# With parameters(rot.):    -0.4561E-03    0.1168E-02    0.1043E-02
# Minimization at step:    60 with Value:     0.0000Tol(Act/Req):0.1925E+01/0.1000E-04
# With parameters(tra.):     0.1991E-03    0.6096E-04    0.1337E-03
# With parameters(rot.):    -0.4421E-03    0.1100E-02    0.1159E-02
# Minimization at step:    61 with Value:     0.0000Tol(Act/Req):0.1919E+01/0.1000E-04
# With parameters(tra.):     0.1469E-03    0.1606E-03    0.1090E-03
# With parameters(rot.):    -0.3836E-04    0.6927E-03    0.1634E-02
# Minimization at step:    62 with Value:     0.0000Tol(Act/Req):0.1914E+01/0.1000E-04
# With parameters(tra.):     0.7441E-04    0.1207E-03    0.8446E-04
# With parameters(rot.):     0.3638E-03    0.1295E-02    0.1132E-02
# Minimization at step:    63 with Value:     0.0000Tol(Act/Req):0.1902E+01/0.1000E-04
# With parameters(tra.):     0.4040E-04    0.1327E-03    0.1035E-03
# With parameters(rot.):     0.3256E-03    0.1282E-02    0.1037E-02
# Minimization at step:    64 with Value:     0.0000Tol(Act/Req):0.1897E+01/0.1000E-04
# With parameters(tra.):     0.4458E-04    0.1055E-03    0.1093E-03
# With parameters(rot.):     0.2550E-03    0.1433E-02    0.8689E-03
# Minimization at step:    65 with Value:     0.0000Tol(Act/Req):0.1887E+01/0.1000E-04
# With parameters(tra.):     0.6035E-04    0.1100E-03    0.9353E-04
# With parameters(rot.):     0.3730E-03    0.1438E-02    0.6212E-03
# Minimization at step:    66 with Value:     0.0000Tol(Act/Req):0.1879E+01/0.1000E-04
# With parameters(tra.):     0.7730E-04    0.1191E-03    0.1004E-03
# With parameters(rot.):     0.2732E-03    0.1300E-02    0.7043E-03
# Minimization at step:    67 with Value:     0.0000Tol(Act/Req):0.1839E+01/0.1000E-04
# With parameters(tra.):     0.4587E-04    0.1360E-03    0.4154E-04
# With parameters(rot.):     0.1416E-03    0.1011E-02    0.1381E-02
# Minimization at step:    68 with Value:     0.0000Tol(Act/Req):0.1788E+01/0.1000E-04
# With parameters(tra.):     0.6410E-05    0.8537E-04    0.1711E-04
# With parameters(rot.):     0.3641E-03    0.8459E-03    0.1688E-02
# Minimization at step:    69 with Value:     0.0000Tol(Act/Req):0.1773E+01/0.1000E-04
# With parameters(tra.):     0.1098E-04    0.7690E-04    0.2979E-04
# With parameters(rot.):     0.4155E-03    0.9042E-03    0.1544E-02
# Minimization at step:    70 with Value:     0.0000Tol(Act/Req):0.1770E+01/0.1000E-04
# With parameters(tra.):    -0.8475E-05    0.7826E-04    0.3318E-04
# With parameters(rot.):     0.4039E-03    0.8664E-03    0.1539E-02
# Minimization at step:    71 with Value:     0.0000Tol(Act/Req):0.1762E+01/0.1000E-04
# With parameters(tra.):     0.1261E-06    0.7665E-04   -0.1840E-04
# With parameters(rot.):     0.6502E-03    0.6858E-03    0.1350E-02
# Minimization at step:    72 with Value:     0.0000Tol(Act/Req):0.1759E+01/0.1000E-04
# With parameters(tra.):    -0.6334E-05    0.1254E-04   -0.4948E-04
# With parameters(rot.):     0.6407E-03    0.7386E-03    0.1174E-02
# Minimization at step:    73 with Value:     0.0000Tol(Act/Req):0.1691E+01/0.1000E-04
# With parameters(tra.):    -0.1818E-05   -0.4597E-06   -0.7664E-04
# With parameters(rot.):     0.5830E-03    0.3903E-03    0.1416E-02
# Minimization at step:    74 with Value:     0.0000Tol(Act/Req):0.1690E+01/0.1000E-04
# With parameters(tra.):    -0.1107E-04   -0.2455E-04   -0.4447E-04
# With parameters(rot.):     0.3143E-03    0.4725E-03    0.1627E-02
# Minimization at step:    75 with Value:     0.0000Tol(Act/Req):0.1687E+01/0.1000E-04
# With parameters(tra.):     0.2257E-04   -0.1052E-04   -0.4057E-04
# With parameters(rot.):     0.7518E-04    0.5133E-03    0.1300E-02
# Minimization at step:    76 with Value:     0.0000Tol(Act/Req):0.1589E+01/0.1000E-04
# With parameters(tra.):     0.2659E-04    0.3580E-05   -0.3206E-04
# With parameters(rot.):     0.3042E-04    0.4813E-03    0.1354E-02
# Minimization at step:    77 with Value:     0.0000Tol(Act/Req):0.1586E+01/0.1000E-04
# With parameters(tra.):     0.4093E-04   -0.3780E-04   -0.2731E-04
# With parameters(rot.):     0.4914E-05    0.4571E-03    0.1004E-02
# Minimization at step:    78 with Value:     0.0000Tol(Act/Req):0.1585E+01/0.1000E-04
# With parameters(tra.):     0.6752E-04   -0.1812E-04   -0.5375E-04
# With parameters(rot.):     0.1705E-03    0.3698E-03    0.5849E-03
# Minimization at step:    79 with Value:     0.0000Tol(Act/Req):0.1571E+01/0.1000E-04
# With parameters(tra.):     0.5394E-04   -0.4754E-04   -0.7594E-04
# With parameters(rot.):     0.6949E-04    0.1285E-03    0.2568E-03
# Minimization at step:    80 with Value:     0.0000Tol(Act/Req):0.1559E+01/0.1000E-04
# With parameters(tra.):     0.3060E-04   -0.6965E-04   -0.6166E-04
# With parameters(rot.):    -0.7995E-04    0.1337E-03    0.4891E-03
# Minimization at step:    81 with Value:     0.0000Tol(Act/Req):0.1523E+01/0.1000E-04
# With parameters(tra.):     0.3206E-04   -0.6414E-04   -0.5493E-04
# With parameters(rot.):    -0.6715E-04    0.1944E-03    0.5904E-03
# Minimization at step:    82 with Value:     0.0000Tol(Act/Req):0.1402E+01/0.1000E-04
# With parameters(tra.):     0.3413E-04   -0.6728E-04   -0.4859E-04
# With parameters(rot.):    -0.1117E-03    0.2361E-03    0.4813E-03
# Minimization at step:    83 with Value:     0.0000Tol(Act/Req):0.1371E+01/0.1000E-04
# With parameters(tra.):     0.1751E-04   -0.3572E-04   -0.6044E-04
# With parameters(rot.):    -0.1251E-03    0.1868E-03    0.6578E-03
# Minimization at step:    84 with Value:     0.0000Tol(Act/Req):0.1347E+01/0.1000E-04
# With parameters(tra.):     0.8684E-05   -0.4133E-04   -0.6307E-04
# With parameters(rot.):    -0.8198E-04    0.1494E-03    0.6860E-03
# Minimization at step:    85 with Value:     0.0000Tol(Act/Req):0.1232E+01/0.1000E-04
# With parameters(tra.):     0.1076E-04   -0.2809E-04   -0.5637E-04
# With parameters(rot.):    -0.2090E-03   -0.2521E-04    0.5724E-03
# Minimization at step:    86 with Value:     0.0000Tol(Act/Req):0.1198E+01/0.1000E-04
# With parameters(tra.):     0.1435E-04   -0.3535E-04   -0.5307E-04
# With parameters(rot.):    -0.2126E-03   -0.3054E-04    0.5211E-03
# Minimization at step:    87 with Value:     0.0000Tol(Act/Req):0.1177E+01/0.1000E-04
# With parameters(tra.):     0.2449E-04   -0.9171E-05   -0.5973E-04
# With parameters(rot.):    -0.1572E-03   -0.8873E-04    0.3770E-03
# Minimization at step:    88 with Value:     0.0000Tol(Act/Req):0.1133E+01/0.1000E-04
# With parameters(tra.):     0.2487E-04    0.2017E-04   -0.4785E-04
# With parameters(rot.):    -0.1616E-03   -0.6165E-04    0.5086E-03
# Minimization at step:    89 with Value:     0.0000Tol(Act/Req):0.1074E+01/0.1000E-04
# With parameters(tra.):     0.2513E-04    0.2589E-04   -0.4462E-04
# With parameters(rot.):    -0.1881E-03   -0.6560E-04    0.4563E-03
# Minimization at step:    90 with Value:     0.0000Tol(Act/Req):0.1047E+01/0.1000E-04
# With parameters(tra.):     0.2506E-04    0.1903E-04   -0.4732E-04
# With parameters(rot.):    -0.1892E-03   -0.7271E-04    0.4191E-03
# Minimization at step:    91 with Value:     0.0000Tol(Act/Req):0.9870E+00/0.1000E-04
# With parameters(tra.):     0.1511E-04    0.2258E-05   -0.3653E-04
# With parameters(rot.):    -0.2552E-03   -0.9174E-05    0.5772E-03
# Minimization at step:    92 with Value:     0.0000Tol(Act/Req):0.9414E+00/0.1000E-04
# With parameters(tra.):     0.1496E-04    0.1478E-05   -0.3655E-04
# With parameters(rot.):    -0.2273E-03    0.3581E-04    0.6060E-03
# Minimization at step:    93 with Value:     0.0000Tol(Act/Req):0.9202E+00/0.1000E-04
# With parameters(tra.):     0.1743E-04    0.5606E-05   -0.3925E-04
# With parameters(rot.):    -0.2085E-03    0.2368E-04    0.5689E-03
# Minimization at step:    94 with Value:     0.0000Tol(Act/Req):0.8511E+00/0.1000E-04
# With parameters(tra.):     0.2685E-05    0.1004E-04   -0.3657E-04
# With parameters(rot.):    -0.1645E-03   -0.9305E-04    0.5864E-03
# Minimization at step:    95 with Value:     0.0000Tol(Act/Req):0.7634E+00/0.1000E-04
# With parameters(tra.):     0.5976E-05    0.1066E-04   -0.2448E-04
# With parameters(rot.):    -0.1557E-03   -0.1245E-03    0.5057E-03
# Minimization at step:    96 with Value:     0.0000Tol(Act/Req):0.7483E+00/0.1000E-04
# With parameters(tra.):     0.9937E-05    0.9606E-05   -0.2414E-04
# With parameters(rot.):    -0.1660E-03   -0.9799E-04    0.4946E-03
# Minimization at step:    97 with Value:     0.0000Tol(Act/Req):0.7126E+00/0.1000E-04
# With parameters(tra.):     0.5399E-05    0.1561E-04   -0.1085E-04
# With parameters(rot.):    -0.2115E-03   -0.1167E-03    0.4028E-03
# Minimization at step:    98 with Value:     0.0000Tol(Act/Req):0.6329E+00/0.1000E-04
# With parameters(tra.):    -0.1300E-05    0.7551E-06   -0.4092E-05
# With parameters(rot.):    -0.2212E-03   -0.1456E-03    0.3229E-03
# Minimization at step:    99 with Value:     0.0000Tol(Act/Req):0.6200E+00/0.1000E-04
# With parameters(tra.):    -0.7033E-05   -0.1046E-05    0.6688E-05
# With parameters(rot.):    -0.1634E-03   -0.1161E-03    0.2861E-03
# Minimization at step:   100 with Value:     0.0000Tol(Act/Req):0.5091E+00/0.1000E-04
# With parameters(tra.):    -0.7835E-05    0.4640E-06    0.9166E-05
# With parameters(rot.):    -0.1502E-03   -0.1338E-03    0.2440E-03
# Minimization at step:   101 with Value:     0.0000Tol(Act/Req):0.4891E+00/0.1000E-04
# With parameters(tra.):    -0.7708E-05   -0.1059E-04    0.2552E-05
# With parameters(rot.):    -0.8422E-04   -0.1208E-03    0.2829E-03
# Minimization at step:   102 with Value:     0.0000Tol(Act/Req):0.4634E+00/0.1000E-04
# With parameters(tra.):    -0.3145E-05    0.4824E-06   -0.1991E-05
# With parameters(rot.):    -0.2891E-04   -0.8361E-04    0.3495E-03
# Minimization at step:   103 with Value:     0.0000Tol(Act/Req):0.3872E+00/0.1000E-04
# With parameters(tra.):     0.4151E-06   -0.4671E-05    0.6069E-05
# With parameters(rot.):    -0.3748E-05   -0.2570E-04    0.2789E-03
# Minimization at step:   104 with Value:     0.0000Tol(Act/Req):0.3823E+00/0.1000E-04
# With parameters(tra.):    -0.4290E-06   -0.7869E-05    0.7876E-05
# With parameters(rot.):    -0.1548E-04   -0.3016E-04    0.2563E-03
# Minimization at step:   105 with Value:     0.0000Tol(Act/Req):0.2976E+00/0.1000E-04
# With parameters(tra.):     0.1459E-06   -0.4878E-05    0.9974E-05
# With parameters(rot.):    -0.2624E-04   -0.2587E-04    0.2444E-03
# Minimization at step:   106 with Value:     0.0000Tol(Act/Req):0.2905E+00/0.1000E-04
# With parameters(tra.):     0.2177E-05   -0.4747E-05    0.7553E-05
# With parameters(rot.):    -0.2927E-04   -0.2573E-04    0.2501E-03
# Minimization at step:   107 with Value:     0.0000Tol(Act/Req):0.2546E+00/0.1000E-04
# With parameters(tra.):     0.3911E-05   -0.3464E-05    0.1197E-04
# With parameters(rot.):     0.3739E-04   -0.2514E-04    0.1679E-03
# Minimization at step:   108 with Value:     0.0000Tol(Act/Req):0.2500E+00/0.1000E-04
# With parameters(tra.):     0.2917E-05   -0.4798E-05    0.1198E-04
# With parameters(rot.):     0.5130E-04   -0.8983E-05    0.1599E-03
# Minimization at step:   109 with Value:     0.0000Tol(Act/Req):0.2309E+00/0.1000E-04
# With parameters(tra.):     0.1903E-06    0.3136E-06    0.5896E-05
# With parameters(rot.):     0.4449E-04   -0.6132E-04    0.1909E-03
# Minimization at step:   110 with Value:     0.0000Tol(Act/Req):0.2205E+00/0.1000E-04
# With parameters(tra.):    -0.5534E-06    0.3077E-06    0.4285E-05
# With parameters(rot.):     0.2842E-04   -0.6448E-04    0.2133E-03
# Minimization at step:   111 with Value:     0.0000Tol(Act/Req):0.1450E+00/0.1000E-04
# With parameters(tra.):     0.1305E-05   -0.3527E-05    0.8448E-05
# With parameters(rot.):     0.2951E-04   -0.2602E-04    0.1957E-03
# Minimization at step:   112 with Value:     0.0000Tol(Act/Req):0.1359E+00/0.1000E-04
# With parameters(tra.):     0.1690E-05   -0.1919E-05    0.9370E-05
# With parameters(rot.):     0.2877E-04   -0.2389E-04    0.1857E-03
# Minimization at step:   113 with Value:     0.0000Tol(Act/Req):0.1241E+00/0.1000E-04
# With parameters(tra.):     0.1444E-05   -0.3022E-05    0.1040E-04
# With parameters(rot.):     0.2659E-04   -0.2559E-04    0.1686E-03
# Minimization at step:   114 with Value:     0.0000Tol(Act/Req):0.9353E-01/0.1000E-04
# With parameters(tra.):     0.5263E-05   -0.2185E-05    0.6504E-05
# With parameters(rot.):     0.3916E-04   -0.2527E-04    0.1528E-03
# Minimization at step:   115 with Value:     0.0000Tol(Act/Req):0.8889E-01/0.1000E-04
# With parameters(tra.):     0.4055E-05   -0.3981E-05    0.4702E-05
# With parameters(rot.):     0.6293E-04    0.1620E-05    0.1345E-03
# Minimization at step:   116 with Value:     0.0000Tol(Act/Req):0.7916E-01/0.1000E-04
# With parameters(tra.):     0.3732E-05   -0.1576E-05    0.6778E-06
# With parameters(rot.):     0.7334E-04   -0.1481E-04    0.1258E-03
# Minimization at step:   117 with Value:     0.0000Tol(Act/Req):0.7592E-01/0.1000E-04
# With parameters(tra.):     0.3688E-05   -0.2056E-05   -0.2641E-05
# With parameters(rot.):     0.6046E-04   -0.7132E-05    0.1376E-03
# Minimization at step:   118 with Value:     0.0000Tol(Act/Req):0.6954E-01/0.1000E-04
# With parameters(tra.):     0.3959E-05   -0.1446E-05   -0.2802E-05
# With parameters(rot.):     0.5431E-04   -0.1458E-04    0.1425E-03
# Minimization at step:   119 with Value:     0.0000Tol(Act/Req):0.6901E-01/0.1000E-04
# With parameters(tra.):     0.5484E-05    0.1928E-05   -0.5016E-05
# With parameters(rot.):     0.6135E-04   -0.7214E-05    0.1080E-03
# Minimization at step:   120 with Value:     0.0000Tol(Act/Req):0.6872E-01/0.1000E-04
# With parameters(tra.):     0.6391E-05    0.6906E-06   -0.2890E-05
# With parameters(rot.):     0.4694E-04    0.1174E-04    0.1108E-03
# Minimization at step:   121 with Value:     0.0000Tol(Act/Req):0.6447E-01/0.1000E-04
# With parameters(tra.):     0.6085E-05   -0.2561E-06   -0.2159E-05
# With parameters(rot.):     0.4398E-04    0.1148E-04    0.1196E-03
# Minimization at step:   122 with Value:     0.0000Tol(Act/Req):0.6312E-01/0.1000E-04
# With parameters(tra.):     0.7141E-05   -0.1541E-05   -0.4289E-05
# With parameters(rot.):     0.4542E-04    0.2043E-04    0.6899E-04
# Minimization at step:   123 with Value:     0.0000Tol(Act/Req):0.5141E-01/0.1000E-04
# With parameters(tra.):     0.3949E-05   -0.2163E-05   -0.3992E-05
# With parameters(rot.):     0.3495E-04    0.3533E-04    0.5681E-04
# Minimization at step:   124 with Value:     0.0000Tol(Act/Req):0.3893E-01/0.1000E-04
# With parameters(tra.):     0.3419E-05   -0.1893E-05   -0.3435E-05
# With parameters(rot.):     0.3371E-04    0.3434E-04    0.6845E-04
# Minimization at step:   125 with Value:     0.0000Tol(Act/Req):0.3705E-01/0.1000E-04
# With parameters(tra.):     0.3358E-05   -0.1519E-05   -0.1488E-05
# With parameters(rot.):     0.3338E-04    0.4305E-04    0.3752E-04
# Minimization at step:   126 with Value:     0.0000Tol(Act/Req):0.3590E-01/0.1000E-04
# With parameters(tra.):     0.3701E-05   -0.3249E-06   -0.1372E-05
# With parameters(rot.):     0.1411E-04    0.4735E-04    0.1221E-04
# Minimization at step:   127 with Value:     0.0000Tol(Act/Req):0.3164E-01/0.1000E-04
# With parameters(tra.):     0.1897E-05    0.5739E-06   -0.2993E-05
# With parameters(rot.):     0.1758E-04    0.4026E-04   -0.2340E-04
# Minimization at step:   128 with Value:     0.0000Tol(Act/Req):0.2832E-01/0.1000E-04
# With parameters(tra.):     0.1396E-05    0.1698E-06   -0.2697E-05
# With parameters(rot.):     0.1390E-04    0.4253E-04   -0.3090E-04
# Minimization at step:   129 with Value:     0.0000Tol(Act/Req):0.2395E-01/0.1000E-04
# With parameters(tra.):     0.1805E-05   -0.8862E-07   -0.2267E-05
# With parameters(rot.):     0.1272E-04    0.4449E-04   -0.2262E-04
# Minimization at step:   130 with Value:     0.0000Tol(Act/Req):0.2263E-01/0.1000E-04
# With parameters(tra.):     0.2424E-05    0.2397E-06   -0.2198E-05
# With parameters(rot.):     0.1349E-04    0.4153E-04   -0.2619E-04
# Minimization at step:   131 with Value:     0.0000Tol(Act/Req):0.2133E-01/0.1000E-04
# With parameters(tra.):     0.1033E-05    0.1489E-05   -0.6709E-06
# With parameters(rot.):     0.4285E-05    0.4194E-04   -0.3446E-04
# Minimization at step:   132 with Value:     0.0000Tol(Act/Req):0.2124E-01/0.1000E-04
# With parameters(tra.):    -0.1993E-06    0.8996E-06   -0.5523E-06
# With parameters(rot.):     0.2028E-04    0.3583E-04   -0.2471E-04
# Minimization at step:   133 with Value:     0.0000Tol(Act/Req):0.1592E-01/0.1000E-04
# With parameters(tra.):    -0.1325E-05    0.1332E-05   -0.2188E-05
# With parameters(rot.):     0.1624E-04    0.2471E-04   -0.1452E-04
# Minimization at step:   134 with Value:     0.0000Tol(Act/Req):0.1453E-01/0.1000E-04
# With parameters(tra.):    -0.1173E-05    0.1007E-05   -0.2696E-05
# With parameters(rot.):     0.1954E-04    0.2318E-04   -0.1079E-04
# Minimization at step:   135 with Value:     0.0000Tol(Act/Req):0.1212E-01/0.1000E-04
# With parameters(tra.):    -0.9466E-06    0.1163E-05   -0.2904E-05
# With parameters(rot.):     0.1548E-04    0.2365E-04   -0.1206E-04
# Minimization at step:   136 with Value:     0.0000Tol(Act/Req):0.1203E-01/0.1000E-04
# With parameters(tra.):    -0.6337E-06    0.1041E-05   -0.2555E-05
# With parameters(rot.):     0.1643E-04    0.2634E-04   -0.1441E-04
# Minimization at step:   137 with Value:     0.0000Tol(Act/Req):0.1173E-01/0.1000E-04
# With parameters(tra.):    -0.2314E-05    0.5227E-06   -0.1916E-05
# With parameters(rot.):     0.9908E-05    0.2548E-04   -0.2390E-04
# Minimization at step:   138 with Value:     0.0000Tol(Act/Req):0.1075E-01/0.1000E-04
# With parameters(tra.):    -0.2869E-05    0.2097E-06   -0.9396E-06
# With parameters(rot.):     0.6622E-05    0.2306E-04   -0.7778E-05
# Minimization at step:   139 with Value:     0.0000Tol(Act/Req):0.1071E-01/0.1000E-04
# With parameters(tra.):    -0.3394E-05    0.8562E-06   -0.3810E-06
# With parameters(rot.):     0.5866E-05    0.1098E-04   -0.8788E-05
# Minimization at step:   140 with Value:     0.0000Tol(Act/Req):0.6237E-02/0.1000E-04
# With parameters(tra.):    -0.2074E-05    0.1485E-05   -0.5083E-06
# With parameters(rot.):     0.1104E-04    0.7006E-05    0.5746E-05
# Minimization at step:   141 with Value:     0.0000Tol(Act/Req):0.6192E-02/0.1000E-04
# With parameters(tra.):    -0.1996E-05    0.1906E-05   -0.1262E-06
# With parameters(rot.):     0.1435E-05    0.2405E-05    0.9131E-05
# Minimization at step:   142 with Value:     0.0000Tol(Act/Req):0.5736E-02/0.1000E-04
# With parameters(tra.):    -0.1253E-05    0.1683E-05   -0.4814E-06
# With parameters(rot.):     0.8941E-06    0.9325E-05    0.1437E-04
# Minimization at step:   143 with Value:     0.0000Tol(Act/Req):0.5239E-02/0.1000E-04
# With parameters(tra.):    -0.1514E-05    0.1542E-05   -0.4473E-06
# With parameters(rot.):    -0.1244E-05    0.1051E-04    0.1145E-04
# Minimization at step:   144 with Value:     0.0000Tol(Act/Req):0.5212E-02/0.1000E-04
# With parameters(tra.):    -0.1263E-05    0.1731E-05   -0.6505E-06
# With parameters(rot.):    -0.1078E-05    0.1007E-04    0.9024E-05
# Minimization at step:   145 with Value:     0.0000Tol(Act/Req):0.5204E-02/0.1000E-04
# With parameters(tra.):    -0.8464E-06    0.1717E-05    0.6829E-06
# With parameters(rot.):    -0.5021E-05    0.1003E-04    0.1215E-04
# Minimization at step:   146 with Value:     0.0000Tol(Act/Req):0.5185E-02/0.1000E-04
# With parameters(tra.):    -0.7434E-06    0.1614E-05    0.7104E-06
# With parameters(rot.):    -0.5419E-05    0.8161E-05    0.1592E-04
# Minimization at step:   147 with Value:     0.0000Tol(Act/Req):0.4354E-02/0.1000E-04
# With parameters(tra.):    -0.1030E-05    0.1599E-05   -0.2827E-06
# With parameters(rot.):    -0.2561E-05    0.7727E-05    0.1452E-04
# Minimization at step:   148 with Value:     0.0000Tol(Act/Req):0.2256E-02/0.1000E-04
# With parameters(tra.):    -0.9688E-06    0.1468E-05   -0.3913E-06
# With parameters(rot.):    -0.4934E-06    0.9321E-05    0.1413E-04
# Minimization at step:   149 with Value:     0.0000Tol(Act/Req):0.1938E-02/0.1000E-04
# With parameters(tra.):    -0.1370E-05    0.1545E-05   -0.1244E-06
# With parameters(rot.):    -0.5952E-06    0.4707E-05    0.1056E-04
# Minimization at step:   150 with Value:     0.0000Tol(Act/Req):0.1926E-02/0.1000E-04
# With parameters(tra.):    -0.1373E-05    0.1314E-05   -0.3476E-06
# With parameters(rot.):     0.2169E-06   -0.1742E-06    0.1632E-04
# Minimization at step:   151 with Value:     0.0000Tol(Act/Req):0.1892E-02/0.1000E-04
# With parameters(tra.):    -0.1023E-05    0.1494E-05   -0.5766E-06
# With parameters(rot.):     0.7896E-06   -0.3397E-05    0.1450E-04
# Minimization at step:   152 with Value:     0.0000Tol(Act/Req):0.1808E-02/0.1000E-04
# With parameters(tra.):    -0.9034E-06    0.1784E-05   -0.4297E-06
# With parameters(rot.):     0.1683E-06    0.4091E-06    0.8128E-05
# Minimization at step:   153 with Value:     0.0000Tol(Act/Req):0.1717E-02/0.1000E-04
# With parameters(tra.):    -0.1223E-05    0.1583E-05   -0.3557E-06
# With parameters(rot.):    -0.3637E-05   -0.5864E-06    0.1189E-05
# Minimization at step:   154 with Value:     0.0000Tol(Act/Req):0.1645E-02/0.1000E-04
# With parameters(tra.):    -0.1191E-05    0.1584E-05   -0.1963E-06
# With parameters(rot.):    -0.4203E-05   -0.1207E-05    0.3109E-06
# Minimization at step:   155 with Value:     0.0000Tol(Act/Req):0.1545E-02/0.1000E-04
# With parameters(tra.):    -0.9438E-06    0.1736E-05   -0.2119E-06
# With parameters(rot.):    -0.1491E-05   -0.6155E-06    0.5295E-05
# Minimization at step:   156 with Value:     0.0000Tol(Act/Req):0.1521E-02/0.1000E-04
# With parameters(tra.):    -0.4007E-06    0.1722E-05   -0.5079E-06
# With parameters(rot.):    -0.1687E-05    0.2225E-05    0.7114E-05
# Minimization at step:   157 with Value:     0.0000Tol(Act/Req):0.1405E-02/0.1000E-04
# With parameters(tra.):    -0.8918E-07    0.1546E-05   -0.7640E-06
# With parameters(rot.):     0.2050E-05    0.3047E-05    0.3983E-05
# Minimization at step:   158 with Value:     0.0000Tol(Act/Req):0.1296E-02/0.1000E-04
# With parameters(tra.):     0.2478E-07    0.1269E-05   -0.9577E-06
# With parameters(rot.):     0.2987E-05    0.8513E-06    0.7724E-05
# Minimization at step:   159 with Value:     0.0000Tol(Act/Req):0.1147E-02/0.1000E-04
# With parameters(tra.):    -0.3765E-06    0.1131E-05   -0.8116E-06
# With parameters(rot.):     0.4741E-05   -0.2447E-05    0.6109E-05
# Minimization at step:   160 with Value:     0.0000Tol(Act/Req):0.1050E-02/0.1000E-04
# With parameters(tra.):    -0.4783E-06    0.1140E-05   -0.7515E-06
# With parameters(rot.):     0.4031E-05   -0.3110E-05    0.7068E-05
# Minimization at step:   161 with Value:     0.0000Tol(Act/Req):0.9715E-03/0.1000E-04
# With parameters(tra.):    -0.3865E-06    0.1176E-05   -0.7831E-06
# With parameters(rot.):     0.3533E-05   -0.2341E-05    0.7552E-05
# Minimization at step:   162 with Value:     0.0000Tol(Act/Req):0.8202E-03/0.1000E-04
# With parameters(tra.):    -0.4075E-06    0.9498E-06   -0.6993E-06
# With parameters(rot.):     0.4066E-05    0.1600E-06    0.6451E-05
# Minimization at step:   163 with Value:     0.0000Tol(Act/Req):0.7877E-03/0.1000E-04
# With parameters(tra.):    -0.8298E-07    0.7408E-06   -0.5480E-06
# With parameters(rot.):     0.5691E-05   -0.6255E-06    0.6741E-05
# Minimization at step:   164 with Value:     0.0000Tol(Act/Req):0.6297E-03/0.1000E-04
# With parameters(tra.):     0.3891E-07    0.3085E-06   -0.6497E-06
# With parameters(rot.):     0.6276E-05   -0.1023E-05    0.3900E-05
# Minimization at step:   165 with Value:     0.0000Tol(Act/Req):0.5364E-03/0.1000E-04
# With parameters(tra.):    -0.3235E-07    0.1730E-06   -0.4178E-06
# With parameters(rot.):     0.6749E-05   -0.1844E-06    0.1309E-06
# Minimization at step:   166 with Value:     0.0000Tol(Act/Req):0.5299E-03/0.1000E-04
# With parameters(tra.):     0.4308E-07    0.1071E-06   -0.4031E-06
# With parameters(rot.):     0.6768E-05    0.3800E-06   -0.2456E-06
# Minimization at step:   167 with Value:     0.0000Tol(Act/Req):0.4847E-03/0.1000E-04
# With parameters(tra.):     0.1324E-07   -0.2183E-06   -0.1669E-06
# With parameters(rot.):     0.6259E-05    0.2168E-06   -0.7639E-06
# Minimization at step:   168 with Value:     0.0000Tol(Act/Req):0.4536E-03/0.1000E-04
# With parameters(tra.):    -0.1172E-06    0.3841E-07    0.9560E-07
# With parameters(rot.):     0.5668E-05    0.1028E-05    0.5227E-06
# Minimization at step:   169 with Value:     0.0000Tol(Act/Req):0.3263E-03/0.1000E-04
# With parameters(tra.):    -0.2012E-06    0.3213E-07    0.1114E-06
# With parameters(rot.):     0.5260E-05    0.1362E-05   -0.6794E-07
# Minimization at step:   170 with Value:     0.0000Tol(Act/Req):0.3088E-03/0.1000E-04
# With parameters(tra.):    -0.1756E-06   -0.3257E-07    0.4712E-07
# With parameters(rot.):     0.5374E-05    0.1187E-05   -0.4388E-06
# Minimization at step:   171 with Value:     0.0000Tol(Act/Req):0.3081E-03/0.1000E-04
# With parameters(tra.):    -0.1521E-06    0.3437E-07   -0.2973E-07
# With parameters(rot.):     0.4444E-05    0.8054E-06    0.3140E-05
# Minimization at step:   172 with Value:     0.0000Tol(Act/Req):0.2919E-03/0.1000E-04
# With parameters(tra.):    -0.4587E-07   -0.4483E-07    0.1096E-06
# With parameters(rot.):     0.4037E-05   -0.1480E-05    0.3138E-05
# Minimization at step:   173 with Value:     0.0000Tol(Act/Req):0.2675E-03/0.1000E-04
# With parameters(tra.):    -0.4333E-07    0.5097E-07    0.7361E-07
# With parameters(rot.):     0.3979E-05   -0.1581E-05    0.3593E-05
# Minimization at step:   174 with Value:     0.0000Tol(Act/Req):0.2318E-03/0.1000E-04
# With parameters(tra.):    -0.6967E-07    0.7876E-07    0.3577E-07
# With parameters(rot.):     0.4075E-05   -0.1018E-05    0.3631E-05
# Minimization at step:   175 with Value:     0.0000Tol(Act/Req):0.1734E-03/0.1000E-04
# With parameters(tra.):     0.4360E-07   -0.6250E-07    0.2114E-06
# With parameters(rot.):     0.3216E-05   -0.3553E-06    0.4170E-05
# Minimization at step:   176 with Value:     0.0000Tol(Act/Req):0.1707E-03/0.1000E-04
# With parameters(tra.):    -0.4279E-07   -0.1066E-06    0.2764E-06
# With parameters(rot.):     0.1719E-05   -0.2593E-06    0.4402E-05
# Minimization at step:   177 with Value:     0.0000Tol(Act/Req):0.1681E-03/0.1000E-04
# With parameters(tra.):    -0.3956E-07   -0.1351E-06    0.3212E-06
# With parameters(rot.):     0.1724E-05   -0.2527E-06    0.3612E-05
# Minimization at step:   178 with Value:     0.0000Tol(Act/Req):0.1320E-03/0.1000E-04
# With parameters(tra.):    -0.1805E-06   -0.1802E-07    0.1821E-06
# With parameters(rot.):     0.2086E-05   -0.8812E-06    0.2887E-05
# Minimization at step:   179 with Value:     0.0000Tol(Act/Req):0.1159E-03/0.1000E-04
# With parameters(tra.):    -0.1434E-06   -0.1114E-06    0.1193E-06
# With parameters(rot.):     0.1435E-05   -0.1661E-05    0.3162E-05
# Minimization at step:   180 with Value:     0.0000Tol(Act/Req):0.1017E-03/0.1000E-04
# With parameters(tra.):    -0.1050E-06   -0.1485E-06    0.1489E-06
# With parameters(rot.):     0.1290E-05   -0.1568E-05    0.3366E-05
# Minimization at step:   181 with Value:     0.0000Tol(Act/Req):0.9816E-04/0.1000E-04
# With parameters(tra.):    -0.1695E-06   -0.1687E-06    0.1109E-06
# With parameters(rot.):     0.5552E-06   -0.6257E-06    0.3355E-05
# Minimization at step:   182 with Value:     0.0000Tol(Act/Req):0.9217E-04/0.1000E-04
# With parameters(tra.):    -0.1787E-06   -0.1391E-06    0.9602E-07
# With parameters(rot.):     0.2409E-06   -0.5964E-06    0.3562E-05
# Minimization at step:   183 with Value:     0.0000Tol(Act/Req):0.6048E-04/0.1000E-04
# With parameters(tra.):    -0.1479E-06   -0.1141E-06    0.2167E-08
# With parameters(rot.):     0.9946E-06   -0.7526E-06    0.3179E-05
# Minimization at step:   184 with Value:     0.0000Tol(Act/Req):0.5109E-04/0.1000E-04
# With parameters(tra.):    -0.1776E-06   -0.1641E-06   -0.1471E-07
# With parameters(rot.):     0.7623E-06   -0.9059E-06    0.1455E-05
# Minimization at step:   185 with Value:     0.0000Tol(Act/Req):0.4865E-04/0.1000E-04
# With parameters(tra.):    -0.1621E-06   -0.1586E-06   -0.1568E-07
# With parameters(rot.):     0.9633E-06   -0.1165E-05    0.1300E-05
# Minimization at step:   186 with Value:     0.0000Tol(Act/Req):0.4197E-04/0.1000E-04
# With parameters(tra.):    -0.1932E-06   -0.1121E-06   -0.1887E-07
# With parameters(rot.):     0.1240E-05   -0.4802E-06    0.4957E-06
# Minimization at step:   187 with Value:     0.0000Tol(Act/Req):0.3704E-04/0.1000E-04
# With parameters(tra.):    -0.1459E-06   -0.1741E-06   -0.1571E-07
# With parameters(rot.):     0.9343E-06    0.6691E-07   -0.5265E-07
# Minimization at step:   188 with Value:     0.0000Tol(Act/Req):0.3677E-04/0.1000E-04
# With parameters(tra.):    -0.1534E-06   -0.1265E-06   -0.8274E-07
# With parameters(rot.):     0.5367E-06    0.3466E-06   -0.8425E-06
# Minimization at step:   189 with Value:     0.0000Tol(Act/Req):0.3224E-04/0.1000E-04
# With parameters(tra.):    -0.1157E-06   -0.6404E-07   -0.8855E-07
# With parameters(rot.):     0.6938E-06    0.9174E-06    0.1152E-06
# Minimization at step:   190 with Value:     0.0000Tol(Act/Req):0.3135E-04/0.1000E-04
# With parameters(tra.):    -0.5887E-07   -0.9457E-07   -0.1086E-06
# With parameters(rot.):     0.2344E-06    0.6985E-06    0.7924E-06
# Minimization at step:   191 with Value:     0.0000Tol(Act/Req):0.3095E-04/0.1000E-04
# With parameters(tra.):    -0.6356E-07   -0.1127E-06   -0.1088E-06
# With parameters(rot.):     0.1569E-06    0.5376E-06    0.6094E-06
# Minimization at step:   192 with Value:     0.0000Tol(Act/Req):0.2991E-04/0.1000E-04
# With parameters(tra.):    -0.5418E-07   -0.1235E-06   -0.9421E-07
# With parameters(rot.):     0.2246E-06    0.4835E-06    0.9279E-06
# Minimization at step:   193 with Value:     0.0000Tol(Act/Req):0.2729E-04/0.1000E-04
# With parameters(tra.):    -0.5150E-07   -0.1284E-06   -0.8660E-07
# With parameters(rot.):     0.3486E-07    0.6126E-06    0.8042E-06
# Minimization at step:   194 with Value:     0.0000Tol(Act/Req):0.1821E-04/0.1000E-04
# With parameters(tra.):    -0.6337E-07   -0.7052E-07   -0.1067E-06
# With parameters(rot.):     0.3954E-07    0.3387E-06    0.1430E-05
# Minimization at step:   195 with Value:     0.0000Tol(Act/Req):0.1519E-04/0.1000E-04
# With parameters(tra.):    -0.7796E-07   -0.6088E-07   -0.1015E-06
# With parameters(rot.):     0.1381E-06    0.3634E-06    0.1313E-05
# Minimization at step:   196 with Value:     0.0000Tol(Act/Req):0.1126E-04/0.1000E-04
# With parameters(tra.):    -0.1902E-07   -0.1745E-07   -0.1321E-06
# With parameters(rot.):     0.2650E-06    0.3549E-06    0.1007E-05
# Minimization at step:   197 with Value:     0.0000Tol(Act/Req):0.1037E-04/0.1000E-04
# With parameters(tra.):    -0.1356E-07   -0.2201E-07   -0.1403E-06
# With parameters(rot.):     0.1459E-06   -0.2789E-07    0.7738E-06
# Minimization at step:   198 with Value:     0.0000Tol(Act/Req):0.1019E-04/0.1000E-04
# With parameters(tra.):    -0.2784E-07   -0.3325E-07   -0.1333E-06
# With parameters(rot.):     0.1043E-06   -0.5765E-07    0.8309E-06
# Minimization at step:   199 with Value:     0.0000Tol(Act/Req):0.8771E-05/0.1000E-04
# With parameters(tra.):    -0.8076E-08   -0.5942E-07   -0.1288E-06
# With parameters(rot.):     0.1227E-06   -0.7172E-08    0.2144E-06
# CSM Values after z minimization.
# Final Number of optim. Steps:   199
#      Before min is:      0.00042597644
# Final CSM Simplex Value is:      0.00000000000
# CSM Summary.
#    Inizial CSM Value is:     -0.00000000000
#   After optimization is:      0.00000000000
#          Along x axe is:      0.00000000000
#          Along y axe is:      0.00000000000
#          Along z axe is:      0.00000000000
# The Lowest CSM Value is:     -0.00000000000
#    Obtained CSM in % is:     -0.00000000000
