# [csmmod_rdinput] messages reinitialized.
# MESLOG:[csmmod_rdinput] messages reinitialized.
# Input  file unit is: 5
# Input  file name is:stdin
# Output file unit is: 6
# Output file name is:stdout
# Error  file unit is: 6
# Error  file name is:stderr
# Log    file unit is: 6
# Log    file name is:stdlog
# MESLOG:[csm_rdinput] molecule_init called with debug.
[molecule] Nrec=   8 Format=nscxyz
  he               1    2    0.99500000D-01   0.99504000D+00   0.11000000D+01
  he               2    2   -0.99500000D-01   0.99504000D+00   0.90000000D+00
  he               3    2    0.99504000D+00  -0.99500000D-01   0.11000000D+01
  he               4    2    0.99504000D+00   0.99500000D-01   0.90000000D+00
  he               5    2   -0.99500000D-01  -0.99504000D+00   0.11000000D+01
  he               6    2    0.99500000D-01  -0.99504000D+00   0.90000000D+00
  he               7    2   -0.99504000D+00   0.99500000D-01   0.11000000D+01
  he               8    2   -0.99504000D+00  -0.99500000D-01   0.90000000D+00
# Molecule moved to the center of mass
# Shift Vector is:        0.00000000       0.00000000       0.52917706
# Inertia Tensor: (Before Diagonalization)
# Up Diagonal Columnwise
#    0.22850423D+01  -0.00000000D+00   0.22850423D+01  -0.00000000D+00  -0.00000000D+00   0.44804755D+01
# Inertia Tensor: (Full Matrix)
# 1,1 - 1,3           0.22850423D+01  -0.00000000D+00  -0.00000000D+00
# 2,1 - 2,3          -0.00000000D+00   0.22850423D+01  -0.00000000D+00
# 3,1 - 3,3          -0.00000000D+00  -0.00000000D+00   0.44804755D+01
# Inertia Tensor
# Inertia EigenValues:     0.22850423D+01   0.22850423D+01   0.44804755D+01
# Eigen Vectors:
# 1,1 - 1,3           0.10000000D+01   0.00000000D+00   0.00000000D+00
# 2,1 - 2,3           0.00000000D+00   0.10000000D+01   0.00000000D+00
# 3,1 - 3,3           0.00000000D+00   0.00000000D+00   0.10000000D+01
# Molecule Rotated to match inertia axes
[molecule] Nrec=   8 Format=nscxyz
  he               1    2    0.99500000D-01   0.99504000D+00   0.10000000D+00
  he               2    2   -0.99500000D-01   0.99504000D+00  -0.10000000D+00
  he               3    2    0.99504000D+00  -0.99500000D-01   0.10000000D+00
  he               4    2    0.99504000D+00   0.99500000D-01  -0.10000000D+00
  he               5    2   -0.99500000D-01  -0.99504000D+00   0.10000000D+00
  he               6    2    0.99500000D-01  -0.99504000D+00  -0.10000000D+00
  he               7    2   -0.99504000D+00   0.99500000D-01   0.10000000D+00
  he               8    2   -0.99504000D+00  -0.99500000D-01  -0.10000000D+00
# Initial Integrals follow ...
# INT: Number of electrons from integrated RHO:     15.99998366174
# INT: \int \rho \rho dr:       9.41404604748
# INT: \int \rho \tilde{\rho} dr/ng:       9.41404604748
# INT: \int \rho \tilde{\rho}m dr/ng:       8.36804093110
#  DEBUG     \int rr  =      9.41404604748
#  DEBUG     \int rr~ =      9.41404604748
#  DEBUG     \int rr~ =      9.41404604748
#  DEBUG     CSM value =      0.00000000000
#  DEBUG     CSM value =     -0.00000000000
# Number of electrons =     15.99998366174
# Initial rho^2 value =      9.41404604748
#  Initial rrii value =      1.45770196932
#  Initial rrij value =      7.95634407816
#  Initial imj  value =      9.41404604748
#  Initial impj value =      8.36804093110
#  Initial CSM  value =     -0.00000000000
#  Initial CSM% value =     -0.00000000000
[molecule] Nrec=   8 Format=nscxyz
  he               1    2    0.99500000D-01   0.99504000D+00   0.10000000D+00
  he               2    2   -0.99500000D-01   0.99504000D+00  -0.10000000D+00
  he               3    2    0.99504000D+00  -0.99500000D-01   0.10000000D+00
  he               4    2    0.99504000D+00   0.99500000D-01  -0.10000000D+00
  he               5    2   -0.99500000D-01  -0.99504000D+00   0.10000000D+00
  he               6    2    0.99500000D-01  -0.99504000D+00  -0.10000000D+00
  he               7    2   -0.99504000D+00   0.99500000D-01   0.10000000D+00
  he               8    2   -0.99504000D+00  -0.99500000D-01  -0.10000000D+00
# Request Simplex: Run it with internal procedure. NOT IMPLEMENTED!
# Request for Simplex: Initial Coordinates.
[molecule] Nrec=   8 Format=nscxyz
  he               1    2    0.99500000D-01   0.99504000D+00   0.10000000D+00
  he               2    2   -0.99500000D-01   0.99504000D+00  -0.10000000D+00
  he               3    2    0.99504000D+00  -0.99500000D-01   0.10000000D+00
  he               4    2    0.99504000D+00   0.99500000D-01  -0.10000000D+00
  he               5    2   -0.99500000D-01  -0.99504000D+00   0.10000000D+00
  he               6    2    0.99500000D-01  -0.99504000D+00  -0.10000000D+00
  he               7    2   -0.99504000D+00   0.99500000D-01   0.10000000D+00
  he               8    2   -0.99504000D+00  -0.99500000D-01  -0.10000000D+00
# Minimization at step:     0 with Value:     0.0031Tol(Act/Req):0.2000E+01/0.1000E-04
# With parameters(tra.):     0.1429E-01    0.1429E-01    0.1429E-01
# With parameters(rot.):     0.1429E-01    0.1429E-01    0.1429E-01
# Minimization at step:     1 with Value:     0.0023Tol(Act/Req):0.2000E+01/0.1000E-04
# With parameters(tra.):     0.1548E-01    0.7143E-02    0.1548E-01
# With parameters(rot.):     0.1548E-01    0.1548E-01    0.1548E-01
# Minimization at step:     2 with Value:     0.0016Tol(Act/Req):0.2000E+01/0.1000E-04
# With parameters(tra.):     0.8433E-02    0.7738E-02    0.1677E-01
# With parameters(rot.):     0.1677E-01    0.1677E-01    0.1677E-01
# Minimization at step:     3 with Value:     0.0008Tol(Act/Req):0.2000E+01/0.1000E-04
# With parameters(tra.):     0.1054E-01    0.9673E-02   -0.4043E-02
# With parameters(rot.):     0.2096E-01    0.2096E-01    0.2096E-01
# Minimization at step:     4 with Value:     0.0008Tol(Act/Req):0.2000E+01/0.1000E-04
# With parameters(tra.):    -0.2844E-02    0.1151E-01   -0.8399E-02
# With parameters(rot.):     0.2493E-01    0.2493E-01    0.2493E-01
# Minimization at step:     5 with Value:     0.0006Tol(Act/Req):0.2000E+01/0.1000E-04
# With parameters(tra.):    -0.3775E-02    0.8300E-02   -0.9794E-02
# With parameters(rot.):     0.2632E-01    0.2632E-01    0.2632E-01
# Minimization at step:     6 with Value:     0.0006Tol(Act/Req):0.2000E+01/0.1000E-04
# With parameters(tra.):     0.9299E-02    0.5396E-02   -0.5902E-02
# With parameters(rot.):     0.2280E-01    0.2280E-01    0.2280E-01
# Minimization at step:     7 with Value:     0.0006Tol(Act/Req):0.2000E+01/0.1000E-04
# With parameters(tra.):     0.7479E-02    0.2680E-02    0.7351E-02
# With parameters(rot.):     0.2062E-01    0.2062E-01    0.2062E-01
# Minimization at step:     8 with Value:     0.0004Tol(Act/Req):0.2000E+01/0.1000E-04
# With parameters(tra.):     0.4059E-02    0.3180E-02    0.7482E-02
# With parameters(rot.):     0.2132E-01    0.2132E-01    0.2132E-01
# Minimization at step:     9 with Value:     0.0002Tol(Act/Req):0.2000E+01/0.1000E-04
# With parameters(tra.):     0.4229E-02    0.3901E-02    0.4180E-02
# With parameters(rot.):     0.2192E-01    0.2192E-01    0.2192E-01
# Minimization at step:    10 with Value:     0.0002Tol(Act/Req):0.2000E+01/0.1000E-04
# With parameters(tra.):     0.4430E-02    0.1930E-02    0.4647E-02
# With parameters(rot.):     0.2225E-01    0.2225E-01    0.2225E-01
# Minimization at step:    11 with Value:     0.0002Tol(Act/Req):0.2000E+01/0.1000E-04
# With parameters(tra.):    -0.2286E-02    0.2513E-02    0.3965E-02
# With parameters(rot.):     0.2395E-01    0.2395E-01    0.2395E-01
# Minimization at step:    12 with Value:     0.0001Tol(Act/Req):0.2000E+01/0.1000E-04
# With parameters(tra.):    -0.2744E-02    0.2758E-02    0.2296E-02
# With parameters(rot.):     0.2442E-01    0.2442E-01    0.2442E-01
# Minimization at step:    13 with Value:     0.0001Tol(Act/Req):0.2000E+01/0.1000E-04
# With parameters(tra.):    -0.1103E-02    0.2633E-02    0.2327E-02
# With parameters(rot.):     0.2404E-01    0.2404E-01    0.2404E-01
# Minimization at step:    14 with Value:     0.0001Tol(Act/Req):0.2000E+01/0.1000E-04
# With parameters(tra.):    -0.1464E-02    0.1706E-02    0.2368E-02
# With parameters(rot.):     0.2435E-01    0.2435E-01    0.2435E-01
# Minimization at step:    15 with Value:     0.0001Tol(Act/Req):0.2000E+01/0.1000E-04
# With parameters(tra.):    -0.1586E-02    0.1848E-02    0.2565E-02
# With parameters(rot.):     0.2638E-01    0.1804E-01    0.2638E-01
# Minimization at step:    16 with Value:     0.0001Tol(Act/Req):0.2000E+01/0.1000E-04
# With parameters(tra.):    -0.1718E-02    0.2002E-02    0.2779E-02
# With parameters(rot.):     0.2024E-01    0.1955E-01    0.2857E-01
# Minimization at step:    17 with Value:     0.0001Tol(Act/Req):0.2000E+01/0.1000E-04
# With parameters(tra.):    -0.2292E-02    0.2239E-02   -0.3982E-03
# With parameters(rot.):     0.1979E-01    0.1886E-01    0.3090E-01
# Minimization at step:    18 with Value:     0.0000Tol(Act/Req):0.2000E+01/0.1000E-04
# With parameters(tra.):     0.5940E-03    0.1857E-02   -0.1244E-02
# With parameters(rot.):     0.1760E-01    0.1636E-01    0.3241E-01
# Minimization at step:    19 with Value:     0.0000Tol(Act/Req):0.2000E+01/0.1000E-04
# With parameters(tra.):     0.9780E-03    0.1766E-02   -0.5200E-03
# With parameters(rot.):     0.1753E-01    0.1633E-01    0.3196E-01
# Minimization at step:    20 with Value:     0.0000Tol(Act/Req):0.2000E+01/0.1000E-04
# With parameters(tra.):     0.2885E-03    0.1854E-02   -0.2483E-03
# With parameters(rot.):     0.1807E-01    0.1695E-01    0.3154E-01
# Minimization at step:    21 with Value:     0.0000Tol(Act/Req):0.2000E+01/0.1000E-04
# With parameters(tra.):     0.1517E-03    0.5023E-04   -0.1040E-02
# With parameters(rot.):     0.1660E-01    0.1511E-01    0.3456E-01
# Minimization at step:    22 with Value:     0.0000Tol(Act/Req):0.2000E+01/0.1000E-04
# With parameters(tra.):     0.5106E-03   -0.2924E-03   -0.1885E-02
# With parameters(rot.):     0.3120E-02    0.1663E-01    0.4096E-01
# Minimization at step:    23 with Value:     0.0000Tol(Act/Req):0.2000E+01/0.1000E-04
# With parameters(tra.):     0.6243E-03   -0.3997E-03   -0.2157E-02
# With parameters(rot.):     0.2196E-02    0.1336E-01    0.4319E-01
# Minimization at step:    24 with Value:     0.0000Tol(Act/Req):0.1999E+01/0.1000E-04
# With parameters(tra.):     0.3835E-03   -0.1695E-03   -0.1591E-02
# With parameters(rot.):     0.1208E-01    0.1140E-01    0.3895E-01
# Minimization at step:    25 with Value:     0.0000Tol(Act/Req):0.1999E+01/0.1000E-04
# With parameters(tra.):     0.4371E-03    0.2631E-03   -0.1439E-02
# With parameters(rot.):     0.1207E-01    0.1155E-01    0.3856E-01
# Minimization at step:    26 with Value:     0.0000Tol(Act/Req):0.1999E+01/0.1000E-04
# With parameters(tra.):     0.1025E-02   -0.4202E-03   -0.2982E-03
# With parameters(rot.):     0.1011E-01    0.9887E-02    0.3985E-01
# Minimization at step:    27 with Value:     0.0000Tol(Act/Req):0.1999E+01/0.1000E-04
# With parameters(tra.):    -0.1089E-03   -0.1003E-02    0.2286E-03
# With parameters(rot.):     0.8537E-02    0.8776E-02    0.4179E-01
# Minimization at step:    28 with Value:     0.0000Tol(Act/Req):0.1999E+01/0.1000E-04
# With parameters(tra.):    -0.3502E-03   -0.8803E-03   -0.1278E-04
# With parameters(rot.):     0.8896E-02    0.9100E-02    0.4162E-01
# Minimization at step:    29 with Value:     0.0000Tol(Act/Req):0.1999E+01/0.1000E-04
# With parameters(tra.):    -0.8695E-04   -0.7245E-03   -0.1646E-03
# With parameters(rot.):     0.9319E-02    0.9404E-02    0.4113E-01
# Minimization at step:    30 with Value:     0.0000Tol(Act/Req):0.1999E+01/0.1000E-04
# With parameters(tra.):    -0.9662E-04   -0.1047E-02   -0.4477E-04
# With parameters(rot.):     0.9846E-02    0.1545E-02    0.4490E-01
# Minimization at step:    31 with Value:     0.0000Tol(Act/Req):0.1998E+01/0.1000E-04
# With parameters(tra.):    -0.9629E-04   -0.1382E-02    0.5887E-04
# With parameters(rot.):     0.4347E-02    0.6267E-04    0.4850E-01
# Minimization at step:    32 with Value:     0.0000Tol(Act/Req):0.1998E+01/0.1000E-04
# With parameters(tra.):    -0.9384E-04   -0.1329E-02    0.3755E-04
# With parameters(rot.):     0.3757E-02    0.1904E-02    0.4786E-01
# Minimization at step:    33 with Value:     0.0000Tol(Act/Req):0.1997E+01/0.1000E-04
# With parameters(tra.):    -0.1463E-03   -0.1078E-02    0.6346E-03
# With parameters(rot.):     0.1664E-02   -0.2805E-03    0.4960E-01
# Minimization at step:    34 with Value:     0.0000Tol(Act/Req):0.1997E+01/0.1000E-04
# With parameters(tra.):     0.3605E-03   -0.8843E-03    0.5974E-03
# With parameters(rot.):    -0.4168E-04   -0.2899E-02    0.5143E-01
# Minimization at step:    35 with Value:     0.0000Tol(Act/Req):0.1996E+01/0.1000E-04
# With parameters(tra.):     0.2990E-03   -0.8235E-03    0.5275E-03
# With parameters(rot.):    -0.6070E-03   -0.3737E-02    0.5217E-01
# Minimization at step:    36 with Value:     0.0000Tol(Act/Req):0.1995E+01/0.1000E-04
# With parameters(tra.):     0.1672E-03   -0.8669E-03    0.5310E-03
# With parameters(rot.):    -0.2276E-03   -0.3152E-02    0.5177E-01
# Minimization at step:    37 with Value:     0.0000Tol(Act/Req):0.1995E+01/0.1000E-04
# With parameters(tra.):     0.2549E-03   -0.4722E-03    0.6193E-03
# With parameters(rot.):     0.1913E-02   -0.3236E-02    0.5046E-01
# Minimization at step:    38 with Value:     0.0000Tol(Act/Req):0.1994E+01/0.1000E-04
# With parameters(tra.):     0.3760E-03   -0.8092E-04    0.7705E-03
# With parameters(rot.):     0.1188E-03   -0.1266E-02    0.5004E-01
# Minimization at step:    39 with Value:     0.0000Tol(Act/Req):0.1994E+01/0.1000E-04
# With parameters(tra.):     0.5850E-03    0.8414E-04    0.4178E-03
# With parameters(rot.):     0.9988E-03   -0.1385E-03    0.4903E-01
# Minimization at step:    40 with Value:     0.0000Tol(Act/Req):0.1992E+01/0.1000E-04
# With parameters(tra.):     0.5721E-03    0.7277E-07    0.3506E-03
# With parameters(rot.):     0.1521E-02   -0.5369E-03    0.4905E-01
# Minimization at step:    41 with Value:     0.0000Tol(Act/Req):0.1992E+01/0.1000E-04
# With parameters(tra.):     0.5903E-03   -0.2372E-03    0.1728E-03
# With parameters(rot.):    -0.7512E-03    0.4459E-03    0.4989E-01
# Minimization at step:    42 with Value:     0.0000Tol(Act/Req):0.1992E+01/0.1000E-04
# With parameters(tra.):     0.5645E-03    0.7990E-04   -0.8515E-04
# With parameters(rot.):    -0.1930E-02    0.1643E-03    0.5060E-01
# Minimization at step:    43 with Value:     0.0000Tol(Act/Req):0.1991E+01/0.1000E-04
# With parameters(tra.):     0.5578E-03    0.1656E-03   -0.6218E-04
# With parameters(rot.):    -0.1460E-02   -0.1048E-03    0.5045E-01
# Minimization at step:    44 with Value:     0.0000Tol(Act/Req):0.1991E+01/0.1000E-04
# With parameters(tra.):     0.5755E-03   -0.5074E-04    0.1370E-03
# With parameters(rot.):    -0.4587E-03    0.3907E-04    0.4988E-01
# Minimization at step:    45 with Value:     0.0000Tol(Act/Req):0.1991E+01/0.1000E-04
# With parameters(tra.):     0.4479E-03    0.1346E-03    0.1266E-04
# With parameters(rot.):     0.2231E-03    0.2273E-02    0.4845E-01
# Minimization at step:    46 with Value:     0.0000Tol(Act/Req):0.1989E+01/0.1000E-04
# With parameters(tra.):     0.1932E-03   -0.1366E-04    0.2303E-03
# With parameters(rot.):    -0.9154E-03    0.1949E-02    0.4928E-01
# Minimization at step:    47 with Value:     0.0000Tol(Act/Req):0.1988E+01/0.1000E-04
# With parameters(tra.):     0.2039E-03   -0.7235E-04    0.2795E-03
# With parameters(rot.):    -0.1181E-02    0.1363E-02    0.4970E-01
# Minimization at step:    48 with Value:     0.0000Tol(Act/Req):0.1987E+01/0.1000E-04
# With parameters(tra.):     0.2684E-03   -0.4018E-04    0.2292E-03
# With parameters(rot.):    -0.9182E-03    0.1395E-02    0.4953E-01
# Minimization at step:    49 with Value:     0.0000Tol(Act/Req):0.1985E+01/0.1000E-04
# With parameters(tra.):     0.3579E-03   -0.5357E-04    0.3056E-03
# With parameters(rot.):    -0.1224E-02    0.1861E-02    0.3271E-01
# Minimization at step:    50 with Value:     0.0000Tol(Act/Req):0.1981E+01/0.1000E-04
# With parameters(tra.):     0.2608E-03   -0.2396E-03    0.1562E-03
# With parameters(rot.):    -0.1095E-02    0.1863E-02    0.2731E-01
# Minimization at step:    51 with Value:     0.0000Tol(Act/Req):0.1981E+01/0.1000E-04
# With parameters(tra.):     0.1484E-03   -0.2032E-03    0.2750E-03
# With parameters(rot.):    -0.3426E-04    0.1981E-02    0.1929E-01
# Minimization at step:    52 with Value:     0.0000Tol(Act/Req):0.1974E+01/0.1000E-04
# With parameters(tra.):    -0.5769E-05   -0.1098E-03    0.1881E-03
# With parameters(rot.):    -0.5605E-03    0.2532E-02    0.9472E-02
# Minimization at step:    53 with Value:     0.0000Tol(Act/Req):0.1973E+01/0.1000E-04
# With parameters(tra.):     0.3197E-04   -0.6860E-04    0.7382E-04
# With parameters(rot.):     0.8382E-04    0.2975E-02   -0.4223E-02
# Minimization at step:    54 with Value:     0.0000Tol(Act/Req):0.1973E+01/0.1000E-04
# With parameters(tra.):    -0.1756E-04   -0.6650E-04    0.3540E-04
# With parameters(rot.):     0.2693E-03    0.2952E-02   -0.3095E-02
# Minimization at step:    55 with Value:     0.0000Tol(Act/Req):0.1971E+01/0.1000E-04
# With parameters(tra.):    -0.3068E-04   -0.9536E-04    0.3966E-04
# With parameters(rot.):     0.2575E-03    0.2791E-02   -0.7283E-02
# Minimization at step:    56 with Value:     0.0000Tol(Act/Req):0.1967E+01/0.1000E-04
# With parameters(tra.):    -0.7465E-04   -0.1329E-03    0.1169E-03
# With parameters(rot.):    -0.1823E-03    0.2413E-02    0.2224E-02
# Minimization at step:    57 with Value:     0.0000Tol(Act/Req):0.1964E+01/0.1000E-04
# With parameters(tra.):    -0.7832E-04   -0.7752E-04    0.1509E-03
# With parameters(rot.):    -0.1384E-03    0.2458E-02    0.1485E-02
# Minimization at step:    58 with Value:     0.0000Tol(Act/Req):0.1962E+01/0.1000E-04
# With parameters(tra.):    -0.4582E-04   -0.9819E-04    0.1695E-03
# With parameters(rot.):     0.2832E-04    0.2314E-02    0.3273E-02
# Minimization at step:    59 with Value:     0.0000Tol(Act/Req):0.1927E+01/0.1000E-04
# With parameters(tra.):    -0.1009E-04   -0.9924E-04    0.5415E-04
# With parameters(rot.):    -0.7518E-03    0.2309E-02    0.5283E-02
# Minimization at step:    60 with Value:     0.0000Tol(Act/Req):0.1922E+01/0.1000E-04
# With parameters(tra.):    -0.3424E-04   -0.1009E-03    0.3650E-04
# With parameters(rot.):    -0.7442E-03    0.2244E-02    0.6545E-02
# Minimization at step:    61 with Value:     0.0000Tol(Act/Req):0.1915E+01/0.1000E-04
# With parameters(tra.):    -0.6166E-04   -0.1605E-03    0.4398E-04
# With parameters(rot.):    -0.1102E-02    0.1741E-02    0.2779E-02
# Minimization at step:    62 with Value:     0.0000Tol(Act/Req):0.1905E+01/0.1000E-04
# With parameters(tra.):    -0.2802E-04   -0.1446E-03   -0.3179E-04
# With parameters(rot.):    -0.1115E-02    0.1770E-02   -0.3373E-02
# Minimization at step:    63 with Value:     0.0000Tol(Act/Req):0.1903E+01/0.1000E-04
# With parameters(tra.):     0.4290E-04   -0.2015E-03   -0.6169E-04
# With parameters(rot.):    -0.1163E-02    0.1300E-02   -0.2012E-02
# Minimization at step:    64 with Value:     0.0000Tol(Act/Req):0.1903E+01/0.1000E-04
# With parameters(tra.):     0.4040E-04   -0.2102E-03   -0.4524E-04
# With parameters(rot.):    -0.1163E-02    0.1254E-02   -0.3602E-03
# Minimization at step:    65 with Value:     0.0000Tol(Act/Req):0.1899E+01/0.1000E-04
# With parameters(tra.):     0.7264E-04   -0.1436E-03   -0.4249E-04
# With parameters(rot.):    -0.1417E-02    0.9429E-03   -0.2453E-02
# Minimization at step:    66 with Value:     0.0000Tol(Act/Req):0.1897E+01/0.1000E-04
# With parameters(tra.):     0.7639E-04   -0.1577E-03    0.2233E-05
# With parameters(rot.):    -0.1119E-02    0.4906E-03   -0.6372E-02
# Minimization at step:    67 with Value:     0.0000Tol(Act/Req):0.1892E+01/0.1000E-04
# With parameters(tra.):     0.1664E-04   -0.8627E-04    0.5344E-04
# With parameters(rot.):    -0.1057E-02    0.6902E-03   -0.9186E-02
# Minimization at step:    68 with Value:     0.0000Tol(Act/Req):0.1869E+01/0.1000E-04
# With parameters(tra.):     0.7016E-04   -0.1959E-05    0.4912E-04
# With parameters(rot.):    -0.6842E-03    0.8429E-03   -0.9409E-02
# Minimization at step:    69 with Value:     0.0000Tol(Act/Req):0.1858E+01/0.1000E-04
# With parameters(tra.):     0.8956E-04   -0.1279E-04    0.3596E-04
# With parameters(rot.):    -0.6687E-03    0.8057E-03   -0.8724E-02
# Minimization at step:    70 with Value:     0.0000Tol(Act/Req):0.1852E+01/0.1000E-04
# With parameters(tra.):     0.8254E-04    0.1323E-04    0.4824E-06
# With parameters(rot.):    -0.6282E-03    0.1958E-03   -0.1129E-01
# Minimization at step:    71 with Value:     0.0000Tol(Act/Req):0.1837E+01/0.1000E-04
# With parameters(tra.):     0.7019E-04   -0.6583E-05   -0.2490E-05
# With parameters(rot.):    -0.7167E-03    0.1037E-03   -0.1139E-01
# Minimization at step:    72 with Value:     0.0000Tol(Act/Req):0.1833E+01/0.1000E-04
# With parameters(tra.):     0.7092E-04   -0.1474E-04    0.6131E-05
# With parameters(rot.):    -0.7342E-03    0.2485E-03   -0.1076E-01
# Minimization at step:    73 with Value:     0.0000Tol(Act/Req):0.1819E+01/0.1000E-04
# With parameters(tra.):     0.6952E-04    0.6958E-06   -0.4724E-05
# With parameters(rot.):    -0.7767E-03    0.3414E-03   -0.1014E-01
# Minimization at step:    74 with Value:     0.0000Tol(Act/Req):0.1817E+01/0.1000E-04
# With parameters(tra.):     0.7423E-04    0.5359E-04    0.4168E-04
# With parameters(rot.):    -0.6491E-03   -0.5514E-04   -0.1010E-01
# Minimization at step:    75 with Value:     0.0000Tol(Act/Req):0.1815E+01/0.1000E-04
# With parameters(tra.):     0.4253E-04    0.5275E-04    0.6698E-04
# With parameters(rot.):    -0.1391E-03   -0.7687E-04   -0.1056E-01
# Minimization at step:    76 with Value:     0.0000Tol(Act/Req):0.1740E+01/0.1000E-04
# With parameters(tra.):     0.3107E-04    0.1287E-04    0.3850E-04
# With parameters(rot.):    -0.1073E-03    0.2151E-03   -0.1070E-01
# Minimization at step:    77 with Value:     0.0000Tol(Act/Req):0.1713E+01/0.1000E-04
# With parameters(tra.):     0.3804E-04    0.9760E-05    0.2981E-04
# With parameters(rot.):    -0.2322E-03    0.2449E-03   -0.1060E-01
# Minimization at step:    78 with Value:     0.0000Tol(Act/Req):0.1663E+01/0.1000E-04
# With parameters(tra.):     0.5966E-04   -0.4385E-05    0.1429E-05
# With parameters(rot.):    -0.5568E-04   -0.1643E-04   -0.9857E-02
# Minimization at step:    79 with Value:     0.0000Tol(Act/Req):0.1659E+01/0.1000E-04
# With parameters(tra.):     0.5736E-04   -0.1724E-04    0.1710E-04
# With parameters(rot.):     0.1355E-03    0.1849E-03   -0.8291E-02
# Minimization at step:    80 with Value:     0.0000Tol(Act/Req):0.1652E+01/0.1000E-04
# With parameters(tra.):     0.2839E-04   -0.6042E-04    0.1769E-04
# With parameters(rot.):     0.2426E-03    0.2773E-04   -0.7460E-02
# Minimization at step:    81 with Value:     0.0000Tol(Act/Req):0.1594E+01/0.1000E-04
# With parameters(tra.):     0.1189E-04   -0.4992E-04    0.3451E-05
# With parameters(rot.):     0.4974E-03    0.1090E-03   -0.5338E-02
# Minimization at step:    82 with Value:     0.0000Tol(Act/Req):0.1586E+01/0.1000E-04
# With parameters(tra.):     0.2949E-04   -0.1492E-04   -0.5485E-06
# With parameters(rot.):     0.4807E-03    0.2471E-03   -0.5430E-02
# Minimization at step:    83 with Value:     0.0000Tol(Act/Req):0.1514E+01/0.1000E-04
# With parameters(tra.):     0.2157E-04   -0.1226E-04    0.6381E-05
# With parameters(rot.):     0.4813E-03    0.3344E-03   -0.5247E-02
# Minimization at step:    84 with Value:     0.0000Tol(Act/Req):0.1485E+01/0.1000E-04
# With parameters(tra.):     0.2605E-04    0.5950E-05    0.1466E-04
# With parameters(rot.):     0.6563E-03    0.1795E-03   -0.3331E-02
# Minimization at step:    85 with Value:     0.0000Tol(Act/Req):0.1437E+01/0.1000E-04
# With parameters(tra.):     0.3351E-04    0.3268E-06   -0.2177E-05
# With parameters(rot.):     0.6912E-03    0.2078E-03   -0.1361E-02
# Minimization at step:    86 with Value:     0.0000Tol(Act/Req):0.1436E+01/0.1000E-04
# With parameters(tra.):     0.3152E-04   -0.1976E-04   -0.1607E-04
# With parameters(rot.):     0.5278E-03    0.3722E-03   -0.2620E-02
# Minimization at step:    87 with Value:     0.0000Tol(Act/Req):0.1412E+01/0.1000E-04
# With parameters(tra.):     0.4880E-04   -0.2009E-04   -0.1027E-04
# With parameters(rot.):     0.3443E-03    0.3770E-03   -0.3533E-02
# Minimization at step:    88 with Value:     0.0000Tol(Act/Req):0.1410E+01/0.1000E-04
# With parameters(tra.):     0.4825E-04   -0.8177E-05   -0.3506E-04
# With parameters(rot.):     0.2227E-03    0.2398E-03   -0.3512E-02
# Minimization at step:    89 with Value:     0.0000Tol(Act/Req):0.1246E+01/0.1000E-04
# With parameters(tra.):     0.5392E-04    0.9781E-05   -0.2940E-04
# With parameters(rot.):     0.2690E-03    0.8346E-04   -0.2791E-02
# Minimization at step:    90 with Value:     0.0000Tol(Act/Req):0.1192E+01/0.1000E-04
# With parameters(tra.):     0.5033E-04   -0.5323E-05   -0.3635E-04
# With parameters(rot.):     0.2095E-03   -0.6320E-04   -0.1850E-02
# Minimization at step:    91 with Value:     0.0000Tol(Act/Req):0.1135E+01/0.1000E-04
# With parameters(tra.):     0.4407E-04    0.2306E-05   -0.3673E-04
# With parameters(rot.):     0.1201E-03   -0.2116E-04   -0.3514E-03
# Minimization at step:    92 with Value:     0.0000Tol(Act/Req):0.1107E+01/0.1000E-04
# With parameters(tra.):     0.4323E-04   -0.6111E-05   -0.1249E-04
# With parameters(rot.):     0.2075E-03    0.2909E-04    0.6820E-03
# Minimization at step:    93 with Value:     0.0000Tol(Act/Req):0.1083E+01/0.1000E-04
# With parameters(tra.):     0.4150E-04   -0.4508E-05   -0.4700E-05
# With parameters(rot.):     0.2300E-04   -0.4936E-04    0.4922E-04
# Minimization at step:    94 with Value:     0.0000Tol(Act/Req):0.1005E+01/0.1000E-04
# With parameters(tra.):     0.3801E-04   -0.3155E-05   -0.5203E-05
# With parameters(rot.):     0.2681E-04   -0.8571E-04    0.4998E-03
# Minimization at step:    95 with Value:     0.0000Tol(Act/Req):0.9368E+00/0.1000E-04
# With parameters(tra.):     0.3779E-04   -0.8041E-06   -0.1066E-04
# With parameters(rot.):    -0.1009E-04   -0.1078E-03    0.2263E-03
# Minimization at step:    96 with Value:     0.0000Tol(Act/Req):0.8569E+00/0.1000E-04
# With parameters(tra.):     0.3735E-04    0.1165E-04    0.9779E-06
# With parameters(rot.):    -0.2039E-04   -0.8998E-05    0.3921E-04
# Minimization at step:    97 with Value:     0.0000Tol(Act/Req):0.7933E+00/0.1000E-04
# With parameters(tra.):     0.3037E-04    0.3143E-05    0.5738E-05
# With parameters(rot.):    -0.1159E-03    0.4606E-04    0.3862E-03
# Minimization at step:    98 with Value:     0.0000Tol(Act/Req):0.6739E+00/0.1000E-04
# With parameters(tra.):     0.2987E-04    0.3380E-05    0.4661E-05
# With parameters(rot.):    -0.8134E-04    0.7362E-04    0.5725E-03
# Minimization at step:    99 with Value:     0.0000Tol(Act/Req):0.5265E+00/0.1000E-04
# With parameters(tra.):     0.3025E-04    0.1562E-05    0.8206E-05
# With parameters(rot.):    -0.7576E-04    0.7101E-04    0.2749E-03
# Minimization at step:   100 with Value:     0.0000Tol(Act/Req):0.4418E+00/0.1000E-04
# With parameters(tra.):     0.2308E-04    0.4771E-05    0.1080E-04
# With parameters(rot.):    -0.9570E-04    0.5567E-04    0.8945E-03
# Minimization at step:   101 with Value:     0.0000Tol(Act/Req):0.4317E+00/0.1000E-04
# With parameters(tra.):     0.1862E-04   -0.5828E-05    0.6323E-05
# With parameters(rot.):    -0.1139E-03    0.1133E-04    0.1304E-02
# Minimization at step:   102 with Value:     0.0000Tol(Act/Req):0.4200E+00/0.1000E-04
# With parameters(tra.):     0.1691E-04   -0.5071E-05    0.5011E-05
# With parameters(rot.):    -0.1410E-03    0.1020E-04    0.1257E-02
# Minimization at step:   103 with Value:     0.0000Tol(Act/Req):0.3692E+00/0.1000E-04
# With parameters(tra.):     0.1788E-04   -0.2358E-05    0.6022E-05
# With parameters(rot.):    -0.1387E-03    0.2119E-04    0.1151E-02
# Minimization at step:   104 with Value:     0.0000Tol(Act/Req):0.3516E+00/0.1000E-04
# With parameters(tra.):     0.1837E-04    0.1482E-05    0.2944E-05
# With parameters(rot.):    -0.8270E-04   -0.2380E-04    0.1175E-02
# Minimization at step:   105 with Value:     0.0000Tol(Act/Req):0.2936E+00/0.1000E-04
# With parameters(tra.):     0.1716E-04    0.1442E-05    0.2262E-05
# With parameters(rot.):    -0.6555E-04   -0.1814E-04    0.1318E-02
# Minimization at step:   106 with Value:     0.0000Tol(Act/Req):0.2299E+00/0.1000E-04
# With parameters(tra.):     0.1356E-04   -0.2233E-05    0.7371E-05
# With parameters(rot.):    -0.5100E-04   -0.5308E-04    0.1071E-02
# Minimization at step:   107 with Value:     0.0000Tol(Act/Req):0.2135E+00/0.1000E-04
# With parameters(tra.):     0.1517E-04   -0.6708E-05    0.4494E-05
# With parameters(rot.):    -0.2280E-04   -0.7910E-04    0.7161E-03
# Minimization at step:   108 with Value:     0.0000Tol(Act/Req):0.1997E+00/0.1000E-04
# With parameters(tra.):     0.1622E-04   -0.2732E-05    0.6007E-05
# With parameters(rot.):     0.2045E-04   -0.9055E-04    0.3584E-03
# Minimization at step:   109 with Value:     0.0000Tol(Act/Req):0.1972E+00/0.1000E-04
# With parameters(tra.):     0.1501E-04   -0.7977E-05    0.1011E-04
# With parameters(rot.):    -0.1209E-05   -0.6781E-04    0.6270E-04
# Minimization at step:   110 with Value:     0.0000Tol(Act/Req):0.1843E+00/0.1000E-04
# With parameters(tra.):     0.1197E-04   -0.7568E-05    0.9413E-05
# With parameters(rot.):    -0.6905E-05   -0.8902E-04   -0.3064E-03
# Minimization at step:   111 with Value:     0.0000Tol(Act/Req):0.1814E+00/0.1000E-04
# With parameters(tra.):     0.1217E-04   -0.2187E-05    0.5082E-05
# With parameters(rot.):     0.1285E-04   -0.1188E-03   -0.1337E-03
# Minimization at step:   112 with Value:     0.0000Tol(Act/Req):0.1796E+00/0.1000E-04
# With parameters(tra.):     0.9770E-05   -0.5981E-05    0.3261E-05
# With parameters(rot.):    -0.3293E-04   -0.1168E-03    0.6002E-04
# Minimization at step:   113 with Value:     0.0000Tol(Act/Req):0.1772E+00/0.1000E-04
# With parameters(tra.):     0.6359E-05   -0.1265E-05    0.5726E-05
# With parameters(rot.):    -0.6450E-04   -0.1033E-03    0.1957E-03
# Minimization at step:   114 with Value:     0.0000Tol(Act/Req):0.1659E+00/0.1000E-04
# With parameters(tra.):     0.5826E-05   -0.2533E-05    0.6862E-05
# With parameters(rot.):    -0.7588E-04   -0.9460E-04    0.1800E-03
# Minimization at step:   115 with Value:     0.0000Tol(Act/Req):0.1562E+00/0.1000E-04
# With parameters(tra.):    -0.3651E-06   -0.3938E-05    0.7033E-05
# With parameters(rot.):    -0.4501E-04   -0.1088E-03    0.8732E-04
# Minimization at step:   116 with Value:     0.0000Tol(Act/Req):0.1549E+00/0.1000E-04
# With parameters(tra.):    -0.1407E-05   -0.8303E-06    0.1811E-05
# With parameters(rot.):    -0.5757E-04   -0.9237E-04    0.7043E-05
# Minimization at step:   117 with Value:     0.0000Tol(Act/Req):0.1309E+00/0.1000E-04
# With parameters(tra.):    -0.2737E-05    0.4681E-05    0.3149E-05
# With parameters(rot.):    -0.2001E-04   -0.8626E-04   -0.2043E-03
# Minimization at step:   118 with Value:     0.0000Tol(Act/Req):0.1283E+00/0.1000E-04
# With parameters(tra.):    -0.2642E-05    0.3997E-05    0.2318E-05
# With parameters(rot.):    -0.8405E-05   -0.8820E-04   -0.2716E-03
# Minimization at step:   119 with Value:     0.0000Tol(Act/Req):0.1269E+00/0.1000E-04
# With parameters(tra.):     0.1432E-05    0.7035E-05    0.1011E-05
# With parameters(rot.):    -0.2240E-04   -0.7244E-04   -0.2918E-03
# Minimization at step:   120 with Value:     0.0000Tol(Act/Req):0.9720E-01/0.1000E-04
# With parameters(tra.):     0.2112E-05    0.5853E-05    0.4987E-06
# With parameters(rot.):    -0.3200E-04   -0.7282E-04   -0.2462E-03
# Minimization at step:   121 with Value:     0.0000Tol(Act/Req):0.7290E-01/0.1000E-04
# With parameters(tra.):     0.1797E-05    0.6903E-05   -0.1284E-06
# With parameters(rot.):    -0.3314E-04   -0.6794E-04   -0.1797E-03
# Minimization at step:   122 with Value:     0.0000Tol(Act/Req):0.6896E-01/0.1000E-04
# With parameters(tra.):    -0.6118E-06    0.7512E-05   -0.1857E-06
# With parameters(rot.):    -0.4166E-04   -0.4157E-04   -0.3311E-03
# Minimization at step:   123 with Value:     0.0000Tol(Act/Req):0.5500E-01/0.1000E-04
# With parameters(tra.):     0.3684E-06    0.7267E-05    0.3231E-05
# With parameters(rot.):    -0.2826E-04   -0.4115E-04   -0.3554E-03
# Minimization at step:   124 with Value:     0.0000Tol(Act/Req):0.5136E-01/0.1000E-04
# With parameters(tra.):     0.1052E-05    0.7094E-05    0.3530E-05
# With parameters(rot.):    -0.2502E-04   -0.4771E-04   -0.3196E-03
# Minimization at step:   125 with Value:     0.0000Tol(Act/Req):0.4963E-01/0.1000E-04
# With parameters(tra.):    -0.1790E-05    0.5089E-05    0.5241E-05
# With parameters(rot.):    -0.1655E-04   -0.4997E-04   -0.3154E-03
# Minimization at step:   126 with Value:     0.0000Tol(Act/Req):0.4863E-01/0.1000E-04
# With parameters(tra.):    -0.1317E-05    0.4086E-05    0.4553E-05
# With parameters(rot.):     0.3931E-05   -0.4111E-04   -0.4645E-03
# Minimization at step:   127 with Value:     0.0000Tol(Act/Req):0.4141E-01/0.1000E-04
# With parameters(tra.):    -0.1100E-05    0.1133E-05    0.4880E-05
# With parameters(rot.):    -0.3276E-05   -0.3129E-04   -0.4461E-03
# Minimization at step:   128 with Value:     0.0000Tol(Act/Req):0.4075E-01/0.1000E-04
# With parameters(tra.):     0.1973E-05    0.1820E-05    0.3049E-05
# With parameters(rot.):    -0.7313E-05   -0.2280E-04   -0.4939E-03
# Minimization at step:   129 with Value:     0.0000Tol(Act/Req):0.3857E-01/0.1000E-04
# With parameters(tra.):     0.1402E-05    0.2226E-05    0.2853E-05
# With parameters(rot.):    -0.9881E-06    0.2010E-05   -0.4656E-03
# Minimization at step:   130 with Value:     0.0000Tol(Act/Req):0.3413E-01/0.1000E-04
# With parameters(tra.):     0.1835E-05    0.2609E-05    0.2974E-05
# With parameters(rot.):    -0.2311E-04    0.7520E-05   -0.3169E-03
# Minimization at step:   131 with Value:     0.0000Tol(Act/Req):0.3073E-01/0.1000E-04
# With parameters(tra.):    -0.5046E-06    0.2292E-05    0.4329E-05
# With parameters(rot.):    -0.2403E-04    0.8736E-05   -0.2368E-03
# Minimization at step:   132 with Value:     0.0000Tol(Act/Req):0.2809E-01/0.1000E-04
# With parameters(tra.):    -0.1213E-05    0.1171E-05    0.2895E-05
# With parameters(rot.):    -0.2967E-04    0.2100E-04   -0.1950E-03
# Minimization at step:   133 with Value:     0.0000Tol(Act/Req):0.2536E-01/0.1000E-04
# With parameters(tra.):    -0.2299E-05    0.5236E-06    0.2784E-05
# With parameters(rot.):    -0.1472E-04    0.2024E-04   -0.2761E-03
# Minimization at step:   134 with Value:     0.0000Tol(Act/Req):0.2324E-01/0.1000E-04
# With parameters(tra.):    -0.2237E-05   -0.1103E-06    0.2872E-05
# With parameters(rot.):    -0.1224E-04    0.2262E-04   -0.2545E-03
# Minimization at step:   135 with Value:     0.0000Tol(Act/Req):0.1971E-01/0.1000E-04
# With parameters(tra.):    -0.2718E-05   -0.9989E-06    0.3023E-05
# With parameters(rot.):    -0.1980E-04    0.9164E-05   -0.2230E-03
# Minimization at step:   136 with Value:     0.0000Tol(Act/Req):0.1347E-01/0.1000E-04
# With parameters(tra.):    -0.3286E-05    0.6823E-06    0.2314E-05
# With parameters(rot.):    -0.1852E-04    0.1191E-04   -0.1810E-03
# Minimization at step:   137 with Value:     0.0000Tol(Act/Req):0.1151E-01/0.1000E-04
# With parameters(tra.):    -0.2653E-05    0.3573E-06    0.7389E-06
# With parameters(rot.):    -0.1607E-04    0.1216E-04   -0.2157E-03
# Minimization at step:   138 with Value:     0.0000Tol(Act/Req):0.1143E-01/0.1000E-04
# With parameters(tra.):    -0.2661E-05    0.8336E-06    0.9763E-06
# With parameters(rot.):    -0.7778E-05    0.1040E-05   -0.2505E-03
# Minimization at step:   139 with Value:     0.0000Tol(Act/Req):0.1045E-01/0.1000E-04
# With parameters(tra.):    -0.2057E-05    0.1368E-05    0.4474E-06
# With parameters(rot.):    -0.1543E-04   -0.4851E-05   -0.1880E-03
# Minimization at step:   140 with Value:     0.0000Tol(Act/Req):0.9674E-02/0.1000E-04
# With parameters(tra.):    -0.1872E-05    0.5937E-06   -0.1860E-06
# With parameters(rot.):    -0.1153E-04   -0.9242E-05   -0.1227E-03
# Minimization at step:   141 with Value:     0.0000Tol(Act/Req):0.9465E-02/0.1000E-04
# With parameters(tra.):    -0.1804E-05    0.4546E-06   -0.3422E-06
# With parameters(rot.):    -0.1392E-04   -0.7319E-05   -0.1034E-03
# Minimization at step:   142 with Value:     0.0000Tol(Act/Req):0.6999E-02/0.1000E-04
# With parameters(tra.):    -0.1335E-05    0.1262E-05   -0.1259E-05
# With parameters(rot.):    -0.8670E-05   -0.4711E-05   -0.8924E-04
# Minimization at step:   143 with Value:     0.0000Tol(Act/Req):0.6730E-02/0.1000E-04
# With parameters(tra.):    -0.1078E-05    0.1030E-05   -0.1439E-05
# With parameters(rot.):    -0.8062E-05   -0.6555E-05   -0.8861E-04
# Minimization at step:   144 with Value:     0.0000Tol(Act/Req):0.6257E-02/0.1000E-04
# With parameters(tra.):    -0.1355E-05    0.3829E-06   -0.1538E-05
# With parameters(rot.):     0.2048E-05   -0.1232E-05   -0.1180E-03
# Minimization at step:   145 with Value:     0.0000Tol(Act/Req):0.6219E-02/0.1000E-04
# With parameters(tra.):    -0.1555E-05    0.7165E-06   -0.7225E-06
# With parameters(rot.):     0.5637E-05   -0.5944E-05   -0.5069E-04
# Minimization at step:   146 with Value:     0.0000Tol(Act/Req):0.4019E-02/0.1000E-04
# With parameters(tra.):    -0.1502E-05    0.9061E-06   -0.6295E-06
# With parameters(rot.):     0.3408E-05   -0.7668E-05   -0.3772E-04
# Minimization at step:   147 with Value:     0.0000Tol(Act/Req):0.3452E-02/0.1000E-04
# With parameters(tra.):    -0.1448E-05    0.8386E-06   -0.8258E-06
# With parameters(rot.):     0.2325E-05   -0.6633E-05   -0.5347E-04
# Minimization at step:   148 with Value:     0.0000Tol(Act/Req):0.2800E-02/0.1000E-04
# With parameters(tra.):    -0.1194E-05    0.6884E-06   -0.1299E-05
# With parameters(rot.):     0.2967E-05   -0.2557E-05    0.1853E-05
# Minimization at step:   149 with Value:     0.0000Tol(Act/Req):0.2683E-02/0.1000E-04
# With parameters(tra.):    -0.1184E-05    0.8900E-06   -0.1234E-05
# With parameters(rot.):     0.3201E-05   -0.9025E-06   -0.4079E-05
# Minimization at step:   150 with Value:     0.0000Tol(Act/Req):0.2522E-02/0.1000E-04
# With parameters(tra.):    -0.1446E-05    0.2274E-06   -0.6142E-06
# With parameters(rot.):     0.3659E-05   -0.1371E-05    0.1489E-04
# Minimization at step:   151 with Value:     0.0000Tol(Act/Req):0.2286E-02/0.1000E-04
# With parameters(tra.):    -0.1348E-05    0.4456E-07   -0.6353E-06
# With parameters(rot.):     0.4940E-05   -0.1861E-05    0.2383E-04
# Minimization at step:   152 with Value:     0.0000Tol(Act/Req):0.1871E-02/0.1000E-04
# With parameters(tra.):    -0.1425E-05    0.2845E-07   -0.4615E-06
# With parameters(rot.):     0.4944E-05   -0.2822E-05    0.1183E-04
# Minimization at step:   153 with Value:     0.0000Tol(Act/Req):0.1623E-02/0.1000E-04
# With parameters(tra.):    -0.1326E-05    0.9352E-07   -0.2802E-06
# With parameters(rot.):     0.1985E-05   -0.4196E-05    0.4368E-04
# Minimization at step:   154 with Value:     0.0000Tol(Act/Req):0.1389E-02/0.1000E-04
# With parameters(tra.):    -0.1251E-05    0.2480E-06   -0.4072E-06
# With parameters(rot.):     0.1731E-05   -0.4314E-05    0.4134E-04
# Minimization at step:   155 with Value:     0.0000Tol(Act/Req):0.9648E-03/0.1000E-04
# With parameters(tra.):    -0.1076E-05   -0.8400E-07   -0.6602E-06
# With parameters(rot.):    -0.6325E-06   -0.1472E-05    0.4143E-04
# Minimization at step:   156 with Value:     0.0000Tol(Act/Req):0.8428E-03/0.1000E-04
# With parameters(tra.):    -0.1020E-05   -0.5486E-08   -0.3378E-06
# With parameters(rot.):    -0.1443E-05    0.1648E-05    0.4473E-04
# Minimization at step:   157 with Value:     0.0000Tol(Act/Req):0.8081E-03/0.1000E-04
# With parameters(tra.):    -0.1059E-05    0.8406E-07   -0.2477E-06
# With parameters(rot.):    -0.9197E-06    0.1197E-05    0.4498E-04
# Minimization at step:   158 with Value:     0.0000Tol(Act/Req):0.7662E-03/0.1000E-04
# With parameters(tra.):    -0.9858E-06   -0.4075E-08   -0.2260E-06
# With parameters(rot.):    -0.7675E-06    0.1207E-05    0.5122E-04
# Minimization at step:   159 with Value:     0.0000Tol(Act/Req):0.7246E-03/0.1000E-04
# With parameters(tra.):    -0.9923E-06   -0.4714E-07    0.2000E-06
# With parameters(rot.):    -0.2663E-05    0.6281E-06    0.4035E-04
# Minimization at step:   160 with Value:     0.0000Tol(Act/Req):0.6578E-03/0.1000E-04
# With parameters(tra.):    -0.9466E-06   -0.1374E-06    0.2392E-06
# With parameters(rot.):    -0.2240E-05    0.3152E-05    0.1800E-04
# Minimization at step:   161 with Value:     0.0000Tol(Act/Req):0.6518E-03/0.1000E-04
# With parameters(tra.):    -0.8834E-06   -0.9229E-07    0.2295E-06
# With parameters(rot.):    -0.2698E-05    0.3715E-05    0.1489E-04
# Minimization at step:   162 with Value:     0.0000Tol(Act/Req):0.6257E-03/0.1000E-04
# With parameters(tra.):    -0.8727E-06   -0.8528E-07    0.1255E-06
# With parameters(rot.):    -0.2227E-05    0.4117E-05    0.1548E-04
# Minimization at step:   163 with Value:     0.0000Tol(Act/Req):0.5208E-03/0.1000E-04
# With parameters(tra.):    -0.8799E-06   -0.1904E-06   -0.4244E-07
# With parameters(rot.):    -0.1678E-05    0.1821E-05    0.2429E-05
# Minimization at step:   164 with Value:     0.0000Tol(Act/Req):0.3640E-03/0.1000E-04
# With parameters(tra.):    -0.8858E-06   -0.1722E-06   -0.7569E-07
# With parameters(rot.):    -0.1737E-05    0.1079E-05    0.6718E-05
# Minimization at step:   165 with Value:     0.0000Tol(Act/Req):0.3585E-03/0.1000E-04
# With parameters(tra.):    -0.7063E-06   -0.4046E-06    0.1791E-07
# With parameters(rot.):    -0.1756E-05    0.1056E-05    0.4352E-05
# Minimization at step:   166 with Value:     0.0000Tol(Act/Req):0.3061E-03/0.1000E-04
# With parameters(tra.):    -0.6766E-06   -0.3924E-06    0.2194E-06
# With parameters(rot.):    -0.1180E-05    0.3447E-06   -0.5425E-05
# Minimization at step:   167 with Value:     0.0000Tol(Act/Req):0.2937E-03/0.1000E-04
# With parameters(tra.):    -0.6579E-06   -0.3830E-06    0.2832E-06
# With parameters(rot.):    -0.1276E-05    0.7958E-06   -0.2816E-05
# Minimization at step:   168 with Value:     0.0000Tol(Act/Req):0.2879E-03/0.1000E-04
# With parameters(tra.):    -0.4564E-06   -0.3896E-06    0.2818E-06
# With parameters(rot.):    -0.1717E-05    0.9489E-06   -0.1495E-04
# Minimization at step:   169 with Value:     0.0000Tol(Act/Req):0.2151E-03/0.1000E-04
# With parameters(tra.):    -0.2962E-06   -0.4770E-06    0.1259E-06
# With parameters(rot.):    -0.6052E-06    0.6968E-06   -0.2390E-04
# Minimization at step:   170 with Value:     0.0000Tol(Act/Req):0.2015E-03/0.1000E-04
# With parameters(tra.):    -0.2500E-06   -0.4934E-06    0.1260E-06
# With parameters(rot.):    -0.5403E-06    0.2940E-06   -0.2431E-04
# Minimization at step:   171 with Value:     0.0000Tol(Act/Req):0.2010E-03/0.1000E-04
# With parameters(tra.):    -0.2774E-06   -0.2906E-06    0.6849E-07
# With parameters(rot.):    -0.1163E-06    0.6294E-07   -0.3150E-04
# Minimization at step:   172 with Value:     0.0000Tol(Act/Req):0.1516E-03/0.1000E-04
# With parameters(tra.):    -0.3159E-06   -0.2533E-06    0.1027E-06
# With parameters(rot.):    -0.3536E-06    0.7316E-07   -0.2989E-04
# Minimization at step:   173 with Value:     0.0000Tol(Act/Req):0.1512E-03/0.1000E-04
# With parameters(tra.):    -0.2154E-06   -0.2150E-06   -0.7058E-07
# With parameters(rot.):    -0.4622E-06    0.4567E-06   -0.3153E-04
# Minimization at step:   174 with Value:     0.0000Tol(Act/Req):0.1355E-03/0.1000E-04
# With parameters(tra.):    -0.3063E-06   -0.1663E-06   -0.1576E-06
# With parameters(rot.):     0.1829E-06    0.2188E-06   -0.2658E-04
# Minimization at step:   175 with Value:     0.0000Tol(Act/Req):0.1274E-03/0.1000E-04
# With parameters(tra.):    -0.1517E-06   -0.7523E-07   -0.1770E-06
# With parameters(rot.):     0.4775E-06    0.9288E-06   -0.2928E-04
# Minimization at step:   176 with Value:     0.0000Tol(Act/Req):0.1021E-03/0.1000E-04
# With parameters(tra.):    -0.8240E-07   -0.2062E-06   -0.2013E-06
# With parameters(rot.):     0.2515E-06    0.1448E-05   -0.2135E-04
# Minimization at step:   177 with Value:     0.0000Tol(Act/Req):0.1014E-03/0.1000E-04
# With parameters(tra.):    -0.1385E-06   -0.2415E-06   -0.7153E-07
# With parameters(rot.):     0.5980E-06    0.1395E-05   -0.1632E-04
# Minimization at step:   178 with Value:     0.0000Tol(Act/Req):0.1010E-03/0.1000E-04
# With parameters(tra.):    -0.8909E-08   -0.1902E-06   -0.1371E-06
# With parameters(rot.):     0.1107E-05    0.9571E-06   -0.1447E-04
# Minimization at step:   179 with Value:     0.0000Tol(Act/Req):0.8906E-04/0.1000E-04
# With parameters(tra.):    -0.3567E-07   -0.2225E-06   -0.1289E-06
# With parameters(rot.):     0.1086E-05    0.7819E-06   -0.1256E-04
# Minimization at step:   180 with Value:     0.0000Tol(Act/Req):0.8491E-04/0.1000E-04
# With parameters(tra.):    -0.4910E-07   -0.1912E-06   -0.1168E-06
# With parameters(rot.):     0.1212E-05    0.5965E-06   -0.1381E-04
# Minimization at step:   181 with Value:     0.0000Tol(Act/Req):0.6344E-04/0.1000E-04
# With parameters(tra.):    -0.3711E-07   -0.9569E-07   -0.1215E-06
# With parameters(rot.):     0.1259E-05    0.7913E-06   -0.5237E-05
# Minimization at step:   182 with Value:     0.0000Tol(Act/Req):0.5737E-04/0.1000E-04
# With parameters(tra.):     0.4703E-09   -0.9791E-07   -0.1040E-06
# With parameters(rot.):     0.1242E-05    0.8787E-06   -0.4285E-05
# Minimization at step:   183 with Value:     0.0000Tol(Act/Req):0.5580E-04/0.1000E-04
# With parameters(tra.):    -0.3114E-07   -0.1030E-06   -0.8488E-07
# With parameters(rot.):     0.1125E-05    0.9818E-06   -0.3898E-05
# Minimization at step:   184 with Value:     0.0000Tol(Act/Req):0.3808E-04/0.1000E-04
# With parameters(tra.):    -0.8176E-08   -0.8267E-07   -0.1184E-06
# With parameters(rot.):     0.1083E-05    0.9605E-06   -0.4121E-05
# Minimization at step:   185 with Value:     0.0000Tol(Act/Req):0.3399E-04/0.1000E-04
# With parameters(tra.):    -0.5254E-07   -0.1008E-06   -0.9861E-07
# With parameters(rot.):     0.1039E-05    0.6698E-06    0.2510E-05
# Minimization at step:   186 with Value:     0.0000Tol(Act/Req):0.3126E-04/0.1000E-04
# With parameters(tra.):    -0.8054E-07   -0.7896E-08   -0.6835E-07
# With parameters(rot.):     0.1234E-05    0.3233E-06    0.5451E-05
# Minimization at step:   187 with Value:     0.0000Tol(Act/Req):0.2993E-04/0.1000E-04
# With parameters(tra.):    -0.1070E-06   -0.7411E-07   -0.4588E-07
# With parameters(rot.):     0.1178E-05   -0.2758E-07    0.4417E-06
# Minimization at step:   188 with Value:     0.0000Tol(Act/Req):0.2791E-04/0.1000E-04
# With parameters(tra.):    -0.1022E-06   -0.1028E-06   -0.5157E-07
# With parameters(rot.):     0.1125E-05    0.2980E-07   -0.7107E-06
# Minimization at step:   189 with Value:     0.0000Tol(Act/Req):0.2553E-04/0.1000E-04
# With parameters(tra.):    -0.8116E-07   -0.6037E-07   -0.6985E-07
# With parameters(rot.):     0.1153E-05    0.3073E-06    0.2758E-05
# Minimization at step:   190 with Value:     0.0000Tol(Act/Req):0.2152E-04/0.1000E-04
# With parameters(tra.):    -0.7245E-07   -0.5248E-07   -0.7240E-07
# With parameters(rot.):     0.1174E-05    0.3498E-06    0.1120E-05
# Minimization at step:   191 with Value:     0.0000Tol(Act/Req):0.1936E-04/0.1000E-04
# With parameters(tra.):    -0.2160E-07   -0.4178E-07   -0.2684E-07
# With parameters(rot.):     0.1115E-05    0.3482E-06    0.4827E-05
# Minimization at step:   192 with Value:     0.0000Tol(Act/Req):0.1839E-04/0.1000E-04
# With parameters(tra.):    -0.3661E-07   -0.3924E-07   -0.1243E-07
# With parameters(rot.):     0.1056E-05    0.3469E-06    0.5747E-05
# Minimization at step:   193 with Value:     0.0000Tol(Act/Req):0.1326E-04/0.1000E-04
# With parameters(tra.):    -0.9273E-08    0.2174E-08   -0.3625E-07
# With parameters(rot.):     0.9859E-06    0.1617E-06    0.7880E-05
# Minimization at step:   194 with Value:     0.0000Tol(Act/Req):0.1050E-04/0.1000E-04
# With parameters(tra.):    -0.2096E-07    0.3161E-08   -0.4843E-07
# With parameters(rot.):     0.9897E-06    0.1466E-06    0.7208E-05
# Minimization at step:   195 with Value:     0.0000Tol(Act/Req):0.9992E-05/0.1000E-04
# With parameters(tra.):    -0.1492E-07   -0.3983E-08   -0.2910E-07
# With parameters(rot.):     0.9161E-06   -0.9203E-07    0.6379E-05
# CSM Simplex Values from input minimization.
# Final Number of Simplex optim. Steps:   195
# Final CSM Simplex Value is:      0.00000000000
[molecule] Nrec=   8 Format=nscxyz
  he               1    2    0.99503960D-01   0.99503963D+00   0.99999282D-01
  he               2    2   -0.99496202D-01   0.99504027D+00  -0.10000056D+00
  he               3    2    0.99503970D+00  -0.99503851D-01   0.99999320D-01
  he               4    2    0.99504031D+00   0.99496010D-01  -0.10000082D+00
  he               5    2   -0.99503786D-01  -0.99503959D+00   0.10000083D+00
  he               6    2    0.99496052D-01  -0.99504050D+00  -0.99999334D-01
  he               7    2   -0.99503953D+00   0.99503894D-01   0.10000079D+00
  he               8    2   -0.99504046D+00  -0.99496245D-01  -0.99999072D-01
# Coordinates rotated along X. New coordinates:
[molecule] Nrec=   8 Format=nscxyz
  he               1    2    0.99500000D-01   0.10000000D+00  -0.99504000D+00
  he               2    2   -0.99500000D-01  -0.10000000D+00  -0.99504000D+00
  he               3    2    0.99504000D+00   0.10000000D+00   0.99500000D-01
  he               4    2    0.99504000D+00  -0.10000000D+00  -0.99500000D-01
  he               5    2   -0.99500000D-01   0.10000000D+00   0.99504000D+00
  he               6    2    0.99500000D-01  -0.10000000D+00   0.99504000D+00
  he               7    2   -0.99504000D+00   0.10000000D+00  -0.99500000D-01
  he               8    2   -0.99504000D+00  -0.10000000D+00   0.99500000D-01
# Minimization at step:     0 with Value:     0.0031Tol(Act/Req):0.2000E+01/0.1000E-04
# With parameters(tra.):     0.1429E-01    0.1429E-01    0.1429E-01
# With parameters(rot.):     0.1429E-01    0.1429E-01    0.1429E-01
# Minimization at step:     1 with Value:     0.0023Tol(Act/Req):0.2000E+01/0.1000E-04
# With parameters(tra.):     0.1548E-01    0.7143E-02    0.1548E-01
# With parameters(rot.):     0.1548E-01    0.1548E-01    0.1548E-01
# Minimization at step:     2 with Value:     0.0016Tol(Act/Req):0.2000E+01/0.1000E-04
# With parameters(tra.):     0.8433E-02    0.7738E-02    0.1677E-01
# With parameters(rot.):     0.1677E-01    0.1677E-01    0.1677E-01
# Minimization at step:     3 with Value:     0.0008Tol(Act/Req):0.2000E+01/0.1000E-04
# With parameters(tra.):     0.1054E-01    0.9673E-02   -0.4043E-02
# With parameters(rot.):     0.2096E-01    0.2096E-01    0.2096E-01
# Minimization at step:     4 with Value:     0.0008Tol(Act/Req):0.2000E+01/0.1000E-04
# With parameters(tra.):    -0.2844E-02    0.1151E-01   -0.8399E-02
# With parameters(rot.):     0.2493E-01    0.2493E-01    0.2493E-01
# Minimization at step:     5 with Value:     0.0006Tol(Act/Req):0.2000E+01/0.1000E-04
# With parameters(tra.):    -0.3775E-02    0.8300E-02   -0.9794E-02
# With parameters(rot.):     0.2632E-01    0.2632E-01    0.2632E-01
# Minimization at step:     6 with Value:     0.0006Tol(Act/Req):0.2000E+01/0.1000E-04
# With parameters(tra.):     0.9299E-02    0.5396E-02   -0.5902E-02
# With parameters(rot.):     0.2280E-01    0.2280E-01    0.2280E-01
# Minimization at step:     7 with Value:     0.0006Tol(Act/Req):0.2000E+01/0.1000E-04
# With parameters(tra.):     0.7479E-02    0.2680E-02    0.7351E-02
# With parameters(rot.):     0.2062E-01    0.2062E-01    0.2062E-01
# Minimization at step:     8 with Value:     0.0004Tol(Act/Req):0.2000E+01/0.1000E-04
# With parameters(tra.):     0.4059E-02    0.3180E-02    0.7482E-02
# With parameters(rot.):     0.2132E-01    0.2132E-01    0.2132E-01
# Minimization at step:     9 with Value:     0.0002Tol(Act/Req):0.2000E+01/0.1000E-04
# With parameters(tra.):     0.4229E-02    0.3901E-02    0.4180E-02
# With parameters(rot.):     0.2192E-01    0.2192E-01    0.2192E-01
# Minimization at step:    10 with Value:     0.0002Tol(Act/Req):0.2000E+01/0.1000E-04
# With parameters(tra.):     0.4430E-02    0.1930E-02    0.4647E-02
# With parameters(rot.):     0.2225E-01    0.2225E-01    0.2225E-01
# Minimization at step:    11 with Value:     0.0002Tol(Act/Req):0.2000E+01/0.1000E-04
# With parameters(tra.):    -0.2286E-02    0.2513E-02    0.3965E-02
# With parameters(rot.):     0.2395E-01    0.2395E-01    0.2395E-01
# Minimization at step:    12 with Value:     0.0001Tol(Act/Req):0.2000E+01/0.1000E-04
# With parameters(tra.):    -0.2744E-02    0.2758E-02    0.2296E-02
# With parameters(rot.):     0.2442E-01    0.2442E-01    0.2442E-01
# Minimization at step:    13 with Value:     0.0001Tol(Act/Req):0.2000E+01/0.1000E-04
# With parameters(tra.):    -0.1103E-02    0.2633E-02    0.2327E-02
# With parameters(rot.):     0.2404E-01    0.2404E-01    0.2404E-01
# Minimization at step:    14 with Value:     0.0001Tol(Act/Req):0.2000E+01/0.1000E-04
# With parameters(tra.):    -0.1464E-02    0.1706E-02    0.2368E-02
# With parameters(rot.):     0.2435E-01    0.2435E-01    0.2435E-01
# Minimization at step:    15 with Value:     0.0001Tol(Act/Req):0.2000E+01/0.1000E-04
# With parameters(tra.):    -0.1586E-02    0.1848E-02    0.2565E-02
# With parameters(rot.):     0.2638E-01    0.1804E-01    0.2638E-01
# Minimization at step:    16 with Value:     0.0001Tol(Act/Req):0.2000E+01/0.1000E-04
# With parameters(tra.):    -0.1718E-02    0.2002E-02    0.2779E-02
# With parameters(rot.):     0.2024E-01    0.1955E-01    0.2857E-01
# Minimization at step:    17 with Value:     0.0001Tol(Act/Req):0.2000E+01/0.1000E-04
# With parameters(tra.):    -0.2292E-02    0.2239E-02   -0.3982E-03
# With parameters(rot.):     0.1979E-01    0.1886E-01    0.3090E-01
# Minimization at step:    18 with Value:     0.0000Tol(Act/Req):0.2000E+01/0.1000E-04
# With parameters(tra.):     0.5940E-03    0.1857E-02   -0.1244E-02
# With parameters(rot.):     0.1760E-01    0.1636E-01    0.3241E-01
# Minimization at step:    19 with Value:     0.0000Tol(Act/Req):0.2000E+01/0.1000E-04
# With parameters(tra.):     0.9780E-03    0.1766E-02   -0.5200E-03
# With parameters(rot.):     0.1753E-01    0.1633E-01    0.3196E-01
# Minimization at step:    20 with Value:     0.0000Tol(Act/Req):0.2000E+01/0.1000E-04
# With parameters(tra.):     0.2885E-03    0.1854E-02   -0.2483E-03
# With parameters(rot.):     0.1807E-01    0.1695E-01    0.3154E-01
# Minimization at step:    21 with Value:     0.0000Tol(Act/Req):0.2000E+01/0.1000E-04
# With parameters(tra.):     0.1517E-03    0.5023E-04   -0.1040E-02
# With parameters(rot.):     0.1660E-01    0.1511E-01    0.3456E-01
# Minimization at step:    22 with Value:     0.0000Tol(Act/Req):0.2000E+01/0.1000E-04
# With parameters(tra.):     0.5106E-03   -0.2924E-03   -0.1885E-02
# With parameters(rot.):     0.3120E-02    0.1663E-01    0.4096E-01
# Minimization at step:    23 with Value:     0.0000Tol(Act/Req):0.2000E+01/0.1000E-04
# With parameters(tra.):     0.6243E-03   -0.3997E-03   -0.2157E-02
# With parameters(rot.):     0.2196E-02    0.1336E-01    0.4319E-01
# Minimization at step:    24 with Value:     0.0000Tol(Act/Req):0.1999E+01/0.1000E-04
# With parameters(tra.):     0.3835E-03   -0.1695E-03   -0.1591E-02
# With parameters(rot.):     0.1208E-01    0.1140E-01    0.3895E-01
# Minimization at step:    25 with Value:     0.0000Tol(Act/Req):0.1999E+01/0.1000E-04
# With parameters(tra.):     0.4371E-03    0.2631E-03   -0.1439E-02
# With parameters(rot.):     0.1207E-01    0.1155E-01    0.3856E-01
# Minimization at step:    26 with Value:     0.0000Tol(Act/Req):0.1999E+01/0.1000E-04
# With parameters(tra.):     0.1025E-02   -0.4202E-03   -0.2982E-03
# With parameters(rot.):     0.1011E-01    0.9887E-02    0.3985E-01
# Minimization at step:    27 with Value:     0.0000Tol(Act/Req):0.1999E+01/0.1000E-04
# With parameters(tra.):    -0.1089E-03   -0.1003E-02    0.2286E-03
# With parameters(rot.):     0.8537E-02    0.8776E-02    0.4179E-01
# Minimization at step:    28 with Value:     0.0000Tol(Act/Req):0.1999E+01/0.1000E-04
# With parameters(tra.):    -0.3502E-03   -0.8803E-03   -0.1278E-04
# With parameters(rot.):     0.8896E-02    0.9100E-02    0.4162E-01
# Minimization at step:    29 with Value:     0.0000Tol(Act/Req):0.1999E+01/0.1000E-04
# With parameters(tra.):    -0.8695E-04   -0.7245E-03   -0.1646E-03
# With parameters(rot.):     0.9319E-02    0.9404E-02    0.4113E-01
# Minimization at step:    30 with Value:     0.0000Tol(Act/Req):0.1999E+01/0.1000E-04
# With parameters(tra.):    -0.9662E-04   -0.1047E-02   -0.4477E-04
# With parameters(rot.):     0.9846E-02    0.1545E-02    0.4490E-01
# Minimization at step:    31 with Value:     0.0000Tol(Act/Req):0.1998E+01/0.1000E-04
# With parameters(tra.):    -0.9629E-04   -0.1382E-02    0.5887E-04
# With parameters(rot.):     0.4347E-02    0.6267E-04    0.4850E-01
# Minimization at step:    32 with Value:     0.0000Tol(Act/Req):0.1998E+01/0.1000E-04
# With parameters(tra.):    -0.9384E-04   -0.1329E-02    0.3755E-04
# With parameters(rot.):     0.3757E-02    0.1904E-02    0.4786E-01
# Minimization at step:    33 with Value:     0.0000Tol(Act/Req):0.1997E+01/0.1000E-04
# With parameters(tra.):    -0.1463E-03   -0.1078E-02    0.6346E-03
# With parameters(rot.):     0.1664E-02   -0.2805E-03    0.4960E-01
# Minimization at step:    34 with Value:     0.0000Tol(Act/Req):0.1997E+01/0.1000E-04
# With parameters(tra.):     0.3605E-03   -0.8843E-03    0.5974E-03
# With parameters(rot.):    -0.4168E-04   -0.2899E-02    0.5143E-01
# Minimization at step:    35 with Value:     0.0000Tol(Act/Req):0.1996E+01/0.1000E-04
# With parameters(tra.):     0.2990E-03   -0.8235E-03    0.5275E-03
# With parameters(rot.):    -0.6070E-03   -0.3737E-02    0.5217E-01
# Minimization at step:    36 with Value:     0.0000Tol(Act/Req):0.1995E+01/0.1000E-04
# With parameters(tra.):     0.1672E-03   -0.8669E-03    0.5310E-03
# With parameters(rot.):    -0.2276E-03   -0.3152E-02    0.5177E-01
# Minimization at step:    37 with Value:     0.0000Tol(Act/Req):0.1995E+01/0.1000E-04
# With parameters(tra.):     0.2549E-03   -0.4722E-03    0.6193E-03
# With parameters(rot.):     0.1913E-02   -0.3236E-02    0.5046E-01
# Minimization at step:    38 with Value:     0.0000Tol(Act/Req):0.1994E+01/0.1000E-04
# With parameters(tra.):     0.3760E-03   -0.8092E-04    0.7705E-03
# With parameters(rot.):     0.1188E-03   -0.1266E-02    0.5004E-01
# Minimization at step:    39 with Value:     0.0000Tol(Act/Req):0.1994E+01/0.1000E-04
# With parameters(tra.):     0.5850E-03    0.8414E-04    0.4178E-03
# With parameters(rot.):     0.9988E-03   -0.1385E-03    0.4903E-01
# Minimization at step:    40 with Value:     0.0000Tol(Act/Req):0.1992E+01/0.1000E-04
# With parameters(tra.):     0.5721E-03    0.7277E-07    0.3506E-03
# With parameters(rot.):     0.1521E-02   -0.5369E-03    0.4905E-01
# Minimization at step:    41 with Value:     0.0000Tol(Act/Req):0.1992E+01/0.1000E-04
# With parameters(tra.):     0.5903E-03   -0.2372E-03    0.1728E-03
# With parameters(rot.):    -0.7512E-03    0.4459E-03    0.4989E-01
# Minimization at step:    42 with Value:     0.0000Tol(Act/Req):0.1992E+01/0.1000E-04
# With parameters(tra.):     0.5645E-03    0.7990E-04   -0.8515E-04
# With parameters(rot.):    -0.1930E-02    0.1643E-03    0.5060E-01
# Minimization at step:    43 with Value:     0.0000Tol(Act/Req):0.1991E+01/0.1000E-04
# With parameters(tra.):     0.5578E-03    0.1656E-03   -0.6218E-04
# With parameters(rot.):    -0.1460E-02   -0.1048E-03    0.5045E-01
# Minimization at step:    44 with Value:     0.0000Tol(Act/Req):0.1991E+01/0.1000E-04
# With parameters(tra.):     0.5755E-03   -0.5074E-04    0.1370E-03
# With parameters(rot.):    -0.4587E-03    0.3907E-04    0.4988E-01
# Minimization at step:    45 with Value:     0.0000Tol(Act/Req):0.1991E+01/0.1000E-04
# With parameters(tra.):     0.4479E-03    0.1346E-03    0.1266E-04
# With parameters(rot.):     0.2231E-03    0.2273E-02    0.4845E-01
# Minimization at step:    46 with Value:     0.0000Tol(Act/Req):0.1989E+01/0.1000E-04
# With parameters(tra.):     0.1932E-03   -0.1366E-04    0.2303E-03
# With parameters(rot.):    -0.9154E-03    0.1949E-02    0.4928E-01
# Minimization at step:    47 with Value:     0.0000Tol(Act/Req):0.1988E+01/0.1000E-04
# With parameters(tra.):     0.2039E-03   -0.7235E-04    0.2795E-03
# With parameters(rot.):    -0.1181E-02    0.1363E-02    0.4970E-01
# Minimization at step:    48 with Value:     0.0000Tol(Act/Req):0.1987E+01/0.1000E-04
# With parameters(tra.):     0.2684E-03   -0.4018E-04    0.2292E-03
# With parameters(rot.):    -0.9182E-03    0.1395E-02    0.4953E-01
# Minimization at step:    49 with Value:     0.0000Tol(Act/Req):0.1985E+01/0.1000E-04
# With parameters(tra.):     0.3579E-03   -0.5357E-04    0.3056E-03
# With parameters(rot.):    -0.1224E-02    0.1861E-02    0.3271E-01
# Minimization at step:    50 with Value:     0.0000Tol(Act/Req):0.1981E+01/0.1000E-04
# With parameters(tra.):     0.2608E-03   -0.2396E-03    0.1562E-03
# With parameters(rot.):    -0.1095E-02    0.1863E-02    0.2731E-01
# Minimization at step:    51 with Value:     0.0000Tol(Act/Req):0.1981E+01/0.1000E-04
# With parameters(tra.):     0.1484E-03   -0.2032E-03    0.2750E-03
# With parameters(rot.):    -0.3426E-04    0.1981E-02    0.1929E-01
# Minimization at step:    52 with Value:     0.0000Tol(Act/Req):0.1974E+01/0.1000E-04
# With parameters(tra.):    -0.5769E-05   -0.1098E-03    0.1881E-03
# With parameters(rot.):    -0.5605E-03    0.2532E-02    0.9472E-02
# Minimization at step:    53 with Value:     0.0000Tol(Act/Req):0.1973E+01/0.1000E-04
# With parameters(tra.):     0.3197E-04   -0.6860E-04    0.7382E-04
# With parameters(rot.):     0.8382E-04    0.2975E-02   -0.4223E-02
# Minimization at step:    54 with Value:     0.0000Tol(Act/Req):0.1973E+01/0.1000E-04
# With parameters(tra.):    -0.1756E-04   -0.6650E-04    0.3540E-04
# With parameters(rot.):     0.2693E-03    0.2952E-02   -0.3095E-02
# Minimization at step:    55 with Value:     0.0000Tol(Act/Req):0.1971E+01/0.1000E-04
# With parameters(tra.):    -0.3068E-04   -0.9536E-04    0.3966E-04
# With parameters(rot.):     0.2575E-03    0.2791E-02   -0.7283E-02
# Minimization at step:    56 with Value:     0.0000Tol(Act/Req):0.1967E+01/0.1000E-04
# With parameters(tra.):    -0.7465E-04   -0.1329E-03    0.1169E-03
# With parameters(rot.):    -0.1823E-03    0.2413E-02    0.2224E-02
# Minimization at step:    57 with Value:     0.0000Tol(Act/Req):0.1964E+01/0.1000E-04
# With parameters(tra.):    -0.7832E-04   -0.7752E-04    0.1509E-03
# With parameters(rot.):    -0.1384E-03    0.2458E-02    0.1485E-02
# Minimization at step:    58 with Value:     0.0000Tol(Act/Req):0.1962E+01/0.1000E-04
# With parameters(tra.):    -0.4582E-04   -0.9819E-04    0.1695E-03
# With parameters(rot.):     0.2832E-04    0.2314E-02    0.3273E-02
# Minimization at step:    59 with Value:     0.0000Tol(Act/Req):0.1927E+01/0.1000E-04
# With parameters(tra.):    -0.1009E-04   -0.9924E-04    0.5415E-04
# With parameters(rot.):    -0.7518E-03    0.2309E-02    0.5283E-02
# Minimization at step:    60 with Value:     0.0000Tol(Act/Req):0.1922E+01/0.1000E-04
# With parameters(tra.):    -0.3424E-04   -0.1009E-03    0.3650E-04
# With parameters(rot.):    -0.7442E-03    0.2244E-02    0.6545E-02
# Minimization at step:    61 with Value:     0.0000Tol(Act/Req):0.1915E+01/0.1000E-04
# With parameters(tra.):    -0.6166E-04   -0.1605E-03    0.4398E-04
# With parameters(rot.):    -0.1102E-02    0.1741E-02    0.2779E-02
# Minimization at step:    62 with Value:     0.0000Tol(Act/Req):0.1905E+01/0.1000E-04
# With parameters(tra.):    -0.2802E-04   -0.1446E-03   -0.3179E-04
# With parameters(rot.):    -0.1115E-02    0.1770E-02   -0.3373E-02
# Minimization at step:    63 with Value:     0.0000Tol(Act/Req):0.1903E+01/0.1000E-04
# With parameters(tra.):     0.4290E-04   -0.2015E-03   -0.6169E-04
# With parameters(rot.):    -0.1163E-02    0.1300E-02   -0.2012E-02
# Minimization at step:    64 with Value:     0.0000Tol(Act/Req):0.1903E+01/0.1000E-04
# With parameters(tra.):     0.4040E-04   -0.2102E-03   -0.4524E-04
# With parameters(rot.):    -0.1163E-02    0.1254E-02   -0.3602E-03
# Minimization at step:    65 with Value:     0.0000Tol(Act/Req):0.1899E+01/0.1000E-04
# With parameters(tra.):     0.7264E-04   -0.1436E-03   -0.4249E-04
# With parameters(rot.):    -0.1417E-02    0.9429E-03   -0.2453E-02
# Minimization at step:    66 with Value:     0.0000Tol(Act/Req):0.1897E+01/0.1000E-04
# With parameters(tra.):     0.7639E-04   -0.1577E-03    0.2233E-05
# With parameters(rot.):    -0.1119E-02    0.4906E-03   -0.6372E-02
# Minimization at step:    67 with Value:     0.0000Tol(Act/Req):0.1892E+01/0.1000E-04
# With parameters(tra.):     0.1664E-04   -0.8627E-04    0.5344E-04
# With parameters(rot.):    -0.1057E-02    0.6902E-03   -0.9186E-02
# Minimization at step:    68 with Value:     0.0000Tol(Act/Req):0.1869E+01/0.1000E-04
# With parameters(tra.):     0.7016E-04   -0.1959E-05    0.4912E-04
# With parameters(rot.):    -0.6842E-03    0.8429E-03   -0.9409E-02
# Minimization at step:    69 with Value:     0.0000Tol(Act/Req):0.1858E+01/0.1000E-04
# With parameters(tra.):     0.8956E-04   -0.1279E-04    0.3596E-04
# With parameters(rot.):    -0.6687E-03    0.8057E-03   -0.8724E-02
# Minimization at step:    70 with Value:     0.0000Tol(Act/Req):0.1852E+01/0.1000E-04
# With parameters(tra.):     0.8254E-04    0.1323E-04    0.4824E-06
# With parameters(rot.):    -0.6282E-03    0.1958E-03   -0.1129E-01
# Minimization at step:    71 with Value:     0.0000Tol(Act/Req):0.1837E+01/0.1000E-04
# With parameters(tra.):     0.7019E-04   -0.6583E-05   -0.2490E-05
# With parameters(rot.):    -0.7167E-03    0.1037E-03   -0.1139E-01
# Minimization at step:    72 with Value:     0.0000Tol(Act/Req):0.1833E+01/0.1000E-04
# With parameters(tra.):     0.7092E-04   -0.1474E-04    0.6131E-05
# With parameters(rot.):    -0.7342E-03    0.2485E-03   -0.1076E-01
# Minimization at step:    73 with Value:     0.0000Tol(Act/Req):0.1819E+01/0.1000E-04
# With parameters(tra.):     0.6952E-04    0.6958E-06   -0.4724E-05
# With parameters(rot.):    -0.7767E-03    0.3414E-03   -0.1014E-01
# Minimization at step:    74 with Value:     0.0000Tol(Act/Req):0.1817E+01/0.1000E-04
# With parameters(tra.):     0.7423E-04    0.5359E-04    0.4168E-04
# With parameters(rot.):    -0.6491E-03   -0.5514E-04   -0.1010E-01
# Minimization at step:    75 with Value:     0.0000Tol(Act/Req):0.1815E+01/0.1000E-04
# With parameters(tra.):     0.4253E-04    0.5275E-04    0.6698E-04
# With parameters(rot.):    -0.1391E-03   -0.7687E-04   -0.1056E-01
# Minimization at step:    76 with Value:     0.0000Tol(Act/Req):0.1740E+01/0.1000E-04
# With parameters(tra.):     0.3107E-04    0.1287E-04    0.3850E-04
# With parameters(rot.):    -0.1073E-03    0.2151E-03   -0.1070E-01
# Minimization at step:    77 with Value:     0.0000Tol(Act/Req):0.1713E+01/0.1000E-04
# With parameters(tra.):     0.3804E-04    0.9760E-05    0.2981E-04
# With parameters(rot.):    -0.2322E-03    0.2449E-03   -0.1060E-01
# Minimization at step:    78 with Value:     0.0000Tol(Act/Req):0.1663E+01/0.1000E-04
# With parameters(tra.):     0.5966E-04   -0.4385E-05    0.1429E-05
# With parameters(rot.):    -0.5568E-04   -0.1643E-04   -0.9857E-02
# Minimization at step:    79 with Value:     0.0000Tol(Act/Req):0.1659E+01/0.1000E-04
# With parameters(tra.):     0.5736E-04   -0.1724E-04    0.1710E-04
# With parameters(rot.):     0.1355E-03    0.1849E-03   -0.8291E-02
# Minimization at step:    80 with Value:     0.0000Tol(Act/Req):0.1652E+01/0.1000E-04
# With parameters(tra.):     0.2839E-04   -0.6042E-04    0.1769E-04
# With parameters(rot.):     0.2426E-03    0.2773E-04   -0.7460E-02
# Minimization at step:    81 with Value:     0.0000Tol(Act/Req):0.1594E+01/0.1000E-04
# With parameters(tra.):     0.1189E-04   -0.4992E-04    0.3451E-05
# With parameters(rot.):     0.4974E-03    0.1090E-03   -0.5338E-02
# Minimization at step:    82 with Value:     0.0000Tol(Act/Req):0.1586E+01/0.1000E-04
# With parameters(tra.):     0.2949E-04   -0.1492E-04   -0.5485E-06
# With parameters(rot.):     0.4807E-03    0.2471E-03   -0.5430E-02
# Minimization at step:    83 with Value:     0.0000Tol(Act/Req):0.1514E+01/0.1000E-04
# With parameters(tra.):     0.2157E-04   -0.1226E-04    0.6381E-05
# With parameters(rot.):     0.4813E-03    0.3344E-03   -0.5247E-02
# Minimization at step:    84 with Value:     0.0000Tol(Act/Req):0.1485E+01/0.1000E-04
# With parameters(tra.):     0.2605E-04    0.5950E-05    0.1466E-04
# With parameters(rot.):     0.6563E-03    0.1795E-03   -0.3331E-02
# Minimization at step:    85 with Value:     0.0000Tol(Act/Req):0.1437E+01/0.1000E-04
# With parameters(tra.):     0.3351E-04    0.3268E-06   -0.2177E-05
# With parameters(rot.):     0.6912E-03    0.2078E-03   -0.1361E-02
# Minimization at step:    86 with Value:     0.0000Tol(Act/Req):0.1436E+01/0.1000E-04
# With parameters(tra.):     0.3152E-04   -0.1976E-04   -0.1607E-04
# With parameters(rot.):     0.5278E-03    0.3722E-03   -0.2620E-02
# Minimization at step:    87 with Value:     0.0000Tol(Act/Req):0.1412E+01/0.1000E-04
# With parameters(tra.):     0.4880E-04   -0.2009E-04   -0.1027E-04
# With parameters(rot.):     0.3443E-03    0.3770E-03   -0.3533E-02
# Minimization at step:    88 with Value:     0.0000Tol(Act/Req):0.1410E+01/0.1000E-04
# With parameters(tra.):     0.4825E-04   -0.8177E-05   -0.3506E-04
# With parameters(rot.):     0.2227E-03    0.2398E-03   -0.3512E-02
# Minimization at step:    89 with Value:     0.0000Tol(Act/Req):0.1246E+01/0.1000E-04
# With parameters(tra.):     0.5392E-04    0.9781E-05   -0.2940E-04
# With parameters(rot.):     0.2690E-03    0.8346E-04   -0.2791E-02
# Minimization at step:    90 with Value:     0.0000Tol(Act/Req):0.1192E+01/0.1000E-04
# With parameters(tra.):     0.5033E-04   -0.5323E-05   -0.3635E-04
# With parameters(rot.):     0.2095E-03   -0.6320E-04   -0.1850E-02
# Minimization at step:    91 with Value:     0.0000Tol(Act/Req):0.1135E+01/0.1000E-04
# With parameters(tra.):     0.4407E-04    0.2306E-05   -0.3673E-04
# With parameters(rot.):     0.1201E-03   -0.2116E-04   -0.3514E-03
# Minimization at step:    92 with Value:     0.0000Tol(Act/Req):0.1107E+01/0.1000E-04
# With parameters(tra.):     0.4323E-04   -0.6111E-05   -0.1249E-04
# With parameters(rot.):     0.2075E-03    0.2909E-04    0.6820E-03
# Minimization at step:    93 with Value:     0.0000Tol(Act/Req):0.1083E+01/0.1000E-04
# With parameters(tra.):     0.4150E-04   -0.4508E-05   -0.4700E-05
# With parameters(rot.):     0.2300E-04   -0.4936E-04    0.4922E-04
# Minimization at step:    94 with Value:     0.0000Tol(Act/Req):0.1005E+01/0.1000E-04
# With parameters(tra.):     0.3801E-04   -0.3155E-05   -0.5203E-05
# With parameters(rot.):     0.2681E-04   -0.8571E-04    0.4998E-03
# Minimization at step:    95 with Value:     0.0000Tol(Act/Req):0.9368E+00/0.1000E-04
# With parameters(tra.):     0.3779E-04   -0.8041E-06   -0.1066E-04
# With parameters(rot.):    -0.1009E-04   -0.1078E-03    0.2263E-03
# Minimization at step:    96 with Value:     0.0000Tol(Act/Req):0.8569E+00/0.1000E-04
# With parameters(tra.):     0.3735E-04    0.1165E-04    0.9779E-06
# With parameters(rot.):    -0.2039E-04   -0.8998E-05    0.3921E-04
# Minimization at step:    97 with Value:     0.0000Tol(Act/Req):0.7933E+00/0.1000E-04
# With parameters(tra.):     0.3037E-04    0.3143E-05    0.5738E-05
# With parameters(rot.):    -0.1159E-03    0.4606E-04    0.3862E-03
# Minimization at step:    98 with Value:     0.0000Tol(Act/Req):0.6739E+00/0.1000E-04
# With parameters(tra.):     0.2987E-04    0.3380E-05    0.4661E-05
# With parameters(rot.):    -0.8134E-04    0.7362E-04    0.5725E-03
# Minimization at step:    99 with Value:     0.0000Tol(Act/Req):0.5265E+00/0.1000E-04
# With parameters(tra.):     0.3025E-04    0.1562E-05    0.8206E-05
# With parameters(rot.):    -0.7576E-04    0.7101E-04    0.2749E-03
# Minimization at step:   100 with Value:     0.0000Tol(Act/Req):0.4418E+00/0.1000E-04
# With parameters(tra.):     0.2308E-04    0.4771E-05    0.1080E-04
# With parameters(rot.):    -0.9570E-04    0.5567E-04    0.8945E-03
# Minimization at step:   101 with Value:     0.0000Tol(Act/Req):0.4317E+00/0.1000E-04
# With parameters(tra.):     0.1862E-04   -0.5828E-05    0.6323E-05
# With parameters(rot.):    -0.1139E-03    0.1133E-04    0.1304E-02
# Minimization at step:   102 with Value:     0.0000Tol(Act/Req):0.4200E+00/0.1000E-04
# With parameters(tra.):     0.1691E-04   -0.5071E-05    0.5011E-05
# With parameters(rot.):    -0.1410E-03    0.1020E-04    0.1257E-02
# Minimization at step:   103 with Value:     0.0000Tol(Act/Req):0.3692E+00/0.1000E-04
# With parameters(tra.):     0.1788E-04   -0.2358E-05    0.6022E-05
# With parameters(rot.):    -0.1387E-03    0.2119E-04    0.1151E-02
# Minimization at step:   104 with Value:     0.0000Tol(Act/Req):0.3516E+00/0.1000E-04
# With parameters(tra.):     0.1837E-04    0.1482E-05    0.2944E-05
# With parameters(rot.):    -0.8270E-04   -0.2380E-04    0.1175E-02
# Minimization at step:   105 with Value:     0.0000Tol(Act/Req):0.2936E+00/0.1000E-04
# With parameters(tra.):     0.1716E-04    0.1442E-05    0.2262E-05
# With parameters(rot.):    -0.6555E-04   -0.1814E-04    0.1318E-02
# Minimization at step:   106 with Value:     0.0000Tol(Act/Req):0.2299E+00/0.1000E-04
# With parameters(tra.):     0.1356E-04   -0.2233E-05    0.7371E-05
# With parameters(rot.):    -0.5100E-04   -0.5308E-04    0.1071E-02
# Minimization at step:   107 with Value:     0.0000Tol(Act/Req):0.2135E+00/0.1000E-04
# With parameters(tra.):     0.1517E-04   -0.6708E-05    0.4494E-05
# With parameters(rot.):    -0.2280E-04   -0.7910E-04    0.7161E-03
# Minimization at step:   108 with Value:     0.0000Tol(Act/Req):0.1997E+00/0.1000E-04
# With parameters(tra.):     0.1622E-04   -0.2732E-05    0.6007E-05
# With parameters(rot.):     0.2045E-04   -0.9055E-04    0.3584E-03
# Minimization at step:   109 with Value:     0.0000Tol(Act/Req):0.1972E+00/0.1000E-04
# With parameters(tra.):     0.1501E-04   -0.7977E-05    0.1011E-04
# With parameters(rot.):    -0.1209E-05   -0.6781E-04    0.6270E-04
# Minimization at step:   110 with Value:     0.0000Tol(Act/Req):0.1843E+00/0.1000E-04
# With parameters(tra.):     0.1197E-04   -0.7568E-05    0.9413E-05
# With parameters(rot.):    -0.6905E-05   -0.8902E-04   -0.3064E-03
# Minimization at step:   111 with Value:     0.0000Tol(Act/Req):0.1814E+00/0.1000E-04
# With parameters(tra.):     0.1217E-04   -0.2187E-05    0.5082E-05
# With parameters(rot.):     0.1285E-04   -0.1188E-03   -0.1337E-03
# Minimization at step:   112 with Value:     0.0000Tol(Act/Req):0.1796E+00/0.1000E-04
# With parameters(tra.):     0.9770E-05   -0.5981E-05    0.3261E-05
# With parameters(rot.):    -0.3293E-04   -0.1168E-03    0.6002E-04
# Minimization at step:   113 with Value:     0.0000Tol(Act/Req):0.1772E+00/0.1000E-04
# With parameters(tra.):     0.6359E-05   -0.1265E-05    0.5726E-05
# With parameters(rot.):    -0.6450E-04   -0.1033E-03    0.1957E-03
# Minimization at step:   114 with Value:     0.0000Tol(Act/Req):0.1659E+00/0.1000E-04
# With parameters(tra.):     0.5826E-05   -0.2533E-05    0.6862E-05
# With parameters(rot.):    -0.7588E-04   -0.9460E-04    0.1800E-03
# Minimization at step:   115 with Value:     0.0000Tol(Act/Req):0.1562E+00/0.1000E-04
# With parameters(tra.):    -0.3651E-06   -0.3938E-05    0.7033E-05
# With parameters(rot.):    -0.4501E-04   -0.1088E-03    0.8732E-04
# Minimization at step:   116 with Value:     0.0000Tol(Act/Req):0.1549E+00/0.1000E-04
# With parameters(tra.):    -0.1407E-05   -0.8303E-06    0.1811E-05
# With parameters(rot.):    -0.5757E-04   -0.9237E-04    0.7043E-05
# Minimization at step:   117 with Value:     0.0000Tol(Act/Req):0.1309E+00/0.1000E-04
# With parameters(tra.):    -0.2737E-05    0.4681E-05    0.3149E-05
# With parameters(rot.):    -0.2001E-04   -0.8626E-04   -0.2043E-03
# Minimization at step:   118 with Value:     0.0000Tol(Act/Req):0.1283E+00/0.1000E-04
# With parameters(tra.):    -0.2642E-05    0.3997E-05    0.2318E-05
# With parameters(rot.):    -0.8405E-05   -0.8820E-04   -0.2716E-03
# Minimization at step:   119 with Value:     0.0000Tol(Act/Req):0.1269E+00/0.1000E-04
# With parameters(tra.):     0.1432E-05    0.7035E-05    0.1011E-05
# With parameters(rot.):    -0.2240E-04   -0.7244E-04   -0.2918E-03
# Minimization at step:   120 with Value:     0.0000Tol(Act/Req):0.9720E-01/0.1000E-04
# With parameters(tra.):     0.2112E-05    0.5853E-05    0.4987E-06
# With parameters(rot.):    -0.3200E-04   -0.7282E-04   -0.2462E-03
# Minimization at step:   121 with Value:     0.0000Tol(Act/Req):0.7290E-01/0.1000E-04
# With parameters(tra.):     0.1797E-05    0.6903E-05   -0.1284E-06
# With parameters(rot.):    -0.3314E-04   -0.6794E-04   -0.1797E-03
# Minimization at step:   122 with Value:     0.0000Tol(Act/Req):0.6896E-01/0.1000E-04
# With parameters(tra.):    -0.6118E-06    0.7512E-05   -0.1857E-06
# With parameters(rot.):    -0.4166E-04   -0.4157E-04   -0.3311E-03
# Minimization at step:   123 with Value:     0.0000Tol(Act/Req):0.5500E-01/0.1000E-04
# With parameters(tra.):     0.3684E-06    0.7267E-05    0.3231E-05
# With parameters(rot.):    -0.2826E-04   -0.4115E-04   -0.3554E-03
# Minimization at step:   124 with Value:     0.0000Tol(Act/Req):0.5136E-01/0.1000E-04
# With parameters(tra.):     0.1052E-05    0.7094E-05    0.3530E-05
# With parameters(rot.):    -0.2502E-04   -0.4771E-04   -0.3196E-03
# Minimization at step:   125 with Value:     0.0000Tol(Act/Req):0.4963E-01/0.1000E-04
# With parameters(tra.):    -0.1790E-05    0.5089E-05    0.5241E-05
# With parameters(rot.):    -0.1655E-04   -0.4997E-04   -0.3154E-03
# Minimization at step:   126 with Value:     0.0000Tol(Act/Req):0.4863E-01/0.1000E-04
# With parameters(tra.):    -0.1317E-05    0.4086E-05    0.4553E-05
# With parameters(rot.):     0.3931E-05   -0.4111E-04   -0.4645E-03
# Minimization at step:   127 with Value:     0.0000Tol(Act/Req):0.4141E-01/0.1000E-04
# With parameters(tra.):    -0.1100E-05    0.1133E-05    0.4880E-05
# With parameters(rot.):    -0.3276E-05   -0.3129E-04   -0.4461E-03
# Minimization at step:   128 with Value:     0.0000Tol(Act/Req):0.4075E-01/0.1000E-04
# With parameters(tra.):     0.1973E-05    0.1820E-05    0.3049E-05
# With parameters(rot.):    -0.7313E-05   -0.2280E-04   -0.4939E-03
# Minimization at step:   129 with Value:     0.0000Tol(Act/Req):0.3857E-01/0.1000E-04
# With parameters(tra.):     0.1402E-05    0.2226E-05    0.2853E-05
# With parameters(rot.):    -0.9881E-06    0.2010E-05   -0.4656E-03
# Minimization at step:   130 with Value:     0.0000Tol(Act/Req):0.3413E-01/0.1000E-04
# With parameters(tra.):     0.1835E-05    0.2609E-05    0.2974E-05
# With parameters(rot.):    -0.2311E-04    0.7520E-05   -0.3169E-03
# Minimization at step:   131 with Value:     0.0000Tol(Act/Req):0.3073E-01/0.1000E-04
# With parameters(tra.):    -0.5046E-06    0.2292E-05    0.4329E-05
# With parameters(rot.):    -0.2403E-04    0.8736E-05   -0.2368E-03
# Minimization at step:   132 with Value:     0.0000Tol(Act/Req):0.2809E-01/0.1000E-04
# With parameters(tra.):    -0.1213E-05    0.1171E-05    0.2895E-05
# With parameters(rot.):    -0.2967E-04    0.2100E-04   -0.1950E-03
# Minimization at step:   133 with Value:     0.0000Tol(Act/Req):0.2536E-01/0.1000E-04
# With parameters(tra.):    -0.2299E-05    0.5236E-06    0.2784E-05
# With parameters(rot.):    -0.1472E-04    0.2024E-04   -0.2761E-03
# Minimization at step:   134 with Value:     0.0000Tol(Act/Req):0.2324E-01/0.1000E-04
# With parameters(tra.):    -0.2237E-05   -0.1103E-06    0.2872E-05
# With parameters(rot.):    -0.1224E-04    0.2262E-04   -0.2545E-03
# Minimization at step:   135 with Value:     0.0000Tol(Act/Req):0.1971E-01/0.1000E-04
# With parameters(tra.):    -0.2718E-05   -0.9989E-06    0.3023E-05
# With parameters(rot.):    -0.1980E-04    0.9164E-05   -0.2230E-03
# Minimization at step:   136 with Value:     0.0000Tol(Act/Req):0.1347E-01/0.1000E-04
# With parameters(tra.):    -0.3286E-05    0.6823E-06    0.2314E-05
# With parameters(rot.):    -0.1852E-04    0.1191E-04   -0.1810E-03
# Minimization at step:   137 with Value:     0.0000Tol(Act/Req):0.1151E-01/0.1000E-04
# With parameters(tra.):    -0.2653E-05    0.3573E-06    0.7389E-06
# With parameters(rot.):    -0.1607E-04    0.1216E-04   -0.2157E-03
# Minimization at step:   138 with Value:     0.0000Tol(Act/Req):0.1143E-01/0.1000E-04
# With parameters(tra.):    -0.2661E-05    0.8336E-06    0.9763E-06
# With parameters(rot.):    -0.7778E-05    0.1040E-05   -0.2505E-03
# Minimization at step:   139 with Value:     0.0000Tol(Act/Req):0.1045E-01/0.1000E-04
# With parameters(tra.):    -0.2057E-05    0.1368E-05    0.4474E-06
# With parameters(rot.):    -0.1543E-04   -0.4851E-05   -0.1880E-03
# Minimization at step:   140 with Value:     0.0000Tol(Act/Req):0.9674E-02/0.1000E-04
# With parameters(tra.):    -0.1872E-05    0.5937E-06   -0.1860E-06
# With parameters(rot.):    -0.1153E-04   -0.9242E-05   -0.1227E-03
# Minimization at step:   141 with Value:     0.0000Tol(Act/Req):0.9465E-02/0.1000E-04
# With parameters(tra.):    -0.1804E-05    0.4546E-06   -0.3422E-06
# With parameters(rot.):    -0.1392E-04   -0.7319E-05   -0.1034E-03
# Minimization at step:   142 with Value:     0.0000Tol(Act/Req):0.6999E-02/0.1000E-04
# With parameters(tra.):    -0.1335E-05    0.1262E-05   -0.1259E-05
# With parameters(rot.):    -0.8670E-05   -0.4711E-05   -0.8924E-04
# Minimization at step:   143 with Value:     0.0000Tol(Act/Req):0.6730E-02/0.1000E-04
# With parameters(tra.):    -0.1078E-05    0.1030E-05   -0.1439E-05
# With parameters(rot.):    -0.8062E-05   -0.6555E-05   -0.8861E-04
# Minimization at step:   144 with Value:     0.0000Tol(Act/Req):0.6257E-02/0.1000E-04
# With parameters(tra.):    -0.1355E-05    0.3829E-06   -0.1538E-05
# With parameters(rot.):     0.2048E-05   -0.1232E-05   -0.1180E-03
# Minimization at step:   145 with Value:     0.0000Tol(Act/Req):0.6219E-02/0.1000E-04
# With parameters(tra.):    -0.1555E-05    0.7165E-06   -0.7225E-06
# With parameters(rot.):     0.5637E-05   -0.5944E-05   -0.5069E-04
# Minimization at step:   146 with Value:     0.0000Tol(Act/Req):0.4019E-02/0.1000E-04
# With parameters(tra.):    -0.1502E-05    0.9061E-06   -0.6295E-06
# With parameters(rot.):     0.3408E-05   -0.7668E-05   -0.3772E-04
# Minimization at step:   147 with Value:     0.0000Tol(Act/Req):0.3452E-02/0.1000E-04
# With parameters(tra.):    -0.1448E-05    0.8386E-06   -0.8258E-06
# With parameters(rot.):     0.2325E-05   -0.6633E-05   -0.5347E-04
# Minimization at step:   148 with Value:     0.0000Tol(Act/Req):0.2800E-02/0.1000E-04
# With parameters(tra.):    -0.1194E-05    0.6884E-06   -0.1299E-05
# With parameters(rot.):     0.2967E-05   -0.2557E-05    0.1853E-05
# Minimization at step:   149 with Value:     0.0000Tol(Act/Req):0.2683E-02/0.1000E-04
# With parameters(tra.):    -0.1184E-05    0.8900E-06   -0.1234E-05
# With parameters(rot.):     0.3201E-05   -0.9025E-06   -0.4079E-05
# Minimization at step:   150 with Value:     0.0000Tol(Act/Req):0.2522E-02/0.1000E-04
# With parameters(tra.):    -0.1446E-05    0.2274E-06   -0.6142E-06
# With parameters(rot.):     0.3659E-05   -0.1371E-05    0.1489E-04
# Minimization at step:   151 with Value:     0.0000Tol(Act/Req):0.2286E-02/0.1000E-04
# With parameters(tra.):    -0.1348E-05    0.4456E-07   -0.6353E-06
# With parameters(rot.):     0.4940E-05   -0.1861E-05    0.2383E-04
# Minimization at step:   152 with Value:     0.0000Tol(Act/Req):0.1871E-02/0.1000E-04
# With parameters(tra.):    -0.1425E-05    0.2845E-07   -0.4615E-06
# With parameters(rot.):     0.4944E-05   -0.2822E-05    0.1183E-04
# Minimization at step:   153 with Value:     0.0000Tol(Act/Req):0.1623E-02/0.1000E-04
# With parameters(tra.):    -0.1326E-05    0.9352E-07   -0.2802E-06
# With parameters(rot.):     0.1985E-05   -0.4196E-05    0.4368E-04
# Minimization at step:   154 with Value:     0.0000Tol(Act/Req):0.1389E-02/0.1000E-04
# With parameters(tra.):    -0.1251E-05    0.2480E-06   -0.4072E-06
# With parameters(rot.):     0.1731E-05   -0.4314E-05    0.4134E-04
# Minimization at step:   155 with Value:     0.0000Tol(Act/Req):0.9648E-03/0.1000E-04
# With parameters(tra.):    -0.1076E-05   -0.8400E-07   -0.6602E-06
# With parameters(rot.):    -0.6325E-06   -0.1472E-05    0.4143E-04
# Minimization at step:   156 with Value:     0.0000Tol(Act/Req):0.8428E-03/0.1000E-04
# With parameters(tra.):    -0.1020E-05   -0.5486E-08   -0.3378E-06
# With parameters(rot.):    -0.1443E-05    0.1648E-05    0.4473E-04
# Minimization at step:   157 with Value:     0.0000Tol(Act/Req):0.8081E-03/0.1000E-04
# With parameters(tra.):    -0.1059E-05    0.8406E-07   -0.2477E-06
# With parameters(rot.):    -0.9197E-06    0.1197E-05    0.4498E-04
# Minimization at step:   158 with Value:     0.0000Tol(Act/Req):0.7662E-03/0.1000E-04
# With parameters(tra.):    -0.9858E-06   -0.4075E-08   -0.2260E-06
# With parameters(rot.):    -0.7675E-06    0.1207E-05    0.5122E-04
# Minimization at step:   159 with Value:     0.0000Tol(Act/Req):0.7246E-03/0.1000E-04
# With parameters(tra.):    -0.9923E-06   -0.4714E-07    0.2000E-06
# With parameters(rot.):    -0.2663E-05    0.6281E-06    0.4035E-04
# Minimization at step:   160 with Value:     0.0000Tol(Act/Req):0.6578E-03/0.1000E-04
# With parameters(tra.):    -0.9466E-06   -0.1374E-06    0.2392E-06
# With parameters(rot.):    -0.2240E-05    0.3152E-05    0.1800E-04
# Minimization at step:   161 with Value:     0.0000Tol(Act/Req):0.6518E-03/0.1000E-04
# With parameters(tra.):    -0.8834E-06   -0.9229E-07    0.2295E-06
# With parameters(rot.):    -0.2698E-05    0.3715E-05    0.1489E-04
# Minimization at step:   162 with Value:     0.0000Tol(Act/Req):0.6257E-03/0.1000E-04
# With parameters(tra.):    -0.8727E-06   -0.8528E-07    0.1255E-06
# With parameters(rot.):    -0.2227E-05    0.4117E-05    0.1548E-04
# Minimization at step:   163 with Value:     0.0000Tol(Act/Req):0.5208E-03/0.1000E-04
# With parameters(tra.):    -0.8799E-06   -0.1904E-06   -0.4244E-07
# With parameters(rot.):    -0.1678E-05    0.1821E-05    0.2429E-05
# Minimization at step:   164 with Value:     0.0000Tol(Act/Req):0.3640E-03/0.1000E-04
# With parameters(tra.):    -0.8858E-06   -0.1722E-06   -0.7569E-07
# With parameters(rot.):    -0.1737E-05    0.1079E-05    0.6718E-05
# Minimization at step:   165 with Value:     0.0000Tol(Act/Req):0.3585E-03/0.1000E-04
# With parameters(tra.):    -0.7063E-06   -0.4046E-06    0.1791E-07
# With parameters(rot.):    -0.1756E-05    0.1056E-05    0.4352E-05
# Minimization at step:   166 with Value:     0.0000Tol(Act/Req):0.3061E-03/0.1000E-04
# With parameters(tra.):    -0.6766E-06   -0.3924E-06    0.2194E-06
# With parameters(rot.):    -0.1180E-05    0.3447E-06   -0.5425E-05
# Minimization at step:   167 with Value:     0.0000Tol(Act/Req):0.2937E-03/0.1000E-04
# With parameters(tra.):    -0.6579E-06   -0.3830E-06    0.2832E-06
# With parameters(rot.):    -0.1276E-05    0.7958E-06   -0.2816E-05
# Minimization at step:   168 with Value:     0.0000Tol(Act/Req):0.2879E-03/0.1000E-04
# With parameters(tra.):    -0.4564E-06   -0.3896E-06    0.2818E-06
# With parameters(rot.):    -0.1717E-05    0.9489E-06   -0.1495E-04
# Minimization at step:   169 with Value:     0.0000Tol(Act/Req):0.2151E-03/0.1000E-04
# With parameters(tra.):    -0.2962E-06   -0.4770E-06    0.1259E-06
# With parameters(rot.):    -0.6052E-06    0.6968E-06   -0.2390E-04
# Minimization at step:   170 with Value:     0.0000Tol(Act/Req):0.2015E-03/0.1000E-04
# With parameters(tra.):    -0.2500E-06   -0.4934E-06    0.1260E-06
# With parameters(rot.):    -0.5403E-06    0.2940E-06   -0.2431E-04
# Minimization at step:   171 with Value:     0.0000Tol(Act/Req):0.2010E-03/0.1000E-04
# With parameters(tra.):    -0.2774E-06   -0.2906E-06    0.6849E-07
# With parameters(rot.):    -0.1163E-06    0.6294E-07   -0.3150E-04
# Minimization at step:   172 with Value:     0.0000Tol(Act/Req):0.1516E-03/0.1000E-04
# With parameters(tra.):    -0.3159E-06   -0.2533E-06    0.1027E-06
# With parameters(rot.):    -0.3536E-06    0.7316E-07   -0.2989E-04
# Minimization at step:   173 with Value:     0.0000Tol(Act/Req):0.1512E-03/0.1000E-04
# With parameters(tra.):    -0.2154E-06   -0.2150E-06   -0.7058E-07
# With parameters(rot.):    -0.4622E-06    0.4567E-06   -0.3153E-04
# Minimization at step:   174 with Value:     0.0000Tol(Act/Req):0.1355E-03/0.1000E-04
# With parameters(tra.):    -0.3063E-06   -0.1663E-06   -0.1576E-06
# With parameters(rot.):     0.1829E-06    0.2188E-06   -0.2658E-04
# Minimization at step:   175 with Value:     0.0000Tol(Act/Req):0.1274E-03/0.1000E-04
# With parameters(tra.):    -0.1517E-06   -0.7523E-07   -0.1770E-06
# With parameters(rot.):     0.4775E-06    0.9288E-06   -0.2928E-04
# Minimization at step:   176 with Value:     0.0000Tol(Act/Req):0.1021E-03/0.1000E-04
# With parameters(tra.):    -0.8240E-07   -0.2062E-06   -0.2013E-06
# With parameters(rot.):     0.2515E-06    0.1448E-05   -0.2135E-04
# Minimization at step:   177 with Value:     0.0000Tol(Act/Req):0.1014E-03/0.1000E-04
# With parameters(tra.):    -0.1385E-06   -0.2415E-06   -0.7153E-07
# With parameters(rot.):     0.5980E-06    0.1395E-05   -0.1632E-04
# Minimization at step:   178 with Value:     0.0000Tol(Act/Req):0.1010E-03/0.1000E-04
# With parameters(tra.):    -0.8909E-08   -0.1902E-06   -0.1371E-06
# With parameters(rot.):     0.1107E-05    0.9571E-06   -0.1447E-04
# Minimization at step:   179 with Value:     0.0000Tol(Act/Req):0.8906E-04/0.1000E-04
# With parameters(tra.):    -0.3567E-07   -0.2225E-06   -0.1289E-06
# With parameters(rot.):     0.1086E-05    0.7819E-06   -0.1256E-04
# Minimization at step:   180 with Value:     0.0000Tol(Act/Req):0.8491E-04/0.1000E-04
# With parameters(tra.):    -0.4910E-07   -0.1912E-06   -0.1168E-06
# With parameters(rot.):     0.1212E-05    0.5965E-06   -0.1381E-04
# Minimization at step:   181 with Value:     0.0000Tol(Act/Req):0.6344E-04/0.1000E-04
# With parameters(tra.):    -0.3711E-07   -0.9569E-07   -0.1215E-06
# With parameters(rot.):     0.1259E-05    0.7913E-06   -0.5237E-05
# Minimization at step:   182 with Value:     0.0000Tol(Act/Req):0.5737E-04/0.1000E-04
# With parameters(tra.):     0.4703E-09   -0.9791E-07   -0.1040E-06
# With parameters(rot.):     0.1242E-05    0.8787E-06   -0.4285E-05
# Minimization at step:   183 with Value:     0.0000Tol(Act/Req):0.5580E-04/0.1000E-04
# With parameters(tra.):    -0.3114E-07   -0.1030E-06   -0.8488E-07
# With parameters(rot.):     0.1125E-05    0.9818E-06   -0.3898E-05
# Minimization at step:   184 with Value:     0.0000Tol(Act/Req):0.3808E-04/0.1000E-04
# With parameters(tra.):    -0.8176E-08   -0.8267E-07   -0.1184E-06
# With parameters(rot.):     0.1083E-05    0.9605E-06   -0.4121E-05
# Minimization at step:   185 with Value:     0.0000Tol(Act/Req):0.3399E-04/0.1000E-04
# With parameters(tra.):    -0.5254E-07   -0.1008E-06   -0.9861E-07
# With parameters(rot.):     0.1039E-05    0.6698E-06    0.2510E-05
# Minimization at step:   186 with Value:     0.0000Tol(Act/Req):0.3126E-04/0.1000E-04
# With parameters(tra.):    -0.8054E-07   -0.7896E-08   -0.6835E-07
# With parameters(rot.):     0.1234E-05    0.3233E-06    0.5451E-05
# Minimization at step:   187 with Value:     0.0000Tol(Act/Req):0.2993E-04/0.1000E-04
# With parameters(tra.):    -0.1070E-06   -0.7411E-07   -0.4588E-07
# With parameters(rot.):     0.1178E-05   -0.2758E-07    0.4417E-06
# Minimization at step:   188 with Value:     0.0000Tol(Act/Req):0.2791E-04/0.1000E-04
# With parameters(tra.):    -0.1022E-06   -0.1028E-06   -0.5157E-07
# With parameters(rot.):     0.1125E-05    0.2980E-07   -0.7107E-06
# Minimization at step:   189 with Value:     0.0000Tol(Act/Req):0.2553E-04/0.1000E-04
# With parameters(tra.):    -0.8116E-07   -0.6037E-07   -0.6985E-07
# With parameters(rot.):     0.1153E-05    0.3073E-06    0.2758E-05
# Minimization at step:   190 with Value:     0.0000Tol(Act/Req):0.2152E-04/0.1000E-04
# With parameters(tra.):    -0.7245E-07   -0.5248E-07   -0.7240E-07
# With parameters(rot.):     0.1174E-05    0.3498E-06    0.1120E-05
# Minimization at step:   191 with Value:     0.0000Tol(Act/Req):0.1936E-04/0.1000E-04
# With parameters(tra.):    -0.2160E-07   -0.4178E-07   -0.2684E-07
# With parameters(rot.):     0.1115E-05    0.3482E-06    0.4827E-05
# Minimization at step:   192 with Value:     0.0000Tol(Act/Req):0.1839E-04/0.1000E-04
# With parameters(tra.):    -0.3661E-07   -0.3924E-07   -0.1243E-07
# With parameters(rot.):     0.1056E-05    0.3469E-06    0.5747E-05
# Minimization at step:   193 with Value:     0.0000Tol(Act/Req):0.1326E-04/0.1000E-04
# With parameters(tra.):    -0.9273E-08    0.2174E-08   -0.3625E-07
# With parameters(rot.):     0.9859E-06    0.1617E-06    0.7880E-05
# Minimization at step:   194 with Value:     0.0000Tol(Act/Req):0.1050E-04/0.1000E-04
# With parameters(tra.):    -0.2096E-07    0.3161E-08   -0.4843E-07
# With parameters(rot.):     0.9897E-06    0.1466E-06    0.7208E-05
# Minimization at step:   195 with Value:     0.0000Tol(Act/Req):0.9992E-05/0.1000E-04
# With parameters(tra.):    -0.1492E-07   -0.3983E-08   -0.2910E-07
# With parameters(rot.):     0.9161E-06   -0.9203E-07    0.6379E-05
# CSM Values after x minimization.
# Final Number of optim. Steps:   195
#      Before min is:      0.00266485975
# Final CSM Value is:      0.00000000000
# Coordinates rotated along Y.
[molecule] Nrec=   8 Format=nscxyz
  he               1    2   -0.10000000D+00   0.99504000D+00   0.99500000D-01
  he               2    2    0.10000000D+00   0.99504000D+00  -0.99500000D-01
  he               3    2   -0.10000000D+00  -0.99500000D-01   0.99504000D+00
  he               4    2    0.10000000D+00   0.99500000D-01   0.99504000D+00
  he               5    2   -0.10000000D+00  -0.99504000D+00  -0.99500000D-01
  he               6    2    0.10000000D+00  -0.99504000D+00   0.99500000D-01
  he               7    2   -0.10000000D+00   0.99500000D-01  -0.99504000D+00
  he               8    2    0.10000000D+00  -0.99500000D-01  -0.99504000D+00
# Minimization at step:     0 with Value:     0.0031Tol(Act/Req):0.2000E+01/0.1000E-04
# With parameters(tra.):     0.1429E-01    0.1429E-01    0.1429E-01
# With parameters(rot.):     0.1429E-01    0.1429E-01    0.1429E-01
# Minimization at step:     1 with Value:     0.0023Tol(Act/Req):0.2000E+01/0.1000E-04
# With parameters(tra.):     0.1548E-01    0.7143E-02    0.1548E-01
# With parameters(rot.):     0.1548E-01    0.1548E-01    0.1548E-01
# Minimization at step:     2 with Value:     0.0016Tol(Act/Req):0.2000E+01/0.1000E-04
# With parameters(tra.):     0.8433E-02    0.7738E-02    0.1677E-01
# With parameters(rot.):     0.1677E-01    0.1677E-01    0.1677E-01
# Minimization at step:     3 with Value:     0.0008Tol(Act/Req):0.2000E+01/0.1000E-04
# With parameters(tra.):     0.1054E-01    0.9673E-02   -0.4043E-02
# With parameters(rot.):     0.2096E-01    0.2096E-01    0.2096E-01
# Minimization at step:     4 with Value:     0.0008Tol(Act/Req):0.2000E+01/0.1000E-04
# With parameters(tra.):    -0.2844E-02    0.1151E-01   -0.8399E-02
# With parameters(rot.):     0.2493E-01    0.2493E-01    0.2493E-01
# Minimization at step:     5 with Value:     0.0006Tol(Act/Req):0.2000E+01/0.1000E-04
# With parameters(tra.):    -0.3775E-02    0.8300E-02   -0.9794E-02
# With parameters(rot.):     0.2632E-01    0.2632E-01    0.2632E-01
# Minimization at step:     6 with Value:     0.0006Tol(Act/Req):0.2000E+01/0.1000E-04
# With parameters(tra.):     0.9299E-02    0.5396E-02   -0.5902E-02
# With parameters(rot.):     0.2280E-01    0.2280E-01    0.2280E-01
# Minimization at step:     7 with Value:     0.0006Tol(Act/Req):0.2000E+01/0.1000E-04
# With parameters(tra.):     0.7479E-02    0.2680E-02    0.7351E-02
# With parameters(rot.):     0.2062E-01    0.2062E-01    0.2062E-01
# Minimization at step:     8 with Value:     0.0004Tol(Act/Req):0.2000E+01/0.1000E-04
# With parameters(tra.):     0.4059E-02    0.3180E-02    0.7482E-02
# With parameters(rot.):     0.2132E-01    0.2132E-01    0.2132E-01
# Minimization at step:     9 with Value:     0.0002Tol(Act/Req):0.2000E+01/0.1000E-04
# With parameters(tra.):     0.4229E-02    0.3901E-02    0.4180E-02
# With parameters(rot.):     0.2192E-01    0.2192E-01    0.2192E-01
# Minimization at step:    10 with Value:     0.0002Tol(Act/Req):0.2000E+01/0.1000E-04
# With parameters(tra.):     0.4430E-02    0.1930E-02    0.4647E-02
# With parameters(rot.):     0.2225E-01    0.2225E-01    0.2225E-01
# Minimization at step:    11 with Value:     0.0002Tol(Act/Req):0.2000E+01/0.1000E-04
# With parameters(tra.):    -0.2286E-02    0.2513E-02    0.3965E-02
# With parameters(rot.):     0.2395E-01    0.2395E-01    0.2395E-01
# Minimization at step:    12 with Value:     0.0001Tol(Act/Req):0.2000E+01/0.1000E-04
# With parameters(tra.):    -0.2744E-02    0.2758E-02    0.2296E-02
# With parameters(rot.):     0.2442E-01    0.2442E-01    0.2442E-01
# Minimization at step:    13 with Value:     0.0001Tol(Act/Req):0.2000E+01/0.1000E-04
# With parameters(tra.):    -0.1103E-02    0.2633E-02    0.2327E-02
# With parameters(rot.):     0.2404E-01    0.2404E-01    0.2404E-01
# Minimization at step:    14 with Value:     0.0001Tol(Act/Req):0.2000E+01/0.1000E-04
# With parameters(tra.):    -0.1464E-02    0.1706E-02    0.2368E-02
# With parameters(rot.):     0.2435E-01    0.2435E-01    0.2435E-01
# Minimization at step:    15 with Value:     0.0001Tol(Act/Req):0.2000E+01/0.1000E-04
# With parameters(tra.):    -0.1586E-02    0.1848E-02    0.2565E-02
# With parameters(rot.):     0.2638E-01    0.1804E-01    0.2638E-01
# Minimization at step:    16 with Value:     0.0001Tol(Act/Req):0.2000E+01/0.1000E-04
# With parameters(tra.):    -0.1718E-02    0.2002E-02    0.2779E-02
# With parameters(rot.):     0.2024E-01    0.1955E-01    0.2857E-01
# Minimization at step:    17 with Value:     0.0001Tol(Act/Req):0.2000E+01/0.1000E-04
# With parameters(tra.):    -0.2292E-02    0.2239E-02   -0.3982E-03
# With parameters(rot.):     0.1979E-01    0.1886E-01    0.3090E-01
# Minimization at step:    18 with Value:     0.0000Tol(Act/Req):0.2000E+01/0.1000E-04
# With parameters(tra.):     0.5940E-03    0.1857E-02   -0.1244E-02
# With parameters(rot.):     0.1760E-01    0.1636E-01    0.3241E-01
# Minimization at step:    19 with Value:     0.0000Tol(Act/Req):0.2000E+01/0.1000E-04
# With parameters(tra.):     0.9780E-03    0.1766E-02   -0.5200E-03
# With parameters(rot.):     0.1753E-01    0.1633E-01    0.3196E-01
# Minimization at step:    20 with Value:     0.0000Tol(Act/Req):0.2000E+01/0.1000E-04
# With parameters(tra.):     0.2885E-03    0.1854E-02   -0.2483E-03
# With parameters(rot.):     0.1807E-01    0.1695E-01    0.3154E-01
# Minimization at step:    21 with Value:     0.0000Tol(Act/Req):0.2000E+01/0.1000E-04
# With parameters(tra.):     0.1517E-03    0.5023E-04   -0.1040E-02
# With parameters(rot.):     0.1660E-01    0.1511E-01    0.3456E-01
# Minimization at step:    22 with Value:     0.0000Tol(Act/Req):0.2000E+01/0.1000E-04
# With parameters(tra.):     0.5106E-03   -0.2924E-03   -0.1885E-02
# With parameters(rot.):     0.3120E-02    0.1663E-01    0.4096E-01
# Minimization at step:    23 with Value:     0.0000Tol(Act/Req):0.2000E+01/0.1000E-04
# With parameters(tra.):     0.6243E-03   -0.3997E-03   -0.2157E-02
# With parameters(rot.):     0.2196E-02    0.1336E-01    0.4319E-01
# Minimization at step:    24 with Value:     0.0000Tol(Act/Req):0.1999E+01/0.1000E-04
# With parameters(tra.):     0.3835E-03   -0.1695E-03   -0.1591E-02
# With parameters(rot.):     0.1208E-01    0.1140E-01    0.3895E-01
# Minimization at step:    25 with Value:     0.0000Tol(Act/Req):0.1999E+01/0.1000E-04
# With parameters(tra.):     0.4371E-03    0.2631E-03   -0.1439E-02
# With parameters(rot.):     0.1207E-01    0.1155E-01    0.3856E-01
# Minimization at step:    26 with Value:     0.0000Tol(Act/Req):0.1999E+01/0.1000E-04
# With parameters(tra.):     0.1025E-02   -0.4202E-03   -0.2982E-03
# With parameters(rot.):     0.1011E-01    0.9887E-02    0.3985E-01
# Minimization at step:    27 with Value:     0.0000Tol(Act/Req):0.1999E+01/0.1000E-04
# With parameters(tra.):    -0.1089E-03   -0.1003E-02    0.2286E-03
# With parameters(rot.):     0.8537E-02    0.8776E-02    0.4179E-01
# Minimization at step:    28 with Value:     0.0000Tol(Act/Req):0.1999E+01/0.1000E-04
# With parameters(tra.):    -0.3502E-03   -0.8803E-03   -0.1278E-04
# With parameters(rot.):     0.8896E-02    0.9100E-02    0.4162E-01
# Minimization at step:    29 with Value:     0.0000Tol(Act/Req):0.1999E+01/0.1000E-04
# With parameters(tra.):    -0.8695E-04   -0.7245E-03   -0.1646E-03
# With parameters(rot.):     0.9319E-02    0.9404E-02    0.4113E-01
# Minimization at step:    30 with Value:     0.0000Tol(Act/Req):0.1999E+01/0.1000E-04
# With parameters(tra.):    -0.9662E-04   -0.1047E-02   -0.4477E-04
# With parameters(rot.):     0.9846E-02    0.1545E-02    0.4490E-01
# Minimization at step:    31 with Value:     0.0000Tol(Act/Req):0.1998E+01/0.1000E-04
# With parameters(tra.):    -0.9629E-04   -0.1382E-02    0.5887E-04
# With parameters(rot.):     0.4347E-02    0.6267E-04    0.4850E-01
# Minimization at step:    32 with Value:     0.0000Tol(Act/Req):0.1998E+01/0.1000E-04
# With parameters(tra.):    -0.9384E-04   -0.1329E-02    0.3755E-04
# With parameters(rot.):     0.3757E-02    0.1904E-02    0.4786E-01
# Minimization at step:    33 with Value:     0.0000Tol(Act/Req):0.1997E+01/0.1000E-04
# With parameters(tra.):    -0.1463E-03   -0.1078E-02    0.6346E-03
# With parameters(rot.):     0.1664E-02   -0.2805E-03    0.4960E-01
# Minimization at step:    34 with Value:     0.0000Tol(Act/Req):0.1997E+01/0.1000E-04
# With parameters(tra.):     0.3605E-03   -0.8843E-03    0.5974E-03
# With parameters(rot.):    -0.4168E-04   -0.2899E-02    0.5143E-01
# Minimization at step:    35 with Value:     0.0000Tol(Act/Req):0.1996E+01/0.1000E-04
# With parameters(tra.):     0.2990E-03   -0.8235E-03    0.5275E-03
# With parameters(rot.):    -0.6070E-03   -0.3737E-02    0.5217E-01
# Minimization at step:    36 with Value:     0.0000Tol(Act/Req):0.1995E+01/0.1000E-04
# With parameters(tra.):     0.1672E-03   -0.8669E-03    0.5310E-03
# With parameters(rot.):    -0.2276E-03   -0.3152E-02    0.5177E-01
# Minimization at step:    37 with Value:     0.0000Tol(Act/Req):0.1995E+01/0.1000E-04
# With parameters(tra.):     0.2549E-03   -0.4722E-03    0.6193E-03
# With parameters(rot.):     0.1913E-02   -0.3236E-02    0.5046E-01
# Minimization at step:    38 with Value:     0.0000Tol(Act/Req):0.1994E+01/0.1000E-04
# With parameters(tra.):     0.3760E-03   -0.8092E-04    0.7705E-03
# With parameters(rot.):     0.1188E-03   -0.1266E-02    0.5004E-01
# Minimization at step:    39 with Value:     0.0000Tol(Act/Req):0.1994E+01/0.1000E-04
# With parameters(tra.):     0.5850E-03    0.8414E-04    0.4178E-03
# With parameters(rot.):     0.9988E-03   -0.1385E-03    0.4903E-01
# Minimization at step:    40 with Value:     0.0000Tol(Act/Req):0.1992E+01/0.1000E-04
# With parameters(tra.):     0.5721E-03    0.7277E-07    0.3506E-03
# With parameters(rot.):     0.1521E-02   -0.5369E-03    0.4905E-01
# Minimization at step:    41 with Value:     0.0000Tol(Act/Req):0.1992E+01/0.1000E-04
# With parameters(tra.):     0.5903E-03   -0.2372E-03    0.1728E-03
# With parameters(rot.):    -0.7512E-03    0.4459E-03    0.4989E-01
# Minimization at step:    42 with Value:     0.0000Tol(Act/Req):0.1992E+01/0.1000E-04
# With parameters(tra.):     0.5645E-03    0.7990E-04   -0.8515E-04
# With parameters(rot.):    -0.1930E-02    0.1643E-03    0.5060E-01
# Minimization at step:    43 with Value:     0.0000Tol(Act/Req):0.1991E+01/0.1000E-04
# With parameters(tra.):     0.5578E-03    0.1656E-03   -0.6218E-04
# With parameters(rot.):    -0.1460E-02   -0.1048E-03    0.5045E-01
# Minimization at step:    44 with Value:     0.0000Tol(Act/Req):0.1991E+01/0.1000E-04
# With parameters(tra.):     0.5755E-03   -0.5074E-04    0.1370E-03
# With parameters(rot.):    -0.4587E-03    0.3907E-04    0.4988E-01
# Minimization at step:    45 with Value:     0.0000Tol(Act/Req):0.1991E+01/0.1000E-04
# With parameters(tra.):     0.4479E-03    0.1346E-03    0.1266E-04
# With parameters(rot.):     0.2231E-03    0.2273E-02    0.4845E-01
# Minimization at step:    46 with Value:     0.0000Tol(Act/Req):0.1989E+01/0.1000E-04
# With parameters(tra.):     0.1932E-03   -0.1366E-04    0.2303E-03
# With parameters(rot.):    -0.9154E-03    0.1949E-02    0.4928E-01
# Minimization at step:    47 with Value:     0.0000Tol(Act/Req):0.1988E+01/0.1000E-04
# With parameters(tra.):     0.2039E-03   -0.7235E-04    0.2795E-03
# With parameters(rot.):    -0.1181E-02    0.1363E-02    0.4970E-01
# Minimization at step:    48 with Value:     0.0000Tol(Act/Req):0.1987E+01/0.1000E-04
# With parameters(tra.):     0.2684E-03   -0.4018E-04    0.2292E-03
# With parameters(rot.):    -0.9182E-03    0.1395E-02    0.4953E-01
# Minimization at step:    49 with Value:     0.0000Tol(Act/Req):0.1985E+01/0.1000E-04
# With parameters(tra.):     0.3579E-03   -0.5357E-04    0.3056E-03
# With parameters(rot.):    -0.1224E-02    0.1861E-02    0.3271E-01
# Minimization at step:    50 with Value:     0.0000Tol(Act/Req):0.1981E+01/0.1000E-04
# With parameters(tra.):     0.2608E-03   -0.2396E-03    0.1562E-03
# With parameters(rot.):    -0.1095E-02    0.1863E-02    0.2731E-01
# Minimization at step:    51 with Value:     0.0000Tol(Act/Req):0.1981E+01/0.1000E-04
# With parameters(tra.):     0.1484E-03   -0.2032E-03    0.2750E-03
# With parameters(rot.):    -0.3426E-04    0.1981E-02    0.1929E-01
# Minimization at step:    52 with Value:     0.0000Tol(Act/Req):0.1974E+01/0.1000E-04
# With parameters(tra.):    -0.5769E-05   -0.1098E-03    0.1881E-03
# With parameters(rot.):    -0.5605E-03    0.2532E-02    0.9472E-02
# Minimization at step:    53 with Value:     0.0000Tol(Act/Req):0.1973E+01/0.1000E-04
# With parameters(tra.):     0.3197E-04   -0.6860E-04    0.7382E-04
# With parameters(rot.):     0.8382E-04    0.2975E-02   -0.4223E-02
# Minimization at step:    54 with Value:     0.0000Tol(Act/Req):0.1973E+01/0.1000E-04
# With parameters(tra.):    -0.1756E-04   -0.6650E-04    0.3540E-04
# With parameters(rot.):     0.2693E-03    0.2952E-02   -0.3095E-02
# Minimization at step:    55 with Value:     0.0000Tol(Act/Req):0.1971E+01/0.1000E-04
# With parameters(tra.):    -0.3068E-04   -0.9536E-04    0.3966E-04
# With parameters(rot.):     0.2575E-03    0.2791E-02   -0.7283E-02
# Minimization at step:    56 with Value:     0.0000Tol(Act/Req):0.1967E+01/0.1000E-04
# With parameters(tra.):    -0.7465E-04   -0.1329E-03    0.1169E-03
# With parameters(rot.):    -0.1823E-03    0.2413E-02    0.2224E-02
# Minimization at step:    57 with Value:     0.0000Tol(Act/Req):0.1964E+01/0.1000E-04
# With parameters(tra.):    -0.7832E-04   -0.7752E-04    0.1509E-03
# With parameters(rot.):    -0.1384E-03    0.2458E-02    0.1485E-02
# Minimization at step:    58 with Value:     0.0000Tol(Act/Req):0.1962E+01/0.1000E-04
# With parameters(tra.):    -0.4582E-04   -0.9819E-04    0.1695E-03
# With parameters(rot.):     0.2832E-04    0.2314E-02    0.3273E-02
# Minimization at step:    59 with Value:     0.0000Tol(Act/Req):0.1927E+01/0.1000E-04
# With parameters(tra.):    -0.1009E-04   -0.9924E-04    0.5415E-04
# With parameters(rot.):    -0.7518E-03    0.2309E-02    0.5283E-02
# Minimization at step:    60 with Value:     0.0000Tol(Act/Req):0.1922E+01/0.1000E-04
# With parameters(tra.):    -0.3424E-04   -0.1009E-03    0.3650E-04
# With parameters(rot.):    -0.7442E-03    0.2244E-02    0.6545E-02
# Minimization at step:    61 with Value:     0.0000Tol(Act/Req):0.1915E+01/0.1000E-04
# With parameters(tra.):    -0.6166E-04   -0.1605E-03    0.4398E-04
# With parameters(rot.):    -0.1102E-02    0.1741E-02    0.2779E-02
# Minimization at step:    62 with Value:     0.0000Tol(Act/Req):0.1905E+01/0.1000E-04
# With parameters(tra.):    -0.2802E-04   -0.1446E-03   -0.3179E-04
# With parameters(rot.):    -0.1115E-02    0.1770E-02   -0.3373E-02
# Minimization at step:    63 with Value:     0.0000Tol(Act/Req):0.1903E+01/0.1000E-04
# With parameters(tra.):     0.4290E-04   -0.2015E-03   -0.6169E-04
# With parameters(rot.):    -0.1163E-02    0.1300E-02   -0.2012E-02
# Minimization at step:    64 with Value:     0.0000Tol(Act/Req):0.1903E+01/0.1000E-04
# With parameters(tra.):     0.4040E-04   -0.2102E-03   -0.4524E-04
# With parameters(rot.):    -0.1163E-02    0.1254E-02   -0.3602E-03
# Minimization at step:    65 with Value:     0.0000Tol(Act/Req):0.1899E+01/0.1000E-04
# With parameters(tra.):     0.7264E-04   -0.1436E-03   -0.4249E-04
# With parameters(rot.):    -0.1417E-02    0.9429E-03   -0.2453E-02
# Minimization at step:    66 with Value:     0.0000Tol(Act/Req):0.1897E+01/0.1000E-04
# With parameters(tra.):     0.7639E-04   -0.1577E-03    0.2233E-05
# With parameters(rot.):    -0.1119E-02    0.4906E-03   -0.6372E-02
# Minimization at step:    67 with Value:     0.0000Tol(Act/Req):0.1892E+01/0.1000E-04
# With parameters(tra.):     0.1664E-04   -0.8627E-04    0.5344E-04
# With parameters(rot.):    -0.1057E-02    0.6902E-03   -0.9186E-02
# Minimization at step:    68 with Value:     0.0000Tol(Act/Req):0.1869E+01/0.1000E-04
# With parameters(tra.):     0.7016E-04   -0.1959E-05    0.4912E-04
# With parameters(rot.):    -0.6842E-03    0.8429E-03   -0.9409E-02
# Minimization at step:    69 with Value:     0.0000Tol(Act/Req):0.1858E+01/0.1000E-04
# With parameters(tra.):     0.8956E-04   -0.1279E-04    0.3596E-04
# With parameters(rot.):    -0.6687E-03    0.8057E-03   -0.8724E-02
# Minimization at step:    70 with Value:     0.0000Tol(Act/Req):0.1852E+01/0.1000E-04
# With parameters(tra.):     0.8254E-04    0.1323E-04    0.4824E-06
# With parameters(rot.):    -0.6282E-03    0.1958E-03   -0.1129E-01
# Minimization at step:    71 with Value:     0.0000Tol(Act/Req):0.1837E+01/0.1000E-04
# With parameters(tra.):     0.7019E-04   -0.6583E-05   -0.2490E-05
# With parameters(rot.):    -0.7167E-03    0.1037E-03   -0.1139E-01
# Minimization at step:    72 with Value:     0.0000Tol(Act/Req):0.1833E+01/0.1000E-04
# With parameters(tra.):     0.7092E-04   -0.1474E-04    0.6131E-05
# With parameters(rot.):    -0.7342E-03    0.2485E-03   -0.1076E-01
# Minimization at step:    73 with Value:     0.0000Tol(Act/Req):0.1819E+01/0.1000E-04
# With parameters(tra.):     0.6952E-04    0.6958E-06   -0.4724E-05
# With parameters(rot.):    -0.7767E-03    0.3414E-03   -0.1014E-01
# Minimization at step:    74 with Value:     0.0000Tol(Act/Req):0.1817E+01/0.1000E-04
# With parameters(tra.):     0.7423E-04    0.5359E-04    0.4168E-04
# With parameters(rot.):    -0.6491E-03   -0.5514E-04   -0.1010E-01
# Minimization at step:    75 with Value:     0.0000Tol(Act/Req):0.1815E+01/0.1000E-04
# With parameters(tra.):     0.4253E-04    0.5275E-04    0.6698E-04
# With parameters(rot.):    -0.1391E-03   -0.7687E-04   -0.1056E-01
# Minimization at step:    76 with Value:     0.0000Tol(Act/Req):0.1740E+01/0.1000E-04
# With parameters(tra.):     0.3107E-04    0.1287E-04    0.3850E-04
# With parameters(rot.):    -0.1073E-03    0.2151E-03   -0.1070E-01
# Minimization at step:    77 with Value:     0.0000Tol(Act/Req):0.1713E+01/0.1000E-04
# With parameters(tra.):     0.3804E-04    0.9760E-05    0.2981E-04
# With parameters(rot.):    -0.2322E-03    0.2449E-03   -0.1060E-01
# Minimization at step:    78 with Value:     0.0000Tol(Act/Req):0.1663E+01/0.1000E-04
# With parameters(tra.):     0.5966E-04   -0.4385E-05    0.1429E-05
# With parameters(rot.):    -0.5568E-04   -0.1643E-04   -0.9857E-02
# Minimization at step:    79 with Value:     0.0000Tol(Act/Req):0.1659E+01/0.1000E-04
# With parameters(tra.):     0.5736E-04   -0.1724E-04    0.1710E-04
# With parameters(rot.):     0.1355E-03    0.1849E-03   -0.8291E-02
# Minimization at step:    80 with Value:     0.0000Tol(Act/Req):0.1652E+01/0.1000E-04
# With parameters(tra.):     0.2839E-04   -0.6042E-04    0.1769E-04
# With parameters(rot.):     0.2426E-03    0.2773E-04   -0.7460E-02
# Minimization at step:    81 with Value:     0.0000Tol(Act/Req):0.1594E+01/0.1000E-04
# With parameters(tra.):     0.1189E-04   -0.4992E-04    0.3451E-05
# With parameters(rot.):     0.4974E-03    0.1090E-03   -0.5338E-02
# Minimization at step:    82 with Value:     0.0000Tol(Act/Req):0.1586E+01/0.1000E-04
# With parameters(tra.):     0.2949E-04   -0.1492E-04   -0.5485E-06
# With parameters(rot.):     0.4807E-03    0.2471E-03   -0.5430E-02
# Minimization at step:    83 with Value:     0.0000Tol(Act/Req):0.1514E+01/0.1000E-04
# With parameters(tra.):     0.2157E-04   -0.1226E-04    0.6381E-05
# With parameters(rot.):     0.4813E-03    0.3344E-03   -0.5247E-02
# Minimization at step:    84 with Value:     0.0000Tol(Act/Req):0.1485E+01/0.1000E-04
# With parameters(tra.):     0.2605E-04    0.5950E-05    0.1466E-04
# With parameters(rot.):     0.6563E-03    0.1795E-03   -0.3331E-02
# Minimization at step:    85 with Value:     0.0000Tol(Act/Req):0.1437E+01/0.1000E-04
# With parameters(tra.):     0.3351E-04    0.3268E-06   -0.2177E-05
# With parameters(rot.):     0.6912E-03    0.2078E-03   -0.1361E-02
# Minimization at step:    86 with Value:     0.0000Tol(Act/Req):0.1436E+01/0.1000E-04
# With parameters(tra.):     0.3152E-04   -0.1976E-04   -0.1607E-04
# With parameters(rot.):     0.5278E-03    0.3722E-03   -0.2620E-02
# Minimization at step:    87 with Value:     0.0000Tol(Act/Req):0.1412E+01/0.1000E-04
# With parameters(tra.):     0.4880E-04   -0.2009E-04   -0.1027E-04
# With parameters(rot.):     0.3443E-03    0.3770E-03   -0.3533E-02
# Minimization at step:    88 with Value:     0.0000Tol(Act/Req):0.1410E+01/0.1000E-04
# With parameters(tra.):     0.4825E-04   -0.8177E-05   -0.3506E-04
# With parameters(rot.):     0.2227E-03    0.2398E-03   -0.3512E-02
# Minimization at step:    89 with Value:     0.0000Tol(Act/Req):0.1246E+01/0.1000E-04
# With parameters(tra.):     0.5392E-04    0.9781E-05   -0.2940E-04
# With parameters(rot.):     0.2690E-03    0.8346E-04   -0.2791E-02
# Minimization at step:    90 with Value:     0.0000Tol(Act/Req):0.1192E+01/0.1000E-04
# With parameters(tra.):     0.5033E-04   -0.5323E-05   -0.3635E-04
# With parameters(rot.):     0.2095E-03   -0.6320E-04   -0.1850E-02
# Minimization at step:    91 with Value:     0.0000Tol(Act/Req):0.1135E+01/0.1000E-04
# With parameters(tra.):     0.4407E-04    0.2306E-05   -0.3673E-04
# With parameters(rot.):     0.1201E-03   -0.2116E-04   -0.3514E-03
# Minimization at step:    92 with Value:     0.0000Tol(Act/Req):0.1107E+01/0.1000E-04
# With parameters(tra.):     0.4323E-04   -0.6111E-05   -0.1249E-04
# With parameters(rot.):     0.2075E-03    0.2909E-04    0.6820E-03
# Minimization at step:    93 with Value:     0.0000Tol(Act/Req):0.1083E+01/0.1000E-04
# With parameters(tra.):     0.4150E-04   -0.4508E-05   -0.4700E-05
# With parameters(rot.):     0.2300E-04   -0.4936E-04    0.4922E-04
# Minimization at step:    94 with Value:     0.0000Tol(Act/Req):0.1005E+01/0.1000E-04
# With parameters(tra.):     0.3801E-04   -0.3155E-05   -0.5203E-05
# With parameters(rot.):     0.2681E-04   -0.8571E-04    0.4998E-03
# Minimization at step:    95 with Value:     0.0000Tol(Act/Req):0.9368E+00/0.1000E-04
# With parameters(tra.):     0.3779E-04   -0.8041E-06   -0.1066E-04
# With parameters(rot.):    -0.1009E-04   -0.1078E-03    0.2263E-03
# Minimization at step:    96 with Value:     0.0000Tol(Act/Req):0.8569E+00/0.1000E-04
# With parameters(tra.):     0.3735E-04    0.1165E-04    0.9779E-06
# With parameters(rot.):    -0.2039E-04   -0.8998E-05    0.3921E-04
# Minimization at step:    97 with Value:     0.0000Tol(Act/Req):0.7933E+00/0.1000E-04
# With parameters(tra.):     0.3037E-04    0.3143E-05    0.5738E-05
# With parameters(rot.):    -0.1159E-03    0.4606E-04    0.3862E-03
# Minimization at step:    98 with Value:     0.0000Tol(Act/Req):0.6739E+00/0.1000E-04
# With parameters(tra.):     0.2987E-04    0.3380E-05    0.4661E-05
# With parameters(rot.):    -0.8134E-04    0.7362E-04    0.5725E-03
# Minimization at step:    99 with Value:     0.0000Tol(Act/Req):0.5265E+00/0.1000E-04
# With parameters(tra.):     0.3025E-04    0.1562E-05    0.8206E-05
# With parameters(rot.):    -0.7576E-04    0.7101E-04    0.2749E-03
# Minimization at step:   100 with Value:     0.0000Tol(Act/Req):0.4418E+00/0.1000E-04
# With parameters(tra.):     0.2308E-04    0.4771E-05    0.1080E-04
# With parameters(rot.):    -0.9570E-04    0.5567E-04    0.8945E-03
# Minimization at step:   101 with Value:     0.0000Tol(Act/Req):0.4317E+00/0.1000E-04
# With parameters(tra.):     0.1862E-04   -0.5828E-05    0.6323E-05
# With parameters(rot.):    -0.1139E-03    0.1133E-04    0.1304E-02
# Minimization at step:   102 with Value:     0.0000Tol(Act/Req):0.4200E+00/0.1000E-04
# With parameters(tra.):     0.1691E-04   -0.5071E-05    0.5011E-05
# With parameters(rot.):    -0.1410E-03    0.1020E-04    0.1257E-02
# Minimization at step:   103 with Value:     0.0000Tol(Act/Req):0.3692E+00/0.1000E-04
# With parameters(tra.):     0.1788E-04   -0.2358E-05    0.6022E-05
# With parameters(rot.):    -0.1387E-03    0.2119E-04    0.1151E-02
# Minimization at step:   104 with Value:     0.0000Tol(Act/Req):0.3516E+00/0.1000E-04
# With parameters(tra.):     0.1837E-04    0.1482E-05    0.2944E-05
# With parameters(rot.):    -0.8270E-04   -0.2380E-04    0.1175E-02
# Minimization at step:   105 with Value:     0.0000Tol(Act/Req):0.2936E+00/0.1000E-04
# With parameters(tra.):     0.1716E-04    0.1442E-05    0.2262E-05
# With parameters(rot.):    -0.6555E-04   -0.1814E-04    0.1318E-02
# Minimization at step:   106 with Value:     0.0000Tol(Act/Req):0.2299E+00/0.1000E-04
# With parameters(tra.):     0.1356E-04   -0.2233E-05    0.7371E-05
# With parameters(rot.):    -0.5100E-04   -0.5308E-04    0.1071E-02
# Minimization at step:   107 with Value:     0.0000Tol(Act/Req):0.2135E+00/0.1000E-04
# With parameters(tra.):     0.1517E-04   -0.6708E-05    0.4494E-05
# With parameters(rot.):    -0.2280E-04   -0.7910E-04    0.7161E-03
# Minimization at step:   108 with Value:     0.0000Tol(Act/Req):0.1997E+00/0.1000E-04
# With parameters(tra.):     0.1622E-04   -0.2732E-05    0.6007E-05
# With parameters(rot.):     0.2045E-04   -0.9055E-04    0.3584E-03
# Minimization at step:   109 with Value:     0.0000Tol(Act/Req):0.1972E+00/0.1000E-04
# With parameters(tra.):     0.1501E-04   -0.7977E-05    0.1011E-04
# With parameters(rot.):    -0.1209E-05   -0.6781E-04    0.6270E-04
# Minimization at step:   110 with Value:     0.0000Tol(Act/Req):0.1843E+00/0.1000E-04
# With parameters(tra.):     0.1197E-04   -0.7568E-05    0.9413E-05
# With parameters(rot.):    -0.6905E-05   -0.8902E-04   -0.3064E-03
# Minimization at step:   111 with Value:     0.0000Tol(Act/Req):0.1814E+00/0.1000E-04
# With parameters(tra.):     0.1217E-04   -0.2187E-05    0.5082E-05
# With parameters(rot.):     0.1285E-04   -0.1188E-03   -0.1337E-03
# Minimization at step:   112 with Value:     0.0000Tol(Act/Req):0.1796E+00/0.1000E-04
# With parameters(tra.):     0.9770E-05   -0.5981E-05    0.3261E-05
# With parameters(rot.):    -0.3293E-04   -0.1168E-03    0.6002E-04
# Minimization at step:   113 with Value:     0.0000Tol(Act/Req):0.1772E+00/0.1000E-04
# With parameters(tra.):     0.6359E-05   -0.1265E-05    0.5726E-05
# With parameters(rot.):    -0.6450E-04   -0.1033E-03    0.1957E-03
# Minimization at step:   114 with Value:     0.0000Tol(Act/Req):0.1659E+00/0.1000E-04
# With parameters(tra.):     0.5826E-05   -0.2533E-05    0.6862E-05
# With parameters(rot.):    -0.7588E-04   -0.9460E-04    0.1800E-03
# Minimization at step:   115 with Value:     0.0000Tol(Act/Req):0.1562E+00/0.1000E-04
# With parameters(tra.):    -0.3651E-06   -0.3938E-05    0.7033E-05
# With parameters(rot.):    -0.4501E-04   -0.1088E-03    0.8732E-04
# Minimization at step:   116 with Value:     0.0000Tol(Act/Req):0.1549E+00/0.1000E-04
# With parameters(tra.):    -0.1407E-05   -0.8303E-06    0.1811E-05
# With parameters(rot.):    -0.5757E-04   -0.9237E-04    0.7043E-05
# Minimization at step:   117 with Value:     0.0000Tol(Act/Req):0.1309E+00/0.1000E-04
# With parameters(tra.):    -0.2737E-05    0.4681E-05    0.3149E-05
# With parameters(rot.):    -0.2001E-04   -0.8626E-04   -0.2043E-03
# Minimization at step:   118 with Value:     0.0000Tol(Act/Req):0.1283E+00/0.1000E-04
# With parameters(tra.):    -0.2642E-05    0.3997E-05    0.2318E-05
# With parameters(rot.):    -0.8405E-05   -0.8820E-04   -0.2716E-03
# Minimization at step:   119 with Value:     0.0000Tol(Act/Req):0.1269E+00/0.1000E-04
# With parameters(tra.):     0.1432E-05    0.7035E-05    0.1011E-05
# With parameters(rot.):    -0.2240E-04   -0.7244E-04   -0.2918E-03
# Minimization at step:   120 with Value:     0.0000Tol(Act/Req):0.9720E-01/0.1000E-04
# With parameters(tra.):     0.2112E-05    0.5853E-05    0.4987E-06
# With parameters(rot.):    -0.3200E-04   -0.7282E-04   -0.2462E-03
# Minimization at step:   121 with Value:     0.0000Tol(Act/Req):0.7290E-01/0.1000E-04
# With parameters(tra.):     0.1797E-05    0.6903E-05   -0.1284E-06
# With parameters(rot.):    -0.3314E-04   -0.6794E-04   -0.1797E-03
# Minimization at step:   122 with Value:     0.0000Tol(Act/Req):0.6896E-01/0.1000E-04
# With parameters(tra.):    -0.6118E-06    0.7512E-05   -0.1857E-06
# With parameters(rot.):    -0.4166E-04   -0.4157E-04   -0.3311E-03
# Minimization at step:   123 with Value:     0.0000Tol(Act/Req):0.5500E-01/0.1000E-04
# With parameters(tra.):     0.3684E-06    0.7267E-05    0.3231E-05
# With parameters(rot.):    -0.2826E-04   -0.4115E-04   -0.3554E-03
# Minimization at step:   124 with Value:     0.0000Tol(Act/Req):0.5136E-01/0.1000E-04
# With parameters(tra.):     0.1052E-05    0.7094E-05    0.3530E-05
# With parameters(rot.):    -0.2502E-04   -0.4771E-04   -0.3196E-03
# Minimization at step:   125 with Value:     0.0000Tol(Act/Req):0.4963E-01/0.1000E-04
# With parameters(tra.):    -0.1790E-05    0.5089E-05    0.5241E-05
# With parameters(rot.):    -0.1655E-04   -0.4997E-04   -0.3154E-03
# Minimization at step:   126 with Value:     0.0000Tol(Act/Req):0.4863E-01/0.1000E-04
# With parameters(tra.):    -0.1317E-05    0.4086E-05    0.4553E-05
# With parameters(rot.):     0.3931E-05   -0.4111E-04   -0.4645E-03
# Minimization at step:   127 with Value:     0.0000Tol(Act/Req):0.4141E-01/0.1000E-04
# With parameters(tra.):    -0.1100E-05    0.1133E-05    0.4880E-05
# With parameters(rot.):    -0.3276E-05   -0.3129E-04   -0.4461E-03
# Minimization at step:   128 with Value:     0.0000Tol(Act/Req):0.4075E-01/0.1000E-04
# With parameters(tra.):     0.1973E-05    0.1820E-05    0.3049E-05
# With parameters(rot.):    -0.7313E-05   -0.2280E-04   -0.4939E-03
# Minimization at step:   129 with Value:     0.0000Tol(Act/Req):0.3857E-01/0.1000E-04
# With parameters(tra.):     0.1402E-05    0.2226E-05    0.2853E-05
# With parameters(rot.):    -0.9881E-06    0.2010E-05   -0.4656E-03
# Minimization at step:   130 with Value:     0.0000Tol(Act/Req):0.3413E-01/0.1000E-04
# With parameters(tra.):     0.1835E-05    0.2609E-05    0.2974E-05
# With parameters(rot.):    -0.2311E-04    0.7520E-05   -0.3169E-03
# Minimization at step:   131 with Value:     0.0000Tol(Act/Req):0.3073E-01/0.1000E-04
# With parameters(tra.):    -0.5046E-06    0.2292E-05    0.4329E-05
# With parameters(rot.):    -0.2403E-04    0.8736E-05   -0.2368E-03
# Minimization at step:   132 with Value:     0.0000Tol(Act/Req):0.2809E-01/0.1000E-04
# With parameters(tra.):    -0.1213E-05    0.1171E-05    0.2895E-05
# With parameters(rot.):    -0.2967E-04    0.2100E-04   -0.1950E-03
# Minimization at step:   133 with Value:     0.0000Tol(Act/Req):0.2536E-01/0.1000E-04
# With parameters(tra.):    -0.2299E-05    0.5236E-06    0.2784E-05
# With parameters(rot.):    -0.1472E-04    0.2024E-04   -0.2761E-03
# Minimization at step:   134 with Value:     0.0000Tol(Act/Req):0.2324E-01/0.1000E-04
# With parameters(tra.):    -0.2237E-05   -0.1103E-06    0.2872E-05
# With parameters(rot.):    -0.1224E-04    0.2262E-04   -0.2545E-03
# Minimization at step:   135 with Value:     0.0000Tol(Act/Req):0.1971E-01/0.1000E-04
# With parameters(tra.):    -0.2718E-05   -0.9989E-06    0.3023E-05
# With parameters(rot.):    -0.1980E-04    0.9164E-05   -0.2230E-03
# Minimization at step:   136 with Value:     0.0000Tol(Act/Req):0.1347E-01/0.1000E-04
# With parameters(tra.):    -0.3286E-05    0.6823E-06    0.2314E-05
# With parameters(rot.):    -0.1852E-04    0.1191E-04   -0.1810E-03
# Minimization at step:   137 with Value:     0.0000Tol(Act/Req):0.1151E-01/0.1000E-04
# With parameters(tra.):    -0.2653E-05    0.3573E-06    0.7389E-06
# With parameters(rot.):    -0.1607E-04    0.1216E-04   -0.2157E-03
# Minimization at step:   138 with Value:     0.0000Tol(Act/Req):0.1143E-01/0.1000E-04
# With parameters(tra.):    -0.2661E-05    0.8336E-06    0.9763E-06
# With parameters(rot.):    -0.7778E-05    0.1040E-05   -0.2505E-03
# Minimization at step:   139 with Value:     0.0000Tol(Act/Req):0.1045E-01/0.1000E-04
# With parameters(tra.):    -0.2057E-05    0.1368E-05    0.4474E-06
# With parameters(rot.):    -0.1543E-04   -0.4851E-05   -0.1880E-03
# Minimization at step:   140 with Value:     0.0000Tol(Act/Req):0.9674E-02/0.1000E-04
# With parameters(tra.):    -0.1872E-05    0.5937E-06   -0.1860E-06
# With parameters(rot.):    -0.1153E-04   -0.9242E-05   -0.1227E-03
# Minimization at step:   141 with Value:     0.0000Tol(Act/Req):0.9465E-02/0.1000E-04
# With parameters(tra.):    -0.1804E-05    0.4546E-06   -0.3422E-06
# With parameters(rot.):    -0.1392E-04   -0.7319E-05   -0.1034E-03
# Minimization at step:   142 with Value:     0.0000Tol(Act/Req):0.6999E-02/0.1000E-04
# With parameters(tra.):    -0.1335E-05    0.1262E-05   -0.1259E-05
# With parameters(rot.):    -0.8670E-05   -0.4711E-05   -0.8924E-04
# Minimization at step:   143 with Value:     0.0000Tol(Act/Req):0.6730E-02/0.1000E-04
# With parameters(tra.):    -0.1078E-05    0.1030E-05   -0.1439E-05
# With parameters(rot.):    -0.8062E-05   -0.6555E-05   -0.8861E-04
# Minimization at step:   144 with Value:     0.0000Tol(Act/Req):0.6257E-02/0.1000E-04
# With parameters(tra.):    -0.1355E-05    0.3829E-06   -0.1538E-05
# With parameters(rot.):     0.2048E-05   -0.1232E-05   -0.1180E-03
# Minimization at step:   145 with Value:     0.0000Tol(Act/Req):0.6219E-02/0.1000E-04
# With parameters(tra.):    -0.1555E-05    0.7165E-06   -0.7225E-06
# With parameters(rot.):     0.5637E-05   -0.5944E-05   -0.5069E-04
# Minimization at step:   146 with Value:     0.0000Tol(Act/Req):0.4019E-02/0.1000E-04
# With parameters(tra.):    -0.1502E-05    0.9061E-06   -0.6295E-06
# With parameters(rot.):     0.3408E-05   -0.7668E-05   -0.3772E-04
# Minimization at step:   147 with Value:     0.0000Tol(Act/Req):0.3452E-02/0.1000E-04
# With parameters(tra.):    -0.1448E-05    0.8386E-06   -0.8258E-06
# With parameters(rot.):     0.2325E-05   -0.6633E-05   -0.5347E-04
# Minimization at step:   148 with Value:     0.0000Tol(Act/Req):0.2800E-02/0.1000E-04
# With parameters(tra.):    -0.1194E-05    0.6884E-06   -0.1299E-05
# With parameters(rot.):     0.2967E-05   -0.2557E-05    0.1853E-05
# Minimization at step:   149 with Value:     0.0000Tol(Act/Req):0.2683E-02/0.1000E-04
# With parameters(tra.):    -0.1184E-05    0.8900E-06   -0.1234E-05
# With parameters(rot.):     0.3201E-05   -0.9025E-06   -0.4079E-05
# Minimization at step:   150 with Value:     0.0000Tol(Act/Req):0.2522E-02/0.1000E-04
# With parameters(tra.):    -0.1446E-05    0.2274E-06   -0.6142E-06
# With parameters(rot.):     0.3659E-05   -0.1371E-05    0.1489E-04
# Minimization at step:   151 with Value:     0.0000Tol(Act/Req):0.2286E-02/0.1000E-04
# With parameters(tra.):    -0.1348E-05    0.4456E-07   -0.6353E-06
# With parameters(rot.):     0.4940E-05   -0.1861E-05    0.2383E-04
# Minimization at step:   152 with Value:     0.0000Tol(Act/Req):0.1871E-02/0.1000E-04
# With parameters(tra.):    -0.1425E-05    0.2845E-07   -0.4615E-06
# With parameters(rot.):     0.4944E-05   -0.2822E-05    0.1183E-04
# Minimization at step:   153 with Value:     0.0000Tol(Act/Req):0.1623E-02/0.1000E-04
# With parameters(tra.):    -0.1326E-05    0.9352E-07   -0.2802E-06
# With parameters(rot.):     0.1985E-05   -0.4196E-05    0.4368E-04
# Minimization at step:   154 with Value:     0.0000Tol(Act/Req):0.1389E-02/0.1000E-04
# With parameters(tra.):    -0.1251E-05    0.2480E-06   -0.4072E-06
# With parameters(rot.):     0.1731E-05   -0.4314E-05    0.4134E-04
# Minimization at step:   155 with Value:     0.0000Tol(Act/Req):0.9648E-03/0.1000E-04
# With parameters(tra.):    -0.1076E-05   -0.8400E-07   -0.6602E-06
# With parameters(rot.):    -0.6325E-06   -0.1472E-05    0.4143E-04
# Minimization at step:   156 with Value:     0.0000Tol(Act/Req):0.8428E-03/0.1000E-04
# With parameters(tra.):    -0.1020E-05   -0.5486E-08   -0.3378E-06
# With parameters(rot.):    -0.1443E-05    0.1648E-05    0.4473E-04
# Minimization at step:   157 with Value:     0.0000Tol(Act/Req):0.8081E-03/0.1000E-04
# With parameters(tra.):    -0.1059E-05    0.8406E-07   -0.2477E-06
# With parameters(rot.):    -0.9197E-06    0.1197E-05    0.4498E-04
# Minimization at step:   158 with Value:     0.0000Tol(Act/Req):0.7662E-03/0.1000E-04
# With parameters(tra.):    -0.9858E-06   -0.4075E-08   -0.2260E-06
# With parameters(rot.):    -0.7675E-06    0.1207E-05    0.5122E-04
# Minimization at step:   159 with Value:     0.0000Tol(Act/Req):0.7246E-03/0.1000E-04
# With parameters(tra.):    -0.9923E-06   -0.4714E-07    0.2000E-06
# With parameters(rot.):    -0.2663E-05    0.6281E-06    0.4035E-04
# Minimization at step:   160 with Value:     0.0000Tol(Act/Req):0.6578E-03/0.1000E-04
# With parameters(tra.):    -0.9466E-06   -0.1374E-06    0.2392E-06
# With parameters(rot.):    -0.2240E-05    0.3152E-05    0.1800E-04
# Minimization at step:   161 with Value:     0.0000Tol(Act/Req):0.6518E-03/0.1000E-04
# With parameters(tra.):    -0.8834E-06   -0.9229E-07    0.2295E-06
# With parameters(rot.):    -0.2698E-05    0.3715E-05    0.1489E-04
# Minimization at step:   162 with Value:     0.0000Tol(Act/Req):0.6257E-03/0.1000E-04
# With parameters(tra.):    -0.8727E-06   -0.8528E-07    0.1255E-06
# With parameters(rot.):    -0.2227E-05    0.4117E-05    0.1548E-04
# Minimization at step:   163 with Value:     0.0000Tol(Act/Req):0.5208E-03/0.1000E-04
# With parameters(tra.):    -0.8799E-06   -0.1904E-06   -0.4244E-07
# With parameters(rot.):    -0.1678E-05    0.1821E-05    0.2429E-05
# Minimization at step:   164 with Value:     0.0000Tol(Act/Req):0.3640E-03/0.1000E-04
# With parameters(tra.):    -0.8858E-06   -0.1722E-06   -0.7569E-07
# With parameters(rot.):    -0.1737E-05    0.1079E-05    0.6718E-05
# Minimization at step:   165 with Value:     0.0000Tol(Act/Req):0.3585E-03/0.1000E-04
# With parameters(tra.):    -0.7063E-06   -0.4046E-06    0.1791E-07
# With parameters(rot.):    -0.1756E-05    0.1056E-05    0.4352E-05
# Minimization at step:   166 with Value:     0.0000Tol(Act/Req):0.3061E-03/0.1000E-04
# With parameters(tra.):    -0.6766E-06   -0.3924E-06    0.2194E-06
# With parameters(rot.):    -0.1180E-05    0.3447E-06   -0.5425E-05
# Minimization at step:   167 with Value:     0.0000Tol(Act/Req):0.2937E-03/0.1000E-04
# With parameters(tra.):    -0.6579E-06   -0.3830E-06    0.2832E-06
# With parameters(rot.):    -0.1276E-05    0.7958E-06   -0.2816E-05
# Minimization at step:   168 with Value:     0.0000Tol(Act/Req):0.2879E-03/0.1000E-04
# With parameters(tra.):    -0.4564E-06   -0.3896E-06    0.2818E-06
# With parameters(rot.):    -0.1717E-05    0.9489E-06   -0.1495E-04
# Minimization at step:   169 with Value:     0.0000Tol(Act/Req):0.2151E-03/0.1000E-04
# With parameters(tra.):    -0.2962E-06   -0.4770E-06    0.1259E-06
# With parameters(rot.):    -0.6052E-06    0.6968E-06   -0.2390E-04
# Minimization at step:   170 with Value:     0.0000Tol(Act/Req):0.2015E-03/0.1000E-04
# With parameters(tra.):    -0.2500E-06   -0.4934E-06    0.1260E-06
# With parameters(rot.):    -0.5403E-06    0.2940E-06   -0.2431E-04
# Minimization at step:   171 with Value:     0.0000Tol(Act/Req):0.2010E-03/0.1000E-04
# With parameters(tra.):    -0.2774E-06   -0.2906E-06    0.6849E-07
# With parameters(rot.):    -0.1163E-06    0.6294E-07   -0.3150E-04
# Minimization at step:   172 with Value:     0.0000Tol(Act/Req):0.1516E-03/0.1000E-04
# With parameters(tra.):    -0.3159E-06   -0.2533E-06    0.1027E-06
# With parameters(rot.):    -0.3536E-06    0.7316E-07   -0.2989E-04
# Minimization at step:   173 with Value:     0.0000Tol(Act/Req):0.1512E-03/0.1000E-04
# With parameters(tra.):    -0.2154E-06   -0.2150E-06   -0.7058E-07
# With parameters(rot.):    -0.4622E-06    0.4567E-06   -0.3153E-04
# Minimization at step:   174 with Value:     0.0000Tol(Act/Req):0.1355E-03/0.1000E-04
# With parameters(tra.):    -0.3063E-06   -0.1663E-06   -0.1576E-06
# With parameters(rot.):     0.1829E-06    0.2188E-06   -0.2658E-04
# Minimization at step:   175 with Value:     0.0000Tol(Act/Req):0.1274E-03/0.1000E-04
# With parameters(tra.):    -0.1517E-06   -0.7523E-07   -0.1770E-06
# With parameters(rot.):     0.4775E-06    0.9288E-06   -0.2928E-04
# Minimization at step:   176 with Value:     0.0000Tol(Act/Req):0.1021E-03/0.1000E-04
# With parameters(tra.):    -0.8240E-07   -0.2062E-06   -0.2013E-06
# With parameters(rot.):     0.2515E-06    0.1448E-05   -0.2135E-04
# Minimization at step:   177 with Value:     0.0000Tol(Act/Req):0.1014E-03/0.1000E-04
# With parameters(tra.):    -0.1385E-06   -0.2415E-06   -0.7153E-07
# With parameters(rot.):     0.5980E-06    0.1395E-05   -0.1632E-04
# Minimization at step:   178 with Value:     0.0000Tol(Act/Req):0.1010E-03/0.1000E-04
# With parameters(tra.):    -0.8909E-08   -0.1902E-06   -0.1371E-06
# With parameters(rot.):     0.1107E-05    0.9571E-06   -0.1447E-04
# Minimization at step:   179 with Value:     0.0000Tol(Act/Req):0.8906E-04/0.1000E-04
# With parameters(tra.):    -0.3567E-07   -0.2225E-06   -0.1289E-06
# With parameters(rot.):     0.1086E-05    0.7819E-06   -0.1256E-04
# Minimization at step:   180 with Value:     0.0000Tol(Act/Req):0.8491E-04/0.1000E-04
# With parameters(tra.):    -0.4910E-07   -0.1912E-06   -0.1168E-06
# With parameters(rot.):     0.1212E-05    0.5965E-06   -0.1381E-04
# Minimization at step:   181 with Value:     0.0000Tol(Act/Req):0.6344E-04/0.1000E-04
# With parameters(tra.):    -0.3711E-07   -0.9569E-07   -0.1215E-06
# With parameters(rot.):     0.1259E-05    0.7913E-06   -0.5237E-05
# Minimization at step:   182 with Value:     0.0000Tol(Act/Req):0.5737E-04/0.1000E-04
# With parameters(tra.):     0.4703E-09   -0.9791E-07   -0.1040E-06
# With parameters(rot.):     0.1242E-05    0.8787E-06   -0.4285E-05
# Minimization at step:   183 with Value:     0.0000Tol(Act/Req):0.5580E-04/0.1000E-04
# With parameters(tra.):    -0.3114E-07   -0.1030E-06   -0.8488E-07
# With parameters(rot.):     0.1125E-05    0.9818E-06   -0.3898E-05
# Minimization at step:   184 with Value:     0.0000Tol(Act/Req):0.3808E-04/0.1000E-04
# With parameters(tra.):    -0.8176E-08   -0.8267E-07   -0.1184E-06
# With parameters(rot.):     0.1083E-05    0.9605E-06   -0.4121E-05
# Minimization at step:   185 with Value:     0.0000Tol(Act/Req):0.3399E-04/0.1000E-04
# With parameters(tra.):    -0.5254E-07   -0.1008E-06   -0.9861E-07
# With parameters(rot.):     0.1039E-05    0.6698E-06    0.2510E-05
# Minimization at step:   186 with Value:     0.0000Tol(Act/Req):0.3126E-04/0.1000E-04
# With parameters(tra.):    -0.8054E-07   -0.7896E-08   -0.6835E-07
# With parameters(rot.):     0.1234E-05    0.3233E-06    0.5451E-05
# Minimization at step:   187 with Value:     0.0000Tol(Act/Req):0.2993E-04/0.1000E-04
# With parameters(tra.):    -0.1070E-06   -0.7411E-07   -0.4588E-07
# With parameters(rot.):     0.1178E-05   -0.2758E-07    0.4417E-06
# Minimization at step:   188 with Value:     0.0000Tol(Act/Req):0.2791E-04/0.1000E-04
# With parameters(tra.):    -0.1022E-06   -0.1028E-06   -0.5157E-07
# With parameters(rot.):     0.1125E-05    0.2980E-07   -0.7107E-06
# Minimization at step:   189 with Value:     0.0000Tol(Act/Req):0.2553E-04/0.1000E-04
# With parameters(tra.):    -0.8116E-07   -0.6037E-07   -0.6985E-07
# With parameters(rot.):     0.1153E-05    0.3073E-06    0.2758E-05
# Minimization at step:   190 with Value:     0.0000Tol(Act/Req):0.2152E-04/0.1000E-04
# With parameters(tra.):    -0.7245E-07   -0.5248E-07   -0.7240E-07
# With parameters(rot.):     0.1174E-05    0.3498E-06    0.1120E-05
# Minimization at step:   191 with Value:     0.0000Tol(Act/Req):0.1936E-04/0.1000E-04
# With parameters(tra.):    -0.2160E-07   -0.4178E-07   -0.2684E-07
# With parameters(rot.):     0.1115E-05    0.3482E-06    0.4827E-05
# Minimization at step:   192 with Value:     0.0000Tol(Act/Req):0.1839E-04/0.1000E-04
# With parameters(tra.):    -0.3661E-07   -0.3924E-07   -0.1243E-07
# With parameters(rot.):     0.1056E-05    0.3469E-06    0.5747E-05
# Minimization at step:   193 with Value:     0.0000Tol(Act/Req):0.1326E-04/0.1000E-04
# With parameters(tra.):    -0.9273E-08    0.2174E-08   -0.3625E-07
# With parameters(rot.):     0.9859E-06    0.1617E-06    0.7880E-05
# Minimization at step:   194 with Value:     0.0000Tol(Act/Req):0.1050E-04/0.1000E-04
# With parameters(tra.):    -0.2096E-07    0.3161E-08   -0.4843E-07
# With parameters(rot.):     0.9897E-06    0.1466E-06    0.7208E-05
# Minimization at step:   195 with Value:     0.0000Tol(Act/Req):0.9992E-05/0.1000E-04
# With parameters(tra.):    -0.1492E-07   -0.3983E-08   -0.2910E-07
# With parameters(rot.):     0.9161E-06   -0.9203E-07    0.6379E-05
# CSM Values after y minimization.
# Final Number of optim. Steps:   195
#      Before min is:      0.00266485975
# Final CSM Value is:      0.00000000000
# Coordinates rotated along Z.
[molecule] Nrec=   8 Format=nscxyz
  he               1    2    0.99504000D+00  -0.99500000D-01   0.10000000D+00
  he               2    2    0.99504000D+00   0.99500000D-01  -0.10000000D+00
  he               3    2   -0.99500000D-01  -0.99504000D+00   0.10000000D+00
  he               4    2    0.99500000D-01  -0.99504000D+00  -0.10000000D+00
  he               5    2   -0.99504000D+00   0.99500000D-01   0.10000000D+00
  he               6    2   -0.99504000D+00  -0.99500000D-01  -0.10000000D+00
  he               7    2    0.99500000D-01   0.99504000D+00   0.10000000D+00
  he               8    2   -0.99500000D-01   0.99504000D+00  -0.10000000D+00
# Minimization at step:     0 with Value:     0.0031Tol(Act/Req):0.2000E+01/0.1000E-04
# With parameters(tra.):     0.1429E-01    0.1429E-01    0.1429E-01
# With parameters(rot.):     0.1429E-01    0.1429E-01    0.1429E-01
# Minimization at step:     1 with Value:     0.0023Tol(Act/Req):0.2000E+01/0.1000E-04
# With parameters(tra.):     0.1548E-01    0.7143E-02    0.1548E-01
# With parameters(rot.):     0.1548E-01    0.1548E-01    0.1548E-01
# Minimization at step:     2 with Value:     0.0016Tol(Act/Req):0.2000E+01/0.1000E-04
# With parameters(tra.):     0.8433E-02    0.7738E-02    0.1677E-01
# With parameters(rot.):     0.1677E-01    0.1677E-01    0.1677E-01
# Minimization at step:     3 with Value:     0.0008Tol(Act/Req):0.2000E+01/0.1000E-04
# With parameters(tra.):     0.1054E-01    0.9673E-02   -0.4043E-02
# With parameters(rot.):     0.2096E-01    0.2096E-01    0.2096E-01
# Minimization at step:     4 with Value:     0.0008Tol(Act/Req):0.2000E+01/0.1000E-04
# With parameters(tra.):    -0.2844E-02    0.1151E-01   -0.8399E-02
# With parameters(rot.):     0.2493E-01    0.2493E-01    0.2493E-01
# Minimization at step:     5 with Value:     0.0006Tol(Act/Req):0.2000E+01/0.1000E-04
# With parameters(tra.):    -0.3775E-02    0.8300E-02   -0.9794E-02
# With parameters(rot.):     0.2632E-01    0.2632E-01    0.2632E-01
# Minimization at step:     6 with Value:     0.0006Tol(Act/Req):0.2000E+01/0.1000E-04
# With parameters(tra.):     0.9299E-02    0.5396E-02   -0.5902E-02
# With parameters(rot.):     0.2280E-01    0.2280E-01    0.2280E-01
# Minimization at step:     7 with Value:     0.0006Tol(Act/Req):0.2000E+01/0.1000E-04
# With parameters(tra.):     0.7479E-02    0.2680E-02    0.7351E-02
# With parameters(rot.):     0.2062E-01    0.2062E-01    0.2062E-01
# Minimization at step:     8 with Value:     0.0004Tol(Act/Req):0.2000E+01/0.1000E-04
# With parameters(tra.):     0.4059E-02    0.3180E-02    0.7482E-02
# With parameters(rot.):     0.2132E-01    0.2132E-01    0.2132E-01
# Minimization at step:     9 with Value:     0.0002Tol(Act/Req):0.2000E+01/0.1000E-04
# With parameters(tra.):     0.4229E-02    0.3901E-02    0.4180E-02
# With parameters(rot.):     0.2192E-01    0.2192E-01    0.2192E-01
# Minimization at step:    10 with Value:     0.0002Tol(Act/Req):0.2000E+01/0.1000E-04
# With parameters(tra.):     0.4430E-02    0.1930E-02    0.4647E-02
# With parameters(rot.):     0.2225E-01    0.2225E-01    0.2225E-01
# Minimization at step:    11 with Value:     0.0002Tol(Act/Req):0.2000E+01/0.1000E-04
# With parameters(tra.):    -0.2286E-02    0.2513E-02    0.3965E-02
# With parameters(rot.):     0.2395E-01    0.2395E-01    0.2395E-01
# Minimization at step:    12 with Value:     0.0001Tol(Act/Req):0.2000E+01/0.1000E-04
# With parameters(tra.):    -0.2744E-02    0.2758E-02    0.2296E-02
# With parameters(rot.):     0.2442E-01    0.2442E-01    0.2442E-01
# Minimization at step:    13 with Value:     0.0001Tol(Act/Req):0.2000E+01/0.1000E-04
# With parameters(tra.):    -0.1103E-02    0.2633E-02    0.2327E-02
# With parameters(rot.):     0.2404E-01    0.2404E-01    0.2404E-01
# Minimization at step:    14 with Value:     0.0001Tol(Act/Req):0.2000E+01/0.1000E-04
# With parameters(tra.):    -0.1464E-02    0.1706E-02    0.2368E-02
# With parameters(rot.):     0.2435E-01    0.2435E-01    0.2435E-01
# Minimization at step:    15 with Value:     0.0001Tol(Act/Req):0.2000E+01/0.1000E-04
# With parameters(tra.):    -0.1586E-02    0.1848E-02    0.2565E-02
# With parameters(rot.):     0.2638E-01    0.1804E-01    0.2638E-01
# Minimization at step:    16 with Value:     0.0001Tol(Act/Req):0.2000E+01/0.1000E-04
# With parameters(tra.):    -0.1718E-02    0.2002E-02    0.2779E-02
# With parameters(rot.):     0.2024E-01    0.1955E-01    0.2857E-01
# Minimization at step:    17 with Value:     0.0001Tol(Act/Req):0.2000E+01/0.1000E-04
# With parameters(tra.):    -0.2292E-02    0.2239E-02   -0.3982E-03
# With parameters(rot.):     0.1979E-01    0.1886E-01    0.3090E-01
# Minimization at step:    18 with Value:     0.0000Tol(Act/Req):0.2000E+01/0.1000E-04
# With parameters(tra.):     0.5940E-03    0.1857E-02   -0.1244E-02
# With parameters(rot.):     0.1760E-01    0.1636E-01    0.3241E-01
# Minimization at step:    19 with Value:     0.0000Tol(Act/Req):0.2000E+01/0.1000E-04
# With parameters(tra.):     0.9780E-03    0.1766E-02   -0.5200E-03
# With parameters(rot.):     0.1753E-01    0.1633E-01    0.3196E-01
# Minimization at step:    20 with Value:     0.0000Tol(Act/Req):0.2000E+01/0.1000E-04
# With parameters(tra.):     0.2885E-03    0.1854E-02   -0.2483E-03
# With parameters(rot.):     0.1807E-01    0.1695E-01    0.3154E-01
# Minimization at step:    21 with Value:     0.0000Tol(Act/Req):0.2000E+01/0.1000E-04
# With parameters(tra.):     0.1517E-03    0.5023E-04   -0.1040E-02
# With parameters(rot.):     0.1660E-01    0.1511E-01    0.3456E-01
# Minimization at step:    22 with Value:     0.0000Tol(Act/Req):0.2000E+01/0.1000E-04
# With parameters(tra.):     0.5106E-03   -0.2924E-03   -0.1885E-02
# With parameters(rot.):     0.3120E-02    0.1663E-01    0.4096E-01
# Minimization at step:    23 with Value:     0.0000Tol(Act/Req):0.2000E+01/0.1000E-04
# With parameters(tra.):     0.6243E-03   -0.3997E-03   -0.2157E-02
# With parameters(rot.):     0.2196E-02    0.1336E-01    0.4319E-01
# Minimization at step:    24 with Value:     0.0000Tol(Act/Req):0.1999E+01/0.1000E-04
# With parameters(tra.):     0.3835E-03   -0.1695E-03   -0.1591E-02
# With parameters(rot.):     0.1208E-01    0.1140E-01    0.3895E-01
# Minimization at step:    25 with Value:     0.0000Tol(Act/Req):0.1999E+01/0.1000E-04
# With parameters(tra.):     0.4371E-03    0.2631E-03   -0.1439E-02
# With parameters(rot.):     0.1207E-01    0.1155E-01    0.3856E-01
# Minimization at step:    26 with Value:     0.0000Tol(Act/Req):0.1999E+01/0.1000E-04
# With parameters(tra.):     0.1025E-02   -0.4202E-03   -0.2982E-03
# With parameters(rot.):     0.1011E-01    0.9887E-02    0.3985E-01
# Minimization at step:    27 with Value:     0.0000Tol(Act/Req):0.1999E+01/0.1000E-04
# With parameters(tra.):    -0.1089E-03   -0.1003E-02    0.2286E-03
# With parameters(rot.):     0.8537E-02    0.8776E-02    0.4179E-01
# Minimization at step:    28 with Value:     0.0000Tol(Act/Req):0.1999E+01/0.1000E-04
# With parameters(tra.):    -0.3502E-03   -0.8803E-03   -0.1278E-04
# With parameters(rot.):     0.8896E-02    0.9100E-02    0.4162E-01
# Minimization at step:    29 with Value:     0.0000Tol(Act/Req):0.1999E+01/0.1000E-04
# With parameters(tra.):    -0.8695E-04   -0.7245E-03   -0.1646E-03
# With parameters(rot.):     0.9319E-02    0.9404E-02    0.4113E-01
# Minimization at step:    30 with Value:     0.0000Tol(Act/Req):0.1999E+01/0.1000E-04
# With parameters(tra.):    -0.9662E-04   -0.1047E-02   -0.4477E-04
# With parameters(rot.):     0.9846E-02    0.1545E-02    0.4490E-01
# Minimization at step:    31 with Value:     0.0000Tol(Act/Req):0.1998E+01/0.1000E-04
# With parameters(tra.):    -0.9629E-04   -0.1382E-02    0.5887E-04
# With parameters(rot.):     0.4347E-02    0.6267E-04    0.4850E-01
# Minimization at step:    32 with Value:     0.0000Tol(Act/Req):0.1998E+01/0.1000E-04
# With parameters(tra.):    -0.9384E-04   -0.1329E-02    0.3755E-04
# With parameters(rot.):     0.3757E-02    0.1904E-02    0.4786E-01
# Minimization at step:    33 with Value:     0.0000Tol(Act/Req):0.1997E+01/0.1000E-04
# With parameters(tra.):    -0.1463E-03   -0.1078E-02    0.6346E-03
# With parameters(rot.):     0.1664E-02   -0.2805E-03    0.4960E-01
# Minimization at step:    34 with Value:     0.0000Tol(Act/Req):0.1997E+01/0.1000E-04
# With parameters(tra.):     0.3605E-03   -0.8843E-03    0.5974E-03
# With parameters(rot.):    -0.4168E-04   -0.2899E-02    0.5143E-01
# Minimization at step:    35 with Value:     0.0000Tol(Act/Req):0.1996E+01/0.1000E-04
# With parameters(tra.):     0.2990E-03   -0.8235E-03    0.5275E-03
# With parameters(rot.):    -0.6070E-03   -0.3737E-02    0.5217E-01
# Minimization at step:    36 with Value:     0.0000Tol(Act/Req):0.1995E+01/0.1000E-04
# With parameters(tra.):     0.1672E-03   -0.8669E-03    0.5310E-03
# With parameters(rot.):    -0.2276E-03   -0.3152E-02    0.5177E-01
# Minimization at step:    37 with Value:     0.0000Tol(Act/Req):0.1995E+01/0.1000E-04
# With parameters(tra.):     0.2549E-03   -0.4722E-03    0.6193E-03
# With parameters(rot.):     0.1913E-02   -0.3236E-02    0.5046E-01
# Minimization at step:    38 with Value:     0.0000Tol(Act/Req):0.1994E+01/0.1000E-04
# With parameters(tra.):     0.3760E-03   -0.8092E-04    0.7705E-03
# With parameters(rot.):     0.1188E-03   -0.1266E-02    0.5004E-01
# Minimization at step:    39 with Value:     0.0000Tol(Act/Req):0.1994E+01/0.1000E-04
# With parameters(tra.):     0.5850E-03    0.8414E-04    0.4178E-03
# With parameters(rot.):     0.9988E-03   -0.1385E-03    0.4903E-01
# Minimization at step:    40 with Value:     0.0000Tol(Act/Req):0.1992E+01/0.1000E-04
# With parameters(tra.):     0.5721E-03    0.7277E-07    0.3506E-03
# With parameters(rot.):     0.1521E-02   -0.5369E-03    0.4905E-01
# Minimization at step:    41 with Value:     0.0000Tol(Act/Req):0.1992E+01/0.1000E-04
# With parameters(tra.):     0.5903E-03   -0.2372E-03    0.1728E-03
# With parameters(rot.):    -0.7512E-03    0.4459E-03    0.4989E-01
# Minimization at step:    42 with Value:     0.0000Tol(Act/Req):0.1992E+01/0.1000E-04
# With parameters(tra.):     0.5645E-03    0.7990E-04   -0.8515E-04
# With parameters(rot.):    -0.1930E-02    0.1643E-03    0.5060E-01
# Minimization at step:    43 with Value:     0.0000Tol(Act/Req):0.1991E+01/0.1000E-04
# With parameters(tra.):     0.5578E-03    0.1656E-03   -0.6218E-04
# With parameters(rot.):    -0.1460E-02   -0.1048E-03    0.5045E-01
# Minimization at step:    44 with Value:     0.0000Tol(Act/Req):0.1991E+01/0.1000E-04
# With parameters(tra.):     0.5755E-03   -0.5074E-04    0.1370E-03
# With parameters(rot.):    -0.4587E-03    0.3907E-04    0.4988E-01
# Minimization at step:    45 with Value:     0.0000Tol(Act/Req):0.1991E+01/0.1000E-04
# With parameters(tra.):     0.4479E-03    0.1346E-03    0.1266E-04
# With parameters(rot.):     0.2231E-03    0.2273E-02    0.4845E-01
# Minimization at step:    46 with Value:     0.0000Tol(Act/Req):0.1989E+01/0.1000E-04
# With parameters(tra.):     0.1932E-03   -0.1366E-04    0.2303E-03
# With parameters(rot.):    -0.9154E-03    0.1949E-02    0.4928E-01
# Minimization at step:    47 with Value:     0.0000Tol(Act/Req):0.1988E+01/0.1000E-04
# With parameters(tra.):     0.2039E-03   -0.7235E-04    0.2795E-03
# With parameters(rot.):    -0.1181E-02    0.1363E-02    0.4970E-01
# Minimization at step:    48 with Value:     0.0000Tol(Act/Req):0.1987E+01/0.1000E-04
# With parameters(tra.):     0.2684E-03   -0.4018E-04    0.2292E-03
# With parameters(rot.):    -0.9182E-03    0.1395E-02    0.4953E-01
# Minimization at step:    49 with Value:     0.0000Tol(Act/Req):0.1985E+01/0.1000E-04
# With parameters(tra.):     0.3579E-03   -0.5357E-04    0.3056E-03
# With parameters(rot.):    -0.1224E-02    0.1861E-02    0.3271E-01
# Minimization at step:    50 with Value:     0.0000Tol(Act/Req):0.1981E+01/0.1000E-04
# With parameters(tra.):     0.2608E-03   -0.2396E-03    0.1562E-03
# With parameters(rot.):    -0.1095E-02    0.1863E-02    0.2731E-01
# Minimization at step:    51 with Value:     0.0000Tol(Act/Req):0.1981E+01/0.1000E-04
# With parameters(tra.):     0.1484E-03   -0.2032E-03    0.2750E-03
# With parameters(rot.):    -0.3426E-04    0.1981E-02    0.1929E-01
# Minimization at step:    52 with Value:     0.0000Tol(Act/Req):0.1974E+01/0.1000E-04
# With parameters(tra.):    -0.5769E-05   -0.1098E-03    0.1881E-03
# With parameters(rot.):    -0.5605E-03    0.2532E-02    0.9472E-02
# Minimization at step:    53 with Value:     0.0000Tol(Act/Req):0.1973E+01/0.1000E-04
# With parameters(tra.):     0.3197E-04   -0.6860E-04    0.7382E-04
# With parameters(rot.):     0.8382E-04    0.2975E-02   -0.4223E-02
# Minimization at step:    54 with Value:     0.0000Tol(Act/Req):0.1973E+01/0.1000E-04
# With parameters(tra.):    -0.1756E-04   -0.6650E-04    0.3540E-04
# With parameters(rot.):     0.2693E-03    0.2952E-02   -0.3095E-02
# Minimization at step:    55 with Value:     0.0000Tol(Act/Req):0.1971E+01/0.1000E-04
# With parameters(tra.):    -0.3068E-04   -0.9536E-04    0.3966E-04
# With parameters(rot.):     0.2575E-03    0.2791E-02   -0.7283E-02
# Minimization at step:    56 with Value:     0.0000Tol(Act/Req):0.1967E+01/0.1000E-04
# With parameters(tra.):    -0.7465E-04   -0.1329E-03    0.1169E-03
# With parameters(rot.):    -0.1823E-03    0.2413E-02    0.2224E-02
# Minimization at step:    57 with Value:     0.0000Tol(Act/Req):0.1964E+01/0.1000E-04
# With parameters(tra.):    -0.7832E-04   -0.7752E-04    0.1509E-03
# With parameters(rot.):    -0.1384E-03    0.2458E-02    0.1485E-02
# Minimization at step:    58 with Value:     0.0000Tol(Act/Req):0.1962E+01/0.1000E-04
# With parameters(tra.):    -0.4582E-04   -0.9819E-04    0.1695E-03
# With parameters(rot.):     0.2832E-04    0.2314E-02    0.3273E-02
# Minimization at step:    59 with Value:     0.0000Tol(Act/Req):0.1927E+01/0.1000E-04
# With parameters(tra.):    -0.1009E-04   -0.9924E-04    0.5415E-04
# With parameters(rot.):    -0.7518E-03    0.2309E-02    0.5283E-02
# Minimization at step:    60 with Value:     0.0000Tol(Act/Req):0.1922E+01/0.1000E-04
# With parameters(tra.):    -0.3424E-04   -0.1009E-03    0.3650E-04
# With parameters(rot.):    -0.7442E-03    0.2244E-02    0.6545E-02
# Minimization at step:    61 with Value:     0.0000Tol(Act/Req):0.1915E+01/0.1000E-04
# With parameters(tra.):    -0.6166E-04   -0.1605E-03    0.4398E-04
# With parameters(rot.):    -0.1102E-02    0.1741E-02    0.2779E-02
# Minimization at step:    62 with Value:     0.0000Tol(Act/Req):0.1905E+01/0.1000E-04
# With parameters(tra.):    -0.2802E-04   -0.1446E-03   -0.3179E-04
# With parameters(rot.):    -0.1115E-02    0.1770E-02   -0.3373E-02
# Minimization at step:    63 with Value:     0.0000Tol(Act/Req):0.1903E+01/0.1000E-04
# With parameters(tra.):     0.4290E-04   -0.2015E-03   -0.6169E-04
# With parameters(rot.):    -0.1163E-02    0.1300E-02   -0.2012E-02
# Minimization at step:    64 with Value:     0.0000Tol(Act/Req):0.1903E+01/0.1000E-04
# With parameters(tra.):     0.4040E-04   -0.2102E-03   -0.4524E-04
# With parameters(rot.):    -0.1163E-02    0.1254E-02   -0.3602E-03
# Minimization at step:    65 with Value:     0.0000Tol(Act/Req):0.1899E+01/0.1000E-04
# With parameters(tra.):     0.7264E-04   -0.1436E-03   -0.4249E-04
# With parameters(rot.):    -0.1417E-02    0.9429E-03   -0.2453E-02
# Minimization at step:    66 with Value:     0.0000Tol(Act/Req):0.1897E+01/0.1000E-04
# With parameters(tra.):     0.7639E-04   -0.1577E-03    0.2233E-05
# With parameters(rot.):    -0.1119E-02    0.4906E-03   -0.6372E-02
# Minimization at step:    67 with Value:     0.0000Tol(Act/Req):0.1892E+01/0.1000E-04
# With parameters(tra.):     0.1664E-04   -0.8627E-04    0.5344E-04
# With parameters(rot.):    -0.1057E-02    0.6902E-03   -0.9186E-02
# Minimization at step:    68 with Value:     0.0000Tol(Act/Req):0.1869E+01/0.1000E-04
# With parameters(tra.):     0.7016E-04   -0.1959E-05    0.4912E-04
# With parameters(rot.):    -0.6842E-03    0.8429E-03   -0.9409E-02
# Minimization at step:    69 with Value:     0.0000Tol(Act/Req):0.1858E+01/0.1000E-04
# With parameters(tra.):     0.8956E-04   -0.1279E-04    0.3596E-04
# With parameters(rot.):    -0.6687E-03    0.8057E-03   -0.8724E-02
# Minimization at step:    70 with Value:     0.0000Tol(Act/Req):0.1852E+01/0.1000E-04
# With parameters(tra.):     0.8254E-04    0.1323E-04    0.4824E-06
# With parameters(rot.):    -0.6282E-03    0.1958E-03   -0.1129E-01
# Minimization at step:    71 with Value:     0.0000Tol(Act/Req):0.1837E+01/0.1000E-04
# With parameters(tra.):     0.7019E-04   -0.6583E-05   -0.2490E-05
# With parameters(rot.):    -0.7167E-03    0.1037E-03   -0.1139E-01
# Minimization at step:    72 with Value:     0.0000Tol(Act/Req):0.1833E+01/0.1000E-04
# With parameters(tra.):     0.7092E-04   -0.1474E-04    0.6131E-05
# With parameters(rot.):    -0.7342E-03    0.2485E-03   -0.1076E-01
# Minimization at step:    73 with Value:     0.0000Tol(Act/Req):0.1819E+01/0.1000E-04
# With parameters(tra.):     0.6952E-04    0.6958E-06   -0.4724E-05
# With parameters(rot.):    -0.7767E-03    0.3414E-03   -0.1014E-01
# Minimization at step:    74 with Value:     0.0000Tol(Act/Req):0.1817E+01/0.1000E-04
# With parameters(tra.):     0.7423E-04    0.5359E-04    0.4168E-04
# With parameters(rot.):    -0.6491E-03   -0.5514E-04   -0.1010E-01
# Minimization at step:    75 with Value:     0.0000Tol(Act/Req):0.1815E+01/0.1000E-04
# With parameters(tra.):     0.4253E-04    0.5275E-04    0.6698E-04
# With parameters(rot.):    -0.1391E-03   -0.7687E-04   -0.1056E-01
# Minimization at step:    76 with Value:     0.0000Tol(Act/Req):0.1740E+01/0.1000E-04
# With parameters(tra.):     0.3107E-04    0.1287E-04    0.3850E-04
# With parameters(rot.):    -0.1073E-03    0.2151E-03   -0.1070E-01
# Minimization at step:    77 with Value:     0.0000Tol(Act/Req):0.1713E+01/0.1000E-04
# With parameters(tra.):     0.3804E-04    0.9760E-05    0.2981E-04
# With parameters(rot.):    -0.2322E-03    0.2449E-03   -0.1060E-01
# Minimization at step:    78 with Value:     0.0000Tol(Act/Req):0.1663E+01/0.1000E-04
# With parameters(tra.):     0.5966E-04   -0.4385E-05    0.1429E-05
# With parameters(rot.):    -0.5568E-04   -0.1643E-04   -0.9857E-02
# Minimization at step:    79 with Value:     0.0000Tol(Act/Req):0.1659E+01/0.1000E-04
# With parameters(tra.):     0.5736E-04   -0.1724E-04    0.1710E-04
# With parameters(rot.):     0.1355E-03    0.1849E-03   -0.8291E-02
# Minimization at step:    80 with Value:     0.0000Tol(Act/Req):0.1652E+01/0.1000E-04
# With parameters(tra.):     0.2839E-04   -0.6042E-04    0.1769E-04
# With parameters(rot.):     0.2426E-03    0.2773E-04   -0.7460E-02
# Minimization at step:    81 with Value:     0.0000Tol(Act/Req):0.1594E+01/0.1000E-04
# With parameters(tra.):     0.1189E-04   -0.4992E-04    0.3451E-05
# With parameters(rot.):     0.4974E-03    0.1090E-03   -0.5338E-02
# Minimization at step:    82 with Value:     0.0000Tol(Act/Req):0.1586E+01/0.1000E-04
# With parameters(tra.):     0.2949E-04   -0.1492E-04   -0.5485E-06
# With parameters(rot.):     0.4807E-03    0.2471E-03   -0.5430E-02
# Minimization at step:    83 with Value:     0.0000Tol(Act/Req):0.1514E+01/0.1000E-04
# With parameters(tra.):     0.2157E-04   -0.1226E-04    0.6381E-05
# With parameters(rot.):     0.4813E-03    0.3344E-03   -0.5247E-02
# Minimization at step:    84 with Value:     0.0000Tol(Act/Req):0.1485E+01/0.1000E-04
# With parameters(tra.):     0.2605E-04    0.5950E-05    0.1466E-04
# With parameters(rot.):     0.6563E-03    0.1795E-03   -0.3331E-02
# Minimization at step:    85 with Value:     0.0000Tol(Act/Req):0.1437E+01/0.1000E-04
# With parameters(tra.):     0.3351E-04    0.3268E-06   -0.2177E-05
# With parameters(rot.):     0.6912E-03    0.2078E-03   -0.1361E-02
# Minimization at step:    86 with Value:     0.0000Tol(Act/Req):0.1436E+01/0.1000E-04
# With parameters(tra.):     0.3152E-04   -0.1976E-04   -0.1607E-04
# With parameters(rot.):     0.5278E-03    0.3722E-03   -0.2620E-02
# Minimization at step:    87 with Value:     0.0000Tol(Act/Req):0.1412E+01/0.1000E-04
# With parameters(tra.):     0.4880E-04   -0.2009E-04   -0.1027E-04
# With parameters(rot.):     0.3443E-03    0.3770E-03   -0.3533E-02
# Minimization at step:    88 with Value:     0.0000Tol(Act/Req):0.1410E+01/0.1000E-04
# With parameters(tra.):     0.4825E-04   -0.8177E-05   -0.3506E-04
# With parameters(rot.):     0.2227E-03    0.2398E-03   -0.3512E-02
# Minimization at step:    89 with Value:     0.0000Tol(Act/Req):0.1246E+01/0.1000E-04
# With parameters(tra.):     0.5392E-04    0.9781E-05   -0.2940E-04
# With parameters(rot.):     0.2690E-03    0.8346E-04   -0.2791E-02
# Minimization at step:    90 with Value:     0.0000Tol(Act/Req):0.1192E+01/0.1000E-04
# With parameters(tra.):     0.5033E-04   -0.5323E-05   -0.3635E-04
# With parameters(rot.):     0.2095E-03   -0.6320E-04   -0.1850E-02
# Minimization at step:    91 with Value:     0.0000Tol(Act/Req):0.1135E+01/0.1000E-04
# With parameters(tra.):     0.4407E-04    0.2306E-05   -0.3673E-04
# With parameters(rot.):     0.1201E-03   -0.2116E-04   -0.3514E-03
# Minimization at step:    92 with Value:     0.0000Tol(Act/Req):0.1107E+01/0.1000E-04
# With parameters(tra.):     0.4323E-04   -0.6111E-05   -0.1249E-04
# With parameters(rot.):     0.2075E-03    0.2909E-04    0.6820E-03
# Minimization at step:    93 with Value:     0.0000Tol(Act/Req):0.1083E+01/0.1000E-04
# With parameters(tra.):     0.4150E-04   -0.4508E-05   -0.4700E-05
# With parameters(rot.):     0.2300E-04   -0.4936E-04    0.4922E-04
# Minimization at step:    94 with Value:     0.0000Tol(Act/Req):0.1005E+01/0.1000E-04
# With parameters(tra.):     0.3801E-04   -0.3155E-05   -0.5203E-05
# With parameters(rot.):     0.2681E-04   -0.8571E-04    0.4998E-03
# Minimization at step:    95 with Value:     0.0000Tol(Act/Req):0.9368E+00/0.1000E-04
# With parameters(tra.):     0.3779E-04   -0.8041E-06   -0.1066E-04
# With parameters(rot.):    -0.1009E-04   -0.1078E-03    0.2263E-03
# Minimization at step:    96 with Value:     0.0000Tol(Act/Req):0.8569E+00/0.1000E-04
# With parameters(tra.):     0.3735E-04    0.1165E-04    0.9779E-06
# With parameters(rot.):    -0.2039E-04   -0.8998E-05    0.3921E-04
# Minimization at step:    97 with Value:     0.0000Tol(Act/Req):0.7933E+00/0.1000E-04
# With parameters(tra.):     0.3037E-04    0.3143E-05    0.5738E-05
# With parameters(rot.):    -0.1159E-03    0.4606E-04    0.3862E-03
# Minimization at step:    98 with Value:     0.0000Tol(Act/Req):0.6739E+00/0.1000E-04
# With parameters(tra.):     0.2987E-04    0.3380E-05    0.4661E-05
# With parameters(rot.):    -0.8134E-04    0.7362E-04    0.5725E-03
# Minimization at step:    99 with Value:     0.0000Tol(Act/Req):0.5265E+00/0.1000E-04
# With parameters(tra.):     0.3025E-04    0.1562E-05    0.8206E-05
# With parameters(rot.):    -0.7576E-04    0.7101E-04    0.2749E-03
# Minimization at step:   100 with Value:     0.0000Tol(Act/Req):0.4418E+00/0.1000E-04
# With parameters(tra.):     0.2308E-04    0.4771E-05    0.1080E-04
# With parameters(rot.):    -0.9570E-04    0.5567E-04    0.8945E-03
# Minimization at step:   101 with Value:     0.0000Tol(Act/Req):0.4317E+00/0.1000E-04
# With parameters(tra.):     0.1862E-04   -0.5828E-05    0.6323E-05
# With parameters(rot.):    -0.1139E-03    0.1133E-04    0.1304E-02
# Minimization at step:   102 with Value:     0.0000Tol(Act/Req):0.4200E+00/0.1000E-04
# With parameters(tra.):     0.1691E-04   -0.5071E-05    0.5011E-05
# With parameters(rot.):    -0.1410E-03    0.1020E-04    0.1257E-02
# Minimization at step:   103 with Value:     0.0000Tol(Act/Req):0.3692E+00/0.1000E-04
# With parameters(tra.):     0.1788E-04   -0.2358E-05    0.6022E-05
# With parameters(rot.):    -0.1387E-03    0.2119E-04    0.1151E-02
# Minimization at step:   104 with Value:     0.0000Tol(Act/Req):0.3516E+00/0.1000E-04
# With parameters(tra.):     0.1837E-04    0.1482E-05    0.2944E-05
# With parameters(rot.):    -0.8270E-04   -0.2380E-04    0.1175E-02
# Minimization at step:   105 with Value:     0.0000Tol(Act/Req):0.2936E+00/0.1000E-04
# With parameters(tra.):     0.1716E-04    0.1442E-05    0.2262E-05
# With parameters(rot.):    -0.6555E-04   -0.1814E-04    0.1318E-02
# Minimization at step:   106 with Value:     0.0000Tol(Act/Req):0.2299E+00/0.1000E-04
# With parameters(tra.):     0.1356E-04   -0.2233E-05    0.7371E-05
# With parameters(rot.):    -0.5100E-04   -0.5308E-04    0.1071E-02
# Minimization at step:   107 with Value:     0.0000Tol(Act/Req):0.2135E+00/0.1000E-04
# With parameters(tra.):     0.1517E-04   -0.6708E-05    0.4494E-05
# With parameters(rot.):    -0.2280E-04   -0.7910E-04    0.7161E-03
# Minimization at step:   108 with Value:     0.0000Tol(Act/Req):0.1997E+00/0.1000E-04
# With parameters(tra.):     0.1622E-04   -0.2732E-05    0.6007E-05
# With parameters(rot.):     0.2045E-04   -0.9055E-04    0.3584E-03
# Minimization at step:   109 with Value:     0.0000Tol(Act/Req):0.1972E+00/0.1000E-04
# With parameters(tra.):     0.1501E-04   -0.7977E-05    0.1011E-04
# With parameters(rot.):    -0.1209E-05   -0.6781E-04    0.6270E-04
# Minimization at step:   110 with Value:     0.0000Tol(Act/Req):0.1843E+00/0.1000E-04
# With parameters(tra.):     0.1197E-04   -0.7568E-05    0.9413E-05
# With parameters(rot.):    -0.6905E-05   -0.8902E-04   -0.3064E-03
# Minimization at step:   111 with Value:     0.0000Tol(Act/Req):0.1814E+00/0.1000E-04
# With parameters(tra.):     0.1217E-04   -0.2187E-05    0.5082E-05
# With parameters(rot.):     0.1285E-04   -0.1188E-03   -0.1337E-03
# Minimization at step:   112 with Value:     0.0000Tol(Act/Req):0.1796E+00/0.1000E-04
# With parameters(tra.):     0.9770E-05   -0.5981E-05    0.3261E-05
# With parameters(rot.):    -0.3293E-04   -0.1168E-03    0.6002E-04
# Minimization at step:   113 with Value:     0.0000Tol(Act/Req):0.1772E+00/0.1000E-04
# With parameters(tra.):     0.6359E-05   -0.1265E-05    0.5726E-05
# With parameters(rot.):    -0.6450E-04   -0.1033E-03    0.1957E-03
# Minimization at step:   114 with Value:     0.0000Tol(Act/Req):0.1659E+00/0.1000E-04
# With parameters(tra.):     0.5826E-05   -0.2533E-05    0.6862E-05
# With parameters(rot.):    -0.7588E-04   -0.9460E-04    0.1800E-03
# Minimization at step:   115 with Value:     0.0000Tol(Act/Req):0.1562E+00/0.1000E-04
# With parameters(tra.):    -0.3651E-06   -0.3938E-05    0.7033E-05
# With parameters(rot.):    -0.4501E-04   -0.1088E-03    0.8732E-04
# Minimization at step:   116 with Value:     0.0000Tol(Act/Req):0.1549E+00/0.1000E-04
# With parameters(tra.):    -0.1407E-05   -0.8303E-06    0.1811E-05
# With parameters(rot.):    -0.5757E-04   -0.9237E-04    0.7043E-05
# Minimization at step:   117 with Value:     0.0000Tol(Act/Req):0.1309E+00/0.1000E-04
# With parameters(tra.):    -0.2737E-05    0.4681E-05    0.3149E-05
# With parameters(rot.):    -0.2001E-04   -0.8626E-04   -0.2043E-03
# Minimization at step:   118 with Value:     0.0000Tol(Act/Req):0.1283E+00/0.1000E-04
# With parameters(tra.):    -0.2642E-05    0.3997E-05    0.2318E-05
# With parameters(rot.):    -0.8405E-05   -0.8820E-04   -0.2716E-03
# Minimization at step:   119 with Value:     0.0000Tol(Act/Req):0.1269E+00/0.1000E-04
# With parameters(tra.):     0.1432E-05    0.7035E-05    0.1011E-05
# With parameters(rot.):    -0.2240E-04   -0.7244E-04   -0.2918E-03
# Minimization at step:   120 with Value:     0.0000Tol(Act/Req):0.9720E-01/0.1000E-04
# With parameters(tra.):     0.2112E-05    0.5853E-05    0.4987E-06
# With parameters(rot.):    -0.3200E-04   -0.7282E-04   -0.2462E-03
# Minimization at step:   121 with Value:     0.0000Tol(Act/Req):0.7290E-01/0.1000E-04
# With parameters(tra.):     0.1797E-05    0.6903E-05   -0.1284E-06
# With parameters(rot.):    -0.3314E-04   -0.6794E-04   -0.1797E-03
# Minimization at step:   122 with Value:     0.0000Tol(Act/Req):0.6896E-01/0.1000E-04
# With parameters(tra.):    -0.6118E-06    0.7512E-05   -0.1857E-06
# With parameters(rot.):    -0.4166E-04   -0.4157E-04   -0.3311E-03
# Minimization at step:   123 with Value:     0.0000Tol(Act/Req):0.5500E-01/0.1000E-04
# With parameters(tra.):     0.3684E-06    0.7267E-05    0.3231E-05
# With parameters(rot.):    -0.2826E-04   -0.4115E-04   -0.3554E-03
# Minimization at step:   124 with Value:     0.0000Tol(Act/Req):0.5136E-01/0.1000E-04
# With parameters(tra.):     0.1052E-05    0.7094E-05    0.3530E-05
# With parameters(rot.):    -0.2502E-04   -0.4771E-04   -0.3196E-03
# Minimization at step:   125 with Value:     0.0000Tol(Act/Req):0.4963E-01/0.1000E-04
# With parameters(tra.):    -0.1790E-05    0.5089E-05    0.5241E-05
# With parameters(rot.):    -0.1655E-04   -0.4997E-04   -0.3154E-03
# Minimization at step:   126 with Value:     0.0000Tol(Act/Req):0.4863E-01/0.1000E-04
# With parameters(tra.):    -0.1317E-05    0.4086E-05    0.4553E-05
# With parameters(rot.):     0.3931E-05   -0.4111E-04   -0.4645E-03
# Minimization at step:   127 with Value:     0.0000Tol(Act/Req):0.4141E-01/0.1000E-04
# With parameters(tra.):    -0.1100E-05    0.1133E-05    0.4880E-05
# With parameters(rot.):    -0.3276E-05   -0.3129E-04   -0.4461E-03
# Minimization at step:   128 with Value:     0.0000Tol(Act/Req):0.4075E-01/0.1000E-04
# With parameters(tra.):     0.1973E-05    0.1820E-05    0.3049E-05
# With parameters(rot.):    -0.7313E-05   -0.2280E-04   -0.4939E-03
# Minimization at step:   129 with Value:     0.0000Tol(Act/Req):0.3857E-01/0.1000E-04
# With parameters(tra.):     0.1402E-05    0.2226E-05    0.2853E-05
# With parameters(rot.):    -0.9881E-06    0.2010E-05   -0.4656E-03
# Minimization at step:   130 with Value:     0.0000Tol(Act/Req):0.3413E-01/0.1000E-04
# With parameters(tra.):     0.1835E-05    0.2609E-05    0.2974E-05
# With parameters(rot.):    -0.2311E-04    0.7520E-05   -0.3169E-03
# Minimization at step:   131 with Value:     0.0000Tol(Act/Req):0.3073E-01/0.1000E-04
# With parameters(tra.):    -0.5046E-06    0.2292E-05    0.4329E-05
# With parameters(rot.):    -0.2403E-04    0.8736E-05   -0.2368E-03
# Minimization at step:   132 with Value:     0.0000Tol(Act/Req):0.2809E-01/0.1000E-04
# With parameters(tra.):    -0.1213E-05    0.1171E-05    0.2895E-05
# With parameters(rot.):    -0.2967E-04    0.2100E-04   -0.1950E-03
# Minimization at step:   133 with Value:     0.0000Tol(Act/Req):0.2536E-01/0.1000E-04
# With parameters(tra.):    -0.2299E-05    0.5236E-06    0.2784E-05
# With parameters(rot.):    -0.1472E-04    0.2024E-04   -0.2761E-03
# Minimization at step:   134 with Value:     0.0000Tol(Act/Req):0.2324E-01/0.1000E-04
# With parameters(tra.):    -0.2237E-05   -0.1103E-06    0.2872E-05
# With parameters(rot.):    -0.1224E-04    0.2262E-04   -0.2545E-03
# Minimization at step:   135 with Value:     0.0000Tol(Act/Req):0.1971E-01/0.1000E-04
# With parameters(tra.):    -0.2718E-05   -0.9989E-06    0.3023E-05
# With parameters(rot.):    -0.1980E-04    0.9164E-05   -0.2230E-03
# Minimization at step:   136 with Value:     0.0000Tol(Act/Req):0.1347E-01/0.1000E-04
# With parameters(tra.):    -0.3286E-05    0.6823E-06    0.2314E-05
# With parameters(rot.):    -0.1852E-04    0.1191E-04   -0.1810E-03
# Minimization at step:   137 with Value:     0.0000Tol(Act/Req):0.1151E-01/0.1000E-04
# With parameters(tra.):    -0.2653E-05    0.3573E-06    0.7389E-06
# With parameters(rot.):    -0.1607E-04    0.1216E-04   -0.2157E-03
# Minimization at step:   138 with Value:     0.0000Tol(Act/Req):0.1143E-01/0.1000E-04
# With parameters(tra.):    -0.2661E-05    0.8336E-06    0.9763E-06
# With parameters(rot.):    -0.7778E-05    0.1040E-05   -0.2505E-03
# Minimization at step:   139 with Value:     0.0000Tol(Act/Req):0.1045E-01/0.1000E-04
# With parameters(tra.):    -0.2057E-05    0.1368E-05    0.4474E-06
# With parameters(rot.):    -0.1543E-04   -0.4851E-05   -0.1880E-03
# Minimization at step:   140 with Value:     0.0000Tol(Act/Req):0.9674E-02/0.1000E-04
# With parameters(tra.):    -0.1872E-05    0.5937E-06   -0.1860E-06
# With parameters(rot.):    -0.1153E-04   -0.9242E-05   -0.1227E-03
# Minimization at step:   141 with Value:     0.0000Tol(Act/Req):0.9465E-02/0.1000E-04
# With parameters(tra.):    -0.1804E-05    0.4546E-06   -0.3422E-06
# With parameters(rot.):    -0.1392E-04   -0.7319E-05   -0.1034E-03
# Minimization at step:   142 with Value:     0.0000Tol(Act/Req):0.6999E-02/0.1000E-04
# With parameters(tra.):    -0.1335E-05    0.1262E-05   -0.1259E-05
# With parameters(rot.):    -0.8670E-05   -0.4711E-05   -0.8924E-04
# Minimization at step:   143 with Value:     0.0000Tol(Act/Req):0.6730E-02/0.1000E-04
# With parameters(tra.):    -0.1078E-05    0.1030E-05   -0.1439E-05
# With parameters(rot.):    -0.8062E-05   -0.6555E-05   -0.8861E-04
# Minimization at step:   144 with Value:     0.0000Tol(Act/Req):0.6257E-02/0.1000E-04
# With parameters(tra.):    -0.1355E-05    0.3829E-06   -0.1538E-05
# With parameters(rot.):     0.2048E-05   -0.1232E-05   -0.1180E-03
# Minimization at step:   145 with Value:     0.0000Tol(Act/Req):0.6219E-02/0.1000E-04
# With parameters(tra.):    -0.1555E-05    0.7165E-06   -0.7225E-06
# With parameters(rot.):     0.5637E-05   -0.5944E-05   -0.5069E-04
# Minimization at step:   146 with Value:     0.0000Tol(Act/Req):0.4019E-02/0.1000E-04
# With parameters(tra.):    -0.1502E-05    0.9061E-06   -0.6295E-06
# With parameters(rot.):     0.3408E-05   -0.7668E-05   -0.3772E-04
# Minimization at step:   147 with Value:     0.0000Tol(Act/Req):0.3452E-02/0.1000E-04
# With parameters(tra.):    -0.1448E-05    0.8386E-06   -0.8258E-06
# With parameters(rot.):     0.2325E-05   -0.6633E-05   -0.5347E-04
# Minimization at step:   148 with Value:     0.0000Tol(Act/Req):0.2800E-02/0.1000E-04
# With parameters(tra.):    -0.1194E-05    0.6884E-06   -0.1299E-05
# With parameters(rot.):     0.2967E-05   -0.2557E-05    0.1853E-05
# Minimization at step:   149 with Value:     0.0000Tol(Act/Req):0.2683E-02/0.1000E-04
# With parameters(tra.):    -0.1184E-05    0.8900E-06   -0.1234E-05
# With parameters(rot.):     0.3201E-05   -0.9025E-06   -0.4079E-05
# Minimization at step:   150 with Value:     0.0000Tol(Act/Req):0.2522E-02/0.1000E-04
# With parameters(tra.):    -0.1446E-05    0.2274E-06   -0.6142E-06
# With parameters(rot.):     0.3659E-05   -0.1371E-05    0.1489E-04
# Minimization at step:   151 with Value:     0.0000Tol(Act/Req):0.2286E-02/0.1000E-04
# With parameters(tra.):    -0.1348E-05    0.4456E-07   -0.6353E-06
# With parameters(rot.):     0.4940E-05   -0.1861E-05    0.2383E-04
# Minimization at step:   152 with Value:     0.0000Tol(Act/Req):0.1871E-02/0.1000E-04
# With parameters(tra.):    -0.1425E-05    0.2845E-07   -0.4615E-06
# With parameters(rot.):     0.4944E-05   -0.2822E-05    0.1183E-04
# Minimization at step:   153 with Value:     0.0000Tol(Act/Req):0.1623E-02/0.1000E-04
# With parameters(tra.):    -0.1326E-05    0.9352E-07   -0.2802E-06
# With parameters(rot.):     0.1985E-05   -0.4196E-05    0.4368E-04
# Minimization at step:   154 with Value:     0.0000Tol(Act/Req):0.1389E-02/0.1000E-04
# With parameters(tra.):    -0.1251E-05    0.2480E-06   -0.4072E-06
# With parameters(rot.):     0.1731E-05   -0.4314E-05    0.4134E-04
# Minimization at step:   155 with Value:     0.0000Tol(Act/Req):0.9648E-03/0.1000E-04
# With parameters(tra.):    -0.1076E-05   -0.8400E-07   -0.6602E-06
# With parameters(rot.):    -0.6325E-06   -0.1472E-05    0.4143E-04
# Minimization at step:   156 with Value:     0.0000Tol(Act/Req):0.8428E-03/0.1000E-04
# With parameters(tra.):    -0.1020E-05   -0.5486E-08   -0.3378E-06
# With parameters(rot.):    -0.1443E-05    0.1648E-05    0.4473E-04
# Minimization at step:   157 with Value:     0.0000Tol(Act/Req):0.8081E-03/0.1000E-04
# With parameters(tra.):    -0.1059E-05    0.8406E-07   -0.2477E-06
# With parameters(rot.):    -0.9197E-06    0.1197E-05    0.4498E-04
# Minimization at step:   158 with Value:     0.0000Tol(Act/Req):0.7662E-03/0.1000E-04
# With parameters(tra.):    -0.9858E-06   -0.4075E-08   -0.2260E-06
# With parameters(rot.):    -0.7675E-06    0.1207E-05    0.5122E-04
# Minimization at step:   159 with Value:     0.0000Tol(Act/Req):0.7246E-03/0.1000E-04
# With parameters(tra.):    -0.9923E-06   -0.4714E-07    0.2000E-06
# With parameters(rot.):    -0.2663E-05    0.6281E-06    0.4035E-04
# Minimization at step:   160 with Value:     0.0000Tol(Act/Req):0.6578E-03/0.1000E-04
# With parameters(tra.):    -0.9466E-06   -0.1374E-06    0.2392E-06
# With parameters(rot.):    -0.2240E-05    0.3152E-05    0.1800E-04
# Minimization at step:   161 with Value:     0.0000Tol(Act/Req):0.6518E-03/0.1000E-04
# With parameters(tra.):    -0.8834E-06   -0.9229E-07    0.2295E-06
# With parameters(rot.):    -0.2698E-05    0.3715E-05    0.1489E-04
# Minimization at step:   162 with Value:     0.0000Tol(Act/Req):0.6257E-03/0.1000E-04
# With parameters(tra.):    -0.8727E-06   -0.8528E-07    0.1255E-06
# With parameters(rot.):    -0.2227E-05    0.4117E-05    0.1548E-04
# Minimization at step:   163 with Value:     0.0000Tol(Act/Req):0.5208E-03/0.1000E-04
# With parameters(tra.):    -0.8799E-06   -0.1904E-06   -0.4244E-07
# With parameters(rot.):    -0.1678E-05    0.1821E-05    0.2429E-05
# Minimization at step:   164 with Value:     0.0000Tol(Act/Req):0.3640E-03/0.1000E-04
# With parameters(tra.):    -0.8858E-06   -0.1722E-06   -0.7569E-07
# With parameters(rot.):    -0.1737E-05    0.1079E-05    0.6718E-05
# Minimization at step:   165 with Value:     0.0000Tol(Act/Req):0.3585E-03/0.1000E-04
# With parameters(tra.):    -0.7063E-06   -0.4046E-06    0.1791E-07
# With parameters(rot.):    -0.1756E-05    0.1056E-05    0.4352E-05
# Minimization at step:   166 with Value:     0.0000Tol(Act/Req):0.3061E-03/0.1000E-04
# With parameters(tra.):    -0.6766E-06   -0.3924E-06    0.2194E-06
# With parameters(rot.):    -0.1180E-05    0.3447E-06   -0.5425E-05
# Minimization at step:   167 with Value:     0.0000Tol(Act/Req):0.2937E-03/0.1000E-04
# With parameters(tra.):    -0.6579E-06   -0.3830E-06    0.2832E-06
# With parameters(rot.):    -0.1276E-05    0.7958E-06   -0.2816E-05
# Minimization at step:   168 with Value:     0.0000Tol(Act/Req):0.2879E-03/0.1000E-04
# With parameters(tra.):    -0.4564E-06   -0.3896E-06    0.2818E-06
# With parameters(rot.):    -0.1717E-05    0.9489E-06   -0.1495E-04
# Minimization at step:   169 with Value:     0.0000Tol(Act/Req):0.2151E-03/0.1000E-04
# With parameters(tra.):    -0.2962E-06   -0.4770E-06    0.1259E-06
# With parameters(rot.):    -0.6052E-06    0.6968E-06   -0.2390E-04
# Minimization at step:   170 with Value:     0.0000Tol(Act/Req):0.2015E-03/0.1000E-04
# With parameters(tra.):    -0.2500E-06   -0.4934E-06    0.1260E-06
# With parameters(rot.):    -0.5403E-06    0.2940E-06   -0.2431E-04
# Minimization at step:   171 with Value:     0.0000Tol(Act/Req):0.2010E-03/0.1000E-04
# With parameters(tra.):    -0.2774E-06   -0.2906E-06    0.6849E-07
# With parameters(rot.):    -0.1163E-06    0.6294E-07   -0.3150E-04
# Minimization at step:   172 with Value:     0.0000Tol(Act/Req):0.1516E-03/0.1000E-04
# With parameters(tra.):    -0.3159E-06   -0.2533E-06    0.1027E-06
# With parameters(rot.):    -0.3536E-06    0.7316E-07   -0.2989E-04
# Minimization at step:   173 with Value:     0.0000Tol(Act/Req):0.1512E-03/0.1000E-04
# With parameters(tra.):    -0.2154E-06   -0.2150E-06   -0.7058E-07
# With parameters(rot.):    -0.4622E-06    0.4567E-06   -0.3153E-04
# Minimization at step:   174 with Value:     0.0000Tol(Act/Req):0.1355E-03/0.1000E-04
# With parameters(tra.):    -0.3063E-06   -0.1663E-06   -0.1576E-06
# With parameters(rot.):     0.1829E-06    0.2188E-06   -0.2658E-04
# Minimization at step:   175 with Value:     0.0000Tol(Act/Req):0.1274E-03/0.1000E-04
# With parameters(tra.):    -0.1517E-06   -0.7523E-07   -0.1770E-06
# With parameters(rot.):     0.4775E-06    0.9288E-06   -0.2928E-04
# Minimization at step:   176 with Value:     0.0000Tol(Act/Req):0.1021E-03/0.1000E-04
# With parameters(tra.):    -0.8240E-07   -0.2062E-06   -0.2013E-06
# With parameters(rot.):     0.2515E-06    0.1448E-05   -0.2135E-04
# Minimization at step:   177 with Value:     0.0000Tol(Act/Req):0.1014E-03/0.1000E-04
# With parameters(tra.):    -0.1385E-06   -0.2415E-06   -0.7153E-07
# With parameters(rot.):     0.5980E-06    0.1395E-05   -0.1632E-04
# Minimization at step:   178 with Value:     0.0000Tol(Act/Req):0.1010E-03/0.1000E-04
# With parameters(tra.):    -0.8909E-08   -0.1902E-06   -0.1371E-06
# With parameters(rot.):     0.1107E-05    0.9571E-06   -0.1447E-04
# Minimization at step:   179 with Value:     0.0000Tol(Act/Req):0.8906E-04/0.1000E-04
# With parameters(tra.):    -0.3567E-07   -0.2225E-06   -0.1289E-06
# With parameters(rot.):     0.1086E-05    0.7819E-06   -0.1256E-04
# Minimization at step:   180 with Value:     0.0000Tol(Act/Req):0.8491E-04/0.1000E-04
# With parameters(tra.):    -0.4910E-07   -0.1912E-06   -0.1168E-06
# With parameters(rot.):     0.1212E-05    0.5965E-06   -0.1381E-04
# Minimization at step:   181 with Value:     0.0000Tol(Act/Req):0.6344E-04/0.1000E-04
# With parameters(tra.):    -0.3711E-07   -0.9569E-07   -0.1215E-06
# With parameters(rot.):     0.1259E-05    0.7913E-06   -0.5237E-05
# Minimization at step:   182 with Value:     0.0000Tol(Act/Req):0.5737E-04/0.1000E-04
# With parameters(tra.):     0.4703E-09   -0.9791E-07   -0.1040E-06
# With parameters(rot.):     0.1242E-05    0.8787E-06   -0.4285E-05
# Minimization at step:   183 with Value:     0.0000Tol(Act/Req):0.5580E-04/0.1000E-04
# With parameters(tra.):    -0.3114E-07   -0.1030E-06   -0.8488E-07
# With parameters(rot.):     0.1125E-05    0.9818E-06   -0.3898E-05
# Minimization at step:   184 with Value:     0.0000Tol(Act/Req):0.3808E-04/0.1000E-04
# With parameters(tra.):    -0.8176E-08   -0.8267E-07   -0.1184E-06
# With parameters(rot.):     0.1083E-05    0.9605E-06   -0.4121E-05
# Minimization at step:   185 with Value:     0.0000Tol(Act/Req):0.3399E-04/0.1000E-04
# With parameters(tra.):    -0.5254E-07   -0.1008E-06   -0.9861E-07
# With parameters(rot.):     0.1039E-05    0.6698E-06    0.2510E-05
# Minimization at step:   186 with Value:     0.0000Tol(Act/Req):0.3126E-04/0.1000E-04
# With parameters(tra.):    -0.8054E-07   -0.7896E-08   -0.6835E-07
# With parameters(rot.):     0.1234E-05    0.3233E-06    0.5451E-05
# Minimization at step:   187 with Value:     0.0000Tol(Act/Req):0.2993E-04/0.1000E-04
# With parameters(tra.):    -0.1070E-06   -0.7411E-07   -0.4588E-07
# With parameters(rot.):     0.1178E-05   -0.2758E-07    0.4417E-06
# Minimization at step:   188 with Value:     0.0000Tol(Act/Req):0.2791E-04/0.1000E-04
# With parameters(tra.):    -0.1022E-06   -0.1028E-06   -0.5157E-07
# With parameters(rot.):     0.1125E-05    0.2980E-07   -0.7107E-06
# Minimization at step:   189 with Value:     0.0000Tol(Act/Req):0.2553E-04/0.1000E-04
# With parameters(tra.):    -0.8116E-07   -0.6037E-07   -0.6985E-07
# With parameters(rot.):     0.1153E-05    0.3073E-06    0.2758E-05
# Minimization at step:   190 with Value:     0.0000Tol(Act/Req):0.2152E-04/0.1000E-04
# With parameters(tra.):    -0.7245E-07   -0.5248E-07   -0.7240E-07
# With parameters(rot.):     0.1174E-05    0.3498E-06    0.1120E-05
# Minimization at step:   191 with Value:     0.0000Tol(Act/Req):0.1936E-04/0.1000E-04
# With parameters(tra.):    -0.2160E-07   -0.4178E-07   -0.2684E-07
# With parameters(rot.):     0.1115E-05    0.3482E-06    0.4827E-05
# Minimization at step:   192 with Value:     0.0000Tol(Act/Req):0.1839E-04/0.1000E-04
# With parameters(tra.):    -0.3661E-07   -0.3924E-07   -0.1243E-07
# With parameters(rot.):     0.1056E-05    0.3469E-06    0.5747E-05
# Minimization at step:   193 with Value:     0.0000Tol(Act/Req):0.1326E-04/0.1000E-04
# With parameters(tra.):    -0.9273E-08    0.2174E-08   -0.3625E-07
# With parameters(rot.):     0.9859E-06    0.1617E-06    0.7880E-05
# Minimization at step:   194 with Value:     0.0000Tol(Act/Req):0.1050E-04/0.1000E-04
# With parameters(tra.):    -0.2096E-07    0.3161E-08   -0.4843E-07
# With parameters(rot.):     0.9897E-06    0.1466E-06    0.7208E-05
# Minimization at step:   195 with Value:     0.0000Tol(Act/Req):0.9992E-05/0.1000E-04
# With parameters(tra.):    -0.1492E-07   -0.3983E-08   -0.2910E-07
# With parameters(rot.):     0.9161E-06   -0.9203E-07    0.6379E-05
# CSM Values after z minimization.
# Final Number of optim. Steps:   195
#      Before min is:     -0.00000000000
# Final CSM Simplex Value is:      0.00000000000
# CSM Summary.
#    Inizial CSM Value is:     -0.00000000000
#   After optimization is:      0.00000000000
#          Along x axe is:      0.00000000000
#          Along y axe is:      0.00000000000
#          Along z axe is:      0.00000000000
# The Lowest CSM Value is:     -0.00000000000
#    Obtained CSM in % is:     -0.00000000000
