# [csmmod_rdinput] messages reinitialized.
# MESLOG:[csmmod_rdinput] messages reinitialized.
# Input  file unit is: 5
# Input  file name is:stdin
# Output file unit is: 6
# Output file name is:stdout
# Error  file unit is: 6
# Error  file name is:stderr
# Log    file unit is: 6
# Log    file name is:stdlog
# MESLOG:[csm_rdinput] molecule_init called with debug.
[molecule] Nrec=   6 Format=nscxyz
  h                1    1    0.00000000D+00   0.10000000D+01   0.10000000D+01
  h                2    1    0.86600000D+00   0.50000000D+00   0.10000000D+01
  h                3    1    0.86600000D+00  -0.50000000D+00   0.10000000D+01
  h                4    1    0.00000000D+00  -0.10000000D+01   0.10000000D+01
  h                5    1   -0.86600000D+00  -0.50000000D+00   0.10000000D+01
  h                6    1   -0.86600000D+00   0.50000000D+00   0.10000000D+01
# Molecule moved to the center of mass
# Shift Vector is:        0.00000000       0.00000000       0.52917706
# Inertia Tensor: (Before Diagonalization)
# Up Diagonal Columnwise
#    0.84008508D+00  -0.00000000D+00   0.84003580D+00  -0.00000000D+00  -0.00000000D+00   0.16801209D+01
# Inertia Tensor: (Full Matrix)
# 1,1 - 1,3           0.84008508D+00  -0.00000000D+00  -0.00000000D+00
# 2,1 - 2,3          -0.00000000D+00   0.84003580D+00  -0.00000000D+00
# 3,1 - 3,3          -0.00000000D+00  -0.00000000D+00   0.16801209D+01
# Inertia Tensor
# Inertia EigenValues:     0.84003580D+00   0.84008508D+00   0.16801209D+01
# Eigen Vectors:
# 1,1 - 1,3           0.00000000D+00   0.10000000D+01   0.00000000D+00
# 2,1 - 2,3           0.10000000D+01   0.00000000D+00   0.00000000D+00
# 3,1 - 3,3           0.00000000D+00   0.00000000D+00   0.10000000D+01
# Molecule Rotated to match inertia axes
[molecule] Nrec=   6 Format=nscxyz
  h                1    1    0.10000000D+01   0.00000000D+00   0.00000000D+00
  h                2    1    0.50000000D+00   0.86600000D+00   0.00000000D+00
  h                3    1   -0.50000000D+00   0.86600000D+00   0.00000000D+00
  h                4    1   -0.10000000D+01   0.00000000D+00   0.00000000D+00
  h                5    1   -0.50000000D+00  -0.86600000D+00   0.00000000D+00
  h                6    1    0.50000000D+00  -0.86600000D+00   0.00000000D+00
# Initial Integrals follow ...
# INT: Number of electrons from integrated RHO:      6.00000103967
# INT: \int \rho \rho dr:      14.43219089754
# INT: \int \rho \tilde{\rho} dr/ng:      14.43219089327
# INT: \int \rho \tilde{\rho}m dr/ng:      13.95111786335
#  DEBUG     \int rr  =     14.43219089754
#  DEBUG     \int rr~ =     14.43219089327
#  DEBUG     \int rr~ =     14.43219089327
#  DEBUG     CSM value =      0.00000000030
#  DEBUG     CSM value =      0.00000000030
# Number of electrons =      6.00000103967
# Initial rho^2 value =     14.43219089754
#  Initial rrii value =      8.14246681103
#  Initial rrij value =      6.28972408651
#  Initial imj  value =     14.43219089327
#  Initial impj value =     13.95111786335
#  Initial CSM  value =      0.00000000030
#  Initial CSM% value =      0.00000002957
[molecule] Nrec=   6 Format=nscxyz
  h                1    1    0.10000000D+01   0.00000000D+00   0.00000000D+00
  h                2    1    0.50000000D+00   0.86600000D+00   0.00000000D+00
  h                3    1   -0.50000000D+00   0.86600000D+00   0.00000000D+00
  h                4    1   -0.10000000D+01   0.00000000D+00   0.00000000D+00
  h                5    1   -0.50000000D+00  -0.86600000D+00   0.00000000D+00
  h                6    1    0.50000000D+00  -0.86600000D+00   0.00000000D+00
# Request Simplex: Run it with internal procedure. NOT IMPLEMENTED!
# Request for Simplex: Initial Coordinates.
[molecule] Nrec=   6 Format=nscxyz
  h                1    1    0.10000000D+01   0.00000000D+00   0.00000000D+00
  h                2    1    0.50000000D+00   0.86600000D+00   0.00000000D+00
  h                3    1   -0.50000000D+00   0.86600000D+00   0.00000000D+00
  h                4    1   -0.10000000D+01   0.00000000D+00   0.00000000D+00
  h                5    1   -0.50000000D+00  -0.86600000D+00   0.00000000D+00
  h                6    1    0.50000000D+00  -0.86600000D+00   0.00000000D+00
# Minimization at step:     0 with Value:     0.0214Tol(Act/Req):0.2000E+01/0.1000E-04
# With parameters(tra.):     0.1429E-01    0.1429E-01    0.1429E-01
# With parameters(rot.):     0.1429E-01    0.1429E-01    0.1429E-01
# Minimization at step:     1 with Value:     0.0139Tol(Act/Req):0.2000E+01/0.1000E-04
# With parameters(tra.):     0.1548E-01    0.1548E-01    0.7143E-02
# With parameters(rot.):     0.1548E-01    0.1548E-01    0.1548E-01
# Minimization at step:     2 with Value:     0.0109Tol(Act/Req):0.2000E+01/0.1000E-04
# With parameters(tra.):     0.8433E-02    0.1677E-01    0.7738E-02
# With parameters(rot.):     0.1677E-01    0.1677E-01    0.1677E-01
# Minimization at step:     3 with Value:     0.0078Tol(Act/Req):0.2000E+01/0.1000E-04
# With parameters(tra.):     0.9135E-02    0.9830E-02    0.8383E-02
# With parameters(rot.):     0.1816E-01    0.1816E-01    0.1816E-01
# Minimization at step:     4 with Value:     0.0059Tol(Act/Req):0.2000E+01/0.1000E-04
# With parameters(tra.):     0.9336E-02    0.1020E-01   -0.2021E-02
# With parameters(rot.):     0.2062E-01    0.2062E-01    0.2062E-01
# Minimization at step:     5 with Value:     0.0050Tol(Act/Req):0.2000E+01/0.1000E-04
# With parameters(tra.):     0.1011E-01    0.1105E-01   -0.2190E-02
# With parameters(rot.):     0.2234E-01    0.1401E-01    0.2234E-01
# Minimization at step:     6 with Value:     0.0042Tol(Act/Req):0.2000E+01/0.1000E-04
# With parameters(tra.):     0.1096E-01    0.1198E-01   -0.2372E-02
# With parameters(rot.):     0.1587E-01    0.1517E-01    0.2420E-01
# Minimization at step:     7 with Value:     0.0042Tol(Act/Req):0.2000E+01/0.1000E-04
# With parameters(tra.):     0.1297E-01   -0.1182E-02   -0.4668E-02
# With parameters(rot.):     0.1790E-01    0.1697E-01    0.2901E-01
# Minimization at step:     8 with Value:     0.0034Tol(Act/Req):0.2000E+01/0.1000E-04
# With parameters(tra.):     0.9825E-02   -0.2033E-02   -0.5404E-02
# With parameters(rot.):     0.1864E-01    0.1763E-01    0.3067E-01
# Minimization at step:     9 with Value:     0.0026Tol(Act/Req):0.2000E+01/0.1000E-04
# With parameters(tra.):     0.7530E-02    0.7622E-02   -0.3866E-02
# With parameters(rot.):     0.1730E-01    0.1645E-01    0.2748E-01
# Minimization at step:    10 with Value:     0.0019Tol(Act/Req):0.2000E+01/0.1000E-04
# With parameters(tra.):     0.6978E-02    0.6790E-02    0.8745E-03
# With parameters(rot.):     0.1524E-01    0.1418E-01    0.2797E-01
# Minimization at step:    11 with Value:     0.0018Tol(Act/Req):0.2000E+01/0.1000E-04
# With parameters(tra.):    -0.2584E-03    0.8029E-02    0.1495E-02
# With parameters(rot.):     0.1558E-01    0.1435E-01    0.3040E-01
# Minimization at step:    12 with Value:     0.0018Tol(Act/Req):0.2000E+01/0.1000E-04
# With parameters(tra.):    -0.2311E-02    0.8556E-02    0.2419E-02
# With parameters(rot.):     0.2547E-02    0.1641E-01    0.3619E-01
# Minimization at step:    13 with Value:     0.0015Tol(Act/Req):0.2000E+01/0.1000E-04
# With parameters(tra.):    -0.4250E-02    0.9208E-02    0.3319E-02
# With parameters(rot.):     0.1767E-03    0.7089E-02    0.4223E-01
# Minimization at step:    14 with Value:     0.0015Tol(Act/Req):0.2000E+01/0.1000E-04
# With parameters(tra.):    -0.6647E-02    0.3299E-02    0.4689E-02
# With parameters(rot.):    -0.4639E-02    0.4757E-02    0.4927E-01
# Minimization at step:    15 with Value:     0.0014Tol(Act/Req):0.2000E+01/0.1000E-04
# With parameters(tra.):    -0.6039E-02    0.1020E-02    0.4521E-02
# With parameters(rot.):     0.6003E-02   -0.1187E-02    0.4784E-01
# Minimization at step:    16 with Value:     0.0014Tol(Act/Req):0.2000E+01/0.1000E-04
# With parameters(tra.):    -0.7297E-03   -0.2556E-02    0.4909E-02
# With parameters(rot.):     0.2463E-02   -0.6538E-02    0.5123E-01
# Minimization at step:    17 with Value:     0.0011Tol(Act/Req):0.2000E+01/0.1000E-04
# With parameters(tra.):     0.3625E-03   -0.1567E-02    0.4585E-02
# With parameters(rot.):     0.4259E-02   -0.6897E-02    0.4963E-01
# Minimization at step:    18 with Value:     0.0009Tol(Act/Req):0.2000E+01/0.1000E-04
# With parameters(tra.):    -0.8739E-03   -0.5907E-03    0.4461E-02
# With parameters(rot.):     0.5294E-02   -0.5589E-02    0.4865E-01
# Minimization at step:    19 with Value:     0.0007Tol(Act/Req):0.2000E+01/0.1000E-04
# With parameters(tra.):    -0.3811E-04    0.7163E-03    0.4572E-02
# With parameters(rot.):    -0.2865E-02   -0.2231E-02    0.4992E-01
# Minimization at step:    20 with Value:     0.0006Tol(Act/Req):0.2000E+01/0.1000E-04
# With parameters(tra.):    -0.5309E-03    0.3489E-03    0.4090E-02
# With parameters(rot.):    -0.4031E-02   -0.3220E-02    0.5167E-01
# Minimization at step:    21 with Value:     0.0006Tol(Act/Req):0.2000E+01/0.1000E-04
# With parameters(tra.):     0.1023E-03   -0.4978E-03    0.4004E-02
# With parameters(rot.):    -0.3986E-02   -0.2525E-02    0.5145E-01
# Minimization at step:    22 with Value:     0.0005Tol(Act/Req):0.2000E+01/0.1000E-04
# With parameters(tra.):     0.2200E-02    0.1837E-02    0.3162E-02
# With parameters(rot.):    -0.3143E-02   -0.1785E-02    0.4886E-01
# Minimization at step:    23 with Value:     0.0005Tol(Act/Req):0.2000E+01/0.1000E-04
# With parameters(tra.):     0.1838E-02    0.2527E-02    0.2992E-02
# With parameters(rot.):    -0.3329E-02   -0.8141E-03    0.4839E-01
# Minimization at step:    24 with Value:     0.0004Tol(Act/Req):0.2000E+01/0.1000E-04
# With parameters(tra.):     0.1906E-02    0.2260E-02    0.2391E-02
# With parameters(rot.):     0.1956E-02   -0.2580E-02    0.4703E-01
# Minimization at step:    25 with Value:     0.0004Tol(Act/Req):0.2000E+01/0.1000E-04
# With parameters(tra.):     0.1357E-02    0.1711E-02    0.2538E-02
# With parameters(rot.):     0.2170E-02   -0.2832E-02    0.4753E-01
# Minimization at step:    26 with Value:     0.0004Tol(Act/Req):0.2000E+01/0.1000E-04
# With parameters(tra.):     0.1001E-02    0.1431E-02    0.1056E-02
# With parameters(rot.):     0.1906E-02   -0.4680E-02    0.4964E-01
# Minimization at step:    27 with Value:     0.0003Tol(Act/Req):0.2000E+01/0.1000E-04
# With parameters(tra.):     0.1335E-02    0.1907E-02    0.1408E-02
# With parameters(rot.):     0.2541E-02   -0.6240E-02    0.3286E-01
# Minimization at step:    28 with Value:     0.0003Tol(Act/Req):0.2000E+01/0.1000E-04
# With parameters(tra.):     0.3012E-02    0.1016E-02    0.3718E-03
# With parameters(rot.):     0.4806E-02   -0.6089E-02    0.2622E-01
# Minimization at step:    29 with Value:     0.0003Tol(Act/Req):0.2000E+01/0.1000E-04
# With parameters(tra.):     0.3312E-02    0.8688E-03    0.2990E-03
# With parameters(rot.):     0.4716E-03   -0.5492E-02    0.2064E-01
# Minimization at step:    30 with Value:     0.0002Tol(Act/Req):0.2000E+01/0.1000E-04
# With parameters(tra.):     0.2918E-02    0.1079E-02    0.5521E-03
# With parameters(rot.):    -0.4559E-03   -0.5480E-02    0.2184E-01
# Minimization at step:    31 with Value:     0.0002Tol(Act/Req):0.2000E+01/0.1000E-04
# With parameters(tra.):     0.2554E-02    0.1978E-02   -0.6017E-03
# With parameters(rot.):     0.1302E-03   -0.5094E-02    0.1204E-01
# Minimization at step:    32 with Value:     0.0002Tol(Act/Req):0.2000E+01/0.1000E-04
# With parameters(tra.):     0.2772E-02    0.2094E-02   -0.3695E-03
# With parameters(rot.):     0.4825E-04   -0.4666E-02    0.8377E-02
# Minimization at step:    33 with Value:     0.0002Tol(Act/Req):0.2000E+01/0.1000E-04
# With parameters(tra.):     0.2303E-02    0.1366E-02   -0.8769E-03
# With parameters(rot.):    -0.1610E-03   -0.5502E-02   -0.6695E-03
# Minimization at step:    34 with Value:     0.0001Tol(Act/Req):0.2000E+01/0.1000E-04
# With parameters(tra.):     0.2300E-02    0.1202E-02   -0.1155E-02
# With parameters(rot.):    -0.5451E-03   -0.5051E-02    0.7331E-03
# Minimization at step:    35 with Value:     0.0001Tol(Act/Req):0.2000E+01/0.1000E-04
# With parameters(tra.):     0.2510E-02    0.3345E-03   -0.4285E-03
# With parameters(rot.):    -0.1153E-02   -0.5330E-02    0.5253E-02
# Minimization at step:    36 with Value:     0.0001Tol(Act/Req):0.2000E+01/0.1000E-04
# With parameters(tra.):     0.2368E-02    0.3267E-03   -0.4709E-03
# With parameters(rot.):    -0.2052E-03   -0.5465E-02    0.5366E-02
# Minimization at step:    37 with Value:     0.0001Tol(Act/Req):0.2000E+01/0.1000E-04
# With parameters(tra.):     0.1396E-02    0.4972E-03   -0.3058E-03
# With parameters(rot.):    -0.1977E-02   -0.5436E-02    0.2265E-02
# Minimization at step:    38 with Value:     0.0001Tol(Act/Req):0.2000E+01/0.1000E-04
# With parameters(tra.):     0.1379E-02    0.2717E-03    0.5847E-04
# With parameters(rot.):    -0.2606E-02   -0.4987E-02   -0.4757E-02
# Minimization at step:    39 with Value:     0.0001Tol(Act/Req):0.2000E+01/0.1000E-04
# With parameters(tra.):     0.1381E-02    0.3017E-03    0.2210E-03
# With parameters(rot.):    -0.2775E-02   -0.4805E-02   -0.3589E-02
# Minimization at step:    40 with Value:     0.0001Tol(Act/Req):0.2000E+01/0.1000E-04
# With parameters(tra.):     0.1069E-02   -0.3271E-03    0.1229E-03
# With parameters(rot.):    -0.4286E-02   -0.3820E-02   -0.2225E-02
# Minimization at step:    41 with Value:     0.0001Tol(Act/Req):0.2000E+01/0.1000E-04
# With parameters(tra.):     0.9136E-03   -0.2376E-03    0.4765E-04
# With parameters(rot.):    -0.4445E-02   -0.3648E-02   -0.3602E-02
# Minimization at step:    42 with Value:     0.0001Tol(Act/Req):0.2000E+01/0.1000E-04
# With parameters(tra.):     0.1725E-02   -0.6530E-03    0.3072E-06
# With parameters(rot.):    -0.3497E-02   -0.3081E-02   -0.2457E-02
# Minimization at step:    43 with Value:     0.0001Tol(Act/Req):0.2000E+01/0.1000E-04
# With parameters(tra.):     0.1857E-02   -0.5229E-03    0.1463E-04
# With parameters(rot.):    -0.3054E-02   -0.3266E-02   -0.2817E-02
# Minimization at step:    44 with Value:     0.0000Tol(Act/Req):0.2000E+01/0.1000E-04
# With parameters(tra.):     0.1403E-02   -0.8217E-03    0.9160E-04
# With parameters(rot.):    -0.2106E-02   -0.2804E-02   -0.5320E-02
# Minimization at step:    45 with Value:     0.0000Tol(Act/Req):0.2000E+01/0.1000E-04
# With parameters(tra.):     0.7147E-03   -0.5524E-03    0.1499E-03
# With parameters(rot.):    -0.2470E-02   -0.3159E-02   -0.6894E-02
# Minimization at step:    46 with Value:     0.0000Tol(Act/Req):0.2000E+01/0.1000E-04
# With parameters(tra.):     0.5041E-03   -0.6768E-03   -0.6240E-04
# With parameters(rot.):    -0.2005E-02   -0.2849E-02   -0.2926E-02
# Minimization at step:    47 with Value:     0.0000Tol(Act/Req):0.2000E+01/0.1000E-04
# With parameters(tra.):     0.2146E-03   -0.9430E-03    0.1682E-03
# With parameters(rot.):    -0.2087E-02   -0.1833E-02   -0.3705E-03
# Minimization at step:    48 with Value:     0.0000Tol(Act/Req):0.1999E+01/0.1000E-04
# With parameters(tra.):    -0.3285E-03   -0.9992E-03    0.5794E-04
# With parameters(rot.):    -0.1620E-02   -0.8836E-03   -0.2047E-02
# Minimization at step:    49 with Value:     0.0000Tol(Act/Req):0.1999E+01/0.1000E-04
# With parameters(tra.):    -0.6760E-03   -0.9232E-03    0.9025E-04
# With parameters(rot.):    -0.5960E-03   -0.5650E-03   -0.2395E-02
# Minimization at step:    50 with Value:     0.0000Tol(Act/Req):0.1999E+01/0.1000E-04
# With parameters(tra.):    -0.6771E-03   -0.9990E-03    0.7555E-04
# With parameters(rot.):    -0.3792E-03   -0.2895E-03   -0.1757E-02
# Minimization at step:    51 with Value:     0.0000Tol(Act/Req):0.1999E+01/0.1000E-04
# With parameters(tra.):    -0.6790E-03   -0.9371E-03    0.1019E-04
# With parameters(rot.):    -0.2166E-03   -0.4150E-03   -0.2512E-02
# Minimization at step:    52 with Value:     0.0000Tol(Act/Req):0.1999E+01/0.1000E-04
# With parameters(tra.):    -0.2528E-03   -0.8602E-03    0.1045E-03
# With parameters(rot.):    -0.2158E-03   -0.1208E-02   -0.9905E-03
# Minimization at step:    53 with Value:     0.0000Tol(Act/Req):0.1999E+01/0.1000E-04
# With parameters(tra.):    -0.3508E-03   -0.5743E-03    0.3185E-04
# With parameters(rot.):    -0.5327E-03   -0.1139E-02    0.2955E-02
# Minimization at step:    54 with Value:     0.0000Tol(Act/Req):0.1999E+01/0.1000E-04
# With parameters(tra.):    -0.4655E-03   -0.5697E-03    0.2207E-05
# With parameters(rot.):    -0.5593E-03   -0.9344E-03    0.2904E-02
# Minimization at step:    55 with Value:     0.0000Tol(Act/Req):0.1999E+01/0.1000E-04
# With parameters(tra.):    -0.4505E-03   -0.6408E-03    0.1791E-04
# With parameters(rot.):    -0.4823E-03   -0.9348E-03    0.1913E-02
# Minimization at step:    56 with Value:     0.0000Tol(Act/Req):0.1998E+01/0.1000E-04
# With parameters(tra.):    -0.5313E-03   -0.5384E-03    0.1972E-03
# With parameters(rot.):    -0.4500E-03   -0.6887E-03    0.1467E-03
# Minimization at step:    57 with Value:     0.0000Tol(Act/Req):0.1998E+01/0.1000E-04
# With parameters(tra.):    -0.4613E-03   -0.5191E-03    0.2008E-03
# With parameters(rot.):    -0.6085E-03   -0.7521E-03    0.4165E-03
# Minimization at step:    58 with Value:     0.0000Tol(Act/Req):0.1998E+01/0.1000E-04
# With parameters(tra.):    -0.3916E-03   -0.5107E-03    0.2131E-03
# With parameters(rot.):    -0.2514E-03   -0.3552E-03    0.2416E-02
# Minimization at step:    59 with Value:     0.0000Tol(Act/Req):0.1997E+01/0.1000E-04
# With parameters(tra.):    -0.2996E-03   -0.2447E-03    0.1500E-03
# With parameters(rot.):     0.6229E-04   -0.5862E-03    0.2550E-02
# Minimization at step:    60 with Value:     0.0000Tol(Act/Req):0.1997E+01/0.1000E-04
# With parameters(tra.):    -0.3094E-03   -0.2247E-03    0.1417E-03
# With parameters(rot.):    -0.8560E-06   -0.7046E-03    0.2061E-02
# Minimization at step:    61 with Value:     0.0000Tol(Act/Req):0.1997E+01/0.1000E-04
# With parameters(tra.):    -0.4868E-03   -0.1005E-03    0.1289E-03
# With parameters(rot.):     0.1321E-03   -0.2198E-03    0.1677E-02
# Minimization at step:    62 with Value:     0.0000Tol(Act/Req):0.1996E+01/0.1000E-04
# With parameters(tra.):    -0.4824E-03   -0.9100E-04    0.1460E-03
# With parameters(rot.):     0.2218E-03   -0.1604E-03    0.1162E-02
# Minimization at step:    63 with Value:     0.0000Tol(Act/Req):0.1996E+01/0.1000E-04
# With parameters(tra.):    -0.4376E-03   -0.1213E-03    0.1506E-03
# With parameters(rot.):     0.1960E-03   -0.2767E-03    0.1215E-02
# Minimization at step:    64 with Value:     0.0000Tol(Act/Req):0.1995E+01/0.1000E-04
# With parameters(tra.):    -0.4164E-03   -0.1035E-03    0.1168E-03
# With parameters(rot.):     0.2445E-03   -0.2834E-03    0.1598E-02
# Minimization at step:    65 with Value:     0.0000Tol(Act/Req):0.1994E+01/0.1000E-04
# With parameters(tra.):    -0.2615E-03    0.7374E-04    0.9590E-04
# With parameters(rot.):     0.2119E-03   -0.2539E-03    0.2532E-02
# Minimization at step:    66 with Value:     0.0000Tol(Act/Req):0.1993E+01/0.1000E-04
# With parameters(tra.):    -0.2813E-03    0.3380E-04    0.1072E-03
# With parameters(rot.):     0.1460E-03   -0.1685E-03    0.2497E-02
# Minimization at step:    67 with Value:     0.0000Tol(Act/Req):0.1991E+01/0.1000E-04
# With parameters(tra.):    -0.3217E-03   -0.1385E-04    0.1133E-03
# With parameters(rot.):     0.1486E-03   -0.1687E-03    0.2261E-02
# Minimization at step:    68 with Value:     0.0000Tol(Act/Req):0.1991E+01/0.1000E-04
# With parameters(tra.):    -0.3453E-03    0.9656E-04    0.8721E-04
# With parameters(rot.):     0.7216E-04   -0.2270E-03    0.1350E-02
# Minimization at step:    69 with Value:     0.0000Tol(Act/Req):0.1990E+01/0.1000E-04
# With parameters(tra.):    -0.2907E-03    0.1780E-03    0.1018E-03
# With parameters(rot.):     0.2017E-03   -0.1305E-03    0.3822E-03
# Minimization at step:    70 with Value:     0.0000Tol(Act/Req):0.1989E+01/0.1000E-04
# With parameters(tra.):    -0.1522E-03    0.2173E-03    0.9479E-04
# With parameters(rot.):     0.1520E-03   -0.3143E-03    0.2108E-03
# Minimization at step:    71 with Value:     0.0000Tol(Act/Req):0.1986E+01/0.1000E-04
# With parameters(tra.):    -0.1196E-03    0.2529E-03    0.7607E-04
# With parameters(rot.):     0.1685E-03   -0.3202E-03    0.2869E-03
# Minimization at step:    72 with Value:     0.0000Tol(Act/Req):0.1985E+01/0.1000E-04
# With parameters(tra.):    -0.1190E-03    0.2387E-03    0.7028E-04
# With parameters(rot.):     0.1334E-03   -0.3602E-03    0.5208E-03
# Minimization at step:    73 with Value:     0.0000Tol(Act/Req):0.1985E+01/0.1000E-04
# With parameters(tra.):    -0.1045E-03    0.2272E-03    0.8051E-04
# With parameters(rot.):    -0.2676E-05   -0.2532E-03   -0.2077E-03
# Minimization at step:    74 with Value:     0.0000Tol(Act/Req):0.1984E+01/0.1000E-04
# With parameters(tra.):    -0.6427E-06    0.1603E-03    0.1044E-03
# With parameters(rot.):     0.4884E-04   -0.2036E-03    0.1840E-03
# Minimization at step:    75 with Value:     0.0000Tol(Act/Req):0.1981E+01/0.1000E-04
# With parameters(tra.):    -0.8855E-04    0.1020E-03    0.1146E-03
# With parameters(rot.):     0.6410E-04    0.1706E-04    0.3465E-03
# Minimization at step:    76 with Value:     0.0000Tol(Act/Req):0.1980E+01/0.1000E-04
# With parameters(tra.):    -0.8932E-04    0.8787E-04    0.1178E-03
# With parameters(rot.):     0.5839E-04    0.3243E-04    0.6891E-04
# Minimization at step:    77 with Value:     0.0000Tol(Act/Req):0.1971E+01/0.1000E-04
# With parameters(tra.):    -0.6741E-04    0.1013E-03    0.1155E-03
# With parameters(rot.):     0.5409E-04   -0.2146E-04    0.5147E-05
# Minimization at step:    78 with Value:     0.0000Tol(Act/Req):0.1970E+01/0.1000E-04
# With parameters(tra.):    -0.6793E-04    0.9365E-04    0.1159E-03
# With parameters(rot.):     0.9284E-04   -0.2890E-04    0.2050E-03
# Minimization at step:    79 with Value:     0.0000Tol(Act/Req):0.1969E+01/0.1000E-04
# With parameters(tra.):    -0.9951E-04    0.1048E-03    0.1109E-03
# With parameters(rot.):     0.8363E-04   -0.2673E-04    0.1088E-03
# Minimization at step:    80 with Value:     0.0000Tol(Act/Req):0.1967E+01/0.1000E-04
# With parameters(tra.):    -0.2752E-04    0.1267E-03    0.8502E-04
# With parameters(rot.):     0.8837E-04    0.5926E-04    0.2017E-03
# Minimization at step:    81 with Value:     0.0000Tol(Act/Req):0.1945E+01/0.1000E-04
# With parameters(tra.):    -0.3745E-05    0.7745E-04    0.8001E-04
# With parameters(rot.):     0.2441E-04    0.1042E-03    0.4728E-03
# Minimization at step:    82 with Value:     0.0000Tol(Act/Req):0.1941E+01/0.1000E-04
# With parameters(tra.):     0.2325E-04    0.4564E-04    0.7380E-04
# With parameters(rot.):     0.1649E-05    0.1588E-03    0.5213E-04
# Minimization at step:    83 with Value:     0.0000Tol(Act/Req):0.1940E+01/0.1000E-04
# With parameters(tra.):     0.4176E-04    0.4769E-04    0.6918E-04
# With parameters(rot.):    -0.4868E-05    0.1469E-03    0.2416E-04
# Minimization at step:    84 with Value:     0.0000Tol(Act/Req):0.1918E+01/0.1000E-04
# With parameters(tra.):     0.2954E-04    0.3565E-04    0.7432E-04
# With parameters(rot.):    -0.1382E-04    0.1327E-03   -0.1384E-04
# Minimization at step:    85 with Value:     0.0000Tol(Act/Req):0.1918E+01/0.1000E-04
# With parameters(tra.):     0.3740E-04    0.2702E-04    0.7103E-04
# With parameters(rot.):    -0.3338E-05    0.1425E-03    0.6785E-04
# Minimization at step:    86 with Value:     0.0000Tol(Act/Req):0.1912E+01/0.1000E-04
# With parameters(tra.):     0.3183E-04    0.3342E-04    0.7236E-04
# With parameters(rot.):     0.1936E-05    0.1275E-03    0.1743E-03
# Minimization at step:    87 with Value:     0.0000Tol(Act/Req):0.1866E+01/0.1000E-04
# With parameters(tra.):     0.1730E-04    0.3232E-04    0.5520E-04
# With parameters(rot.):    -0.3230E-04    0.1693E-03    0.4642E-04
# Minimization at step:    88 with Value:     0.0000Tol(Act/Req):0.1856E+01/0.1000E-04
# With parameters(tra.):     0.1509E-04    0.3676E-04    0.5397E-04
# With parameters(rot.):    -0.2637E-04    0.1672E-03   -0.3430E-04
# Minimization at step:    89 with Value:     0.0000Tol(Act/Req):0.1850E+01/0.1000E-04
# With parameters(tra.):     0.4322E-04    0.3722E-04    0.3966E-04
# With parameters(rot.):    -0.4657E-04    0.1501E-03   -0.1097E-03
# Minimization at step:    90 with Value:     0.0000Tol(Act/Req):0.1815E+01/0.1000E-04
# With parameters(tra.):     0.2334E-04    0.1367E-04    0.3839E-04
# With parameters(rot.):    -0.7540E-04    0.1275E-03   -0.2177E-03
# Minimization at step:    91 with Value:     0.0000Tol(Act/Req):0.1810E+01/0.1000E-04
# With parameters(tra.):     0.3438E-04   -0.8049E-05    0.2094E-04
# With parameters(rot.):    -0.7845E-04    0.1420E-03   -0.1495E-03
# Minimization at step:    92 with Value:     0.0000Tol(Act/Req):0.1770E+01/0.1000E-04
# With parameters(tra.):     0.2409E-04   -0.9069E-05    0.6445E-05
# With parameters(rot.):    -0.9469E-04    0.1168E-03   -0.4444E-04
# Minimization at step:    93 with Value:     0.0000Tol(Act/Req):0.1757E+01/0.1000E-04
# With parameters(tra.):     0.1546E-04   -0.1304E-04    0.7256E-05
# With parameters(rot.):    -0.9365E-04    0.1183E-03   -0.2015E-04
# Minimization at step:    94 with Value:     0.0000Tol(Act/Req):0.1754E+01/0.1000E-04
# With parameters(tra.):    -0.1882E-05    0.7009E-05    0.2014E-04
# With parameters(rot.):    -0.9567E-04    0.9593E-04   -0.4526E-04
# Minimization at step:    95 with Value:     0.0000Tol(Act/Req):0.1752E+01/0.1000E-04
# With parameters(tra.):    -0.1196E-04    0.5974E-05    0.6403E-05
# With parameters(rot.):    -0.1069E-03    0.6805E-04   -0.2103E-03
# Minimization at step:    96 with Value:     0.0000Tol(Act/Req):0.1727E+01/0.1000E-04
# With parameters(tra.):    -0.1202E-04   -0.2074E-05    0.1572E-05
# With parameters(rot.):    -0.1089E-03    0.6440E-05   -0.2107E-03
# Minimization at step:    97 with Value:     0.0000Tol(Act/Req):0.1707E+01/0.1000E-04
# With parameters(tra.):    -0.3931E-05    0.1624E-04   -0.9428E-05
# With parameters(rot.):    -0.9129E-04   -0.1133E-04   -0.1004E-03
# Minimization at step:    98 with Value:     0.0000Tol(Act/Req):0.1703E+01/0.1000E-04
# With parameters(tra.):     0.8820E-05    0.2069E-04   -0.9637E-06
# With parameters(rot.):    -0.7486E-04   -0.9904E-05    0.1014E-03
# Minimization at step:    99 with Value:     0.0000Tol(Act/Req):0.1629E+01/0.1000E-04
# With parameters(tra.):     0.1405E-04    0.1682E-04   -0.5945E-05
# With parameters(rot.):    -0.7262E-04   -0.1312E-04    0.1199E-03
# Minimization at step:   100 with Value:     0.0000Tol(Act/Req):0.1618E+01/0.1000E-04
# With parameters(tra.):     0.1624E-04    0.2040E-04   -0.5364E-05
# With parameters(rot.):    -0.6908E-04    0.6510E-06    0.1475E-03
# Minimization at step:   101 with Value:     0.0000Tol(Act/Req):0.1575E+01/0.1000E-04
# With parameters(tra.):     0.1367E-04    0.1927E-04   -0.7846E-05
# With parameters(rot.):    -0.7271E-04    0.1174E-05    0.1009E-03
# Minimization at step:   102 with Value:     0.0000Tol(Act/Req):0.1543E+01/0.1000E-04
# With parameters(tra.):     0.1200E-04    0.6293E-05    0.7992E-06
# With parameters(rot.):    -0.8130E-04    0.1763E-04    0.6850E-04
# Minimization at step:   103 with Value:     0.0000Tol(Act/Req):0.1537E+01/0.1000E-04
# With parameters(tra.):    -0.6415E-05    0.4790E-05    0.2678E-06
# With parameters(rot.):    -0.7510E-04   -0.1295E-04    0.1466E-03
# Minimization at step:   104 with Value:     0.0000Tol(Act/Req):0.1514E+01/0.1000E-04
# With parameters(tra.):    -0.6292E-05    0.1043E-04    0.1270E-04
# With parameters(rot.):    -0.5233E-04   -0.3102E-04    0.1053E-03
# Minimization at step:   105 with Value:     0.0000Tol(Act/Req):0.1457E+01/0.1000E-04
# With parameters(tra.):    -0.1679E-05    0.1128E-04    0.1387E-04
# With parameters(rot.):    -0.5198E-04   -0.2488E-04    0.8233E-04
# Minimization at step:   106 with Value:     0.0000Tol(Act/Req):0.1233E+01/0.1000E-04
# With parameters(tra.):    -0.1325E-05    0.9936E-05    0.1086E-04
# With parameters(rot.):    -0.5765E-04   -0.1985E-04    0.9075E-04
# Minimization at step:   107 with Value:     0.0000Tol(Act/Req):0.1201E+01/0.1000E-04
# With parameters(tra.):     0.4004E-05   -0.1032E-06    0.6498E-05
# With parameters(rot.):    -0.4817E-04   -0.2853E-04    0.1180E-03
# Minimization at step:   108 with Value:     0.0000Tol(Act/Req):0.1167E+01/0.1000E-04
# With parameters(tra.):    -0.2266E-05   -0.6652E-05    0.6359E-05
# With parameters(rot.):    -0.4748E-04   -0.3517E-04    0.5243E-04
# Minimization at step:   109 with Value:     0.0000Tol(Act/Req):0.1134E+01/0.1000E-04
# With parameters(tra.):    -0.3176E-05   -0.5569E-05    0.5382E-05
# With parameters(rot.):    -0.4323E-04   -0.4231E-04    0.5649E-04
# Minimization at step:   110 with Value:     0.0000Tol(Act/Req):0.1062E+01/0.1000E-04
# With parameters(tra.):    -0.5269E-05   -0.7054E-05    0.1013E-04
# With parameters(rot.):    -0.2754E-04   -0.2909E-04    0.8140E-04
# Minimization at step:   111 with Value:     0.0000Tol(Act/Req):0.9867E+00/0.1000E-04
# With parameters(tra.):     0.2761E-05   -0.1147E-04    0.1122E-04
# With parameters(rot.):    -0.1870E-04   -0.1822E-04    0.3514E-04
# Minimization at step:   112 with Value:     0.0000Tol(Act/Req):0.9605E+00/0.1000E-04
# With parameters(tra.):     0.3278E-05   -0.1393E-04    0.9741E-05
# With parameters(rot.):    -0.1828E-04   -0.1557E-04    0.3471E-04
# Minimization at step:   113 with Value:     0.0000Tol(Act/Req):0.8135E+00/0.1000E-04
# With parameters(tra.):     0.1885E-05   -0.1257E-04    0.1110E-04
# With parameters(rot.):    -0.1816E-04   -0.1232E-04    0.2095E-04
# Minimization at step:   114 with Value:     0.0000Tol(Act/Req):0.7738E+00/0.1000E-04
# With parameters(tra.):     0.3004E-05   -0.1266E-04    0.9996E-05
# With parameters(rot.):    -0.2130E-04   -0.1422E-04    0.9681E-05
# Minimization at step:   115 with Value:     0.0000Tol(Act/Req):0.7634E+00/0.1000E-04
# With parameters(tra.):     0.1017E-05   -0.1165E-04    0.9622E-05
# With parameters(rot.):    -0.2373E-04   -0.1661E-04    0.1913E-04
# Minimization at step:   116 with Value:     0.0000Tol(Act/Req):0.7001E+00/0.1000E-04
# With parameters(tra.):     0.6292E-05   -0.8951E-05    0.1080E-04
# With parameters(rot.):    -0.1628E-04   -0.5995E-05    0.5176E-04
# Minimization at step:   117 with Value:     0.0000Tol(Act/Req):0.6463E+00/0.1000E-04
# With parameters(tra.):     0.7628E-05   -0.7911E-05    0.1065E-04
# With parameters(rot.):     0.1210E-05   -0.8175E-05    0.5831E-04
# Minimization at step:   118 with Value:     0.0000Tol(Act/Req):0.5873E+00/0.1000E-04
# With parameters(tra.):     0.4006E-05   -0.9676E-05    0.9731E-05
# With parameters(rot.):    -0.9793E-08   -0.1668E-04    0.3547E-04
# Minimization at step:   119 with Value:     0.0000Tol(Act/Req):0.5490E+00/0.1000E-04
# With parameters(tra.):     0.3370E-05   -0.1008E-04    0.9692E-05
# With parameters(rot.):    -0.4483E-05   -0.1684E-04    0.3193E-04
# Minimization at step:   120 with Value:     0.0000Tol(Act/Req):0.5063E+00/0.1000E-04
# With parameters(tra.):     0.4436E-05   -0.1371E-04    0.6724E-05
# With parameters(rot.):     0.9446E-06   -0.1197E-04    0.3015E-04
# Minimization at step:   121 with Value:     0.0000Tol(Act/Req):0.4409E+00/0.1000E-04
# With parameters(tra.):     0.2500E-05   -0.1137E-04    0.7986E-05
# With parameters(rot.):     0.7560E-05   -0.5354E-05    0.5684E-05
# Minimization at step:   122 with Value:     0.0000Tol(Act/Req):0.4136E+00/0.1000E-04
# With parameters(tra.):     0.4571E-05   -0.1112E-04    0.5107E-05
# With parameters(rot.):     0.1090E-04   -0.6213E-05   -0.1818E-04
# Minimization at step:   123 with Value:     0.0000Tol(Act/Req):0.3737E+00/0.1000E-04
# With parameters(tra.):     0.1781E-05   -0.8934E-05    0.2853E-05
# With parameters(rot.):     0.1759E-04   -0.7518E-05   -0.1173E-04
# Minimization at step:   124 with Value:     0.0000Tol(Act/Req):0.3544E+00/0.1000E-04
# With parameters(tra.):    -0.1693E-06   -0.3716E-05    0.4530E-05
# With parameters(rot.):     0.1771E-04   -0.1091E-04   -0.2390E-04
# Minimization at step:   125 with Value:     0.0000Tol(Act/Req):0.3394E+00/0.1000E-04
# With parameters(tra.):     0.8763E-06   -0.3499E-05    0.2116E-05
# With parameters(rot.):     0.1447E-04   -0.1938E-04   -0.9303E-05
# Minimization at step:   126 with Value:     0.0000Tol(Act/Req):0.3372E+00/0.1000E-04
# With parameters(tra.):     0.1451E-05   -0.4786E-05    0.1496E-05
# With parameters(rot.):     0.1417E-04   -0.1923E-04   -0.5042E-05
# Minimization at step:   127 with Value:     0.0000Tol(Act/Req):0.3285E+00/0.1000E-04
# With parameters(tra.):     0.5970E-06   -0.5431E-05    0.3703E-05
# With parameters(rot.):     0.1731E-04   -0.1072E-04   -0.1822E-04
# Minimization at step:   128 with Value:     0.0000Tol(Act/Req):0.3212E+00/0.1000E-04
# With parameters(tra.):     0.9166E-06   -0.4784E-05    0.3354E-05
# With parameters(rot.):     0.1895E-04   -0.8806E-05   -0.1889E-04
# Minimization at step:   129 with Value:     0.0000Tol(Act/Req):0.3093E+00/0.1000E-04
# With parameters(tra.):     0.1877E-05   -0.3922E-05    0.1031E-05
# With parameters(rot.):     0.1637E-04   -0.1668E-04   -0.5932E-05
# Minimization at step:   130 with Value:     0.0000Tol(Act/Req):0.3069E+00/0.1000E-04
# With parameters(tra.):     0.1077E-06   -0.2683E-05   -0.1936E-05
# With parameters(rot.):     0.1437E-04   -0.1696E-04   -0.2563E-04
# Minimization at step:   131 with Value:     0.0000Tol(Act/Req):0.2840E+00/0.1000E-04
# With parameters(tra.):    -0.1443E-05   -0.3131E-05   -0.6007E-06
# With parameters(rot.):     0.1629E-04   -0.9171E-05   -0.4516E-04
# Minimization at step:   132 with Value:     0.0000Tol(Act/Req):0.2804E+00/0.1000E-04
# With parameters(tra.):    -0.1129E-05   -0.3478E-05    0.2521E-06
# With parameters(rot.):     0.1695E-04   -0.8454E-05   -0.4186E-04
# Minimization at step:   133 with Value:     0.0000Tol(Act/Req):0.2695E+00/0.1000E-04
# With parameters(tra.):    -0.5100E-05   -0.1181E-05    0.1514E-05
# With parameters(rot.):     0.1563E-04   -0.8342E-05   -0.2589E-04
# Minimization at step:   134 with Value:     0.0000Tol(Act/Req):0.2488E+00/0.1000E-04
# With parameters(tra.):    -0.4604E-05   -0.7853E-06    0.3320E-05
# With parameters(rot.):     0.8289E-05   -0.7312E-05   -0.3706E-04
# Minimization at step:   135 with Value:     0.0000Tol(Act/Req):0.2391E+00/0.1000E-04
# With parameters(tra.):    -0.4480E-05   -0.4777E-06    0.3314E-05
# With parameters(rot.):     0.7143E-05   -0.9103E-05   -0.3150E-04
# Minimization at step:   136 with Value:     0.0000Tol(Act/Req):0.1869E+00/0.1000E-04
# With parameters(tra.):    -0.1347E-05   -0.2024E-05    0.2817E-05
# With parameters(rot.):     0.6012E-05   -0.9377E-05   -0.4489E-04
# Minimization at step:   137 with Value:     0.0000Tol(Act/Req):0.1599E+00/0.1000E-04
# With parameters(tra.):    -0.1200E-05   -0.2227E-05    0.2324E-05
# With parameters(rot.):     0.7658E-05   -0.9807E-05   -0.4275E-04
# Minimization at step:   138 with Value:     0.0000Tol(Act/Req):0.1548E+00/0.1000E-04
# With parameters(tra.):    -0.1266E-05   -0.7862E-07    0.1283E-05
# With parameters(rot.):     0.7185E-05   -0.6312E-05   -0.5203E-04
# Minimization at step:   139 with Value:     0.0000Tol(Act/Req):0.1293E+00/0.1000E-04
# With parameters(tra.):    -0.1022E-05   -0.1082E-05   -0.2911E-07
# With parameters(rot.):     0.4257E-05   -0.1719E-05   -0.5918E-04
# Minimization at step:   140 with Value:     0.0000Tol(Act/Req):0.1238E+00/0.1000E-04
# With parameters(tra.):    -0.5253E-06   -0.1004E-05    0.1180E-05
# With parameters(rot.):     0.2072E-05    0.1040E-05   -0.5856E-04
# Minimization at step:   141 with Value:     0.0000Tol(Act/Req):0.1091E+00/0.1000E-04
# With parameters(tra.):    -0.5449E-06   -0.7469E-06    0.1609E-05
# With parameters(rot.):     0.2622E-05    0.1218E-06   -0.5672E-04
# Minimization at step:   142 with Value:     0.0000Tol(Act/Req):0.1043E+00/0.1000E-04
# With parameters(tra.):     0.1015E-05   -0.2214E-06    0.1026E-05
# With parameters(rot.):    -0.1178E-05   -0.3856E-06   -0.5402E-04
# Minimization at step:   143 with Value:     0.0000Tol(Act/Req):0.1032E+00/0.1000E-04
# With parameters(tra.):    -0.2862E-06    0.1411E-05    0.7601E-06
# With parameters(rot.):    -0.2821E-05    0.2794E-05   -0.4814E-04
# Minimization at step:   144 with Value:     0.0000Tol(Act/Req):0.8365E-01/0.1000E-04
# With parameters(tra.):     0.1066E-06   -0.2409E-06    0.1627E-05
# With parameters(rot.):    -0.5685E-05    0.2335E-05   -0.3755E-04
# Minimization at step:   145 with Value:     0.0000Tol(Act/Req):0.7686E-01/0.1000E-04
# With parameters(tra.):     0.8369E-06    0.1637E-07    0.4071E-06
# With parameters(rot.):    -0.6842E-05    0.5523E-05   -0.3153E-04
# Minimization at step:   146 with Value:     0.0000Tol(Act/Req):0.7617E-01/0.1000E-04
# With parameters(tra.):     0.1256E-05   -0.5078E-06    0.4443E-06
# With parameters(rot.):    -0.6766E-05    0.4955E-05   -0.3162E-04
# Minimization at step:   147 with Value:     0.0000Tol(Act/Req):0.7482E-01/0.1000E-04
# With parameters(tra.):     0.1108E-05   -0.6159E-06    0.7523E-06
# With parameters(rot.):    -0.6470E-05    0.4111E-05   -0.3313E-04
# Minimization at step:   148 with Value:     0.0000Tol(Act/Req):0.6895E-01/0.1000E-04
# With parameters(tra.):     0.1093E-05   -0.2342E-06    0.4628E-06
# With parameters(rot.):    -0.5820E-05    0.4374E-05   -0.3541E-04
# Minimization at step:   149 with Value:     0.0000Tol(Act/Req):0.6155E-01/0.1000E-04
# With parameters(tra.):    -0.4404E-06   -0.7639E-06    0.8571E-06
# With parameters(rot.):    -0.3567E-05    0.6468E-05   -0.3191E-04
# Minimization at step:   150 with Value:     0.0000Tol(Act/Req):0.5854E-01/0.1000E-04
# With parameters(tra.):    -0.7432E-06   -0.7358E-06   -0.5646E-07
# With parameters(rot.):    -0.3990E-05    0.6437E-05   -0.2344E-04
# Minimization at step:   151 with Value:     0.0000Tol(Act/Req):0.5683E-01/0.1000E-04
# With parameters(tra.):    -0.8485E-06   -0.2172E-06    0.2460E-06
# With parameters(rot.):    -0.5095E-05    0.6706E-05   -0.8678E-05
# Minimization at step:   152 with Value:     0.0000Tol(Act/Req):0.3828E-01/0.1000E-04
# With parameters(tra.):    -0.4990E-06   -0.3922E-07    0.9649E-07
# With parameters(rot.):    -0.5785E-05    0.6202E-05   -0.7616E-05
# Minimization at step:   153 with Value:     0.0000Tol(Act/Req):0.3558E-01/0.1000E-04
# With parameters(tra.):    -0.4436E-06   -0.1540E-06    0.8421E-08
# With parameters(rot.):    -0.5567E-05    0.6093E-05   -0.1122E-04
# Minimization at step:   154 with Value:     0.0000Tol(Act/Req):0.3534E-01/0.1000E-04
# With parameters(tra.):    -0.1723E-06   -0.1085E-05   -0.6255E-07
# With parameters(rot.):    -0.5015E-05    0.5337E-05   -0.4591E-05
# Minimization at step:   155 with Value:     0.0000Tol(Act/Req):0.3344E-01/0.1000E-04
# With parameters(tra.):    -0.8944E-06   -0.1457E-05    0.2818E-06
# With parameters(rot.):    -0.3939E-05    0.4057E-05    0.1900E-05
# Minimization at step:   156 with Value:     0.0000Tol(Act/Req):0.2438E-01/0.1000E-04
# With parameters(tra.):    -0.1067E-05   -0.1368E-05    0.1220E-06
# With parameters(rot.):    -0.3457E-05    0.4162E-05    0.3870E-05
# Minimization at step:   157 with Value:     0.0000Tol(Act/Req):0.2278E-01/0.1000E-04
# With parameters(tra.):    -0.1019E-05   -0.1428E-05    0.3652E-06
# With parameters(rot.):    -0.3307E-05    0.3981E-05    0.4029E-05
# Minimization at step:   158 with Value:     0.0000Tol(Act/Req):0.1754E-01/0.1000E-04
# With parameters(tra.):    -0.6245E-06   -0.1508E-05    0.2082E-06
# With parameters(rot.):    -0.3723E-05    0.2670E-05    0.8534E-05
# Minimization at step:   159 with Value:     0.0000Tol(Act/Req):0.1700E-01/0.1000E-04
# With parameters(tra.):    -0.5739E-06   -0.2188E-05    0.9863E-07
# With parameters(rot.):    -0.2671E-05    0.1310E-05    0.7912E-05
# Minimization at step:   160 with Value:     0.0000Tol(Act/Req):0.1523E-01/0.1000E-04
# With parameters(tra.):     0.4779E-07   -0.2092E-05   -0.2055E-06
# With parameters(rot.):    -0.3162E-05    0.1583E-05    0.4546E-05
# Minimization at step:   161 with Value:     0.0000Tol(Act/Req):0.1331E-01/0.1000E-04
# With parameters(tra.):    -0.1502E-06   -0.1498E-05   -0.1821E-06
# With parameters(rot.):    -0.3095E-05    0.1088E-05    0.9641E-06
# Minimization at step:   162 with Value:     0.0000Tol(Act/Req):0.1250E-01/0.1000E-04
# With parameters(tra.):    -0.1904E-06   -0.1363E-05   -0.6032E-06
# With parameters(rot.):    -0.2011E-05    0.2732E-06    0.3935E-05
# Minimization at step:   163 with Value:     0.0000Tol(Act/Req):0.1077E-01/0.1000E-04
# With parameters(tra.):    -0.1711E-06   -0.1124E-05   -0.6343E-06
# With parameters(rot.):    -0.2219E-05    0.5267E-06    0.3759E-05
# Minimization at step:   164 with Value:     0.0000Tol(Act/Req):0.8508E-02/0.1000E-04
# With parameters(tra.):     0.2088E-06   -0.1142E-05   -0.4810E-06
# With parameters(rot.):    -0.1556E-05   -0.9885E-06    0.3987E-05
# Minimization at step:   165 with Value:     0.0000Tol(Act/Req):0.8495E-02/0.1000E-04
# With parameters(tra.):     0.2237E-06   -0.9669E-06   -0.6060E-06
# With parameters(rot.):    -0.5556E-06   -0.1334E-05   -0.5316E-06
# Minimization at step:   166 with Value:     0.0000Tol(Act/Req):0.7765E-02/0.1000E-04
# With parameters(tra.):     0.3574E-06   -0.9689E-06   -0.2909E-06
# With parameters(rot.):    -0.1005E-05   -0.1125E-05   -0.3877E-05
# Minimization at step:   167 with Value:     0.0000Tol(Act/Req):0.7316E-02/0.1000E-04
# With parameters(tra.):     0.2796E-06   -0.8913E-06   -0.2473E-06
# With parameters(rot.):    -0.7437E-06   -0.1396E-05   -0.4018E-05
# Minimization at step:   168 with Value:     0.0000Tol(Act/Req):0.5657E-02/0.1000E-04
# With parameters(tra.):     0.1905E-06   -0.8659E-06   -0.2662E-06
# With parameters(rot.):    -0.8418E-06   -0.1051E-05   -0.4742E-05
# Minimization at step:   169 with Value:     0.0000Tol(Act/Req):0.4805E-02/0.1000E-04
# With parameters(tra.):     0.1840E-06   -0.9012E-06   -0.2066E-06
# With parameters(rot.):    -0.1116E-05   -0.9412E-06   -0.3963E-05
# Minimization at step:   170 with Value:     0.0000Tol(Act/Req):0.2874E-02/0.1000E-04
# With parameters(tra.):     0.3018E-06   -0.4871E-06   -0.1464E-06
# With parameters(rot.):    -0.1152E-05   -0.9280E-06   -0.6157E-05
# Minimization at step:   171 with Value:     0.0000Tol(Act/Req):0.2873E-02/0.1000E-04
# With parameters(tra.):     0.1941E-06   -0.3252E-06   -0.3082E-06
# With parameters(rot.):    -0.9009E-06   -0.1002E-05   -0.4687E-05
# Minimization at step:   172 with Value:     0.0000Tol(Act/Req):0.2809E-02/0.1000E-04
# With parameters(tra.):     0.2723E-06   -0.3761E-06   -0.3246E-06
# With parameters(rot.):    -0.7346E-06   -0.1052E-05   -0.4263E-05
# Minimization at step:   173 with Value:     0.0000Tol(Act/Req):0.2606E-02/0.1000E-04
# With parameters(tra.):     0.1142E-06   -0.4924E-07   -0.2632E-06
# With parameters(rot.):    -0.2087E-06   -0.1480E-05   -0.4626E-05
# Minimization at step:   174 with Value:     0.0000Tol(Act/Req):0.2552E-02/0.1000E-04
# With parameters(tra.):     0.6332E-07    0.3154E-07   -0.2724E-06
# With parameters(rot.):    -0.2050E-06   -0.1343E-05   -0.4978E-05
# Minimization at step:   175 with Value:     0.0000Tol(Act/Req):0.2064E-02/0.1000E-04
# With parameters(tra.):     0.9860E-07   -0.4345E-07   -0.2885E-06
# With parameters(rot.):    -0.3362E-06   -0.1225E-05   -0.4917E-05
# Minimization at step:   176 with Value:     0.0000Tol(Act/Req):0.1841E-02/0.1000E-04
# With parameters(tra.):     0.5713E-07    0.1717E-06   -0.1966E-06
# With parameters(rot.):    -0.6240E-06   -0.1100E-05   -0.3677E-05
# Minimization at step:   177 with Value:     0.0000Tol(Act/Req):0.1191E-02/0.1000E-04
# With parameters(tra.):    -0.1029E-06    0.1152E-06   -0.2536E-06
# With parameters(rot.):    -0.4241E-06   -0.1166E-05   -0.1388E-05
# Minimization at step:   178 with Value:     0.0000Tol(Act/Req):0.1169E-02/0.1000E-04
# With parameters(tra.):    -0.9512E-07    0.1307E-06   -0.2558E-06
# With parameters(rot.):    -0.3151E-06   -0.1200E-05   -0.9361E-06
# Minimization at step:   179 with Value:     0.0000Tol(Act/Req):0.1150E-02/0.1000E-04
# With parameters(tra.):    -0.8382E-07    0.1207E-06   -0.7648E-07
# With parameters(rot.):    -0.3707E-06   -0.1193E-05   -0.1156E-05
# Minimization at step:   180 with Value:     0.0000Tol(Act/Req):0.1111E-02/0.1000E-04
# With parameters(tra.):    -0.2347E-06    0.3119E-06   -0.2954E-07
# With parameters(rot.):    -0.4186E-06   -0.8690E-06   -0.5862E-06
# Minimization at step:   181 with Value:     0.0000Tol(Act/Req):0.1111E-02/0.1000E-04
# With parameters(tra.):    -0.2752E-06    0.2804E-06    0.2456E-07
# With parameters(rot.):    -0.7083E-06   -0.5136E-06    0.9804E-06
# Minimization at step:   182 with Value:     0.0000Tol(Act/Req):0.9678E-03/0.1000E-04
# With parameters(tra.):    -0.2495E-06    0.3083E-06    0.6198E-07
# With parameters(rot.):    -0.7820E-06   -0.4427E-06    0.6054E-06
# Minimization at step:   183 with Value:     0.0000Tol(Act/Req):0.8494E-03/0.1000E-04
# With parameters(tra.):    -0.2373E-06    0.3185E-06    0.5157E-07
# With parameters(rot.):    -0.7157E-06   -0.5257E-06    0.1825E-06
# Minimization at step:   184 with Value:     0.0000Tol(Act/Req):0.8216E-03/0.1000E-04
# With parameters(tra.):    -0.2939E-06    0.1523E-06    0.4245E-07
# With parameters(rot.):    -0.4584E-06   -0.4596E-06    0.2296E-06
# Minimization at step:   185 with Value:     0.0000Tol(Act/Req):0.6143E-03/0.1000E-04
# With parameters(tra.):    -0.1956E-06   -0.3103E-07    0.2524E-07
# With parameters(rot.):    -0.4325E-06   -0.6000E-06    0.6358E-08
# Minimization at step:   186 with Value:     0.0000Tol(Act/Req):0.5520E-03/0.1000E-04
# With parameters(tra.):    -0.2078E-06   -0.4117E-07   -0.1112E-07
# With parameters(rot.):    -0.4237E-06   -0.5526E-06    0.1581E-06
# Minimization at step:   187 with Value:     0.0000Tol(Act/Req):0.3840E-03/0.1000E-04
# With parameters(tra.):    -0.2242E-06   -0.6093E-07    0.4668E-07
# With parameters(rot.):    -0.2874E-06   -0.4425E-06    0.1109E-05
# Minimization at step:   188 with Value:     0.0000Tol(Act/Req):0.3610E-03/0.1000E-04
# With parameters(tra.):    -0.2170E-06   -0.8745E-07    0.4107E-07
# With parameters(rot.):    -0.2185E-06   -0.4771E-06    0.9752E-06
# Minimization at step:   189 with Value:     0.0000Tol(Act/Req):0.2068E-03/0.1000E-04
# With parameters(tra.):    -0.1703E-06   -0.1446E-06    0.9196E-07
# With parameters(rot.):    -0.1881E-06   -0.3794E-06    0.5051E-06
# Minimization at step:   190 with Value:     0.0000Tol(Act/Req):0.1991E-03/0.1000E-04
# With parameters(tra.):    -0.1459E-06   -0.1277E-06    0.9837E-07
# With parameters(rot.):    -0.2299E-06   -0.3892E-06    0.5163E-06
# Minimization at step:   191 with Value:     0.0000Tol(Act/Req):0.1780E-03/0.1000E-04
# With parameters(tra.):    -0.1826E-06   -0.6024E-07    0.1253E-06
# With parameters(rot.):    -0.1923E-06   -0.2663E-06    0.7554E-06
# Minimization at step:   192 with Value:     0.0000Tol(Act/Req):0.1739E-03/0.1000E-04
# With parameters(tra.):    -0.1984E-06   -0.8689E-07    0.9799E-07
# With parameters(rot.):    -0.9763E-07   -0.7606E-07    0.1258E-05
# Minimization at step:   193 with Value:     0.0000Tol(Act/Req):0.1612E-03/0.1000E-04
# With parameters(tra.):    -0.1789E-06   -0.8237E-07    0.7656E-07
# With parameters(rot.):    -0.1253E-06   -0.2725E-07    0.6733E-06
# Minimization at step:   194 with Value:     0.0000Tol(Act/Req):0.1387E-03/0.1000E-04
# With parameters(tra.):    -0.1733E-06   -0.7533E-07    0.8159E-07
# With parameters(rot.):    -0.1512E-06   -0.7075E-07    0.4989E-06
# Minimization at step:   195 with Value:     0.0000Tol(Act/Req):0.8423E-04/0.1000E-04
# With parameters(tra.):    -0.1516E-06   -0.1121E-06    0.8330E-07
# With parameters(rot.):    -0.3116E-07   -0.2098E-07    0.1786E-06
# Minimization at step:   196 with Value:     0.0000Tol(Act/Req):0.6006E-04/0.1000E-04
# With parameters(tra.):    -0.1255E-06   -0.1588E-06    0.5937E-07
# With parameters(rot.):    -0.9714E-08   -0.2108E-07   -0.8519E-07
# Minimization at step:   197 with Value:     0.0000Tol(Act/Req):0.5994E-04/0.1000E-04
# With parameters(tra.):    -0.1416E-06   -0.1255E-06    0.1458E-07
# With parameters(rot.):     0.2950E-07    0.3324E-07    0.3142E-07
# Minimization at step:   198 with Value:     0.0000Tol(Act/Req):0.5704E-04/0.1000E-04
# With parameters(tra.):    -0.1253E-06   -0.1274E-06    0.5371E-08
# With parameters(rot.):     0.3574E-07   -0.6020E-08   -0.3470E-06
# Minimization at step:   199 with Value:     0.0000Tol(Act/Req):0.2434E-04/0.1000E-04
# With parameters(tra.):    -0.1113E-06   -0.1190E-06    0.8236E-09
# With parameters(rot.):     0.3698E-07    0.2100E-07   -0.4133E-06
# Minimization at step:   200 with Value:     0.0000Tol(Act/Req):0.2329E-04/0.1000E-04
# With parameters(tra.):    -0.1048E-06   -0.1268E-06    0.1088E-07
# With parameters(rot.):     0.2780E-07    0.6401E-08   -0.4796E-06
# Minimization at step:   201 with Value:     0.0000Tol(Act/Req):0.5648E-04/0.1000E-04
# With parameters(tra.):    -0.8221E-07   -0.1161E-06    0.6568E-08
# With parameters(rot.):     0.2736E-07    0.4328E-07   -0.5956E-06
# Minimization at step:   202 with Value:     0.0000Tol(Act/Req):0.5564E-04/0.1000E-04
# With parameters(tra.):    -0.7874E-07   -0.1110E-06    0.1311E-07
# With parameters(rot.):     0.2041E-07    0.8589E-07   -0.4262E-06
# Minimization at step:   203 with Value:     0.0000Tol(Act/Req):0.4893E-04/0.1000E-04
# With parameters(tra.):    -0.6488E-07   -0.1251E-06    0.1338E-07
# With parameters(rot.):     0.9663E-07    0.7479E-07   -0.2081E-06
# Minimization at step:   204 with Value:     0.0000Tol(Act/Req):0.4841E-04/0.1000E-04
# With parameters(tra.):    -0.5048E-07   -0.1049E-06   -0.1106E-07
# With parameters(rot.):     0.5917E-07    0.7353E-07   -0.1234E-06
# Minimization at step:   205 with Value:     0.0000Tol(Act/Req):0.4654E-04/0.1000E-04
# With parameters(tra.):    -0.1927E-07   -0.1132E-06    0.1728E-08
# With parameters(rot.):     0.5126E-07    0.6671E-07   -0.1371E-06
# Minimization at step:   206 with Value:     0.0000Tol(Act/Req):0.4489E-04/0.1000E-04
# With parameters(tra.):    -0.2917E-08   -0.1190E-06   -0.8602E-08
# With parameters(rot.):     0.6850E-07    0.1771E-07   -0.2101E-06
# Minimization at step:   207 with Value:     0.0000Tol(Act/Req):0.4455E-04/0.1000E-04
# With parameters(tra.):     0.2053E-07   -0.7463E-07   -0.1531E-07
# With parameters(rot.):     0.8027E-07    0.3070E-07   -0.7591E-07
# Minimization at step:   208 with Value:     0.0000Tol(Act/Req):0.4350E-04/0.1000E-04
# With parameters(tra.):     0.2285E-07   -0.7715E-07   -0.9547E-08
# With parameters(rot.):     0.9140E-07    0.2745E-07   -0.9313E-07
# Minimization at step:   209 with Value:     0.0000Tol(Act/Req):0.4306E-04/0.1000E-04
# With parameters(tra.):     0.3823E-07   -0.4711E-07   -0.1747E-07
# With parameters(rot.):     0.1343E-07    0.2277E-07   -0.2730E-06
# Minimization at step:   210 with Value:     0.0000Tol(Act/Req):0.3977E-04/0.1000E-04
# With parameters(tra.):     0.2618E-07   -0.1679E-07   -0.3666E-07
# With parameters(rot.):     0.8727E-08    0.1495E-07   -0.3046E-06
# Minimization at step:   211 with Value:     0.0000Tol(Act/Req):0.3572E-04/0.1000E-04
# With parameters(tra.):     0.3193E-07   -0.1704E-08   -0.3418E-07
# With parameters(rot.):     0.3420E-08    0.4272E-08   -0.4095E-06
# Minimization at step:   212 with Value:     0.0000Tol(Act/Req):0.3562E-04/0.1000E-04
# With parameters(tra.):     0.4257E-07   -0.2272E-08   -0.4557E-07
# With parameters(rot.):     0.4560E-08    0.5696E-08   -0.5460E-06
# Minimization at step:   213 with Value:     0.0000Tol(Act/Req):0.4254E-04/0.1000E-04
# With parameters(tra.):     0.2737E-08   -0.4849E-07   -0.2381E-07
# With parameters(rot.):     0.1553E-07    0.6137E-07   -0.6869E-06
# Minimization at step:   214 with Value:     0.0000Tol(Act/Req):0.2855E-04/0.1000E-04
# With parameters(tra.):     0.7252E-09   -0.5103E-07   -0.2423E-07
# With parameters(rot.):     0.1090E-07    0.5870E-07   -0.7232E-06
# Minimization at step:   215 with Value:     0.0000Tol(Act/Req):0.2147E-04/0.1000E-04
# With parameters(tra.):    -0.2810E-09   -0.5229E-07   -0.2445E-07
# With parameters(rot.):     0.8586E-08    0.5737E-07   -0.7414E-06
# Minimization at step:   216 with Value:     0.0000Tol(Act/Req):0.2122E-04/0.1000E-04
# With parameters(tra.):     0.7468E-08   -0.6630E-07   -0.1655E-07
# With parameters(rot.):     0.7929E-08    0.5841E-07   -0.7840E-06
# Minimization at step:   217 with Value:     0.0000Tol(Act/Req):0.2032E-04/0.1000E-04
# With parameters(tra.):     0.7714E-08   -0.6219E-07   -0.1619E-07
# With parameters(rot.):     0.2478E-08    0.6378E-07   -0.7970E-06
# Minimization at step:   218 with Value:     0.0000Tol(Act/Req):0.1820E-04/0.1000E-04
# With parameters(tra.):     0.1963E-08   -0.5066E-07   -0.2203E-07
# With parameters(rot.):     0.1607E-08    0.6435E-07   -0.7683E-06
# Minimization at step:   219 with Value:     0.0000Tol(Act/Req):0.1157E-04/0.1000E-04
# With parameters(tra.):     0.1647E-08   -0.5116E-07   -0.2193E-07
# With parameters(rot.):    -0.1310E-09    0.6427E-07   -0.7796E-06
# Minimization at step:   220 with Value:     0.0000Tol(Act/Req):0.1067E-04/0.1000E-04
# With parameters(tra.):     0.1015E-08   -0.5215E-07   -0.2174E-07
# With parameters(rot.):    -0.3607E-08    0.6410E-07   -0.8022E-06
# Minimization at step:   221 with Value:     0.0000Tol(Act/Req):0.1029E-04/0.1000E-04
# With parameters(tra.):     0.1894E-08   -0.5420E-07   -0.2074E-07
# With parameters(rot.):    -0.3897E-08    0.6398E-07   -0.8099E-06
# Minimization at step:   222 with Value:     0.0000Tol(Act/Req):0.8386E-05/0.1000E-04
# With parameters(tra.):     0.4454E-09   -0.4331E-07   -0.2155E-07
# With parameters(rot.):    -0.1692E-07    0.7480E-07   -0.8401E-06
# CSM Simplex Values from input minimization.
# Final Number of Simplex optim. Steps:   222
# Final CSM Simplex Value is:      0.00000000030
[molecule] Nrec=   6 Format=nscxyz
  h                1    1    0.99999999D+00   0.91058081D-06   0.62171135D-07
  h                2    1    0.49999919D+00   0.86600045D+00   0.56728099D-07
  h                3    1   -0.50000081D+00   0.86599951D+00  -0.50725702D-07
  h                4    1   -0.10000000D+01  -0.95089040D-06  -0.15273647D-06
  h                5    1   -0.49999920D+00  -0.86600049D+00  -0.14729343D-06
  h                6    1    0.50000080D+00  -0.86599955D+00  -0.39839630D-07
# Coordinates rotated along X. New coordinates:
[molecule] Nrec=   6 Format=nscxyz
  h                1    1    0.10000000D+01  -0.16081226D-15   0.61232340D-16
  h                2    1    0.50000000D+00  -0.27378926D-16  -0.86600000D+00
  h                3    1   -0.50000000D+00   0.13343334D-15  -0.86600000D+00
  h                4    1   -0.10000000D+01   0.16081226D-15  -0.61232340D-16
  h                5    1   -0.50000000D+00   0.27378926D-16   0.86600000D+00
  h                6    1    0.50000000D+00  -0.13343334D-15   0.86600000D+00
# Minimization at step:     0 with Value:     0.0214Tol(Act/Req):0.2000E+01/0.1000E-04
# With parameters(tra.):     0.1429E-01    0.1429E-01    0.1429E-01
# With parameters(rot.):     0.1429E-01    0.1429E-01    0.1429E-01
# Minimization at step:     1 with Value:     0.0139Tol(Act/Req):0.2000E+01/0.1000E-04
# With parameters(tra.):     0.1548E-01    0.1548E-01    0.7143E-02
# With parameters(rot.):     0.1548E-01    0.1548E-01    0.1548E-01
# Minimization at step:     2 with Value:     0.0109Tol(Act/Req):0.2000E+01/0.1000E-04
# With parameters(tra.):     0.8433E-02    0.1677E-01    0.7738E-02
# With parameters(rot.):     0.1677E-01    0.1677E-01    0.1677E-01
# Minimization at step:     3 with Value:     0.0078Tol(Act/Req):0.2000E+01/0.1000E-04
# With parameters(tra.):     0.9135E-02    0.9830E-02    0.8383E-02
# With parameters(rot.):     0.1816E-01    0.1816E-01    0.1816E-01
# Minimization at step:     4 with Value:     0.0059Tol(Act/Req):0.2000E+01/0.1000E-04
# With parameters(tra.):     0.9336E-02    0.1020E-01   -0.2021E-02
# With parameters(rot.):     0.2062E-01    0.2062E-01    0.2062E-01
# Minimization at step:     5 with Value:     0.0050Tol(Act/Req):0.2000E+01/0.1000E-04
# With parameters(tra.):     0.1011E-01    0.1105E-01   -0.2190E-02
# With parameters(rot.):     0.2234E-01    0.1401E-01    0.2234E-01
# Minimization at step:     6 with Value:     0.0042Tol(Act/Req):0.2000E+01/0.1000E-04
# With parameters(tra.):     0.1096E-01    0.1198E-01   -0.2372E-02
# With parameters(rot.):     0.1587E-01    0.1517E-01    0.2420E-01
# Minimization at step:     7 with Value:     0.0042Tol(Act/Req):0.2000E+01/0.1000E-04
# With parameters(tra.):     0.1297E-01   -0.1182E-02   -0.4668E-02
# With parameters(rot.):     0.1790E-01    0.1697E-01    0.2901E-01
# Minimization at step:     8 with Value:     0.0034Tol(Act/Req):0.2000E+01/0.1000E-04
# With parameters(tra.):     0.9825E-02   -0.2033E-02   -0.5404E-02
# With parameters(rot.):     0.1864E-01    0.1763E-01    0.3067E-01
# Minimization at step:     9 with Value:     0.0026Tol(Act/Req):0.2000E+01/0.1000E-04
# With parameters(tra.):     0.7530E-02    0.7622E-02   -0.3866E-02
# With parameters(rot.):     0.1730E-01    0.1645E-01    0.2748E-01
# Minimization at step:    10 with Value:     0.0019Tol(Act/Req):0.2000E+01/0.1000E-04
# With parameters(tra.):     0.6978E-02    0.6790E-02    0.8745E-03
# With parameters(rot.):     0.1524E-01    0.1418E-01    0.2797E-01
# Minimization at step:    11 with Value:     0.0018Tol(Act/Req):0.2000E+01/0.1000E-04
# With parameters(tra.):    -0.2584E-03    0.8029E-02    0.1495E-02
# With parameters(rot.):     0.1558E-01    0.1435E-01    0.3040E-01
# Minimization at step:    12 with Value:     0.0018Tol(Act/Req):0.2000E+01/0.1000E-04
# With parameters(tra.):    -0.2311E-02    0.8556E-02    0.2419E-02
# With parameters(rot.):     0.2547E-02    0.1641E-01    0.3619E-01
# Minimization at step:    13 with Value:     0.0015Tol(Act/Req):0.2000E+01/0.1000E-04
# With parameters(tra.):    -0.4250E-02    0.9208E-02    0.3319E-02
# With parameters(rot.):     0.1767E-03    0.7089E-02    0.4223E-01
# Minimization at step:    14 with Value:     0.0015Tol(Act/Req):0.2000E+01/0.1000E-04
# With parameters(tra.):    -0.6647E-02    0.3299E-02    0.4689E-02
# With parameters(rot.):    -0.4639E-02    0.4757E-02    0.4927E-01
# Minimization at step:    15 with Value:     0.0014Tol(Act/Req):0.2000E+01/0.1000E-04
# With parameters(tra.):    -0.6039E-02    0.1020E-02    0.4521E-02
# With parameters(rot.):     0.6003E-02   -0.1187E-02    0.4784E-01
# Minimization at step:    16 with Value:     0.0014Tol(Act/Req):0.2000E+01/0.1000E-04
# With parameters(tra.):    -0.7297E-03   -0.2556E-02    0.4909E-02
# With parameters(rot.):     0.2463E-02   -0.6538E-02    0.5123E-01
# Minimization at step:    17 with Value:     0.0011Tol(Act/Req):0.2000E+01/0.1000E-04
# With parameters(tra.):     0.3625E-03   -0.1567E-02    0.4585E-02
# With parameters(rot.):     0.4259E-02   -0.6897E-02    0.4963E-01
# Minimization at step:    18 with Value:     0.0009Tol(Act/Req):0.2000E+01/0.1000E-04
# With parameters(tra.):    -0.8739E-03   -0.5907E-03    0.4461E-02
# With parameters(rot.):     0.5294E-02   -0.5589E-02    0.4865E-01
# Minimization at step:    19 with Value:     0.0007Tol(Act/Req):0.2000E+01/0.1000E-04
# With parameters(tra.):    -0.3811E-04    0.7163E-03    0.4572E-02
# With parameters(rot.):    -0.2865E-02   -0.2231E-02    0.4992E-01
# Minimization at step:    20 with Value:     0.0006Tol(Act/Req):0.2000E+01/0.1000E-04
# With parameters(tra.):    -0.5309E-03    0.3489E-03    0.4090E-02
# With parameters(rot.):    -0.4031E-02   -0.3220E-02    0.5167E-01
# Minimization at step:    21 with Value:     0.0006Tol(Act/Req):0.2000E+01/0.1000E-04
# With parameters(tra.):     0.1023E-03   -0.4978E-03    0.4004E-02
# With parameters(rot.):    -0.3986E-02   -0.2525E-02    0.5145E-01
# Minimization at step:    22 with Value:     0.0005Tol(Act/Req):0.2000E+01/0.1000E-04
# With parameters(tra.):     0.2200E-02    0.1837E-02    0.3162E-02
# With parameters(rot.):    -0.3143E-02   -0.1785E-02    0.4886E-01
# Minimization at step:    23 with Value:     0.0005Tol(Act/Req):0.2000E+01/0.1000E-04
# With parameters(tra.):     0.1838E-02    0.2527E-02    0.2992E-02
# With parameters(rot.):    -0.3329E-02   -0.8141E-03    0.4839E-01
# Minimization at step:    24 with Value:     0.0004Tol(Act/Req):0.2000E+01/0.1000E-04
# With parameters(tra.):     0.1906E-02    0.2260E-02    0.2391E-02
# With parameters(rot.):     0.1956E-02   -0.2580E-02    0.4703E-01
# Minimization at step:    25 with Value:     0.0004Tol(Act/Req):0.2000E+01/0.1000E-04
# With parameters(tra.):     0.1357E-02    0.1711E-02    0.2538E-02
# With parameters(rot.):     0.2170E-02   -0.2832E-02    0.4753E-01
# Minimization at step:    26 with Value:     0.0004Tol(Act/Req):0.2000E+01/0.1000E-04
# With parameters(tra.):     0.1001E-02    0.1431E-02    0.1056E-02
# With parameters(rot.):     0.1906E-02   -0.4680E-02    0.4964E-01
# Minimization at step:    27 with Value:     0.0003Tol(Act/Req):0.2000E+01/0.1000E-04
# With parameters(tra.):     0.1335E-02    0.1907E-02    0.1408E-02
# With parameters(rot.):     0.2541E-02   -0.6240E-02    0.3286E-01
# Minimization at step:    28 with Value:     0.0003Tol(Act/Req):0.2000E+01/0.1000E-04
# With parameters(tra.):     0.3012E-02    0.1016E-02    0.3718E-03
# With parameters(rot.):     0.4806E-02   -0.6089E-02    0.2622E-01
# Minimization at step:    29 with Value:     0.0003Tol(Act/Req):0.2000E+01/0.1000E-04
# With parameters(tra.):     0.3312E-02    0.8688E-03    0.2990E-03
# With parameters(rot.):     0.4716E-03   -0.5492E-02    0.2064E-01
# Minimization at step:    30 with Value:     0.0002Tol(Act/Req):0.2000E+01/0.1000E-04
# With parameters(tra.):     0.2918E-02    0.1079E-02    0.5521E-03
# With parameters(rot.):    -0.4559E-03   -0.5480E-02    0.2184E-01
# Minimization at step:    31 with Value:     0.0002Tol(Act/Req):0.2000E+01/0.1000E-04
# With parameters(tra.):     0.2554E-02    0.1978E-02   -0.6017E-03
# With parameters(rot.):     0.1302E-03   -0.5094E-02    0.1204E-01
# Minimization at step:    32 with Value:     0.0002Tol(Act/Req):0.2000E+01/0.1000E-04
# With parameters(tra.):     0.2772E-02    0.2094E-02   -0.3695E-03
# With parameters(rot.):     0.4825E-04   -0.4666E-02    0.8377E-02
# Minimization at step:    33 with Value:     0.0002Tol(Act/Req):0.2000E+01/0.1000E-04
# With parameters(tra.):     0.2303E-02    0.1366E-02   -0.8769E-03
# With parameters(rot.):    -0.1610E-03   -0.5502E-02   -0.6695E-03
# Minimization at step:    34 with Value:     0.0001Tol(Act/Req):0.2000E+01/0.1000E-04
# With parameters(tra.):     0.2300E-02    0.1202E-02   -0.1155E-02
# With parameters(rot.):    -0.5451E-03   -0.5051E-02    0.7331E-03
# Minimization at step:    35 with Value:     0.0001Tol(Act/Req):0.2000E+01/0.1000E-04
# With parameters(tra.):     0.2510E-02    0.3345E-03   -0.4285E-03
# With parameters(rot.):    -0.1153E-02   -0.5330E-02    0.5253E-02
# Minimization at step:    36 with Value:     0.0001Tol(Act/Req):0.2000E+01/0.1000E-04
# With parameters(tra.):     0.2368E-02    0.3267E-03   -0.4709E-03
# With parameters(rot.):    -0.2052E-03   -0.5465E-02    0.5366E-02
# Minimization at step:    37 with Value:     0.0001Tol(Act/Req):0.2000E+01/0.1000E-04
# With parameters(tra.):     0.1396E-02    0.4972E-03   -0.3058E-03
# With parameters(rot.):    -0.1977E-02   -0.5436E-02    0.2265E-02
# Minimization at step:    38 with Value:     0.0001Tol(Act/Req):0.2000E+01/0.1000E-04
# With parameters(tra.):     0.1379E-02    0.2717E-03    0.5847E-04
# With parameters(rot.):    -0.2606E-02   -0.4987E-02   -0.4757E-02
# Minimization at step:    39 with Value:     0.0001Tol(Act/Req):0.2000E+01/0.1000E-04
# With parameters(tra.):     0.1381E-02    0.3017E-03    0.2210E-03
# With parameters(rot.):    -0.2775E-02   -0.4805E-02   -0.3589E-02
# Minimization at step:    40 with Value:     0.0001Tol(Act/Req):0.2000E+01/0.1000E-04
# With parameters(tra.):     0.1069E-02   -0.3271E-03    0.1229E-03
# With parameters(rot.):    -0.4286E-02   -0.3820E-02   -0.2225E-02
# Minimization at step:    41 with Value:     0.0001Tol(Act/Req):0.2000E+01/0.1000E-04
# With parameters(tra.):     0.9136E-03   -0.2376E-03    0.4765E-04
# With parameters(rot.):    -0.4445E-02   -0.3648E-02   -0.3602E-02
# Minimization at step:    42 with Value:     0.0001Tol(Act/Req):0.2000E+01/0.1000E-04
# With parameters(tra.):     0.1725E-02   -0.6530E-03    0.3072E-06
# With parameters(rot.):    -0.3497E-02   -0.3081E-02   -0.2457E-02
# Minimization at step:    43 with Value:     0.0001Tol(Act/Req):0.2000E+01/0.1000E-04
# With parameters(tra.):     0.1857E-02   -0.5229E-03    0.1463E-04
# With parameters(rot.):    -0.3054E-02   -0.3266E-02   -0.2817E-02
# Minimization at step:    44 with Value:     0.0000Tol(Act/Req):0.2000E+01/0.1000E-04
# With parameters(tra.):     0.1403E-02   -0.8217E-03    0.9160E-04
# With parameters(rot.):    -0.2106E-02   -0.2804E-02   -0.5320E-02
# Minimization at step:    45 with Value:     0.0000Tol(Act/Req):0.2000E+01/0.1000E-04
# With parameters(tra.):     0.7147E-03   -0.5524E-03    0.1499E-03
# With parameters(rot.):    -0.2470E-02   -0.3159E-02   -0.6894E-02
# Minimization at step:    46 with Value:     0.0000Tol(Act/Req):0.2000E+01/0.1000E-04
# With parameters(tra.):     0.5041E-03   -0.6768E-03   -0.6240E-04
# With parameters(rot.):    -0.2005E-02   -0.2849E-02   -0.2926E-02
# Minimization at step:    47 with Value:     0.0000Tol(Act/Req):0.2000E+01/0.1000E-04
# With parameters(tra.):     0.2146E-03   -0.9430E-03    0.1682E-03
# With parameters(rot.):    -0.2087E-02   -0.1833E-02   -0.3705E-03
# Minimization at step:    48 with Value:     0.0000Tol(Act/Req):0.1999E+01/0.1000E-04
# With parameters(tra.):    -0.3285E-03   -0.9992E-03    0.5794E-04
# With parameters(rot.):    -0.1620E-02   -0.8836E-03   -0.2047E-02
# Minimization at step:    49 with Value:     0.0000Tol(Act/Req):0.1999E+01/0.1000E-04
# With parameters(tra.):    -0.6760E-03   -0.9232E-03    0.9025E-04
# With parameters(rot.):    -0.5960E-03   -0.5650E-03   -0.2395E-02
# Minimization at step:    50 with Value:     0.0000Tol(Act/Req):0.1999E+01/0.1000E-04
# With parameters(tra.):    -0.6771E-03   -0.9990E-03    0.7555E-04
# With parameters(rot.):    -0.3792E-03   -0.2895E-03   -0.1757E-02
# Minimization at step:    51 with Value:     0.0000Tol(Act/Req):0.1999E+01/0.1000E-04
# With parameters(tra.):    -0.6790E-03   -0.9371E-03    0.1019E-04
# With parameters(rot.):    -0.2166E-03   -0.4150E-03   -0.2512E-02
# Minimization at step:    52 with Value:     0.0000Tol(Act/Req):0.1999E+01/0.1000E-04
# With parameters(tra.):    -0.2528E-03   -0.8602E-03    0.1045E-03
# With parameters(rot.):    -0.2158E-03   -0.1208E-02   -0.9905E-03
# Minimization at step:    53 with Value:     0.0000Tol(Act/Req):0.1999E+01/0.1000E-04
# With parameters(tra.):    -0.3508E-03   -0.5743E-03    0.3185E-04
# With parameters(rot.):    -0.5327E-03   -0.1139E-02    0.2955E-02
# Minimization at step:    54 with Value:     0.0000Tol(Act/Req):0.1999E+01/0.1000E-04
# With parameters(tra.):    -0.4655E-03   -0.5697E-03    0.2207E-05
# With parameters(rot.):    -0.5593E-03   -0.9344E-03    0.2904E-02
# Minimization at step:    55 with Value:     0.0000Tol(Act/Req):0.1999E+01/0.1000E-04
# With parameters(tra.):    -0.4505E-03   -0.6408E-03    0.1791E-04
# With parameters(rot.):    -0.4823E-03   -0.9348E-03    0.1913E-02
# Minimization at step:    56 with Value:     0.0000Tol(Act/Req):0.1998E+01/0.1000E-04
# With parameters(tra.):    -0.5313E-03   -0.5384E-03    0.1972E-03
# With parameters(rot.):    -0.4500E-03   -0.6887E-03    0.1467E-03
# Minimization at step:    57 with Value:     0.0000Tol(Act/Req):0.1998E+01/0.1000E-04
# With parameters(tra.):    -0.4613E-03   -0.5191E-03    0.2008E-03
# With parameters(rot.):    -0.6085E-03   -0.7521E-03    0.4165E-03
# Minimization at step:    58 with Value:     0.0000Tol(Act/Req):0.1998E+01/0.1000E-04
# With parameters(tra.):    -0.3916E-03   -0.5107E-03    0.2131E-03
# With parameters(rot.):    -0.2514E-03   -0.3552E-03    0.2416E-02
# Minimization at step:    59 with Value:     0.0000Tol(Act/Req):0.1997E+01/0.1000E-04
# With parameters(tra.):    -0.2996E-03   -0.2447E-03    0.1500E-03
# With parameters(rot.):     0.6229E-04   -0.5862E-03    0.2550E-02
# Minimization at step:    60 with Value:     0.0000Tol(Act/Req):0.1997E+01/0.1000E-04
# With parameters(tra.):    -0.3094E-03   -0.2247E-03    0.1417E-03
# With parameters(rot.):    -0.8560E-06   -0.7046E-03    0.2061E-02
# Minimization at step:    61 with Value:     0.0000Tol(Act/Req):0.1997E+01/0.1000E-04
# With parameters(tra.):    -0.4868E-03   -0.1005E-03    0.1289E-03
# With parameters(rot.):     0.1321E-03   -0.2198E-03    0.1677E-02
# Minimization at step:    62 with Value:     0.0000Tol(Act/Req):0.1996E+01/0.1000E-04
# With parameters(tra.):    -0.4824E-03   -0.9100E-04    0.1460E-03
# With parameters(rot.):     0.2218E-03   -0.1604E-03    0.1162E-02
# Minimization at step:    63 with Value:     0.0000Tol(Act/Req):0.1996E+01/0.1000E-04
# With parameters(tra.):    -0.4376E-03   -0.1213E-03    0.1506E-03
# With parameters(rot.):     0.1960E-03   -0.2767E-03    0.1215E-02
# Minimization at step:    64 with Value:     0.0000Tol(Act/Req):0.1995E+01/0.1000E-04
# With parameters(tra.):    -0.4164E-03   -0.1035E-03    0.1168E-03
# With parameters(rot.):     0.2445E-03   -0.2834E-03    0.1598E-02
# Minimization at step:    65 with Value:     0.0000Tol(Act/Req):0.1994E+01/0.1000E-04
# With parameters(tra.):    -0.2615E-03    0.7374E-04    0.9590E-04
# With parameters(rot.):     0.2119E-03   -0.2539E-03    0.2532E-02
# Minimization at step:    66 with Value:     0.0000Tol(Act/Req):0.1993E+01/0.1000E-04
# With parameters(tra.):    -0.2813E-03    0.3380E-04    0.1072E-03
# With parameters(rot.):     0.1460E-03   -0.1685E-03    0.2497E-02
# Minimization at step:    67 with Value:     0.0000Tol(Act/Req):0.1991E+01/0.1000E-04
# With parameters(tra.):    -0.3217E-03   -0.1385E-04    0.1133E-03
# With parameters(rot.):     0.1486E-03   -0.1687E-03    0.2261E-02
# Minimization at step:    68 with Value:     0.0000Tol(Act/Req):0.1991E+01/0.1000E-04
# With parameters(tra.):    -0.3453E-03    0.9656E-04    0.8721E-04
# With parameters(rot.):     0.7216E-04   -0.2270E-03    0.1350E-02
# Minimization at step:    69 with Value:     0.0000Tol(Act/Req):0.1990E+01/0.1000E-04
# With parameters(tra.):    -0.2907E-03    0.1780E-03    0.1018E-03
# With parameters(rot.):     0.2017E-03   -0.1305E-03    0.3822E-03
# Minimization at step:    70 with Value:     0.0000Tol(Act/Req):0.1989E+01/0.1000E-04
# With parameters(tra.):    -0.1522E-03    0.2173E-03    0.9479E-04
# With parameters(rot.):     0.1520E-03   -0.3143E-03    0.2108E-03
# Minimization at step:    71 with Value:     0.0000Tol(Act/Req):0.1986E+01/0.1000E-04
# With parameters(tra.):    -0.1196E-03    0.2529E-03    0.7607E-04
# With parameters(rot.):     0.1685E-03   -0.3202E-03    0.2869E-03
# Minimization at step:    72 with Value:     0.0000Tol(Act/Req):0.1985E+01/0.1000E-04
# With parameters(tra.):    -0.1190E-03    0.2387E-03    0.7028E-04
# With parameters(rot.):     0.1334E-03   -0.3602E-03    0.5208E-03
# Minimization at step:    73 with Value:     0.0000Tol(Act/Req):0.1985E+01/0.1000E-04
# With parameters(tra.):    -0.1045E-03    0.2272E-03    0.8051E-04
# With parameters(rot.):    -0.2676E-05   -0.2532E-03   -0.2077E-03
# Minimization at step:    74 with Value:     0.0000Tol(Act/Req):0.1984E+01/0.1000E-04
# With parameters(tra.):    -0.6427E-06    0.1603E-03    0.1044E-03
# With parameters(rot.):     0.4884E-04   -0.2036E-03    0.1840E-03
# Minimization at step:    75 with Value:     0.0000Tol(Act/Req):0.1981E+01/0.1000E-04
# With parameters(tra.):    -0.8855E-04    0.1020E-03    0.1146E-03
# With parameters(rot.):     0.6410E-04    0.1706E-04    0.3465E-03
# Minimization at step:    76 with Value:     0.0000Tol(Act/Req):0.1980E+01/0.1000E-04
# With parameters(tra.):    -0.8932E-04    0.8787E-04    0.1178E-03
# With parameters(rot.):     0.5839E-04    0.3243E-04    0.6891E-04
# Minimization at step:    77 with Value:     0.0000Tol(Act/Req):0.1971E+01/0.1000E-04
# With parameters(tra.):    -0.6741E-04    0.1013E-03    0.1155E-03
# With parameters(rot.):     0.5409E-04   -0.2146E-04    0.5147E-05
# Minimization at step:    78 with Value:     0.0000Tol(Act/Req):0.1970E+01/0.1000E-04
# With parameters(tra.):    -0.6793E-04    0.9365E-04    0.1159E-03
# With parameters(rot.):     0.9284E-04   -0.2890E-04    0.2050E-03
# Minimization at step:    79 with Value:     0.0000Tol(Act/Req):0.1969E+01/0.1000E-04
# With parameters(tra.):    -0.9951E-04    0.1048E-03    0.1109E-03
# With parameters(rot.):     0.8363E-04   -0.2673E-04    0.1088E-03
# Minimization at step:    80 with Value:     0.0000Tol(Act/Req):0.1967E+01/0.1000E-04
# With parameters(tra.):    -0.2752E-04    0.1267E-03    0.8502E-04
# With parameters(rot.):     0.8837E-04    0.5926E-04    0.2017E-03
# Minimization at step:    81 with Value:     0.0000Tol(Act/Req):0.1945E+01/0.1000E-04
# With parameters(tra.):    -0.3745E-05    0.7745E-04    0.8001E-04
# With parameters(rot.):     0.2441E-04    0.1042E-03    0.4728E-03
# Minimization at step:    82 with Value:     0.0000Tol(Act/Req):0.1941E+01/0.1000E-04
# With parameters(tra.):     0.2325E-04    0.4564E-04    0.7380E-04
# With parameters(rot.):     0.1649E-05    0.1588E-03    0.5213E-04
# Minimization at step:    83 with Value:     0.0000Tol(Act/Req):0.1940E+01/0.1000E-04
# With parameters(tra.):     0.4176E-04    0.4769E-04    0.6918E-04
# With parameters(rot.):    -0.4868E-05    0.1469E-03    0.2416E-04
# Minimization at step:    84 with Value:     0.0000Tol(Act/Req):0.1918E+01/0.1000E-04
# With parameters(tra.):     0.2954E-04    0.3565E-04    0.7432E-04
# With parameters(rot.):    -0.1382E-04    0.1327E-03   -0.1384E-04
# Minimization at step:    85 with Value:     0.0000Tol(Act/Req):0.1918E+01/0.1000E-04
# With parameters(tra.):     0.3740E-04    0.2702E-04    0.7103E-04
# With parameters(rot.):    -0.3338E-05    0.1425E-03    0.6785E-04
# Minimization at step:    86 with Value:     0.0000Tol(Act/Req):0.1912E+01/0.1000E-04
# With parameters(tra.):     0.3183E-04    0.3342E-04    0.7236E-04
# With parameters(rot.):     0.1936E-05    0.1275E-03    0.1743E-03
# Minimization at step:    87 with Value:     0.0000Tol(Act/Req):0.1866E+01/0.1000E-04
# With parameters(tra.):     0.1730E-04    0.3232E-04    0.5520E-04
# With parameters(rot.):    -0.3230E-04    0.1693E-03    0.4642E-04
# Minimization at step:    88 with Value:     0.0000Tol(Act/Req):0.1856E+01/0.1000E-04
# With parameters(tra.):     0.1509E-04    0.3676E-04    0.5397E-04
# With parameters(rot.):    -0.2637E-04    0.1672E-03   -0.3430E-04
# Minimization at step:    89 with Value:     0.0000Tol(Act/Req):0.1850E+01/0.1000E-04
# With parameters(tra.):     0.4322E-04    0.3722E-04    0.3966E-04
# With parameters(rot.):    -0.4657E-04    0.1501E-03   -0.1097E-03
# Minimization at step:    90 with Value:     0.0000Tol(Act/Req):0.1815E+01/0.1000E-04
# With parameters(tra.):     0.2334E-04    0.1367E-04    0.3839E-04
# With parameters(rot.):    -0.7540E-04    0.1275E-03   -0.2177E-03
# Minimization at step:    91 with Value:     0.0000Tol(Act/Req):0.1810E+01/0.1000E-04
# With parameters(tra.):     0.3438E-04   -0.8049E-05    0.2094E-04
# With parameters(rot.):    -0.7845E-04    0.1420E-03   -0.1495E-03
# Minimization at step:    92 with Value:     0.0000Tol(Act/Req):0.1770E+01/0.1000E-04
# With parameters(tra.):     0.2409E-04   -0.9069E-05    0.6445E-05
# With parameters(rot.):    -0.9469E-04    0.1168E-03   -0.4444E-04
# Minimization at step:    93 with Value:     0.0000Tol(Act/Req):0.1757E+01/0.1000E-04
# With parameters(tra.):     0.1546E-04   -0.1304E-04    0.7256E-05
# With parameters(rot.):    -0.9365E-04    0.1183E-03   -0.2015E-04
# Minimization at step:    94 with Value:     0.0000Tol(Act/Req):0.1754E+01/0.1000E-04
# With parameters(tra.):    -0.1882E-05    0.7009E-05    0.2014E-04
# With parameters(rot.):    -0.9567E-04    0.9593E-04   -0.4526E-04
# Minimization at step:    95 with Value:     0.0000Tol(Act/Req):0.1752E+01/0.1000E-04
# With parameters(tra.):    -0.1196E-04    0.5974E-05    0.6403E-05
# With parameters(rot.):    -0.1069E-03    0.6805E-04   -0.2103E-03
# Minimization at step:    96 with Value:     0.0000Tol(Act/Req):0.1727E+01/0.1000E-04
# With parameters(tra.):    -0.1202E-04   -0.2074E-05    0.1572E-05
# With parameters(rot.):    -0.1089E-03    0.6440E-05   -0.2107E-03
# Minimization at step:    97 with Value:     0.0000Tol(Act/Req):0.1707E+01/0.1000E-04
# With parameters(tra.):    -0.3931E-05    0.1624E-04   -0.9428E-05
# With parameters(rot.):    -0.9129E-04   -0.1133E-04   -0.1004E-03
# Minimization at step:    98 with Value:     0.0000Tol(Act/Req):0.1703E+01/0.1000E-04
# With parameters(tra.):     0.8820E-05    0.2069E-04   -0.9637E-06
# With parameters(rot.):    -0.7486E-04   -0.9904E-05    0.1014E-03
# Minimization at step:    99 with Value:     0.0000Tol(Act/Req):0.1629E+01/0.1000E-04
# With parameters(tra.):     0.1405E-04    0.1682E-04   -0.5945E-05
# With parameters(rot.):    -0.7262E-04   -0.1312E-04    0.1199E-03
# Minimization at step:   100 with Value:     0.0000Tol(Act/Req):0.1618E+01/0.1000E-04
# With parameters(tra.):     0.1624E-04    0.2040E-04   -0.5364E-05
# With parameters(rot.):    -0.6908E-04    0.6510E-06    0.1475E-03
# Minimization at step:   101 with Value:     0.0000Tol(Act/Req):0.1575E+01/0.1000E-04
# With parameters(tra.):     0.1367E-04    0.1927E-04   -0.7846E-05
# With parameters(rot.):    -0.7271E-04    0.1174E-05    0.1009E-03
# Minimization at step:   102 with Value:     0.0000Tol(Act/Req):0.1543E+01/0.1000E-04
# With parameters(tra.):     0.1200E-04    0.6293E-05    0.7992E-06
# With parameters(rot.):    -0.8130E-04    0.1763E-04    0.6850E-04
# Minimization at step:   103 with Value:     0.0000Tol(Act/Req):0.1537E+01/0.1000E-04
# With parameters(tra.):    -0.6415E-05    0.4790E-05    0.2678E-06
# With parameters(rot.):    -0.7510E-04   -0.1295E-04    0.1466E-03
# Minimization at step:   104 with Value:     0.0000Tol(Act/Req):0.1514E+01/0.1000E-04
# With parameters(tra.):    -0.6292E-05    0.1043E-04    0.1270E-04
# With parameters(rot.):    -0.5233E-04   -0.3102E-04    0.1053E-03
# Minimization at step:   105 with Value:     0.0000Tol(Act/Req):0.1457E+01/0.1000E-04
# With parameters(tra.):    -0.1679E-05    0.1128E-04    0.1387E-04
# With parameters(rot.):    -0.5198E-04   -0.2488E-04    0.8233E-04
# Minimization at step:   106 with Value:     0.0000Tol(Act/Req):0.1233E+01/0.1000E-04
# With parameters(tra.):    -0.1325E-05    0.9936E-05    0.1086E-04
# With parameters(rot.):    -0.5765E-04   -0.1985E-04    0.9075E-04
# Minimization at step:   107 with Value:     0.0000Tol(Act/Req):0.1201E+01/0.1000E-04
# With parameters(tra.):     0.4004E-05   -0.1032E-06    0.6498E-05
# With parameters(rot.):    -0.4817E-04   -0.2853E-04    0.1180E-03
# Minimization at step:   108 with Value:     0.0000Tol(Act/Req):0.1167E+01/0.1000E-04
# With parameters(tra.):    -0.2266E-05   -0.6652E-05    0.6359E-05
# With parameters(rot.):    -0.4748E-04   -0.3517E-04    0.5243E-04
# Minimization at step:   109 with Value:     0.0000Tol(Act/Req):0.1134E+01/0.1000E-04
# With parameters(tra.):    -0.3176E-05   -0.5569E-05    0.5382E-05
# With parameters(rot.):    -0.4323E-04   -0.4231E-04    0.5649E-04
# Minimization at step:   110 with Value:     0.0000Tol(Act/Req):0.1062E+01/0.1000E-04
# With parameters(tra.):    -0.5269E-05   -0.7054E-05    0.1013E-04
# With parameters(rot.):    -0.2754E-04   -0.2909E-04    0.8140E-04
# Minimization at step:   111 with Value:     0.0000Tol(Act/Req):0.9867E+00/0.1000E-04
# With parameters(tra.):     0.2761E-05   -0.1147E-04    0.1122E-04
# With parameters(rot.):    -0.1870E-04   -0.1822E-04    0.3514E-04
# Minimization at step:   112 with Value:     0.0000Tol(Act/Req):0.9605E+00/0.1000E-04
# With parameters(tra.):     0.3278E-05   -0.1393E-04    0.9741E-05
# With parameters(rot.):    -0.1828E-04   -0.1557E-04    0.3471E-04
# Minimization at step:   113 with Value:     0.0000Tol(Act/Req):0.8135E+00/0.1000E-04
# With parameters(tra.):     0.1885E-05   -0.1257E-04    0.1110E-04
# With parameters(rot.):    -0.1816E-04   -0.1232E-04    0.2095E-04
# Minimization at step:   114 with Value:     0.0000Tol(Act/Req):0.7738E+00/0.1000E-04
# With parameters(tra.):     0.3004E-05   -0.1266E-04    0.9996E-05
# With parameters(rot.):    -0.2130E-04   -0.1422E-04    0.9681E-05
# Minimization at step:   115 with Value:     0.0000Tol(Act/Req):0.7634E+00/0.1000E-04
# With parameters(tra.):     0.1017E-05   -0.1165E-04    0.9622E-05
# With parameters(rot.):    -0.2373E-04   -0.1661E-04    0.1913E-04
# Minimization at step:   116 with Value:     0.0000Tol(Act/Req):0.7001E+00/0.1000E-04
# With parameters(tra.):     0.6292E-05   -0.8951E-05    0.1080E-04
# With parameters(rot.):    -0.1628E-04   -0.5995E-05    0.5176E-04
# Minimization at step:   117 with Value:     0.0000Tol(Act/Req):0.6463E+00/0.1000E-04
# With parameters(tra.):     0.7628E-05   -0.7911E-05    0.1065E-04
# With parameters(rot.):     0.1210E-05   -0.8175E-05    0.5831E-04
# Minimization at step:   118 with Value:     0.0000Tol(Act/Req):0.5873E+00/0.1000E-04
# With parameters(tra.):     0.4006E-05   -0.9676E-05    0.9731E-05
# With parameters(rot.):    -0.9793E-08   -0.1668E-04    0.3547E-04
# Minimization at step:   119 with Value:     0.0000Tol(Act/Req):0.5490E+00/0.1000E-04
# With parameters(tra.):     0.3370E-05   -0.1008E-04    0.9692E-05
# With parameters(rot.):    -0.4483E-05   -0.1684E-04    0.3193E-04
# Minimization at step:   120 with Value:     0.0000Tol(Act/Req):0.5063E+00/0.1000E-04
# With parameters(tra.):     0.4436E-05   -0.1371E-04    0.6724E-05
# With parameters(rot.):     0.9446E-06   -0.1197E-04    0.3015E-04
# Minimization at step:   121 with Value:     0.0000Tol(Act/Req):0.4409E+00/0.1000E-04
# With parameters(tra.):     0.2500E-05   -0.1137E-04    0.7986E-05
# With parameters(rot.):     0.7560E-05   -0.5354E-05    0.5684E-05
# Minimization at step:   122 with Value:     0.0000Tol(Act/Req):0.4136E+00/0.1000E-04
# With parameters(tra.):     0.4571E-05   -0.1112E-04    0.5107E-05
# With parameters(rot.):     0.1090E-04   -0.6213E-05   -0.1818E-04
# Minimization at step:   123 with Value:     0.0000Tol(Act/Req):0.3737E+00/0.1000E-04
# With parameters(tra.):     0.1781E-05   -0.8934E-05    0.2853E-05
# With parameters(rot.):     0.1759E-04   -0.7518E-05   -0.1173E-04
# Minimization at step:   124 with Value:     0.0000Tol(Act/Req):0.3544E+00/0.1000E-04
# With parameters(tra.):    -0.1693E-06   -0.3716E-05    0.4530E-05
# With parameters(rot.):     0.1771E-04   -0.1091E-04   -0.2390E-04
# Minimization at step:   125 with Value:     0.0000Tol(Act/Req):0.3394E+00/0.1000E-04
# With parameters(tra.):     0.8763E-06   -0.3499E-05    0.2116E-05
# With parameters(rot.):     0.1447E-04   -0.1938E-04   -0.9303E-05
# Minimization at step:   126 with Value:     0.0000Tol(Act/Req):0.3372E+00/0.1000E-04
# With parameters(tra.):     0.1451E-05   -0.4786E-05    0.1496E-05
# With parameters(rot.):     0.1417E-04   -0.1923E-04   -0.5042E-05
# Minimization at step:   127 with Value:     0.0000Tol(Act/Req):0.3285E+00/0.1000E-04
# With parameters(tra.):     0.5970E-06   -0.5431E-05    0.3703E-05
# With parameters(rot.):     0.1731E-04   -0.1072E-04   -0.1822E-04
# Minimization at step:   128 with Value:     0.0000Tol(Act/Req):0.3212E+00/0.1000E-04
# With parameters(tra.):     0.9166E-06   -0.4784E-05    0.3354E-05
# With parameters(rot.):     0.1895E-04   -0.8806E-05   -0.1889E-04
# Minimization at step:   129 with Value:     0.0000Tol(Act/Req):0.3093E+00/0.1000E-04
# With parameters(tra.):     0.1877E-05   -0.3922E-05    0.1031E-05
# With parameters(rot.):     0.1637E-04   -0.1668E-04   -0.5932E-05
# Minimization at step:   130 with Value:     0.0000Tol(Act/Req):0.3069E+00/0.1000E-04
# With parameters(tra.):     0.1077E-06   -0.2683E-05   -0.1936E-05
# With parameters(rot.):     0.1437E-04   -0.1696E-04   -0.2563E-04
# Minimization at step:   131 with Value:     0.0000Tol(Act/Req):0.2840E+00/0.1000E-04
# With parameters(tra.):    -0.1443E-05   -0.3131E-05   -0.6007E-06
# With parameters(rot.):     0.1629E-04   -0.9171E-05   -0.4516E-04
# Minimization at step:   132 with Value:     0.0000Tol(Act/Req):0.2804E+00/0.1000E-04
# With parameters(tra.):    -0.1129E-05   -0.3478E-05    0.2521E-06
# With parameters(rot.):     0.1695E-04   -0.8454E-05   -0.4186E-04
# Minimization at step:   133 with Value:     0.0000Tol(Act/Req):0.2695E+00/0.1000E-04
# With parameters(tra.):    -0.5100E-05   -0.1181E-05    0.1514E-05
# With parameters(rot.):     0.1563E-04   -0.8342E-05   -0.2589E-04
# Minimization at step:   134 with Value:     0.0000Tol(Act/Req):0.2488E+00/0.1000E-04
# With parameters(tra.):    -0.4604E-05   -0.7853E-06    0.3320E-05
# With parameters(rot.):     0.8289E-05   -0.7312E-05   -0.3706E-04
# Minimization at step:   135 with Value:     0.0000Tol(Act/Req):0.2391E+00/0.1000E-04
# With parameters(tra.):    -0.4480E-05   -0.4777E-06    0.3314E-05
# With parameters(rot.):     0.7143E-05   -0.9103E-05   -0.3150E-04
# Minimization at step:   136 with Value:     0.0000Tol(Act/Req):0.1869E+00/0.1000E-04
# With parameters(tra.):    -0.1347E-05   -0.2024E-05    0.2817E-05
# With parameters(rot.):     0.6012E-05   -0.9377E-05   -0.4489E-04
# Minimization at step:   137 with Value:     0.0000Tol(Act/Req):0.1599E+00/0.1000E-04
# With parameters(tra.):    -0.1200E-05   -0.2227E-05    0.2324E-05
# With parameters(rot.):     0.7658E-05   -0.9807E-05   -0.4275E-04
# Minimization at step:   138 with Value:     0.0000Tol(Act/Req):0.1548E+00/0.1000E-04
# With parameters(tra.):    -0.1266E-05   -0.7862E-07    0.1283E-05
# With parameters(rot.):     0.7185E-05   -0.6312E-05   -0.5203E-04
# Minimization at step:   139 with Value:     0.0000Tol(Act/Req):0.1293E+00/0.1000E-04
# With parameters(tra.):    -0.1022E-05   -0.1082E-05   -0.2911E-07
# With parameters(rot.):     0.4257E-05   -0.1719E-05   -0.5918E-04
# Minimization at step:   140 with Value:     0.0000Tol(Act/Req):0.1238E+00/0.1000E-04
# With parameters(tra.):    -0.5253E-06   -0.1004E-05    0.1180E-05
# With parameters(rot.):     0.2072E-05    0.1040E-05   -0.5856E-04
# Minimization at step:   141 with Value:     0.0000Tol(Act/Req):0.1091E+00/0.1000E-04
# With parameters(tra.):    -0.5449E-06   -0.7469E-06    0.1609E-05
# With parameters(rot.):     0.2622E-05    0.1218E-06   -0.5672E-04
# Minimization at step:   142 with Value:     0.0000Tol(Act/Req):0.1043E+00/0.1000E-04
# With parameters(tra.):     0.1015E-05   -0.2214E-06    0.1026E-05
# With parameters(rot.):    -0.1178E-05   -0.3856E-06   -0.5402E-04
# Minimization at step:   143 with Value:     0.0000Tol(Act/Req):0.1032E+00/0.1000E-04
# With parameters(tra.):    -0.2862E-06    0.1411E-05    0.7601E-06
# With parameters(rot.):    -0.2821E-05    0.2794E-05   -0.4814E-04
# Minimization at step:   144 with Value:     0.0000Tol(Act/Req):0.8365E-01/0.1000E-04
# With parameters(tra.):     0.1066E-06   -0.2409E-06    0.1627E-05
# With parameters(rot.):    -0.5685E-05    0.2335E-05   -0.3755E-04
# Minimization at step:   145 with Value:     0.0000Tol(Act/Req):0.7686E-01/0.1000E-04
# With parameters(tra.):     0.8369E-06    0.1637E-07    0.4071E-06
# With parameters(rot.):    -0.6842E-05    0.5523E-05   -0.3153E-04
# Minimization at step:   146 with Value:     0.0000Tol(Act/Req):0.7617E-01/0.1000E-04
# With parameters(tra.):     0.1256E-05   -0.5078E-06    0.4443E-06
# With parameters(rot.):    -0.6766E-05    0.4955E-05   -0.3162E-04
# Minimization at step:   147 with Value:     0.0000Tol(Act/Req):0.7482E-01/0.1000E-04
# With parameters(tra.):     0.1108E-05   -0.6159E-06    0.7523E-06
# With parameters(rot.):    -0.6470E-05    0.4111E-05   -0.3313E-04
# Minimization at step:   148 with Value:     0.0000Tol(Act/Req):0.6895E-01/0.1000E-04
# With parameters(tra.):     0.1093E-05   -0.2342E-06    0.4628E-06
# With parameters(rot.):    -0.5820E-05    0.4374E-05   -0.3541E-04
# Minimization at step:   149 with Value:     0.0000Tol(Act/Req):0.6155E-01/0.1000E-04
# With parameters(tra.):    -0.4404E-06   -0.7639E-06    0.8571E-06
# With parameters(rot.):    -0.3567E-05    0.6468E-05   -0.3191E-04
# Minimization at step:   150 with Value:     0.0000Tol(Act/Req):0.5854E-01/0.1000E-04
# With parameters(tra.):    -0.7432E-06   -0.7358E-06   -0.5646E-07
# With parameters(rot.):    -0.3990E-05    0.6437E-05   -0.2344E-04
# Minimization at step:   151 with Value:     0.0000Tol(Act/Req):0.5683E-01/0.1000E-04
# With parameters(tra.):    -0.8485E-06   -0.2172E-06    0.2460E-06
# With parameters(rot.):    -0.5095E-05    0.6706E-05   -0.8678E-05
# Minimization at step:   152 with Value:     0.0000Tol(Act/Req):0.3828E-01/0.1000E-04
# With parameters(tra.):    -0.4990E-06   -0.3922E-07    0.9649E-07
# With parameters(rot.):    -0.5785E-05    0.6202E-05   -0.7616E-05
# Minimization at step:   153 with Value:     0.0000Tol(Act/Req):0.3558E-01/0.1000E-04
# With parameters(tra.):    -0.4436E-06   -0.1540E-06    0.8421E-08
# With parameters(rot.):    -0.5567E-05    0.6093E-05   -0.1122E-04
# Minimization at step:   154 with Value:     0.0000Tol(Act/Req):0.3534E-01/0.1000E-04
# With parameters(tra.):    -0.1723E-06   -0.1085E-05   -0.6255E-07
# With parameters(rot.):    -0.5015E-05    0.5337E-05   -0.4591E-05
# Minimization at step:   155 with Value:     0.0000Tol(Act/Req):0.3344E-01/0.1000E-04
# With parameters(tra.):    -0.8944E-06   -0.1457E-05    0.2818E-06
# With parameters(rot.):    -0.3939E-05    0.4057E-05    0.1900E-05
# Minimization at step:   156 with Value:     0.0000Tol(Act/Req):0.2438E-01/0.1000E-04
# With parameters(tra.):    -0.1067E-05   -0.1368E-05    0.1220E-06
# With parameters(rot.):    -0.3457E-05    0.4162E-05    0.3870E-05
# Minimization at step:   157 with Value:     0.0000Tol(Act/Req):0.2278E-01/0.1000E-04
# With parameters(tra.):    -0.1019E-05   -0.1428E-05    0.3652E-06
# With parameters(rot.):    -0.3307E-05    0.3981E-05    0.4029E-05
# Minimization at step:   158 with Value:     0.0000Tol(Act/Req):0.1754E-01/0.1000E-04
# With parameters(tra.):    -0.6245E-06   -0.1508E-05    0.2082E-06
# With parameters(rot.):    -0.3723E-05    0.2670E-05    0.8534E-05
# Minimization at step:   159 with Value:     0.0000Tol(Act/Req):0.1700E-01/0.1000E-04
# With parameters(tra.):    -0.5739E-06   -0.2188E-05    0.9863E-07
# With parameters(rot.):    -0.2671E-05    0.1310E-05    0.7912E-05
# Minimization at step:   160 with Value:     0.0000Tol(Act/Req):0.1523E-01/0.1000E-04
# With parameters(tra.):     0.4779E-07   -0.2092E-05   -0.2055E-06
# With parameters(rot.):    -0.3162E-05    0.1583E-05    0.4546E-05
# Minimization at step:   161 with Value:     0.0000Tol(Act/Req):0.1331E-01/0.1000E-04
# With parameters(tra.):    -0.1502E-06   -0.1498E-05   -0.1821E-06
# With parameters(rot.):    -0.3095E-05    0.1088E-05    0.9641E-06
# Minimization at step:   162 with Value:     0.0000Tol(Act/Req):0.1250E-01/0.1000E-04
# With parameters(tra.):    -0.1904E-06   -0.1363E-05   -0.6032E-06
# With parameters(rot.):    -0.2011E-05    0.2732E-06    0.3935E-05
# Minimization at step:   163 with Value:     0.0000Tol(Act/Req):0.1077E-01/0.1000E-04
# With parameters(tra.):    -0.1711E-06   -0.1124E-05   -0.6343E-06
# With parameters(rot.):    -0.2219E-05    0.5267E-06    0.3759E-05
# Minimization at step:   164 with Value:     0.0000Tol(Act/Req):0.8508E-02/0.1000E-04
# With parameters(tra.):     0.2088E-06   -0.1142E-05   -0.4810E-06
# With parameters(rot.):    -0.1556E-05   -0.9885E-06    0.3987E-05
# Minimization at step:   165 with Value:     0.0000Tol(Act/Req):0.8495E-02/0.1000E-04
# With parameters(tra.):     0.2237E-06   -0.9669E-06   -0.6060E-06
# With parameters(rot.):    -0.5556E-06   -0.1334E-05   -0.5316E-06
# Minimization at step:   166 with Value:     0.0000Tol(Act/Req):0.7765E-02/0.1000E-04
# With parameters(tra.):     0.3574E-06   -0.9689E-06   -0.2909E-06
# With parameters(rot.):    -0.1005E-05   -0.1125E-05   -0.3877E-05
# Minimization at step:   167 with Value:     0.0000Tol(Act/Req):0.7316E-02/0.1000E-04
# With parameters(tra.):     0.2796E-06   -0.8913E-06   -0.2473E-06
# With parameters(rot.):    -0.7437E-06   -0.1396E-05   -0.4018E-05
# Minimization at step:   168 with Value:     0.0000Tol(Act/Req):0.5657E-02/0.1000E-04
# With parameters(tra.):     0.1905E-06   -0.8659E-06   -0.2662E-06
# With parameters(rot.):    -0.8418E-06   -0.1051E-05   -0.4742E-05
# Minimization at step:   169 with Value:     0.0000Tol(Act/Req):0.4805E-02/0.1000E-04
# With parameters(tra.):     0.1840E-06   -0.9012E-06   -0.2066E-06
# With parameters(rot.):    -0.1116E-05   -0.9412E-06   -0.3963E-05
# Minimization at step:   170 with Value:     0.0000Tol(Act/Req):0.2874E-02/0.1000E-04
# With parameters(tra.):     0.3018E-06   -0.4871E-06   -0.1464E-06
# With parameters(rot.):    -0.1152E-05   -0.9280E-06   -0.6157E-05
# Minimization at step:   171 with Value:     0.0000Tol(Act/Req):0.2873E-02/0.1000E-04
# With parameters(tra.):     0.1941E-06   -0.3252E-06   -0.3082E-06
# With parameters(rot.):    -0.9009E-06   -0.1002E-05   -0.4687E-05
# Minimization at step:   172 with Value:     0.0000Tol(Act/Req):0.2809E-02/0.1000E-04
# With parameters(tra.):     0.2723E-06   -0.3761E-06   -0.3246E-06
# With parameters(rot.):    -0.7346E-06   -0.1052E-05   -0.4263E-05
# Minimization at step:   173 with Value:     0.0000Tol(Act/Req):0.2606E-02/0.1000E-04
# With parameters(tra.):     0.1142E-06   -0.4924E-07   -0.2632E-06
# With parameters(rot.):    -0.2087E-06   -0.1480E-05   -0.4626E-05
# Minimization at step:   174 with Value:     0.0000Tol(Act/Req):0.2552E-02/0.1000E-04
# With parameters(tra.):     0.6332E-07    0.3154E-07   -0.2724E-06
# With parameters(rot.):    -0.2050E-06   -0.1343E-05   -0.4978E-05
# Minimization at step:   175 with Value:     0.0000Tol(Act/Req):0.2064E-02/0.1000E-04
# With parameters(tra.):     0.9860E-07   -0.4345E-07   -0.2885E-06
# With parameters(rot.):    -0.3362E-06   -0.1225E-05   -0.4917E-05
# Minimization at step:   176 with Value:     0.0000Tol(Act/Req):0.1841E-02/0.1000E-04
# With parameters(tra.):     0.5713E-07    0.1717E-06   -0.1966E-06
# With parameters(rot.):    -0.6240E-06   -0.1100E-05   -0.3677E-05
# Minimization at step:   177 with Value:     0.0000Tol(Act/Req):0.1191E-02/0.1000E-04
# With parameters(tra.):    -0.1029E-06    0.1152E-06   -0.2536E-06
# With parameters(rot.):    -0.4241E-06   -0.1166E-05   -0.1388E-05
# Minimization at step:   178 with Value:     0.0000Tol(Act/Req):0.1169E-02/0.1000E-04
# With parameters(tra.):    -0.9512E-07    0.1307E-06   -0.2558E-06
# With parameters(rot.):    -0.3151E-06   -0.1200E-05   -0.9361E-06
# Minimization at step:   179 with Value:     0.0000Tol(Act/Req):0.1150E-02/0.1000E-04
# With parameters(tra.):    -0.8382E-07    0.1207E-06   -0.7648E-07
# With parameters(rot.):    -0.3707E-06   -0.1193E-05   -0.1156E-05
# Minimization at step:   180 with Value:     0.0000Tol(Act/Req):0.1111E-02/0.1000E-04
# With parameters(tra.):    -0.2347E-06    0.3119E-06   -0.2954E-07
# With parameters(rot.):    -0.4186E-06   -0.8690E-06   -0.5862E-06
# Minimization at step:   181 with Value:     0.0000Tol(Act/Req):0.1111E-02/0.1000E-04
# With parameters(tra.):    -0.2752E-06    0.2804E-06    0.2456E-07
# With parameters(rot.):    -0.7083E-06   -0.5136E-06    0.9804E-06
# Minimization at step:   182 with Value:     0.0000Tol(Act/Req):0.9678E-03/0.1000E-04
# With parameters(tra.):    -0.2495E-06    0.3083E-06    0.6198E-07
# With parameters(rot.):    -0.7820E-06   -0.4427E-06    0.6054E-06
# Minimization at step:   183 with Value:     0.0000Tol(Act/Req):0.8494E-03/0.1000E-04
# With parameters(tra.):    -0.2373E-06    0.3185E-06    0.5157E-07
# With parameters(rot.):    -0.7157E-06   -0.5257E-06    0.1825E-06
# Minimization at step:   184 with Value:     0.0000Tol(Act/Req):0.8216E-03/0.1000E-04
# With parameters(tra.):    -0.2939E-06    0.1523E-06    0.4245E-07
# With parameters(rot.):    -0.4584E-06   -0.4596E-06    0.2296E-06
# Minimization at step:   185 with Value:     0.0000Tol(Act/Req):0.6143E-03/0.1000E-04
# With parameters(tra.):    -0.1956E-06   -0.3103E-07    0.2524E-07
# With parameters(rot.):    -0.4325E-06   -0.6000E-06    0.6358E-08
# Minimization at step:   186 with Value:     0.0000Tol(Act/Req):0.5520E-03/0.1000E-04
# With parameters(tra.):    -0.2078E-06   -0.4117E-07   -0.1112E-07
# With parameters(rot.):    -0.4237E-06   -0.5526E-06    0.1581E-06
# Minimization at step:   187 with Value:     0.0000Tol(Act/Req):0.3840E-03/0.1000E-04
# With parameters(tra.):    -0.2242E-06   -0.6093E-07    0.4668E-07
# With parameters(rot.):    -0.2874E-06   -0.4425E-06    0.1109E-05
# Minimization at step:   188 with Value:     0.0000Tol(Act/Req):0.3610E-03/0.1000E-04
# With parameters(tra.):    -0.2170E-06   -0.8745E-07    0.4107E-07
# With parameters(rot.):    -0.2185E-06   -0.4771E-06    0.9752E-06
# Minimization at step:   189 with Value:     0.0000Tol(Act/Req):0.2068E-03/0.1000E-04
# With parameters(tra.):    -0.1703E-06   -0.1446E-06    0.9196E-07
# With parameters(rot.):    -0.1881E-06   -0.3794E-06    0.5051E-06
# Minimization at step:   190 with Value:     0.0000Tol(Act/Req):0.1991E-03/0.1000E-04
# With parameters(tra.):    -0.1459E-06   -0.1277E-06    0.9837E-07
# With parameters(rot.):    -0.2299E-06   -0.3892E-06    0.5163E-06
# Minimization at step:   191 with Value:     0.0000Tol(Act/Req):0.1780E-03/0.1000E-04
# With parameters(tra.):    -0.1826E-06   -0.6024E-07    0.1253E-06
# With parameters(rot.):    -0.1923E-06   -0.2663E-06    0.7554E-06
# Minimization at step:   192 with Value:     0.0000Tol(Act/Req):0.1739E-03/0.1000E-04
# With parameters(tra.):    -0.1984E-06   -0.8689E-07    0.9799E-07
# With parameters(rot.):    -0.9763E-07   -0.7606E-07    0.1258E-05
# Minimization at step:   193 with Value:     0.0000Tol(Act/Req):0.1612E-03/0.1000E-04
# With parameters(tra.):    -0.1789E-06   -0.8237E-07    0.7656E-07
# With parameters(rot.):    -0.1253E-06   -0.2725E-07    0.6733E-06
# Minimization at step:   194 with Value:     0.0000Tol(Act/Req):0.1387E-03/0.1000E-04
# With parameters(tra.):    -0.1733E-06   -0.7533E-07    0.8159E-07
# With parameters(rot.):    -0.1512E-06   -0.7075E-07    0.4989E-06
# Minimization at step:   195 with Value:     0.0000Tol(Act/Req):0.8423E-04/0.1000E-04
# With parameters(tra.):    -0.1516E-06   -0.1121E-06    0.8330E-07
# With parameters(rot.):    -0.3116E-07   -0.2098E-07    0.1786E-06
# Minimization at step:   196 with Value:     0.0000Tol(Act/Req):0.6006E-04/0.1000E-04
# With parameters(tra.):    -0.1255E-06   -0.1588E-06    0.5937E-07
# With parameters(rot.):    -0.9714E-08   -0.2108E-07   -0.8519E-07
# Minimization at step:   197 with Value:     0.0000Tol(Act/Req):0.5994E-04/0.1000E-04
# With parameters(tra.):    -0.1416E-06   -0.1255E-06    0.1458E-07
# With parameters(rot.):     0.2950E-07    0.3324E-07    0.3142E-07
# Minimization at step:   198 with Value:     0.0000Tol(Act/Req):0.5704E-04/0.1000E-04
# With parameters(tra.):    -0.1253E-06   -0.1274E-06    0.5371E-08
# With parameters(rot.):     0.3574E-07   -0.6020E-08   -0.3470E-06
# Minimization at step:   199 with Value:     0.0000Tol(Act/Req):0.2434E-04/0.1000E-04
# With parameters(tra.):    -0.1113E-06   -0.1190E-06    0.8236E-09
# With parameters(rot.):     0.3698E-07    0.2100E-07   -0.4133E-06
# Minimization at step:   200 with Value:     0.0000Tol(Act/Req):0.2329E-04/0.1000E-04
# With parameters(tra.):    -0.1048E-06   -0.1268E-06    0.1088E-07
# With parameters(rot.):     0.2780E-07    0.6401E-08   -0.4796E-06
# Minimization at step:   201 with Value:     0.0000Tol(Act/Req):0.5648E-04/0.1000E-04
# With parameters(tra.):    -0.8221E-07   -0.1161E-06    0.6568E-08
# With parameters(rot.):     0.2736E-07    0.4328E-07   -0.5956E-06
# Minimization at step:   202 with Value:     0.0000Tol(Act/Req):0.5564E-04/0.1000E-04
# With parameters(tra.):    -0.7874E-07   -0.1110E-06    0.1311E-07
# With parameters(rot.):     0.2041E-07    0.8589E-07   -0.4262E-06
# Minimization at step:   203 with Value:     0.0000Tol(Act/Req):0.4893E-04/0.1000E-04
# With parameters(tra.):    -0.6488E-07   -0.1251E-06    0.1338E-07
# With parameters(rot.):     0.9663E-07    0.7479E-07   -0.2081E-06
# Minimization at step:   204 with Value:     0.0000Tol(Act/Req):0.4841E-04/0.1000E-04
# With parameters(tra.):    -0.5048E-07   -0.1049E-06   -0.1106E-07
# With parameters(rot.):     0.5917E-07    0.7353E-07   -0.1234E-06
# Minimization at step:   205 with Value:     0.0000Tol(Act/Req):0.4654E-04/0.1000E-04
# With parameters(tra.):    -0.1927E-07   -0.1132E-06    0.1728E-08
# With parameters(rot.):     0.5126E-07    0.6671E-07   -0.1371E-06
# Minimization at step:   206 with Value:     0.0000Tol(Act/Req):0.4489E-04/0.1000E-04
# With parameters(tra.):    -0.2917E-08   -0.1190E-06   -0.8602E-08
# With parameters(rot.):     0.6850E-07    0.1771E-07   -0.2101E-06
# Minimization at step:   207 with Value:     0.0000Tol(Act/Req):0.4455E-04/0.1000E-04
# With parameters(tra.):     0.2053E-07   -0.7463E-07   -0.1531E-07
# With parameters(rot.):     0.8027E-07    0.3070E-07   -0.7591E-07
# Minimization at step:   208 with Value:     0.0000Tol(Act/Req):0.4350E-04/0.1000E-04
# With parameters(tra.):     0.2285E-07   -0.7715E-07   -0.9547E-08
# With parameters(rot.):     0.9140E-07    0.2745E-07   -0.9313E-07
# Minimization at step:   209 with Value:     0.0000Tol(Act/Req):0.4306E-04/0.1000E-04
# With parameters(tra.):     0.3823E-07   -0.4711E-07   -0.1747E-07
# With parameters(rot.):     0.1343E-07    0.2277E-07   -0.2730E-06
# Minimization at step:   210 with Value:     0.0000Tol(Act/Req):0.3977E-04/0.1000E-04
# With parameters(tra.):     0.2618E-07   -0.1679E-07   -0.3666E-07
# With parameters(rot.):     0.8727E-08    0.1495E-07   -0.3046E-06
# Minimization at step:   211 with Value:     0.0000Tol(Act/Req):0.3572E-04/0.1000E-04
# With parameters(tra.):     0.3193E-07   -0.1704E-08   -0.3418E-07
# With parameters(rot.):     0.3420E-08    0.4272E-08   -0.4095E-06
# Minimization at step:   212 with Value:     0.0000Tol(Act/Req):0.3562E-04/0.1000E-04
# With parameters(tra.):     0.4257E-07   -0.2272E-08   -0.4557E-07
# With parameters(rot.):     0.4560E-08    0.5696E-08   -0.5460E-06
# Minimization at step:   213 with Value:     0.0000Tol(Act/Req):0.4254E-04/0.1000E-04
# With parameters(tra.):     0.2737E-08   -0.4849E-07   -0.2381E-07
# With parameters(rot.):     0.1553E-07    0.6137E-07   -0.6869E-06
# Minimization at step:   214 with Value:     0.0000Tol(Act/Req):0.2855E-04/0.1000E-04
# With parameters(tra.):     0.7252E-09   -0.5103E-07   -0.2423E-07
# With parameters(rot.):     0.1090E-07    0.5870E-07   -0.7232E-06
# Minimization at step:   215 with Value:     0.0000Tol(Act/Req):0.2147E-04/0.1000E-04
# With parameters(tra.):    -0.2810E-09   -0.5229E-07   -0.2445E-07
# With parameters(rot.):     0.8586E-08    0.5737E-07   -0.7414E-06
# Minimization at step:   216 with Value:     0.0000Tol(Act/Req):0.2122E-04/0.1000E-04
# With parameters(tra.):     0.7468E-08   -0.6630E-07   -0.1655E-07
# With parameters(rot.):     0.7929E-08    0.5841E-07   -0.7840E-06
# Minimization at step:   217 with Value:     0.0000Tol(Act/Req):0.2032E-04/0.1000E-04
# With parameters(tra.):     0.7714E-08   -0.6219E-07   -0.1619E-07
# With parameters(rot.):     0.2478E-08    0.6378E-07   -0.7970E-06
# Minimization at step:   218 with Value:     0.0000Tol(Act/Req):0.1820E-04/0.1000E-04
# With parameters(tra.):     0.1963E-08   -0.5066E-07   -0.2203E-07
# With parameters(rot.):     0.1607E-08    0.6435E-07   -0.7683E-06
# Minimization at step:   219 with Value:     0.0000Tol(Act/Req):0.1157E-04/0.1000E-04
# With parameters(tra.):     0.1647E-08   -0.5116E-07   -0.2193E-07
# With parameters(rot.):    -0.1310E-09    0.6427E-07   -0.7796E-06
# Minimization at step:   220 with Value:     0.0000Tol(Act/Req):0.1067E-04/0.1000E-04
# With parameters(tra.):     0.1015E-08   -0.5215E-07   -0.2174E-07
# With parameters(rot.):    -0.3607E-08    0.6410E-07   -0.8022E-06
# Minimization at step:   221 with Value:     0.0000Tol(Act/Req):0.1029E-04/0.1000E-04
# With parameters(tra.):     0.1894E-08   -0.5420E-07   -0.2074E-07
# With parameters(rot.):    -0.3897E-08    0.6398E-07   -0.8099E-06
# Minimization at step:   222 with Value:     0.0000Tol(Act/Req):0.8386E-05/0.1000E-04
# With parameters(tra.):     0.4454E-09   -0.4331E-07   -0.2155E-07
# With parameters(rot.):    -0.1692E-07    0.7480E-07   -0.8401E-06
# CSM Values after x minimization.
# Final Number of optim. Steps:   222
#      Before min is:      0.17062018355
# Final CSM Value is:      0.00000000030
# Coordinates rotated along Y.
[molecule] Nrec=   6 Format=nscxyz
  h                1    1    0.61232340D-16   0.48271527D-32   0.10000000D+01
  h                2    1    0.13667058D-15   0.86600000D+00   0.50000000D+00
  h                3    1    0.75438243D-16   0.86600000D+00  -0.50000000D+00
  h                4    1   -0.61232340D-16  -0.48271527D-32  -0.10000000D+01
  h                5    1   -0.13667058D-15  -0.86600000D+00  -0.50000000D+00
  h                6    1   -0.75438243D-16  -0.86600000D+00   0.50000000D+00
# Minimization at step:     0 with Value:     0.0214Tol(Act/Req):0.2000E+01/0.1000E-04
# With parameters(tra.):     0.1429E-01    0.1429E-01    0.1429E-01
# With parameters(rot.):     0.1429E-01    0.1429E-01    0.1429E-01
# Minimization at step:     1 with Value:     0.0139Tol(Act/Req):0.2000E+01/0.1000E-04
# With parameters(tra.):     0.1548E-01    0.1548E-01    0.7143E-02
# With parameters(rot.):     0.1548E-01    0.1548E-01    0.1548E-01
# Minimization at step:     2 with Value:     0.0109Tol(Act/Req):0.2000E+01/0.1000E-04
# With parameters(tra.):     0.8433E-02    0.1677E-01    0.7738E-02
# With parameters(rot.):     0.1677E-01    0.1677E-01    0.1677E-01
# Minimization at step:     3 with Value:     0.0078Tol(Act/Req):0.2000E+01/0.1000E-04
# With parameters(tra.):     0.9135E-02    0.9830E-02    0.8383E-02
# With parameters(rot.):     0.1816E-01    0.1816E-01    0.1816E-01
# Minimization at step:     4 with Value:     0.0059Tol(Act/Req):0.2000E+01/0.1000E-04
# With parameters(tra.):     0.9336E-02    0.1020E-01   -0.2021E-02
# With parameters(rot.):     0.2062E-01    0.2062E-01    0.2062E-01
# Minimization at step:     5 with Value:     0.0050Tol(Act/Req):0.2000E+01/0.1000E-04
# With parameters(tra.):     0.1011E-01    0.1105E-01   -0.2190E-02
# With parameters(rot.):     0.2234E-01    0.1401E-01    0.2234E-01
# Minimization at step:     6 with Value:     0.0042Tol(Act/Req):0.2000E+01/0.1000E-04
# With parameters(tra.):     0.1096E-01    0.1198E-01   -0.2372E-02
# With parameters(rot.):     0.1587E-01    0.1517E-01    0.2420E-01
# Minimization at step:     7 with Value:     0.0042Tol(Act/Req):0.2000E+01/0.1000E-04
# With parameters(tra.):     0.1297E-01   -0.1182E-02   -0.4668E-02
# With parameters(rot.):     0.1790E-01    0.1697E-01    0.2901E-01
# Minimization at step:     8 with Value:     0.0034Tol(Act/Req):0.2000E+01/0.1000E-04
# With parameters(tra.):     0.9825E-02   -0.2033E-02   -0.5404E-02
# With parameters(rot.):     0.1864E-01    0.1763E-01    0.3067E-01
# Minimization at step:     9 with Value:     0.0026Tol(Act/Req):0.2000E+01/0.1000E-04
# With parameters(tra.):     0.7530E-02    0.7622E-02   -0.3866E-02
# With parameters(rot.):     0.1730E-01    0.1645E-01    0.2748E-01
# Minimization at step:    10 with Value:     0.0019Tol(Act/Req):0.2000E+01/0.1000E-04
# With parameters(tra.):     0.6978E-02    0.6790E-02    0.8745E-03
# With parameters(rot.):     0.1524E-01    0.1418E-01    0.2797E-01
# Minimization at step:    11 with Value:     0.0018Tol(Act/Req):0.2000E+01/0.1000E-04
# With parameters(tra.):    -0.2584E-03    0.8029E-02    0.1495E-02
# With parameters(rot.):     0.1558E-01    0.1435E-01    0.3040E-01
# Minimization at step:    12 with Value:     0.0018Tol(Act/Req):0.2000E+01/0.1000E-04
# With parameters(tra.):    -0.2311E-02    0.8556E-02    0.2419E-02
# With parameters(rot.):     0.2547E-02    0.1641E-01    0.3619E-01
# Minimization at step:    13 with Value:     0.0015Tol(Act/Req):0.2000E+01/0.1000E-04
# With parameters(tra.):    -0.4250E-02    0.9208E-02    0.3319E-02
# With parameters(rot.):     0.1767E-03    0.7089E-02    0.4223E-01
# Minimization at step:    14 with Value:     0.0015Tol(Act/Req):0.2000E+01/0.1000E-04
# With parameters(tra.):    -0.6647E-02    0.3299E-02    0.4689E-02
# With parameters(rot.):    -0.4639E-02    0.4757E-02    0.4927E-01
# Minimization at step:    15 with Value:     0.0014Tol(Act/Req):0.2000E+01/0.1000E-04
# With parameters(tra.):    -0.6039E-02    0.1020E-02    0.4521E-02
# With parameters(rot.):     0.6003E-02   -0.1187E-02    0.4784E-01
# Minimization at step:    16 with Value:     0.0014Tol(Act/Req):0.2000E+01/0.1000E-04
# With parameters(tra.):    -0.7297E-03   -0.2556E-02    0.4909E-02
# With parameters(rot.):     0.2463E-02   -0.6538E-02    0.5123E-01
# Minimization at step:    17 with Value:     0.0011Tol(Act/Req):0.2000E+01/0.1000E-04
# With parameters(tra.):     0.3625E-03   -0.1567E-02    0.4585E-02
# With parameters(rot.):     0.4259E-02   -0.6897E-02    0.4963E-01
# Minimization at step:    18 with Value:     0.0009Tol(Act/Req):0.2000E+01/0.1000E-04
# With parameters(tra.):    -0.8739E-03   -0.5907E-03    0.4461E-02
# With parameters(rot.):     0.5294E-02   -0.5589E-02    0.4865E-01
# Minimization at step:    19 with Value:     0.0007Tol(Act/Req):0.2000E+01/0.1000E-04
# With parameters(tra.):    -0.3811E-04    0.7163E-03    0.4572E-02
# With parameters(rot.):    -0.2865E-02   -0.2231E-02    0.4992E-01
# Minimization at step:    20 with Value:     0.0006Tol(Act/Req):0.2000E+01/0.1000E-04
# With parameters(tra.):    -0.5309E-03    0.3489E-03    0.4090E-02
# With parameters(rot.):    -0.4031E-02   -0.3220E-02    0.5167E-01
# Minimization at step:    21 with Value:     0.0006Tol(Act/Req):0.2000E+01/0.1000E-04
# With parameters(tra.):     0.1023E-03   -0.4978E-03    0.4004E-02
# With parameters(rot.):    -0.3986E-02   -0.2525E-02    0.5145E-01
# Minimization at step:    22 with Value:     0.0005Tol(Act/Req):0.2000E+01/0.1000E-04
# With parameters(tra.):     0.2200E-02    0.1837E-02    0.3162E-02
# With parameters(rot.):    -0.3143E-02   -0.1785E-02    0.4886E-01
# Minimization at step:    23 with Value:     0.0005Tol(Act/Req):0.2000E+01/0.1000E-04
# With parameters(tra.):     0.1838E-02    0.2527E-02    0.2992E-02
# With parameters(rot.):    -0.3329E-02   -0.8141E-03    0.4839E-01
# Minimization at step:    24 with Value:     0.0004Tol(Act/Req):0.2000E+01/0.1000E-04
# With parameters(tra.):     0.1906E-02    0.2260E-02    0.2391E-02
# With parameters(rot.):     0.1956E-02   -0.2580E-02    0.4703E-01
# Minimization at step:    25 with Value:     0.0004Tol(Act/Req):0.2000E+01/0.1000E-04
# With parameters(tra.):     0.1357E-02    0.1711E-02    0.2538E-02
# With parameters(rot.):     0.2170E-02   -0.2832E-02    0.4753E-01
# Minimization at step:    26 with Value:     0.0004Tol(Act/Req):0.2000E+01/0.1000E-04
# With parameters(tra.):     0.1001E-02    0.1431E-02    0.1056E-02
# With parameters(rot.):     0.1906E-02   -0.4680E-02    0.4964E-01
# Minimization at step:    27 with Value:     0.0003Tol(Act/Req):0.2000E+01/0.1000E-04
# With parameters(tra.):     0.1335E-02    0.1907E-02    0.1408E-02
# With parameters(rot.):     0.2541E-02   -0.6240E-02    0.3286E-01
# Minimization at step:    28 with Value:     0.0003Tol(Act/Req):0.2000E+01/0.1000E-04
# With parameters(tra.):     0.3012E-02    0.1016E-02    0.3718E-03
# With parameters(rot.):     0.4806E-02   -0.6089E-02    0.2622E-01
# Minimization at step:    29 with Value:     0.0003Tol(Act/Req):0.2000E+01/0.1000E-04
# With parameters(tra.):     0.3312E-02    0.8688E-03    0.2990E-03
# With parameters(rot.):     0.4716E-03   -0.5492E-02    0.2064E-01
# Minimization at step:    30 with Value:     0.0002Tol(Act/Req):0.2000E+01/0.1000E-04
# With parameters(tra.):     0.2918E-02    0.1079E-02    0.5521E-03
# With parameters(rot.):    -0.4559E-03   -0.5480E-02    0.2184E-01
# Minimization at step:    31 with Value:     0.0002Tol(Act/Req):0.2000E+01/0.1000E-04
# With parameters(tra.):     0.2554E-02    0.1978E-02   -0.6017E-03
# With parameters(rot.):     0.1302E-03   -0.5094E-02    0.1204E-01
# Minimization at step:    32 with Value:     0.0002Tol(Act/Req):0.2000E+01/0.1000E-04
# With parameters(tra.):     0.2772E-02    0.2094E-02   -0.3695E-03
# With parameters(rot.):     0.4825E-04   -0.4666E-02    0.8377E-02
# Minimization at step:    33 with Value:     0.0002Tol(Act/Req):0.2000E+01/0.1000E-04
# With parameters(tra.):     0.2303E-02    0.1366E-02   -0.8769E-03
# With parameters(rot.):    -0.1610E-03   -0.5502E-02   -0.6695E-03
# Minimization at step:    34 with Value:     0.0001Tol(Act/Req):0.2000E+01/0.1000E-04
# With parameters(tra.):     0.2300E-02    0.1202E-02   -0.1155E-02
# With parameters(rot.):    -0.5451E-03   -0.5051E-02    0.7331E-03
# Minimization at step:    35 with Value:     0.0001Tol(Act/Req):0.2000E+01/0.1000E-04
# With parameters(tra.):     0.2510E-02    0.3345E-03   -0.4285E-03
# With parameters(rot.):    -0.1153E-02   -0.5330E-02    0.5253E-02
# Minimization at step:    36 with Value:     0.0001Tol(Act/Req):0.2000E+01/0.1000E-04
# With parameters(tra.):     0.2368E-02    0.3267E-03   -0.4709E-03
# With parameters(rot.):    -0.2052E-03   -0.5465E-02    0.5366E-02
# Minimization at step:    37 with Value:     0.0001Tol(Act/Req):0.2000E+01/0.1000E-04
# With parameters(tra.):     0.1396E-02    0.4972E-03   -0.3058E-03
# With parameters(rot.):    -0.1977E-02   -0.5436E-02    0.2265E-02
# Minimization at step:    38 with Value:     0.0001Tol(Act/Req):0.2000E+01/0.1000E-04
# With parameters(tra.):     0.1379E-02    0.2717E-03    0.5847E-04
# With parameters(rot.):    -0.2606E-02   -0.4987E-02   -0.4757E-02
# Minimization at step:    39 with Value:     0.0001Tol(Act/Req):0.2000E+01/0.1000E-04
# With parameters(tra.):     0.1381E-02    0.3017E-03    0.2210E-03
# With parameters(rot.):    -0.2775E-02   -0.4805E-02   -0.3589E-02
# Minimization at step:    40 with Value:     0.0001Tol(Act/Req):0.2000E+01/0.1000E-04
# With parameters(tra.):     0.1069E-02   -0.3271E-03    0.1229E-03
# With parameters(rot.):    -0.4286E-02   -0.3820E-02   -0.2225E-02
# Minimization at step:    41 with Value:     0.0001Tol(Act/Req):0.2000E+01/0.1000E-04
# With parameters(tra.):     0.9136E-03   -0.2376E-03    0.4765E-04
# With parameters(rot.):    -0.4445E-02   -0.3648E-02   -0.3602E-02
# Minimization at step:    42 with Value:     0.0001Tol(Act/Req):0.2000E+01/0.1000E-04
# With parameters(tra.):     0.1725E-02   -0.6530E-03    0.3072E-06
# With parameters(rot.):    -0.3497E-02   -0.3081E-02   -0.2457E-02
# Minimization at step:    43 with Value:     0.0001Tol(Act/Req):0.2000E+01/0.1000E-04
# With parameters(tra.):     0.1857E-02   -0.5229E-03    0.1463E-04
# With parameters(rot.):    -0.3054E-02   -0.3266E-02   -0.2817E-02
# Minimization at step:    44 with Value:     0.0000Tol(Act/Req):0.2000E+01/0.1000E-04
# With parameters(tra.):     0.1403E-02   -0.8217E-03    0.9160E-04
# With parameters(rot.):    -0.2106E-02   -0.2804E-02   -0.5320E-02
# Minimization at step:    45 with Value:     0.0000Tol(Act/Req):0.2000E+01/0.1000E-04
# With parameters(tra.):     0.7147E-03   -0.5524E-03    0.1499E-03
# With parameters(rot.):    -0.2470E-02   -0.3159E-02   -0.6894E-02
# Minimization at step:    46 with Value:     0.0000Tol(Act/Req):0.2000E+01/0.1000E-04
# With parameters(tra.):     0.5041E-03   -0.6768E-03   -0.6240E-04
# With parameters(rot.):    -0.2005E-02   -0.2849E-02   -0.2926E-02
# Minimization at step:    47 with Value:     0.0000Tol(Act/Req):0.2000E+01/0.1000E-04
# With parameters(tra.):     0.2146E-03   -0.9430E-03    0.1682E-03
# With parameters(rot.):    -0.2087E-02   -0.1833E-02   -0.3705E-03
# Minimization at step:    48 with Value:     0.0000Tol(Act/Req):0.1999E+01/0.1000E-04
# With parameters(tra.):    -0.3285E-03   -0.9992E-03    0.5794E-04
# With parameters(rot.):    -0.1620E-02   -0.8836E-03   -0.2047E-02
# Minimization at step:    49 with Value:     0.0000Tol(Act/Req):0.1999E+01/0.1000E-04
# With parameters(tra.):    -0.6760E-03   -0.9232E-03    0.9025E-04
# With parameters(rot.):    -0.5960E-03   -0.5650E-03   -0.2395E-02
# Minimization at step:    50 with Value:     0.0000Tol(Act/Req):0.1999E+01/0.1000E-04
# With parameters(tra.):    -0.6771E-03   -0.9990E-03    0.7555E-04
# With parameters(rot.):    -0.3792E-03   -0.2895E-03   -0.1757E-02
# Minimization at step:    51 with Value:     0.0000Tol(Act/Req):0.1999E+01/0.1000E-04
# With parameters(tra.):    -0.6790E-03   -0.9371E-03    0.1019E-04
# With parameters(rot.):    -0.2166E-03   -0.4150E-03   -0.2512E-02
# Minimization at step:    52 with Value:     0.0000Tol(Act/Req):0.1999E+01/0.1000E-04
# With parameters(tra.):    -0.2528E-03   -0.8602E-03    0.1045E-03
# With parameters(rot.):    -0.2158E-03   -0.1208E-02   -0.9905E-03
# Minimization at step:    53 with Value:     0.0000Tol(Act/Req):0.1999E+01/0.1000E-04
# With parameters(tra.):    -0.3508E-03   -0.5743E-03    0.3185E-04
# With parameters(rot.):    -0.5327E-03   -0.1139E-02    0.2955E-02
# Minimization at step:    54 with Value:     0.0000Tol(Act/Req):0.1999E+01/0.1000E-04
# With parameters(tra.):    -0.4655E-03   -0.5697E-03    0.2207E-05
# With parameters(rot.):    -0.5593E-03   -0.9344E-03    0.2904E-02
# Minimization at step:    55 with Value:     0.0000Tol(Act/Req):0.1999E+01/0.1000E-04
# With parameters(tra.):    -0.4505E-03   -0.6408E-03    0.1791E-04
# With parameters(rot.):    -0.4823E-03   -0.9348E-03    0.1913E-02
# Minimization at step:    56 with Value:     0.0000Tol(Act/Req):0.1998E+01/0.1000E-04
# With parameters(tra.):    -0.5313E-03   -0.5384E-03    0.1972E-03
# With parameters(rot.):    -0.4500E-03   -0.6887E-03    0.1467E-03
# Minimization at step:    57 with Value:     0.0000Tol(Act/Req):0.1998E+01/0.1000E-04
# With parameters(tra.):    -0.4613E-03   -0.5191E-03    0.2008E-03
# With parameters(rot.):    -0.6085E-03   -0.7521E-03    0.4165E-03
# Minimization at step:    58 with Value:     0.0000Tol(Act/Req):0.1998E+01/0.1000E-04
# With parameters(tra.):    -0.3916E-03   -0.5107E-03    0.2131E-03
# With parameters(rot.):    -0.2514E-03   -0.3552E-03    0.2416E-02
# Minimization at step:    59 with Value:     0.0000Tol(Act/Req):0.1997E+01/0.1000E-04
# With parameters(tra.):    -0.2996E-03   -0.2447E-03    0.1500E-03
# With parameters(rot.):     0.6229E-04   -0.5862E-03    0.2550E-02
# Minimization at step:    60 with Value:     0.0000Tol(Act/Req):0.1997E+01/0.1000E-04
# With parameters(tra.):    -0.3094E-03   -0.2247E-03    0.1417E-03
# With parameters(rot.):    -0.8560E-06   -0.7046E-03    0.2061E-02
# Minimization at step:    61 with Value:     0.0000Tol(Act/Req):0.1997E+01/0.1000E-04
# With parameters(tra.):    -0.4868E-03   -0.1005E-03    0.1289E-03
# With parameters(rot.):     0.1321E-03   -0.2198E-03    0.1677E-02
# Minimization at step:    62 with Value:     0.0000Tol(Act/Req):0.1996E+01/0.1000E-04
# With parameters(tra.):    -0.4824E-03   -0.9100E-04    0.1460E-03
# With parameters(rot.):     0.2218E-03   -0.1604E-03    0.1162E-02
# Minimization at step:    63 with Value:     0.0000Tol(Act/Req):0.1996E+01/0.1000E-04
# With parameters(tra.):    -0.4376E-03   -0.1213E-03    0.1506E-03
# With parameters(rot.):     0.1960E-03   -0.2767E-03    0.1215E-02
# Minimization at step:    64 with Value:     0.0000Tol(Act/Req):0.1995E+01/0.1000E-04
# With parameters(tra.):    -0.4164E-03   -0.1035E-03    0.1168E-03
# With parameters(rot.):     0.2445E-03   -0.2834E-03    0.1598E-02
# Minimization at step:    65 with Value:     0.0000Tol(Act/Req):0.1994E+01/0.1000E-04
# With parameters(tra.):    -0.2615E-03    0.7374E-04    0.9590E-04
# With parameters(rot.):     0.2119E-03   -0.2539E-03    0.2532E-02
# Minimization at step:    66 with Value:     0.0000Tol(Act/Req):0.1993E+01/0.1000E-04
# With parameters(tra.):    -0.2813E-03    0.3380E-04    0.1072E-03
# With parameters(rot.):     0.1460E-03   -0.1685E-03    0.2497E-02
# Minimization at step:    67 with Value:     0.0000Tol(Act/Req):0.1991E+01/0.1000E-04
# With parameters(tra.):    -0.3217E-03   -0.1385E-04    0.1133E-03
# With parameters(rot.):     0.1486E-03   -0.1687E-03    0.2261E-02
# Minimization at step:    68 with Value:     0.0000Tol(Act/Req):0.1991E+01/0.1000E-04
# With parameters(tra.):    -0.3453E-03    0.9656E-04    0.8721E-04
# With parameters(rot.):     0.7216E-04   -0.2270E-03    0.1350E-02
# Minimization at step:    69 with Value:     0.0000Tol(Act/Req):0.1990E+01/0.1000E-04
# With parameters(tra.):    -0.2907E-03    0.1780E-03    0.1018E-03
# With parameters(rot.):     0.2017E-03   -0.1305E-03    0.3822E-03
# Minimization at step:    70 with Value:     0.0000Tol(Act/Req):0.1989E+01/0.1000E-04
# With parameters(tra.):    -0.1522E-03    0.2173E-03    0.9479E-04
# With parameters(rot.):     0.1520E-03   -0.3143E-03    0.2108E-03
# Minimization at step:    71 with Value:     0.0000Tol(Act/Req):0.1986E+01/0.1000E-04
# With parameters(tra.):    -0.1196E-03    0.2529E-03    0.7607E-04
# With parameters(rot.):     0.1685E-03   -0.3202E-03    0.2869E-03
# Minimization at step:    72 with Value:     0.0000Tol(Act/Req):0.1985E+01/0.1000E-04
# With parameters(tra.):    -0.1190E-03    0.2387E-03    0.7028E-04
# With parameters(rot.):     0.1334E-03   -0.3602E-03    0.5208E-03
# Minimization at step:    73 with Value:     0.0000Tol(Act/Req):0.1985E+01/0.1000E-04
# With parameters(tra.):    -0.1045E-03    0.2272E-03    0.8051E-04
# With parameters(rot.):    -0.2676E-05   -0.2532E-03   -0.2077E-03
# Minimization at step:    74 with Value:     0.0000Tol(Act/Req):0.1984E+01/0.1000E-04
# With parameters(tra.):    -0.6427E-06    0.1603E-03    0.1044E-03
# With parameters(rot.):     0.4884E-04   -0.2036E-03    0.1840E-03
# Minimization at step:    75 with Value:     0.0000Tol(Act/Req):0.1981E+01/0.1000E-04
# With parameters(tra.):    -0.8855E-04    0.1020E-03    0.1146E-03
# With parameters(rot.):     0.6410E-04    0.1706E-04    0.3465E-03
# Minimization at step:    76 with Value:     0.0000Tol(Act/Req):0.1980E+01/0.1000E-04
# With parameters(tra.):    -0.8932E-04    0.8787E-04    0.1178E-03
# With parameters(rot.):     0.5839E-04    0.3243E-04    0.6891E-04
# Minimization at step:    77 with Value:     0.0000Tol(Act/Req):0.1971E+01/0.1000E-04
# With parameters(tra.):    -0.6741E-04    0.1013E-03    0.1155E-03
# With parameters(rot.):     0.5409E-04   -0.2146E-04    0.5147E-05
# Minimization at step:    78 with Value:     0.0000Tol(Act/Req):0.1970E+01/0.1000E-04
# With parameters(tra.):    -0.6793E-04    0.9365E-04    0.1159E-03
# With parameters(rot.):     0.9284E-04   -0.2890E-04    0.2050E-03
# Minimization at step:    79 with Value:     0.0000Tol(Act/Req):0.1969E+01/0.1000E-04
# With parameters(tra.):    -0.9951E-04    0.1048E-03    0.1109E-03
# With parameters(rot.):     0.8363E-04   -0.2673E-04    0.1088E-03
# Minimization at step:    80 with Value:     0.0000Tol(Act/Req):0.1967E+01/0.1000E-04
# With parameters(tra.):    -0.2752E-04    0.1267E-03    0.8502E-04
# With parameters(rot.):     0.8837E-04    0.5926E-04    0.2017E-03
# Minimization at step:    81 with Value:     0.0000Tol(Act/Req):0.1945E+01/0.1000E-04
# With parameters(tra.):    -0.3745E-05    0.7745E-04    0.8001E-04
# With parameters(rot.):     0.2441E-04    0.1042E-03    0.4728E-03
# Minimization at step:    82 with Value:     0.0000Tol(Act/Req):0.1941E+01/0.1000E-04
# With parameters(tra.):     0.2325E-04    0.4564E-04    0.7380E-04
# With parameters(rot.):     0.1649E-05    0.1588E-03    0.5213E-04
# Minimization at step:    83 with Value:     0.0000Tol(Act/Req):0.1940E+01/0.1000E-04
# With parameters(tra.):     0.4176E-04    0.4769E-04    0.6918E-04
# With parameters(rot.):    -0.4868E-05    0.1469E-03    0.2416E-04
# Minimization at step:    84 with Value:     0.0000Tol(Act/Req):0.1918E+01/0.1000E-04
# With parameters(tra.):     0.2954E-04    0.3565E-04    0.7432E-04
# With parameters(rot.):    -0.1382E-04    0.1327E-03   -0.1384E-04
# Minimization at step:    85 with Value:     0.0000Tol(Act/Req):0.1918E+01/0.1000E-04
# With parameters(tra.):     0.3740E-04    0.2702E-04    0.7103E-04
# With parameters(rot.):    -0.3338E-05    0.1425E-03    0.6785E-04
# Minimization at step:    86 with Value:     0.0000Tol(Act/Req):0.1912E+01/0.1000E-04
# With parameters(tra.):     0.3183E-04    0.3342E-04    0.7236E-04
# With parameters(rot.):     0.1936E-05    0.1275E-03    0.1743E-03
# Minimization at step:    87 with Value:     0.0000Tol(Act/Req):0.1866E+01/0.1000E-04
# With parameters(tra.):     0.1730E-04    0.3232E-04    0.5520E-04
# With parameters(rot.):    -0.3230E-04    0.1693E-03    0.4642E-04
# Minimization at step:    88 with Value:     0.0000Tol(Act/Req):0.1856E+01/0.1000E-04
# With parameters(tra.):     0.1509E-04    0.3676E-04    0.5397E-04
# With parameters(rot.):    -0.2637E-04    0.1672E-03   -0.3430E-04
# Minimization at step:    89 with Value:     0.0000Tol(Act/Req):0.1850E+01/0.1000E-04
# With parameters(tra.):     0.4322E-04    0.3722E-04    0.3966E-04
# With parameters(rot.):    -0.4657E-04    0.1501E-03   -0.1097E-03
# Minimization at step:    90 with Value:     0.0000Tol(Act/Req):0.1815E+01/0.1000E-04
# With parameters(tra.):     0.2334E-04    0.1367E-04    0.3839E-04
# With parameters(rot.):    -0.7540E-04    0.1275E-03   -0.2177E-03
# Minimization at step:    91 with Value:     0.0000Tol(Act/Req):0.1810E+01/0.1000E-04
# With parameters(tra.):     0.3438E-04   -0.8049E-05    0.2094E-04
# With parameters(rot.):    -0.7845E-04    0.1420E-03   -0.1495E-03
# Minimization at step:    92 with Value:     0.0000Tol(Act/Req):0.1770E+01/0.1000E-04
# With parameters(tra.):     0.2409E-04   -0.9069E-05    0.6445E-05
# With parameters(rot.):    -0.9469E-04    0.1168E-03   -0.4444E-04
# Minimization at step:    93 with Value:     0.0000Tol(Act/Req):0.1757E+01/0.1000E-04
# With parameters(tra.):     0.1546E-04   -0.1304E-04    0.7256E-05
# With parameters(rot.):    -0.9365E-04    0.1183E-03   -0.2015E-04
# Minimization at step:    94 with Value:     0.0000Tol(Act/Req):0.1754E+01/0.1000E-04
# With parameters(tra.):    -0.1882E-05    0.7009E-05    0.2014E-04
# With parameters(rot.):    -0.9567E-04    0.9593E-04   -0.4526E-04
# Minimization at step:    95 with Value:     0.0000Tol(Act/Req):0.1752E+01/0.1000E-04
# With parameters(tra.):    -0.1196E-04    0.5974E-05    0.6403E-05
# With parameters(rot.):    -0.1069E-03    0.6805E-04   -0.2103E-03
# Minimization at step:    96 with Value:     0.0000Tol(Act/Req):0.1727E+01/0.1000E-04
# With parameters(tra.):    -0.1202E-04   -0.2074E-05    0.1572E-05
# With parameters(rot.):    -0.1089E-03    0.6440E-05   -0.2107E-03
# Minimization at step:    97 with Value:     0.0000Tol(Act/Req):0.1707E+01/0.1000E-04
# With parameters(tra.):    -0.3931E-05    0.1624E-04   -0.9428E-05
# With parameters(rot.):    -0.9129E-04   -0.1133E-04   -0.1004E-03
# Minimization at step:    98 with Value:     0.0000Tol(Act/Req):0.1703E+01/0.1000E-04
# With parameters(tra.):     0.8820E-05    0.2069E-04   -0.9637E-06
# With parameters(rot.):    -0.7486E-04   -0.9904E-05    0.1014E-03
# Minimization at step:    99 with Value:     0.0000Tol(Act/Req):0.1629E+01/0.1000E-04
# With parameters(tra.):     0.1405E-04    0.1682E-04   -0.5945E-05
# With parameters(rot.):    -0.7262E-04   -0.1312E-04    0.1199E-03
# Minimization at step:   100 with Value:     0.0000Tol(Act/Req):0.1618E+01/0.1000E-04
# With parameters(tra.):     0.1624E-04    0.2040E-04   -0.5364E-05
# With parameters(rot.):    -0.6908E-04    0.6510E-06    0.1475E-03
# Minimization at step:   101 with Value:     0.0000Tol(Act/Req):0.1575E+01/0.1000E-04
# With parameters(tra.):     0.1367E-04    0.1927E-04   -0.7846E-05
# With parameters(rot.):    -0.7271E-04    0.1174E-05    0.1009E-03
# Minimization at step:   102 with Value:     0.0000Tol(Act/Req):0.1543E+01/0.1000E-04
# With parameters(tra.):     0.1200E-04    0.6293E-05    0.7992E-06
# With parameters(rot.):    -0.8130E-04    0.1763E-04    0.6850E-04
# Minimization at step:   103 with Value:     0.0000Tol(Act/Req):0.1537E+01/0.1000E-04
# With parameters(tra.):    -0.6415E-05    0.4790E-05    0.2678E-06
# With parameters(rot.):    -0.7510E-04   -0.1295E-04    0.1466E-03
# Minimization at step:   104 with Value:     0.0000Tol(Act/Req):0.1514E+01/0.1000E-04
# With parameters(tra.):    -0.6292E-05    0.1043E-04    0.1270E-04
# With parameters(rot.):    -0.5233E-04   -0.3102E-04    0.1053E-03
# Minimization at step:   105 with Value:     0.0000Tol(Act/Req):0.1457E+01/0.1000E-04
# With parameters(tra.):    -0.1679E-05    0.1128E-04    0.1387E-04
# With parameters(rot.):    -0.5198E-04   -0.2488E-04    0.8233E-04
# Minimization at step:   106 with Value:     0.0000Tol(Act/Req):0.1233E+01/0.1000E-04
# With parameters(tra.):    -0.1325E-05    0.9936E-05    0.1086E-04
# With parameters(rot.):    -0.5765E-04   -0.1985E-04    0.9075E-04
# Minimization at step:   107 with Value:     0.0000Tol(Act/Req):0.1201E+01/0.1000E-04
# With parameters(tra.):     0.4004E-05   -0.1032E-06    0.6498E-05
# With parameters(rot.):    -0.4817E-04   -0.2853E-04    0.1180E-03
# Minimization at step:   108 with Value:     0.0000Tol(Act/Req):0.1167E+01/0.1000E-04
# With parameters(tra.):    -0.2266E-05   -0.6652E-05    0.6359E-05
# With parameters(rot.):    -0.4748E-04   -0.3517E-04    0.5243E-04
# Minimization at step:   109 with Value:     0.0000Tol(Act/Req):0.1134E+01/0.1000E-04
# With parameters(tra.):    -0.3176E-05   -0.5569E-05    0.5382E-05
# With parameters(rot.):    -0.4323E-04   -0.4231E-04    0.5649E-04
# Minimization at step:   110 with Value:     0.0000Tol(Act/Req):0.1062E+01/0.1000E-04
# With parameters(tra.):    -0.5269E-05   -0.7054E-05    0.1013E-04
# With parameters(rot.):    -0.2754E-04   -0.2909E-04    0.8140E-04
# Minimization at step:   111 with Value:     0.0000Tol(Act/Req):0.9867E+00/0.1000E-04
# With parameters(tra.):     0.2761E-05   -0.1147E-04    0.1122E-04
# With parameters(rot.):    -0.1870E-04   -0.1822E-04    0.3514E-04
# Minimization at step:   112 with Value:     0.0000Tol(Act/Req):0.9605E+00/0.1000E-04
# With parameters(tra.):     0.3278E-05   -0.1393E-04    0.9741E-05
# With parameters(rot.):    -0.1828E-04   -0.1557E-04    0.3471E-04
# Minimization at step:   113 with Value:     0.0000Tol(Act/Req):0.8135E+00/0.1000E-04
# With parameters(tra.):     0.1885E-05   -0.1257E-04    0.1110E-04
# With parameters(rot.):    -0.1816E-04   -0.1232E-04    0.2095E-04
# Minimization at step:   114 with Value:     0.0000Tol(Act/Req):0.7738E+00/0.1000E-04
# With parameters(tra.):     0.3004E-05   -0.1266E-04    0.9996E-05
# With parameters(rot.):    -0.2130E-04   -0.1422E-04    0.9681E-05
# Minimization at step:   115 with Value:     0.0000Tol(Act/Req):0.7634E+00/0.1000E-04
# With parameters(tra.):     0.1017E-05   -0.1165E-04    0.9622E-05
# With parameters(rot.):    -0.2373E-04   -0.1661E-04    0.1913E-04
# Minimization at step:   116 with Value:     0.0000Tol(Act/Req):0.7001E+00/0.1000E-04
# With parameters(tra.):     0.6292E-05   -0.8951E-05    0.1080E-04
# With parameters(rot.):    -0.1628E-04   -0.5995E-05    0.5176E-04
# Minimization at step:   117 with Value:     0.0000Tol(Act/Req):0.6463E+00/0.1000E-04
# With parameters(tra.):     0.7628E-05   -0.7911E-05    0.1065E-04
# With parameters(rot.):     0.1210E-05   -0.8175E-05    0.5831E-04
# Minimization at step:   118 with Value:     0.0000Tol(Act/Req):0.5873E+00/0.1000E-04
# With parameters(tra.):     0.4006E-05   -0.9676E-05    0.9731E-05
# With parameters(rot.):    -0.9793E-08   -0.1668E-04    0.3547E-04
# Minimization at step:   119 with Value:     0.0000Tol(Act/Req):0.5490E+00/0.1000E-04
# With parameters(tra.):     0.3370E-05   -0.1008E-04    0.9692E-05
# With parameters(rot.):    -0.4483E-05   -0.1684E-04    0.3193E-04
# Minimization at step:   120 with Value:     0.0000Tol(Act/Req):0.5063E+00/0.1000E-04
# With parameters(tra.):     0.4436E-05   -0.1371E-04    0.6724E-05
# With parameters(rot.):     0.9446E-06   -0.1197E-04    0.3015E-04
# Minimization at step:   121 with Value:     0.0000Tol(Act/Req):0.4409E+00/0.1000E-04
# With parameters(tra.):     0.2500E-05   -0.1137E-04    0.7986E-05
# With parameters(rot.):     0.7560E-05   -0.5354E-05    0.5684E-05
# Minimization at step:   122 with Value:     0.0000Tol(Act/Req):0.4136E+00/0.1000E-04
# With parameters(tra.):     0.4571E-05   -0.1112E-04    0.5107E-05
# With parameters(rot.):     0.1090E-04   -0.6213E-05   -0.1818E-04
# Minimization at step:   123 with Value:     0.0000Tol(Act/Req):0.3737E+00/0.1000E-04
# With parameters(tra.):     0.1781E-05   -0.8934E-05    0.2853E-05
# With parameters(rot.):     0.1759E-04   -0.7518E-05   -0.1173E-04
# Minimization at step:   124 with Value:     0.0000Tol(Act/Req):0.3544E+00/0.1000E-04
# With parameters(tra.):    -0.1693E-06   -0.3716E-05    0.4530E-05
# With parameters(rot.):     0.1771E-04   -0.1091E-04   -0.2390E-04
# Minimization at step:   125 with Value:     0.0000Tol(Act/Req):0.3394E+00/0.1000E-04
# With parameters(tra.):     0.8763E-06   -0.3499E-05    0.2116E-05
# With parameters(rot.):     0.1447E-04   -0.1938E-04   -0.9303E-05
# Minimization at step:   126 with Value:     0.0000Tol(Act/Req):0.3372E+00/0.1000E-04
# With parameters(tra.):     0.1451E-05   -0.4786E-05    0.1496E-05
# With parameters(rot.):     0.1417E-04   -0.1923E-04   -0.5042E-05
# Minimization at step:   127 with Value:     0.0000Tol(Act/Req):0.3285E+00/0.1000E-04
# With parameters(tra.):     0.5970E-06   -0.5431E-05    0.3703E-05
# With parameters(rot.):     0.1731E-04   -0.1072E-04   -0.1822E-04
# Minimization at step:   128 with Value:     0.0000Tol(Act/Req):0.3212E+00/0.1000E-04
# With parameters(tra.):     0.9166E-06   -0.4784E-05    0.3354E-05
# With parameters(rot.):     0.1895E-04   -0.8806E-05   -0.1889E-04
# Minimization at step:   129 with Value:     0.0000Tol(Act/Req):0.3093E+00/0.1000E-04
# With parameters(tra.):     0.1877E-05   -0.3922E-05    0.1031E-05
# With parameters(rot.):     0.1637E-04   -0.1668E-04   -0.5932E-05
# Minimization at step:   130 with Value:     0.0000Tol(Act/Req):0.3069E+00/0.1000E-04
# With parameters(tra.):     0.1077E-06   -0.2683E-05   -0.1936E-05
# With parameters(rot.):     0.1437E-04   -0.1696E-04   -0.2563E-04
# Minimization at step:   131 with Value:     0.0000Tol(Act/Req):0.2840E+00/0.1000E-04
# With parameters(tra.):    -0.1443E-05   -0.3131E-05   -0.6007E-06
# With parameters(rot.):     0.1629E-04   -0.9171E-05   -0.4516E-04
# Minimization at step:   132 with Value:     0.0000Tol(Act/Req):0.2804E+00/0.1000E-04
# With parameters(tra.):    -0.1129E-05   -0.3478E-05    0.2521E-06
# With parameters(rot.):     0.1695E-04   -0.8454E-05   -0.4186E-04
# Minimization at step:   133 with Value:     0.0000Tol(Act/Req):0.2695E+00/0.1000E-04
# With parameters(tra.):    -0.5100E-05   -0.1181E-05    0.1514E-05
# With parameters(rot.):     0.1563E-04   -0.8342E-05   -0.2589E-04
# Minimization at step:   134 with Value:     0.0000Tol(Act/Req):0.2488E+00/0.1000E-04
# With parameters(tra.):    -0.4604E-05   -0.7853E-06    0.3320E-05
# With parameters(rot.):     0.8289E-05   -0.7312E-05   -0.3706E-04
# Minimization at step:   135 with Value:     0.0000Tol(Act/Req):0.2391E+00/0.1000E-04
# With parameters(tra.):    -0.4480E-05   -0.4777E-06    0.3314E-05
# With parameters(rot.):     0.7143E-05   -0.9103E-05   -0.3150E-04
# Minimization at step:   136 with Value:     0.0000Tol(Act/Req):0.1869E+00/0.1000E-04
# With parameters(tra.):    -0.1347E-05   -0.2024E-05    0.2817E-05
# With parameters(rot.):     0.6012E-05   -0.9377E-05   -0.4489E-04
# Minimization at step:   137 with Value:     0.0000Tol(Act/Req):0.1599E+00/0.1000E-04
# With parameters(tra.):    -0.1200E-05   -0.2227E-05    0.2324E-05
# With parameters(rot.):     0.7658E-05   -0.9807E-05   -0.4275E-04
# Minimization at step:   138 with Value:     0.0000Tol(Act/Req):0.1548E+00/0.1000E-04
# With parameters(tra.):    -0.1266E-05   -0.7862E-07    0.1283E-05
# With parameters(rot.):     0.7185E-05   -0.6312E-05   -0.5203E-04
# Minimization at step:   139 with Value:     0.0000Tol(Act/Req):0.1293E+00/0.1000E-04
# With parameters(tra.):    -0.1022E-05   -0.1082E-05   -0.2911E-07
# With parameters(rot.):     0.4257E-05   -0.1719E-05   -0.5918E-04
# Minimization at step:   140 with Value:     0.0000Tol(Act/Req):0.1238E+00/0.1000E-04
# With parameters(tra.):    -0.5253E-06   -0.1004E-05    0.1180E-05
# With parameters(rot.):     0.2072E-05    0.1040E-05   -0.5856E-04
# Minimization at step:   141 with Value:     0.0000Tol(Act/Req):0.1091E+00/0.1000E-04
# With parameters(tra.):    -0.5449E-06   -0.7469E-06    0.1609E-05
# With parameters(rot.):     0.2622E-05    0.1218E-06   -0.5672E-04
# Minimization at step:   142 with Value:     0.0000Tol(Act/Req):0.1043E+00/0.1000E-04
# With parameters(tra.):     0.1015E-05   -0.2214E-06    0.1026E-05
# With parameters(rot.):    -0.1178E-05   -0.3856E-06   -0.5402E-04
# Minimization at step:   143 with Value:     0.0000Tol(Act/Req):0.1032E+00/0.1000E-04
# With parameters(tra.):    -0.2862E-06    0.1411E-05    0.7601E-06
# With parameters(rot.):    -0.2821E-05    0.2794E-05   -0.4814E-04
# Minimization at step:   144 with Value:     0.0000Tol(Act/Req):0.8365E-01/0.1000E-04
# With parameters(tra.):     0.1066E-06   -0.2409E-06    0.1627E-05
# With parameters(rot.):    -0.5685E-05    0.2335E-05   -0.3755E-04
# Minimization at step:   145 with Value:     0.0000Tol(Act/Req):0.7686E-01/0.1000E-04
# With parameters(tra.):     0.8369E-06    0.1637E-07    0.4071E-06
# With parameters(rot.):    -0.6842E-05    0.5523E-05   -0.3153E-04
# Minimization at step:   146 with Value:     0.0000Tol(Act/Req):0.7617E-01/0.1000E-04
# With parameters(tra.):     0.1256E-05   -0.5078E-06    0.4443E-06
# With parameters(rot.):    -0.6766E-05    0.4955E-05   -0.3162E-04
# Minimization at step:   147 with Value:     0.0000Tol(Act/Req):0.7482E-01/0.1000E-04
# With parameters(tra.):     0.1108E-05   -0.6159E-06    0.7523E-06
# With parameters(rot.):    -0.6470E-05    0.4111E-05   -0.3313E-04
# Minimization at step:   148 with Value:     0.0000Tol(Act/Req):0.6895E-01/0.1000E-04
# With parameters(tra.):     0.1093E-05   -0.2342E-06    0.4628E-06
# With parameters(rot.):    -0.5820E-05    0.4374E-05   -0.3541E-04
# Minimization at step:   149 with Value:     0.0000Tol(Act/Req):0.6155E-01/0.1000E-04
# With parameters(tra.):    -0.4404E-06   -0.7639E-06    0.8571E-06
# With parameters(rot.):    -0.3567E-05    0.6468E-05   -0.3191E-04
# Minimization at step:   150 with Value:     0.0000Tol(Act/Req):0.5854E-01/0.1000E-04
# With parameters(tra.):    -0.7432E-06   -0.7358E-06   -0.5646E-07
# With parameters(rot.):    -0.3990E-05    0.6437E-05   -0.2344E-04
# Minimization at step:   151 with Value:     0.0000Tol(Act/Req):0.5683E-01/0.1000E-04
# With parameters(tra.):    -0.8485E-06   -0.2172E-06    0.2460E-06
# With parameters(rot.):    -0.5095E-05    0.6706E-05   -0.8678E-05
# Minimization at step:   152 with Value:     0.0000Tol(Act/Req):0.3828E-01/0.1000E-04
# With parameters(tra.):    -0.4990E-06   -0.3922E-07    0.9649E-07
# With parameters(rot.):    -0.5785E-05    0.6202E-05   -0.7616E-05
# Minimization at step:   153 with Value:     0.0000Tol(Act/Req):0.3558E-01/0.1000E-04
# With parameters(tra.):    -0.4436E-06   -0.1540E-06    0.8421E-08
# With parameters(rot.):    -0.5567E-05    0.6093E-05   -0.1122E-04
# Minimization at step:   154 with Value:     0.0000Tol(Act/Req):0.3534E-01/0.1000E-04
# With parameters(tra.):    -0.1723E-06   -0.1085E-05   -0.6255E-07
# With parameters(rot.):    -0.5015E-05    0.5337E-05   -0.4591E-05
# Minimization at step:   155 with Value:     0.0000Tol(Act/Req):0.3344E-01/0.1000E-04
# With parameters(tra.):    -0.8944E-06   -0.1457E-05    0.2818E-06
# With parameters(rot.):    -0.3939E-05    0.4057E-05    0.1900E-05
# Minimization at step:   156 with Value:     0.0000Tol(Act/Req):0.2438E-01/0.1000E-04
# With parameters(tra.):    -0.1067E-05   -0.1368E-05    0.1220E-06
# With parameters(rot.):    -0.3457E-05    0.4162E-05    0.3870E-05
# Minimization at step:   157 with Value:     0.0000Tol(Act/Req):0.2278E-01/0.1000E-04
# With parameters(tra.):    -0.1019E-05   -0.1428E-05    0.3652E-06
# With parameters(rot.):    -0.3307E-05    0.3981E-05    0.4029E-05
# Minimization at step:   158 with Value:     0.0000Tol(Act/Req):0.1754E-01/0.1000E-04
# With parameters(tra.):    -0.6245E-06   -0.1508E-05    0.2082E-06
# With parameters(rot.):    -0.3723E-05    0.2670E-05    0.8534E-05
# Minimization at step:   159 with Value:     0.0000Tol(Act/Req):0.1700E-01/0.1000E-04
# With parameters(tra.):    -0.5739E-06   -0.2188E-05    0.9863E-07
# With parameters(rot.):    -0.2671E-05    0.1310E-05    0.7912E-05
# Minimization at step:   160 with Value:     0.0000Tol(Act/Req):0.1523E-01/0.1000E-04
# With parameters(tra.):     0.4779E-07   -0.2092E-05   -0.2055E-06
# With parameters(rot.):    -0.3162E-05    0.1583E-05    0.4546E-05
# Minimization at step:   161 with Value:     0.0000Tol(Act/Req):0.1331E-01/0.1000E-04
# With parameters(tra.):    -0.1502E-06   -0.1498E-05   -0.1821E-06
# With parameters(rot.):    -0.3095E-05    0.1088E-05    0.9641E-06
# Minimization at step:   162 with Value:     0.0000Tol(Act/Req):0.1250E-01/0.1000E-04
# With parameters(tra.):    -0.1904E-06   -0.1363E-05   -0.6032E-06
# With parameters(rot.):    -0.2011E-05    0.2732E-06    0.3935E-05
# Minimization at step:   163 with Value:     0.0000Tol(Act/Req):0.1077E-01/0.1000E-04
# With parameters(tra.):    -0.1711E-06   -0.1124E-05   -0.6343E-06
# With parameters(rot.):    -0.2219E-05    0.5267E-06    0.3759E-05
# Minimization at step:   164 with Value:     0.0000Tol(Act/Req):0.8508E-02/0.1000E-04
# With parameters(tra.):     0.2088E-06   -0.1142E-05   -0.4810E-06
# With parameters(rot.):    -0.1556E-05   -0.9885E-06    0.3987E-05
# Minimization at step:   165 with Value:     0.0000Tol(Act/Req):0.8495E-02/0.1000E-04
# With parameters(tra.):     0.2237E-06   -0.9669E-06   -0.6060E-06
# With parameters(rot.):    -0.5556E-06   -0.1334E-05   -0.5316E-06
# Minimization at step:   166 with Value:     0.0000Tol(Act/Req):0.7765E-02/0.1000E-04
# With parameters(tra.):     0.3574E-06   -0.9689E-06   -0.2909E-06
# With parameters(rot.):    -0.1005E-05   -0.1125E-05   -0.3877E-05
# Minimization at step:   167 with Value:     0.0000Tol(Act/Req):0.7316E-02/0.1000E-04
# With parameters(tra.):     0.2796E-06   -0.8913E-06   -0.2473E-06
# With parameters(rot.):    -0.7437E-06   -0.1396E-05   -0.4018E-05
# Minimization at step:   168 with Value:     0.0000Tol(Act/Req):0.5657E-02/0.1000E-04
# With parameters(tra.):     0.1905E-06   -0.8659E-06   -0.2662E-06
# With parameters(rot.):    -0.8418E-06   -0.1051E-05   -0.4742E-05
# Minimization at step:   169 with Value:     0.0000Tol(Act/Req):0.4805E-02/0.1000E-04
# With parameters(tra.):     0.1840E-06   -0.9012E-06   -0.2066E-06
# With parameters(rot.):    -0.1116E-05   -0.9412E-06   -0.3963E-05
# Minimization at step:   170 with Value:     0.0000Tol(Act/Req):0.2874E-02/0.1000E-04
# With parameters(tra.):     0.3018E-06   -0.4871E-06   -0.1464E-06
# With parameters(rot.):    -0.1152E-05   -0.9280E-06   -0.6157E-05
# Minimization at step:   171 with Value:     0.0000Tol(Act/Req):0.2873E-02/0.1000E-04
# With parameters(tra.):     0.1941E-06   -0.3252E-06   -0.3082E-06
# With parameters(rot.):    -0.9009E-06   -0.1002E-05   -0.4687E-05
# Minimization at step:   172 with Value:     0.0000Tol(Act/Req):0.2809E-02/0.1000E-04
# With parameters(tra.):     0.2723E-06   -0.3761E-06   -0.3246E-06
# With parameters(rot.):    -0.7346E-06   -0.1052E-05   -0.4263E-05
# Minimization at step:   173 with Value:     0.0000Tol(Act/Req):0.2606E-02/0.1000E-04
# With parameters(tra.):     0.1142E-06   -0.4924E-07   -0.2632E-06
# With parameters(rot.):    -0.2087E-06   -0.1480E-05   -0.4626E-05
# Minimization at step:   174 with Value:     0.0000Tol(Act/Req):0.2552E-02/0.1000E-04
# With parameters(tra.):     0.6332E-07    0.3154E-07   -0.2724E-06
# With parameters(rot.):    -0.2050E-06   -0.1343E-05   -0.4978E-05
# Minimization at step:   175 with Value:     0.0000Tol(Act/Req):0.2064E-02/0.1000E-04
# With parameters(tra.):     0.9860E-07   -0.4345E-07   -0.2885E-06
# With parameters(rot.):    -0.3362E-06   -0.1225E-05   -0.4917E-05
# Minimization at step:   176 with Value:     0.0000Tol(Act/Req):0.1841E-02/0.1000E-04
# With parameters(tra.):     0.5713E-07    0.1717E-06   -0.1966E-06
# With parameters(rot.):    -0.6240E-06   -0.1100E-05   -0.3677E-05
# Minimization at step:   177 with Value:     0.0000Tol(Act/Req):0.1191E-02/0.1000E-04
# With parameters(tra.):    -0.1029E-06    0.1152E-06   -0.2536E-06
# With parameters(rot.):    -0.4241E-06   -0.1166E-05   -0.1388E-05
# Minimization at step:   178 with Value:     0.0000Tol(Act/Req):0.1169E-02/0.1000E-04
# With parameters(tra.):    -0.9512E-07    0.1307E-06   -0.2558E-06
# With parameters(rot.):    -0.3151E-06   -0.1200E-05   -0.9361E-06
# Minimization at step:   179 with Value:     0.0000Tol(Act/Req):0.1150E-02/0.1000E-04
# With parameters(tra.):    -0.8382E-07    0.1207E-06   -0.7648E-07
# With parameters(rot.):    -0.3707E-06   -0.1193E-05   -0.1156E-05
# Minimization at step:   180 with Value:     0.0000Tol(Act/Req):0.1111E-02/0.1000E-04
# With parameters(tra.):    -0.2347E-06    0.3119E-06   -0.2954E-07
# With parameters(rot.):    -0.4186E-06   -0.8690E-06   -0.5862E-06
# Minimization at step:   181 with Value:     0.0000Tol(Act/Req):0.1111E-02/0.1000E-04
# With parameters(tra.):    -0.2752E-06    0.2804E-06    0.2456E-07
# With parameters(rot.):    -0.7083E-06   -0.5136E-06    0.9804E-06
# Minimization at step:   182 with Value:     0.0000Tol(Act/Req):0.9678E-03/0.1000E-04
# With parameters(tra.):    -0.2495E-06    0.3083E-06    0.6198E-07
# With parameters(rot.):    -0.7820E-06   -0.4427E-06    0.6054E-06
# Minimization at step:   183 with Value:     0.0000Tol(Act/Req):0.8494E-03/0.1000E-04
# With parameters(tra.):    -0.2373E-06    0.3185E-06    0.5157E-07
# With parameters(rot.):    -0.7157E-06   -0.5257E-06    0.1825E-06
# Minimization at step:   184 with Value:     0.0000Tol(Act/Req):0.8216E-03/0.1000E-04
# With parameters(tra.):    -0.2939E-06    0.1523E-06    0.4245E-07
# With parameters(rot.):    -0.4584E-06   -0.4596E-06    0.2296E-06
# Minimization at step:   185 with Value:     0.0000Tol(Act/Req):0.6143E-03/0.1000E-04
# With parameters(tra.):    -0.1956E-06   -0.3103E-07    0.2524E-07
# With parameters(rot.):    -0.4325E-06   -0.6000E-06    0.6358E-08
# Minimization at step:   186 with Value:     0.0000Tol(Act/Req):0.5520E-03/0.1000E-04
# With parameters(tra.):    -0.2078E-06   -0.4117E-07   -0.1112E-07
# With parameters(rot.):    -0.4237E-06   -0.5526E-06    0.1581E-06
# Minimization at step:   187 with Value:     0.0000Tol(Act/Req):0.3840E-03/0.1000E-04
# With parameters(tra.):    -0.2242E-06   -0.6093E-07    0.4668E-07
# With parameters(rot.):    -0.2874E-06   -0.4425E-06    0.1109E-05
# Minimization at step:   188 with Value:     0.0000Tol(Act/Req):0.3610E-03/0.1000E-04
# With parameters(tra.):    -0.2170E-06   -0.8745E-07    0.4107E-07
# With parameters(rot.):    -0.2185E-06   -0.4771E-06    0.9752E-06
# Minimization at step:   189 with Value:     0.0000Tol(Act/Req):0.2068E-03/0.1000E-04
# With parameters(tra.):    -0.1703E-06   -0.1446E-06    0.9196E-07
# With parameters(rot.):    -0.1881E-06   -0.3794E-06    0.5051E-06
# Minimization at step:   190 with Value:     0.0000Tol(Act/Req):0.1991E-03/0.1000E-04
# With parameters(tra.):    -0.1459E-06   -0.1277E-06    0.9837E-07
# With parameters(rot.):    -0.2299E-06   -0.3892E-06    0.5163E-06
# Minimization at step:   191 with Value:     0.0000Tol(Act/Req):0.1780E-03/0.1000E-04
# With parameters(tra.):    -0.1826E-06   -0.6024E-07    0.1253E-06
# With parameters(rot.):    -0.1923E-06   -0.2663E-06    0.7554E-06
# Minimization at step:   192 with Value:     0.0000Tol(Act/Req):0.1739E-03/0.1000E-04
# With parameters(tra.):    -0.1984E-06   -0.8689E-07    0.9799E-07
# With parameters(rot.):    -0.9763E-07   -0.7606E-07    0.1258E-05
# Minimization at step:   193 with Value:     0.0000Tol(Act/Req):0.1612E-03/0.1000E-04
# With parameters(tra.):    -0.1789E-06   -0.8237E-07    0.7656E-07
# With parameters(rot.):    -0.1253E-06   -0.2725E-07    0.6733E-06
# Minimization at step:   194 with Value:     0.0000Tol(Act/Req):0.1387E-03/0.1000E-04
# With parameters(tra.):    -0.1733E-06   -0.7533E-07    0.8159E-07
# With parameters(rot.):    -0.1512E-06   -0.7075E-07    0.4989E-06
# Minimization at step:   195 with Value:     0.0000Tol(Act/Req):0.8423E-04/0.1000E-04
# With parameters(tra.):    -0.1516E-06   -0.1121E-06    0.8330E-07
# With parameters(rot.):    -0.3116E-07   -0.2098E-07    0.1786E-06
# Minimization at step:   196 with Value:     0.0000Tol(Act/Req):0.6006E-04/0.1000E-04
# With parameters(tra.):    -0.1255E-06   -0.1588E-06    0.5937E-07
# With parameters(rot.):    -0.9714E-08   -0.2108E-07   -0.8519E-07
# Minimization at step:   197 with Value:     0.0000Tol(Act/Req):0.5994E-04/0.1000E-04
# With parameters(tra.):    -0.1416E-06   -0.1255E-06    0.1458E-07
# With parameters(rot.):     0.2950E-07    0.3324E-07    0.3142E-07
# Minimization at step:   198 with Value:     0.0000Tol(Act/Req):0.5704E-04/0.1000E-04
# With parameters(tra.):    -0.1253E-06   -0.1274E-06    0.5371E-08
# With parameters(rot.):     0.3574E-07   -0.6020E-08   -0.3470E-06
# Minimization at step:   199 with Value:     0.0000Tol(Act/Req):0.2434E-04/0.1000E-04
# With parameters(tra.):    -0.1113E-06   -0.1190E-06    0.8236E-09
# With parameters(rot.):     0.3698E-07    0.2100E-07   -0.4133E-06
# Minimization at step:   200 with Value:     0.0000Tol(Act/Req):0.2329E-04/0.1000E-04
# With parameters(tra.):    -0.1048E-06   -0.1268E-06    0.1088E-07
# With parameters(rot.):     0.2780E-07    0.6401E-08   -0.4796E-06
# Minimization at step:   201 with Value:     0.0000Tol(Act/Req):0.5648E-04/0.1000E-04
# With parameters(tra.):    -0.8221E-07   -0.1161E-06    0.6568E-08
# With parameters(rot.):     0.2736E-07    0.4328E-07   -0.5956E-06
# Minimization at step:   202 with Value:     0.0000Tol(Act/Req):0.5564E-04/0.1000E-04
# With parameters(tra.):    -0.7874E-07   -0.1110E-06    0.1311E-07
# With parameters(rot.):     0.2041E-07    0.8589E-07   -0.4262E-06
# Minimization at step:   203 with Value:     0.0000Tol(Act/Req):0.4893E-04/0.1000E-04
# With parameters(tra.):    -0.6488E-07   -0.1251E-06    0.1338E-07
# With parameters(rot.):     0.9663E-07    0.7479E-07   -0.2081E-06
# Minimization at step:   204 with Value:     0.0000Tol(Act/Req):0.4841E-04/0.1000E-04
# With parameters(tra.):    -0.5048E-07   -0.1049E-06   -0.1106E-07
# With parameters(rot.):     0.5917E-07    0.7353E-07   -0.1234E-06
# Minimization at step:   205 with Value:     0.0000Tol(Act/Req):0.4654E-04/0.1000E-04
# With parameters(tra.):    -0.1927E-07   -0.1132E-06    0.1728E-08
# With parameters(rot.):     0.5126E-07    0.6671E-07   -0.1371E-06
# Minimization at step:   206 with Value:     0.0000Tol(Act/Req):0.4489E-04/0.1000E-04
# With parameters(tra.):    -0.2917E-08   -0.1190E-06   -0.8602E-08
# With parameters(rot.):     0.6850E-07    0.1771E-07   -0.2101E-06
# Minimization at step:   207 with Value:     0.0000Tol(Act/Req):0.4455E-04/0.1000E-04
# With parameters(tra.):     0.2053E-07   -0.7463E-07   -0.1531E-07
# With parameters(rot.):     0.8027E-07    0.3070E-07   -0.7591E-07
# Minimization at step:   208 with Value:     0.0000Tol(Act/Req):0.4350E-04/0.1000E-04
# With parameters(tra.):     0.2285E-07   -0.7715E-07   -0.9547E-08
# With parameters(rot.):     0.9140E-07    0.2745E-07   -0.9313E-07
# Minimization at step:   209 with Value:     0.0000Tol(Act/Req):0.4306E-04/0.1000E-04
# With parameters(tra.):     0.3823E-07   -0.4711E-07   -0.1747E-07
# With parameters(rot.):     0.1343E-07    0.2277E-07   -0.2730E-06
# Minimization at step:   210 with Value:     0.0000Tol(Act/Req):0.3977E-04/0.1000E-04
# With parameters(tra.):     0.2618E-07   -0.1679E-07   -0.3666E-07
# With parameters(rot.):     0.8727E-08    0.1495E-07   -0.3046E-06
# Minimization at step:   211 with Value:     0.0000Tol(Act/Req):0.3572E-04/0.1000E-04
# With parameters(tra.):     0.3193E-07   -0.1704E-08   -0.3418E-07
# With parameters(rot.):     0.3420E-08    0.4272E-08   -0.4095E-06
# Minimization at step:   212 with Value:     0.0000Tol(Act/Req):0.3562E-04/0.1000E-04
# With parameters(tra.):     0.4257E-07   -0.2272E-08   -0.4557E-07
# With parameters(rot.):     0.4560E-08    0.5696E-08   -0.5460E-06
# Minimization at step:   213 with Value:     0.0000Tol(Act/Req):0.4254E-04/0.1000E-04
# With parameters(tra.):     0.2737E-08   -0.4849E-07   -0.2381E-07
# With parameters(rot.):     0.1553E-07    0.6137E-07   -0.6869E-06
# Minimization at step:   214 with Value:     0.0000Tol(Act/Req):0.2855E-04/0.1000E-04
# With parameters(tra.):     0.7252E-09   -0.5103E-07   -0.2423E-07
# With parameters(rot.):     0.1090E-07    0.5870E-07   -0.7232E-06
# Minimization at step:   215 with Value:     0.0000Tol(Act/Req):0.2147E-04/0.1000E-04
# With parameters(tra.):    -0.2810E-09   -0.5229E-07   -0.2445E-07
# With parameters(rot.):     0.8586E-08    0.5737E-07   -0.7414E-06
# Minimization at step:   216 with Value:     0.0000Tol(Act/Req):0.2122E-04/0.1000E-04
# With parameters(tra.):     0.7468E-08   -0.6630E-07   -0.1655E-07
# With parameters(rot.):     0.7929E-08    0.5841E-07   -0.7840E-06
# Minimization at step:   217 with Value:     0.0000Tol(Act/Req):0.2032E-04/0.1000E-04
# With parameters(tra.):     0.7714E-08   -0.6219E-07   -0.1619E-07
# With parameters(rot.):     0.2478E-08    0.6378E-07   -0.7970E-06
# Minimization at step:   218 with Value:     0.0000Tol(Act/Req):0.1820E-04/0.1000E-04
# With parameters(tra.):     0.1963E-08   -0.5066E-07   -0.2203E-07
# With parameters(rot.):     0.1607E-08    0.6435E-07   -0.7683E-06
# Minimization at step:   219 with Value:     0.0000Tol(Act/Req):0.1157E-04/0.1000E-04
# With parameters(tra.):     0.1647E-08   -0.5116E-07   -0.2193E-07
# With parameters(rot.):    -0.1310E-09    0.6427E-07   -0.7796E-06
# Minimization at step:   220 with Value:     0.0000Tol(Act/Req):0.1067E-04/0.1000E-04
# With parameters(tra.):     0.1015E-08   -0.5215E-07   -0.2174E-07
# With parameters(rot.):    -0.3607E-08    0.6410E-07   -0.8022E-06
# Minimization at step:   221 with Value:     0.0000Tol(Act/Req):0.1029E-04/0.1000E-04
# With parameters(tra.):     0.1894E-08   -0.5420E-07   -0.2074E-07
# With parameters(rot.):    -0.3897E-08    0.6398E-07   -0.8099E-06
# Minimization at step:   222 with Value:     0.0000Tol(Act/Req):0.8386E-05/0.1000E-04
# With parameters(tra.):     0.4454E-09   -0.4331E-07   -0.2155E-07
# With parameters(rot.):    -0.1692E-07    0.7480E-07   -0.8401E-06
# CSM Values after y minimization.
# Final Number of optim. Steps:   222
#      Before min is:      0.16988905654
# Final CSM Value is:      0.00000000030
# Coordinates rotated along Z.
[molecule] Nrec=   6 Format=nscxyz
  h                1    1    0.61232340D-16  -0.10000000D+01   0.00000000D+00
  h                2    1    0.86600000D+00  -0.50000000D+00   0.00000000D+00
  h                3    1    0.86600000D+00   0.50000000D+00   0.00000000D+00
  h                4    1   -0.61232340D-16   0.10000000D+01   0.00000000D+00
  h                5    1   -0.86600000D+00   0.50000000D+00   0.00000000D+00
  h                6    1   -0.86600000D+00  -0.50000000D+00   0.00000000D+00
# Minimization at step:     0 with Value:     0.0214Tol(Act/Req):0.2000E+01/0.1000E-04
# With parameters(tra.):     0.1429E-01    0.1429E-01    0.1429E-01
# With parameters(rot.):     0.1429E-01    0.1429E-01    0.1429E-01
# Minimization at step:     1 with Value:     0.0139Tol(Act/Req):0.2000E+01/0.1000E-04
# With parameters(tra.):     0.1548E-01    0.1548E-01    0.7143E-02
# With parameters(rot.):     0.1548E-01    0.1548E-01    0.1548E-01
# Minimization at step:     2 with Value:     0.0109Tol(Act/Req):0.2000E+01/0.1000E-04
# With parameters(tra.):     0.8433E-02    0.1677E-01    0.7738E-02
# With parameters(rot.):     0.1677E-01    0.1677E-01    0.1677E-01
# Minimization at step:     3 with Value:     0.0078Tol(Act/Req):0.2000E+01/0.1000E-04
# With parameters(tra.):     0.9135E-02    0.9830E-02    0.8383E-02
# With parameters(rot.):     0.1816E-01    0.1816E-01    0.1816E-01
# Minimization at step:     4 with Value:     0.0059Tol(Act/Req):0.2000E+01/0.1000E-04
# With parameters(tra.):     0.9336E-02    0.1020E-01   -0.2021E-02
# With parameters(rot.):     0.2062E-01    0.2062E-01    0.2062E-01
# Minimization at step:     5 with Value:     0.0050Tol(Act/Req):0.2000E+01/0.1000E-04
# With parameters(tra.):     0.1011E-01    0.1105E-01   -0.2190E-02
# With parameters(rot.):     0.2234E-01    0.1401E-01    0.2234E-01
# Minimization at step:     6 with Value:     0.0042Tol(Act/Req):0.2000E+01/0.1000E-04
# With parameters(tra.):     0.1096E-01    0.1198E-01   -0.2372E-02
# With parameters(rot.):     0.1587E-01    0.1517E-01    0.2420E-01
# Minimization at step:     7 with Value:     0.0042Tol(Act/Req):0.2000E+01/0.1000E-04
# With parameters(tra.):     0.1297E-01   -0.1182E-02   -0.4668E-02
# With parameters(rot.):     0.1790E-01    0.1697E-01    0.2901E-01
# Minimization at step:     8 with Value:     0.0034Tol(Act/Req):0.2000E+01/0.1000E-04
# With parameters(tra.):     0.9825E-02   -0.2033E-02   -0.5404E-02
# With parameters(rot.):     0.1864E-01    0.1763E-01    0.3067E-01
# Minimization at step:     9 with Value:     0.0026Tol(Act/Req):0.2000E+01/0.1000E-04
# With parameters(tra.):     0.7530E-02    0.7622E-02   -0.3866E-02
# With parameters(rot.):     0.1730E-01    0.1645E-01    0.2748E-01
# Minimization at step:    10 with Value:     0.0019Tol(Act/Req):0.2000E+01/0.1000E-04
# With parameters(tra.):     0.6978E-02    0.6790E-02    0.8745E-03
# With parameters(rot.):     0.1524E-01    0.1418E-01    0.2797E-01
# Minimization at step:    11 with Value:     0.0018Tol(Act/Req):0.2000E+01/0.1000E-04
# With parameters(tra.):    -0.2584E-03    0.8029E-02    0.1495E-02
# With parameters(rot.):     0.1558E-01    0.1435E-01    0.3040E-01
# Minimization at step:    12 with Value:     0.0018Tol(Act/Req):0.2000E+01/0.1000E-04
# With parameters(tra.):    -0.2311E-02    0.8556E-02    0.2419E-02
# With parameters(rot.):     0.2547E-02    0.1641E-01    0.3619E-01
# Minimization at step:    13 with Value:     0.0015Tol(Act/Req):0.2000E+01/0.1000E-04
# With parameters(tra.):    -0.4250E-02    0.9208E-02    0.3319E-02
# With parameters(rot.):     0.1767E-03    0.7089E-02    0.4223E-01
# Minimization at step:    14 with Value:     0.0015Tol(Act/Req):0.2000E+01/0.1000E-04
# With parameters(tra.):    -0.6647E-02    0.3299E-02    0.4689E-02
# With parameters(rot.):    -0.4639E-02    0.4757E-02    0.4927E-01
# Minimization at step:    15 with Value:     0.0014Tol(Act/Req):0.2000E+01/0.1000E-04
# With parameters(tra.):    -0.6039E-02    0.1020E-02    0.4521E-02
# With parameters(rot.):     0.6003E-02   -0.1187E-02    0.4784E-01
# Minimization at step:    16 with Value:     0.0014Tol(Act/Req):0.2000E+01/0.1000E-04
# With parameters(tra.):    -0.7297E-03   -0.2556E-02    0.4909E-02
# With parameters(rot.):     0.2463E-02   -0.6538E-02    0.5123E-01
# Minimization at step:    17 with Value:     0.0011Tol(Act/Req):0.2000E+01/0.1000E-04
# With parameters(tra.):     0.3625E-03   -0.1567E-02    0.4585E-02
# With parameters(rot.):     0.4259E-02   -0.6897E-02    0.4963E-01
# Minimization at step:    18 with Value:     0.0009Tol(Act/Req):0.2000E+01/0.1000E-04
# With parameters(tra.):    -0.8739E-03   -0.5907E-03    0.4461E-02
# With parameters(rot.):     0.5294E-02   -0.5589E-02    0.4865E-01
# Minimization at step:    19 with Value:     0.0007Tol(Act/Req):0.2000E+01/0.1000E-04
# With parameters(tra.):    -0.3811E-04    0.7163E-03    0.4572E-02
# With parameters(rot.):    -0.2865E-02   -0.2231E-02    0.4992E-01
# Minimization at step:    20 with Value:     0.0006Tol(Act/Req):0.2000E+01/0.1000E-04
# With parameters(tra.):    -0.5309E-03    0.3489E-03    0.4090E-02
# With parameters(rot.):    -0.4031E-02   -0.3220E-02    0.5167E-01
# Minimization at step:    21 with Value:     0.0006Tol(Act/Req):0.2000E+01/0.1000E-04
# With parameters(tra.):     0.1023E-03   -0.4978E-03    0.4004E-02
# With parameters(rot.):    -0.3986E-02   -0.2525E-02    0.5145E-01
# Minimization at step:    22 with Value:     0.0005Tol(Act/Req):0.2000E+01/0.1000E-04
# With parameters(tra.):     0.2200E-02    0.1837E-02    0.3162E-02
# With parameters(rot.):    -0.3143E-02   -0.1785E-02    0.4886E-01
# Minimization at step:    23 with Value:     0.0005Tol(Act/Req):0.2000E+01/0.1000E-04
# With parameters(tra.):     0.1838E-02    0.2527E-02    0.2992E-02
# With parameters(rot.):    -0.3329E-02   -0.8141E-03    0.4839E-01
# Minimization at step:    24 with Value:     0.0004Tol(Act/Req):0.2000E+01/0.1000E-04
# With parameters(tra.):     0.1906E-02    0.2260E-02    0.2391E-02
# With parameters(rot.):     0.1956E-02   -0.2580E-02    0.4703E-01
# Minimization at step:    25 with Value:     0.0004Tol(Act/Req):0.2000E+01/0.1000E-04
# With parameters(tra.):     0.1357E-02    0.1711E-02    0.2538E-02
# With parameters(rot.):     0.2170E-02   -0.2832E-02    0.4753E-01
# Minimization at step:    26 with Value:     0.0004Tol(Act/Req):0.2000E+01/0.1000E-04
# With parameters(tra.):     0.1001E-02    0.1431E-02    0.1056E-02
# With parameters(rot.):     0.1906E-02   -0.4680E-02    0.4964E-01
# Minimization at step:    27 with Value:     0.0003Tol(Act/Req):0.2000E+01/0.1000E-04
# With parameters(tra.):     0.1335E-02    0.1907E-02    0.1408E-02
# With parameters(rot.):     0.2541E-02   -0.6240E-02    0.3286E-01
# Minimization at step:    28 with Value:     0.0003Tol(Act/Req):0.2000E+01/0.1000E-04
# With parameters(tra.):     0.3012E-02    0.1016E-02    0.3718E-03
# With parameters(rot.):     0.4806E-02   -0.6089E-02    0.2622E-01
# Minimization at step:    29 with Value:     0.0003Tol(Act/Req):0.2000E+01/0.1000E-04
# With parameters(tra.):     0.3312E-02    0.8688E-03    0.2990E-03
# With parameters(rot.):     0.4716E-03   -0.5492E-02    0.2064E-01
# Minimization at step:    30 with Value:     0.0002Tol(Act/Req):0.2000E+01/0.1000E-04
# With parameters(tra.):     0.2918E-02    0.1079E-02    0.5521E-03
# With parameters(rot.):    -0.4559E-03   -0.5480E-02    0.2184E-01
# Minimization at step:    31 with Value:     0.0002Tol(Act/Req):0.2000E+01/0.1000E-04
# With parameters(tra.):     0.2554E-02    0.1978E-02   -0.6017E-03
# With parameters(rot.):     0.1302E-03   -0.5094E-02    0.1204E-01
# Minimization at step:    32 with Value:     0.0002Tol(Act/Req):0.2000E+01/0.1000E-04
# With parameters(tra.):     0.2772E-02    0.2094E-02   -0.3695E-03
# With parameters(rot.):     0.4825E-04   -0.4666E-02    0.8377E-02
# Minimization at step:    33 with Value:     0.0002Tol(Act/Req):0.2000E+01/0.1000E-04
# With parameters(tra.):     0.2303E-02    0.1366E-02   -0.8769E-03
# With parameters(rot.):    -0.1610E-03   -0.5502E-02   -0.6695E-03
# Minimization at step:    34 with Value:     0.0001Tol(Act/Req):0.2000E+01/0.1000E-04
# With parameters(tra.):     0.2300E-02    0.1202E-02   -0.1155E-02
# With parameters(rot.):    -0.5451E-03   -0.5051E-02    0.7331E-03
# Minimization at step:    35 with Value:     0.0001Tol(Act/Req):0.2000E+01/0.1000E-04
# With parameters(tra.):     0.2510E-02    0.3345E-03   -0.4285E-03
# With parameters(rot.):    -0.1153E-02   -0.5330E-02    0.5253E-02
# Minimization at step:    36 with Value:     0.0001Tol(Act/Req):0.2000E+01/0.1000E-04
# With parameters(tra.):     0.2368E-02    0.3267E-03   -0.4709E-03
# With parameters(rot.):    -0.2052E-03   -0.5465E-02    0.5366E-02
# Minimization at step:    37 with Value:     0.0001Tol(Act/Req):0.2000E+01/0.1000E-04
# With parameters(tra.):     0.1396E-02    0.4972E-03   -0.3058E-03
# With parameters(rot.):    -0.1977E-02   -0.5436E-02    0.2265E-02
# Minimization at step:    38 with Value:     0.0001Tol(Act/Req):0.2000E+01/0.1000E-04
# With parameters(tra.):     0.1379E-02    0.2717E-03    0.5847E-04
# With parameters(rot.):    -0.2606E-02   -0.4987E-02   -0.4757E-02
# Minimization at step:    39 with Value:     0.0001Tol(Act/Req):0.2000E+01/0.1000E-04
# With parameters(tra.):     0.1381E-02    0.3017E-03    0.2210E-03
# With parameters(rot.):    -0.2775E-02   -0.4805E-02   -0.3589E-02
# Minimization at step:    40 with Value:     0.0001Tol(Act/Req):0.2000E+01/0.1000E-04
# With parameters(tra.):     0.1069E-02   -0.3271E-03    0.1229E-03
# With parameters(rot.):    -0.4286E-02   -0.3820E-02   -0.2225E-02
# Minimization at step:    41 with Value:     0.0001Tol(Act/Req):0.2000E+01/0.1000E-04
# With parameters(tra.):     0.9136E-03   -0.2376E-03    0.4765E-04
# With parameters(rot.):    -0.4445E-02   -0.3648E-02   -0.3602E-02
# Minimization at step:    42 with Value:     0.0001Tol(Act/Req):0.2000E+01/0.1000E-04
# With parameters(tra.):     0.1725E-02   -0.6530E-03    0.3072E-06
# With parameters(rot.):    -0.3497E-02   -0.3081E-02   -0.2457E-02
# Minimization at step:    43 with Value:     0.0001Tol(Act/Req):0.2000E+01/0.1000E-04
# With parameters(tra.):     0.1857E-02   -0.5229E-03    0.1463E-04
# With parameters(rot.):    -0.3054E-02   -0.3266E-02   -0.2817E-02
# Minimization at step:    44 with Value:     0.0000Tol(Act/Req):0.2000E+01/0.1000E-04
# With parameters(tra.):     0.1403E-02   -0.8217E-03    0.9160E-04
# With parameters(rot.):    -0.2106E-02   -0.2804E-02   -0.5320E-02
# Minimization at step:    45 with Value:     0.0000Tol(Act/Req):0.2000E+01/0.1000E-04
# With parameters(tra.):     0.7147E-03   -0.5524E-03    0.1499E-03
# With parameters(rot.):    -0.2470E-02   -0.3159E-02   -0.6894E-02
# Minimization at step:    46 with Value:     0.0000Tol(Act/Req):0.2000E+01/0.1000E-04
# With parameters(tra.):     0.5041E-03   -0.6768E-03   -0.6240E-04
# With parameters(rot.):    -0.2005E-02   -0.2849E-02   -0.2926E-02
# Minimization at step:    47 with Value:     0.0000Tol(Act/Req):0.2000E+01/0.1000E-04
# With parameters(tra.):     0.2146E-03   -0.9430E-03    0.1682E-03
# With parameters(rot.):    -0.2087E-02   -0.1833E-02   -0.3705E-03
# Minimization at step:    48 with Value:     0.0000Tol(Act/Req):0.1999E+01/0.1000E-04
# With parameters(tra.):    -0.3285E-03   -0.9992E-03    0.5794E-04
# With parameters(rot.):    -0.1620E-02   -0.8836E-03   -0.2047E-02
# Minimization at step:    49 with Value:     0.0000Tol(Act/Req):0.1999E+01/0.1000E-04
# With parameters(tra.):    -0.6760E-03   -0.9232E-03    0.9025E-04
# With parameters(rot.):    -0.5960E-03   -0.5650E-03   -0.2395E-02
# Minimization at step:    50 with Value:     0.0000Tol(Act/Req):0.1999E+01/0.1000E-04
# With parameters(tra.):    -0.6771E-03   -0.9990E-03    0.7555E-04
# With parameters(rot.):    -0.3792E-03   -0.2895E-03   -0.1757E-02
# Minimization at step:    51 with Value:     0.0000Tol(Act/Req):0.1999E+01/0.1000E-04
# With parameters(tra.):    -0.6790E-03   -0.9371E-03    0.1019E-04
# With parameters(rot.):    -0.2166E-03   -0.4150E-03   -0.2512E-02
# Minimization at step:    52 with Value:     0.0000Tol(Act/Req):0.1999E+01/0.1000E-04
# With parameters(tra.):    -0.2528E-03   -0.8602E-03    0.1045E-03
# With parameters(rot.):    -0.2158E-03   -0.1208E-02   -0.9905E-03
# Minimization at step:    53 with Value:     0.0000Tol(Act/Req):0.1999E+01/0.1000E-04
# With parameters(tra.):    -0.3508E-03   -0.5743E-03    0.3185E-04
# With parameters(rot.):    -0.5327E-03   -0.1139E-02    0.2955E-02
# Minimization at step:    54 with Value:     0.0000Tol(Act/Req):0.1999E+01/0.1000E-04
# With parameters(tra.):    -0.4655E-03   -0.5697E-03    0.2207E-05
# With parameters(rot.):    -0.5593E-03   -0.9344E-03    0.2904E-02
# Minimization at step:    55 with Value:     0.0000Tol(Act/Req):0.1999E+01/0.1000E-04
# With parameters(tra.):    -0.4505E-03   -0.6408E-03    0.1791E-04
# With parameters(rot.):    -0.4823E-03   -0.9348E-03    0.1913E-02
# Minimization at step:    56 with Value:     0.0000Tol(Act/Req):0.1998E+01/0.1000E-04
# With parameters(tra.):    -0.5313E-03   -0.5384E-03    0.1972E-03
# With parameters(rot.):    -0.4500E-03   -0.6887E-03    0.1467E-03
# Minimization at step:    57 with Value:     0.0000Tol(Act/Req):0.1998E+01/0.1000E-04
# With parameters(tra.):    -0.4613E-03   -0.5191E-03    0.2008E-03
# With parameters(rot.):    -0.6085E-03   -0.7521E-03    0.4165E-03
# Minimization at step:    58 with Value:     0.0000Tol(Act/Req):0.1998E+01/0.1000E-04
# With parameters(tra.):    -0.3916E-03   -0.5107E-03    0.2131E-03
# With parameters(rot.):    -0.2514E-03   -0.3552E-03    0.2416E-02
# Minimization at step:    59 with Value:     0.0000Tol(Act/Req):0.1997E+01/0.1000E-04
# With parameters(tra.):    -0.2996E-03   -0.2447E-03    0.1500E-03
# With parameters(rot.):     0.6229E-04   -0.5862E-03    0.2550E-02
# Minimization at step:    60 with Value:     0.0000Tol(Act/Req):0.1997E+01/0.1000E-04
# With parameters(tra.):    -0.3094E-03   -0.2247E-03    0.1417E-03
# With parameters(rot.):    -0.8560E-06   -0.7046E-03    0.2061E-02
# Minimization at step:    61 with Value:     0.0000Tol(Act/Req):0.1997E+01/0.1000E-04
# With parameters(tra.):    -0.4868E-03   -0.1005E-03    0.1289E-03
# With parameters(rot.):     0.1321E-03   -0.2198E-03    0.1677E-02
# Minimization at step:    62 with Value:     0.0000Tol(Act/Req):0.1996E+01/0.1000E-04
# With parameters(tra.):    -0.4824E-03   -0.9100E-04    0.1460E-03
# With parameters(rot.):     0.2218E-03   -0.1604E-03    0.1162E-02
# Minimization at step:    63 with Value:     0.0000Tol(Act/Req):0.1996E+01/0.1000E-04
# With parameters(tra.):    -0.4376E-03   -0.1213E-03    0.1506E-03
# With parameters(rot.):     0.1960E-03   -0.2767E-03    0.1215E-02
# Minimization at step:    64 with Value:     0.0000Tol(Act/Req):0.1995E+01/0.1000E-04
# With parameters(tra.):    -0.4164E-03   -0.1035E-03    0.1168E-03
# With parameters(rot.):     0.2445E-03   -0.2834E-03    0.1598E-02
# Minimization at step:    65 with Value:     0.0000Tol(Act/Req):0.1994E+01/0.1000E-04
# With parameters(tra.):    -0.2615E-03    0.7374E-04    0.9590E-04
# With parameters(rot.):     0.2119E-03   -0.2539E-03    0.2532E-02
# Minimization at step:    66 with Value:     0.0000Tol(Act/Req):0.1993E+01/0.1000E-04
# With parameters(tra.):    -0.2813E-03    0.3380E-04    0.1072E-03
# With parameters(rot.):     0.1460E-03   -0.1685E-03    0.2497E-02
# Minimization at step:    67 with Value:     0.0000Tol(Act/Req):0.1991E+01/0.1000E-04
# With parameters(tra.):    -0.3217E-03   -0.1385E-04    0.1133E-03
# With parameters(rot.):     0.1486E-03   -0.1687E-03    0.2261E-02
# Minimization at step:    68 with Value:     0.0000Tol(Act/Req):0.1991E+01/0.1000E-04
# With parameters(tra.):    -0.3453E-03    0.9656E-04    0.8721E-04
# With parameters(rot.):     0.7216E-04   -0.2270E-03    0.1350E-02
# Minimization at step:    69 with Value:     0.0000Tol(Act/Req):0.1990E+01/0.1000E-04
# With parameters(tra.):    -0.2907E-03    0.1780E-03    0.1018E-03
# With parameters(rot.):     0.2017E-03   -0.1305E-03    0.3822E-03
# Minimization at step:    70 with Value:     0.0000Tol(Act/Req):0.1989E+01/0.1000E-04
# With parameters(tra.):    -0.1522E-03    0.2173E-03    0.9479E-04
# With parameters(rot.):     0.1520E-03   -0.3143E-03    0.2108E-03
# Minimization at step:    71 with Value:     0.0000Tol(Act/Req):0.1986E+01/0.1000E-04
# With parameters(tra.):    -0.1196E-03    0.2529E-03    0.7607E-04
# With parameters(rot.):     0.1685E-03   -0.3202E-03    0.2869E-03
# Minimization at step:    72 with Value:     0.0000Tol(Act/Req):0.1985E+01/0.1000E-04
# With parameters(tra.):    -0.1190E-03    0.2387E-03    0.7028E-04
# With parameters(rot.):     0.1334E-03   -0.3602E-03    0.5208E-03
# Minimization at step:    73 with Value:     0.0000Tol(Act/Req):0.1985E+01/0.1000E-04
# With parameters(tra.):    -0.1045E-03    0.2272E-03    0.8051E-04
# With parameters(rot.):    -0.2676E-05   -0.2532E-03   -0.2077E-03
# Minimization at step:    74 with Value:     0.0000Tol(Act/Req):0.1984E+01/0.1000E-04
# With parameters(tra.):    -0.6427E-06    0.1603E-03    0.1044E-03
# With parameters(rot.):     0.4884E-04   -0.2036E-03    0.1840E-03
# Minimization at step:    75 with Value:     0.0000Tol(Act/Req):0.1981E+01/0.1000E-04
# With parameters(tra.):    -0.8855E-04    0.1020E-03    0.1146E-03
# With parameters(rot.):     0.6410E-04    0.1706E-04    0.3465E-03
# Minimization at step:    76 with Value:     0.0000Tol(Act/Req):0.1980E+01/0.1000E-04
# With parameters(tra.):    -0.8932E-04    0.8787E-04    0.1178E-03
# With parameters(rot.):     0.5839E-04    0.3243E-04    0.6891E-04
# Minimization at step:    77 with Value:     0.0000Tol(Act/Req):0.1971E+01/0.1000E-04
# With parameters(tra.):    -0.6741E-04    0.1013E-03    0.1155E-03
# With parameters(rot.):     0.5409E-04   -0.2146E-04    0.5147E-05
# Minimization at step:    78 with Value:     0.0000Tol(Act/Req):0.1970E+01/0.1000E-04
# With parameters(tra.):    -0.6793E-04    0.9365E-04    0.1159E-03
# With parameters(rot.):     0.9284E-04   -0.2890E-04    0.2050E-03
# Minimization at step:    79 with Value:     0.0000Tol(Act/Req):0.1969E+01/0.1000E-04
# With parameters(tra.):    -0.9951E-04    0.1048E-03    0.1109E-03
# With parameters(rot.):     0.8363E-04   -0.2673E-04    0.1088E-03
# Minimization at step:    80 with Value:     0.0000Tol(Act/Req):0.1967E+01/0.1000E-04
# With parameters(tra.):    -0.2752E-04    0.1267E-03    0.8502E-04
# With parameters(rot.):     0.8837E-04    0.5926E-04    0.2017E-03
# Minimization at step:    81 with Value:     0.0000Tol(Act/Req):0.1945E+01/0.1000E-04
# With parameters(tra.):    -0.3745E-05    0.7745E-04    0.8001E-04
# With parameters(rot.):     0.2441E-04    0.1042E-03    0.4728E-03
# Minimization at step:    82 with Value:     0.0000Tol(Act/Req):0.1941E+01/0.1000E-04
# With parameters(tra.):     0.2325E-04    0.4564E-04    0.7380E-04
# With parameters(rot.):     0.1649E-05    0.1588E-03    0.5213E-04
# Minimization at step:    83 with Value:     0.0000Tol(Act/Req):0.1940E+01/0.1000E-04
# With parameters(tra.):     0.4176E-04    0.4769E-04    0.6918E-04
# With parameters(rot.):    -0.4868E-05    0.1469E-03    0.2416E-04
# Minimization at step:    84 with Value:     0.0000Tol(Act/Req):0.1918E+01/0.1000E-04
# With parameters(tra.):     0.2954E-04    0.3565E-04    0.7432E-04
# With parameters(rot.):    -0.1382E-04    0.1327E-03   -0.1384E-04
# Minimization at step:    85 with Value:     0.0000Tol(Act/Req):0.1918E+01/0.1000E-04
# With parameters(tra.):     0.3740E-04    0.2702E-04    0.7103E-04
# With parameters(rot.):    -0.3338E-05    0.1425E-03    0.6785E-04
# Minimization at step:    86 with Value:     0.0000Tol(Act/Req):0.1912E+01/0.1000E-04
# With parameters(tra.):     0.3183E-04    0.3342E-04    0.7236E-04
# With parameters(rot.):     0.1936E-05    0.1275E-03    0.1743E-03
# Minimization at step:    87 with Value:     0.0000Tol(Act/Req):0.1866E+01/0.1000E-04
# With parameters(tra.):     0.1730E-04    0.3232E-04    0.5520E-04
# With parameters(rot.):    -0.3230E-04    0.1693E-03    0.4642E-04
# Minimization at step:    88 with Value:     0.0000Tol(Act/Req):0.1856E+01/0.1000E-04
# With parameters(tra.):     0.1509E-04    0.3676E-04    0.5397E-04
# With parameters(rot.):    -0.2637E-04    0.1672E-03   -0.3430E-04
# Minimization at step:    89 with Value:     0.0000Tol(Act/Req):0.1850E+01/0.1000E-04
# With parameters(tra.):     0.4322E-04    0.3722E-04    0.3966E-04
# With parameters(rot.):    -0.4657E-04    0.1501E-03   -0.1097E-03
# Minimization at step:    90 with Value:     0.0000Tol(Act/Req):0.1815E+01/0.1000E-04
# With parameters(tra.):     0.2334E-04    0.1367E-04    0.3839E-04
# With parameters(rot.):    -0.7540E-04    0.1275E-03   -0.2177E-03
# Minimization at step:    91 with Value:     0.0000Tol(Act/Req):0.1810E+01/0.1000E-04
# With parameters(tra.):     0.3438E-04   -0.8049E-05    0.2094E-04
# With parameters(rot.):    -0.7845E-04    0.1420E-03   -0.1495E-03
# Minimization at step:    92 with Value:     0.0000Tol(Act/Req):0.1770E+01/0.1000E-04
# With parameters(tra.):     0.2409E-04   -0.9069E-05    0.6445E-05
# With parameters(rot.):    -0.9469E-04    0.1168E-03   -0.4444E-04
# Minimization at step:    93 with Value:     0.0000Tol(Act/Req):0.1757E+01/0.1000E-04
# With parameters(tra.):     0.1546E-04   -0.1304E-04    0.7256E-05
# With parameters(rot.):    -0.9365E-04    0.1183E-03   -0.2015E-04
# Minimization at step:    94 with Value:     0.0000Tol(Act/Req):0.1754E+01/0.1000E-04
# With parameters(tra.):    -0.1882E-05    0.7009E-05    0.2014E-04
# With parameters(rot.):    -0.9567E-04    0.9593E-04   -0.4526E-04
# Minimization at step:    95 with Value:     0.0000Tol(Act/Req):0.1752E+01/0.1000E-04
# With parameters(tra.):    -0.1196E-04    0.5974E-05    0.6403E-05
# With parameters(rot.):    -0.1069E-03    0.6805E-04   -0.2103E-03
# Minimization at step:    96 with Value:     0.0000Tol(Act/Req):0.1727E+01/0.1000E-04
# With parameters(tra.):    -0.1202E-04   -0.2074E-05    0.1572E-05
# With parameters(rot.):    -0.1089E-03    0.6440E-05   -0.2107E-03
# Minimization at step:    97 with Value:     0.0000Tol(Act/Req):0.1707E+01/0.1000E-04
# With parameters(tra.):    -0.3931E-05    0.1624E-04   -0.9428E-05
# With parameters(rot.):    -0.9129E-04   -0.1133E-04   -0.1004E-03
# Minimization at step:    98 with Value:     0.0000Tol(Act/Req):0.1703E+01/0.1000E-04
# With parameters(tra.):     0.8820E-05    0.2069E-04   -0.9637E-06
# With parameters(rot.):    -0.7486E-04   -0.9904E-05    0.1014E-03
# Minimization at step:    99 with Value:     0.0000Tol(Act/Req):0.1629E+01/0.1000E-04
# With parameters(tra.):     0.1405E-04    0.1682E-04   -0.5945E-05
# With parameters(rot.):    -0.7262E-04   -0.1312E-04    0.1199E-03
# Minimization at step:   100 with Value:     0.0000Tol(Act/Req):0.1618E+01/0.1000E-04
# With parameters(tra.):     0.1624E-04    0.2040E-04   -0.5364E-05
# With parameters(rot.):    -0.6908E-04    0.6510E-06    0.1475E-03
# Minimization at step:   101 with Value:     0.0000Tol(Act/Req):0.1575E+01/0.1000E-04
# With parameters(tra.):     0.1367E-04    0.1927E-04   -0.7846E-05
# With parameters(rot.):    -0.7271E-04    0.1174E-05    0.1009E-03
# Minimization at step:   102 with Value:     0.0000Tol(Act/Req):0.1543E+01/0.1000E-04
# With parameters(tra.):     0.1200E-04    0.6293E-05    0.7992E-06
# With parameters(rot.):    -0.8130E-04    0.1763E-04    0.6850E-04
# Minimization at step:   103 with Value:     0.0000Tol(Act/Req):0.1537E+01/0.1000E-04
# With parameters(tra.):    -0.6415E-05    0.4790E-05    0.2678E-06
# With parameters(rot.):    -0.7510E-04   -0.1295E-04    0.1466E-03
# Minimization at step:   104 with Value:     0.0000Tol(Act/Req):0.1514E+01/0.1000E-04
# With parameters(tra.):    -0.6292E-05    0.1043E-04    0.1270E-04
# With parameters(rot.):    -0.5233E-04   -0.3102E-04    0.1053E-03
# Minimization at step:   105 with Value:     0.0000Tol(Act/Req):0.1457E+01/0.1000E-04
# With parameters(tra.):    -0.1679E-05    0.1128E-04    0.1387E-04
# With parameters(rot.):    -0.5198E-04   -0.2488E-04    0.8233E-04
# Minimization at step:   106 with Value:     0.0000Tol(Act/Req):0.1233E+01/0.1000E-04
# With parameters(tra.):    -0.1325E-05    0.9936E-05    0.1086E-04
# With parameters(rot.):    -0.5765E-04   -0.1985E-04    0.9075E-04
# Minimization at step:   107 with Value:     0.0000Tol(Act/Req):0.1201E+01/0.1000E-04
# With parameters(tra.):     0.4004E-05   -0.1032E-06    0.6498E-05
# With parameters(rot.):    -0.4817E-04   -0.2853E-04    0.1180E-03
# Minimization at step:   108 with Value:     0.0000Tol(Act/Req):0.1167E+01/0.1000E-04
# With parameters(tra.):    -0.2266E-05   -0.6652E-05    0.6359E-05
# With parameters(rot.):    -0.4748E-04   -0.3517E-04    0.5243E-04
# Minimization at step:   109 with Value:     0.0000Tol(Act/Req):0.1134E+01/0.1000E-04
# With parameters(tra.):    -0.3176E-05   -0.5569E-05    0.5382E-05
# With parameters(rot.):    -0.4323E-04   -0.4231E-04    0.5649E-04
# Minimization at step:   110 with Value:     0.0000Tol(Act/Req):0.1062E+01/0.1000E-04
# With parameters(tra.):    -0.5269E-05   -0.7054E-05    0.1013E-04
# With parameters(rot.):    -0.2754E-04   -0.2909E-04    0.8140E-04
# Minimization at step:   111 with Value:     0.0000Tol(Act/Req):0.9867E+00/0.1000E-04
# With parameters(tra.):     0.2761E-05   -0.1147E-04    0.1122E-04
# With parameters(rot.):    -0.1870E-04   -0.1822E-04    0.3514E-04
# Minimization at step:   112 with Value:     0.0000Tol(Act/Req):0.9605E+00/0.1000E-04
# With parameters(tra.):     0.3278E-05   -0.1393E-04    0.9741E-05
# With parameters(rot.):    -0.1828E-04   -0.1557E-04    0.3471E-04
# Minimization at step:   113 with Value:     0.0000Tol(Act/Req):0.8135E+00/0.1000E-04
# With parameters(tra.):     0.1885E-05   -0.1257E-04    0.1110E-04
# With parameters(rot.):    -0.1816E-04   -0.1232E-04    0.2095E-04
# Minimization at step:   114 with Value:     0.0000Tol(Act/Req):0.7738E+00/0.1000E-04
# With parameters(tra.):     0.3004E-05   -0.1266E-04    0.9996E-05
# With parameters(rot.):    -0.2130E-04   -0.1422E-04    0.9681E-05
# Minimization at step:   115 with Value:     0.0000Tol(Act/Req):0.7634E+00/0.1000E-04
# With parameters(tra.):     0.1017E-05   -0.1165E-04    0.9622E-05
# With parameters(rot.):    -0.2373E-04   -0.1661E-04    0.1913E-04
# Minimization at step:   116 with Value:     0.0000Tol(Act/Req):0.7001E+00/0.1000E-04
# With parameters(tra.):     0.6292E-05   -0.8951E-05    0.1080E-04
# With parameters(rot.):    -0.1628E-04   -0.5995E-05    0.5176E-04
# Minimization at step:   117 with Value:     0.0000Tol(Act/Req):0.6463E+00/0.1000E-04
# With parameters(tra.):     0.7628E-05   -0.7911E-05    0.1065E-04
# With parameters(rot.):     0.1210E-05   -0.8175E-05    0.5831E-04
# Minimization at step:   118 with Value:     0.0000Tol(Act/Req):0.5873E+00/0.1000E-04
# With parameters(tra.):     0.4006E-05   -0.9676E-05    0.9731E-05
# With parameters(rot.):    -0.9793E-08   -0.1668E-04    0.3547E-04
# Minimization at step:   119 with Value:     0.0000Tol(Act/Req):0.5490E+00/0.1000E-04
# With parameters(tra.):     0.3370E-05   -0.1008E-04    0.9692E-05
# With parameters(rot.):    -0.4483E-05   -0.1684E-04    0.3193E-04
# Minimization at step:   120 with Value:     0.0000Tol(Act/Req):0.5063E+00/0.1000E-04
# With parameters(tra.):     0.4436E-05   -0.1371E-04    0.6724E-05
# With parameters(rot.):     0.9446E-06   -0.1197E-04    0.3015E-04
# Minimization at step:   121 with Value:     0.0000Tol(Act/Req):0.4409E+00/0.1000E-04
# With parameters(tra.):     0.2500E-05   -0.1137E-04    0.7986E-05
# With parameters(rot.):     0.7560E-05   -0.5354E-05    0.5684E-05
# Minimization at step:   122 with Value:     0.0000Tol(Act/Req):0.4136E+00/0.1000E-04
# With parameters(tra.):     0.4571E-05   -0.1112E-04    0.5107E-05
# With parameters(rot.):     0.1090E-04   -0.6213E-05   -0.1818E-04
# Minimization at step:   123 with Value:     0.0000Tol(Act/Req):0.3737E+00/0.1000E-04
# With parameters(tra.):     0.1781E-05   -0.8934E-05    0.2853E-05
# With parameters(rot.):     0.1759E-04   -0.7518E-05   -0.1173E-04
# Minimization at step:   124 with Value:     0.0000Tol(Act/Req):0.3544E+00/0.1000E-04
# With parameters(tra.):    -0.1693E-06   -0.3716E-05    0.4530E-05
# With parameters(rot.):     0.1771E-04   -0.1091E-04   -0.2390E-04
# Minimization at step:   125 with Value:     0.0000Tol(Act/Req):0.3394E+00/0.1000E-04
# With parameters(tra.):     0.8763E-06   -0.3499E-05    0.2116E-05
# With parameters(rot.):     0.1447E-04   -0.1938E-04   -0.9303E-05
# Minimization at step:   126 with Value:     0.0000Tol(Act/Req):0.3372E+00/0.1000E-04
# With parameters(tra.):     0.1451E-05   -0.4786E-05    0.1496E-05
# With parameters(rot.):     0.1417E-04   -0.1923E-04   -0.5042E-05
# Minimization at step:   127 with Value:     0.0000Tol(Act/Req):0.3285E+00/0.1000E-04
# With parameters(tra.):     0.5970E-06   -0.5431E-05    0.3703E-05
# With parameters(rot.):     0.1731E-04   -0.1072E-04   -0.1822E-04
# Minimization at step:   128 with Value:     0.0000Tol(Act/Req):0.3212E+00/0.1000E-04
# With parameters(tra.):     0.9166E-06   -0.4784E-05    0.3354E-05
# With parameters(rot.):     0.1895E-04   -0.8806E-05   -0.1889E-04
# Minimization at step:   129 with Value:     0.0000Tol(Act/Req):0.3093E+00/0.1000E-04
# With parameters(tra.):     0.1877E-05   -0.3922E-05    0.1031E-05
# With parameters(rot.):     0.1637E-04   -0.1668E-04   -0.5932E-05
# Minimization at step:   130 with Value:     0.0000Tol(Act/Req):0.3069E+00/0.1000E-04
# With parameters(tra.):     0.1077E-06   -0.2683E-05   -0.1936E-05
# With parameters(rot.):     0.1437E-04   -0.1696E-04   -0.2563E-04
# Minimization at step:   131 with Value:     0.0000Tol(Act/Req):0.2840E+00/0.1000E-04
# With parameters(tra.):    -0.1443E-05   -0.3131E-05   -0.6007E-06
# With parameters(rot.):     0.1629E-04   -0.9171E-05   -0.4516E-04
# Minimization at step:   132 with Value:     0.0000Tol(Act/Req):0.2804E+00/0.1000E-04
# With parameters(tra.):    -0.1129E-05   -0.3478E-05    0.2521E-06
# With parameters(rot.):     0.1695E-04   -0.8454E-05   -0.4186E-04
# Minimization at step:   133 with Value:     0.0000Tol(Act/Req):0.2695E+00/0.1000E-04
# With parameters(tra.):    -0.5100E-05   -0.1181E-05    0.1514E-05
# With parameters(rot.):     0.1563E-04   -0.8342E-05   -0.2589E-04
# Minimization at step:   134 with Value:     0.0000Tol(Act/Req):0.2488E+00/0.1000E-04
# With parameters(tra.):    -0.4604E-05   -0.7853E-06    0.3320E-05
# With parameters(rot.):     0.8289E-05   -0.7312E-05   -0.3706E-04
# Minimization at step:   135 with Value:     0.0000Tol(Act/Req):0.2391E+00/0.1000E-04
# With parameters(tra.):    -0.4480E-05   -0.4777E-06    0.3314E-05
# With parameters(rot.):     0.7143E-05   -0.9103E-05   -0.3150E-04
# Minimization at step:   136 with Value:     0.0000Tol(Act/Req):0.1869E+00/0.1000E-04
# With parameters(tra.):    -0.1347E-05   -0.2024E-05    0.2817E-05
# With parameters(rot.):     0.6012E-05   -0.9377E-05   -0.4489E-04
# Minimization at step:   137 with Value:     0.0000Tol(Act/Req):0.1599E+00/0.1000E-04
# With parameters(tra.):    -0.1200E-05   -0.2227E-05    0.2324E-05
# With parameters(rot.):     0.7658E-05   -0.9807E-05   -0.4275E-04
# Minimization at step:   138 with Value:     0.0000Tol(Act/Req):0.1548E+00/0.1000E-04
# With parameters(tra.):    -0.1266E-05   -0.7862E-07    0.1283E-05
# With parameters(rot.):     0.7185E-05   -0.6312E-05   -0.5203E-04
# Minimization at step:   139 with Value:     0.0000Tol(Act/Req):0.1293E+00/0.1000E-04
# With parameters(tra.):    -0.1022E-05   -0.1082E-05   -0.2911E-07
# With parameters(rot.):     0.4257E-05   -0.1719E-05   -0.5918E-04
# Minimization at step:   140 with Value:     0.0000Tol(Act/Req):0.1238E+00/0.1000E-04
# With parameters(tra.):    -0.5253E-06   -0.1004E-05    0.1180E-05
# With parameters(rot.):     0.2072E-05    0.1040E-05   -0.5856E-04
# Minimization at step:   141 with Value:     0.0000Tol(Act/Req):0.1091E+00/0.1000E-04
# With parameters(tra.):    -0.5449E-06   -0.7469E-06    0.1609E-05
# With parameters(rot.):     0.2622E-05    0.1218E-06   -0.5672E-04
# Minimization at step:   142 with Value:     0.0000Tol(Act/Req):0.1043E+00/0.1000E-04
# With parameters(tra.):     0.1015E-05   -0.2214E-06    0.1026E-05
# With parameters(rot.):    -0.1178E-05   -0.3856E-06   -0.5402E-04
# Minimization at step:   143 with Value:     0.0000Tol(Act/Req):0.1032E+00/0.1000E-04
# With parameters(tra.):    -0.2862E-06    0.1411E-05    0.7601E-06
# With parameters(rot.):    -0.2821E-05    0.2794E-05   -0.4814E-04
# Minimization at step:   144 with Value:     0.0000Tol(Act/Req):0.8365E-01/0.1000E-04
# With parameters(tra.):     0.1066E-06   -0.2409E-06    0.1627E-05
# With parameters(rot.):    -0.5685E-05    0.2335E-05   -0.3755E-04
# Minimization at step:   145 with Value:     0.0000Tol(Act/Req):0.7686E-01/0.1000E-04
# With parameters(tra.):     0.8369E-06    0.1637E-07    0.4071E-06
# With parameters(rot.):    -0.6842E-05    0.5523E-05   -0.3153E-04
# Minimization at step:   146 with Value:     0.0000Tol(Act/Req):0.7617E-01/0.1000E-04
# With parameters(tra.):     0.1256E-05   -0.5078E-06    0.4443E-06
# With parameters(rot.):    -0.6766E-05    0.4955E-05   -0.3162E-04
# Minimization at step:   147 with Value:     0.0000Tol(Act/Req):0.7482E-01/0.1000E-04
# With parameters(tra.):     0.1108E-05   -0.6159E-06    0.7523E-06
# With parameters(rot.):    -0.6470E-05    0.4111E-05   -0.3313E-04
# Minimization at step:   148 with Value:     0.0000Tol(Act/Req):0.6895E-01/0.1000E-04
# With parameters(tra.):     0.1093E-05   -0.2342E-06    0.4628E-06
# With parameters(rot.):    -0.5820E-05    0.4374E-05   -0.3541E-04
# Minimization at step:   149 with Value:     0.0000Tol(Act/Req):0.6155E-01/0.1000E-04
# With parameters(tra.):    -0.4404E-06   -0.7639E-06    0.8571E-06
# With parameters(rot.):    -0.3567E-05    0.6468E-05   -0.3191E-04
# Minimization at step:   150 with Value:     0.0000Tol(Act/Req):0.5854E-01/0.1000E-04
# With parameters(tra.):    -0.7432E-06   -0.7358E-06   -0.5646E-07
# With parameters(rot.):    -0.3990E-05    0.6437E-05   -0.2344E-04
# Minimization at step:   151 with Value:     0.0000Tol(Act/Req):0.5683E-01/0.1000E-04
# With parameters(tra.):    -0.8485E-06   -0.2172E-06    0.2460E-06
# With parameters(rot.):    -0.5095E-05    0.6706E-05   -0.8678E-05
# Minimization at step:   152 with Value:     0.0000Tol(Act/Req):0.3828E-01/0.1000E-04
# With parameters(tra.):    -0.4990E-06   -0.3922E-07    0.9649E-07
# With parameters(rot.):    -0.5785E-05    0.6202E-05   -0.7616E-05
# Minimization at step:   153 with Value:     0.0000Tol(Act/Req):0.3558E-01/0.1000E-04
# With parameters(tra.):    -0.4436E-06   -0.1540E-06    0.8421E-08
# With parameters(rot.):    -0.5567E-05    0.6093E-05   -0.1122E-04
# Minimization at step:   154 with Value:     0.0000Tol(Act/Req):0.3534E-01/0.1000E-04
# With parameters(tra.):    -0.1723E-06   -0.1085E-05   -0.6255E-07
# With parameters(rot.):    -0.5015E-05    0.5337E-05   -0.4591E-05
# Minimization at step:   155 with Value:     0.0000Tol(Act/Req):0.3344E-01/0.1000E-04
# With parameters(tra.):    -0.8944E-06   -0.1457E-05    0.2818E-06
# With parameters(rot.):    -0.3939E-05    0.4057E-05    0.1900E-05
# Minimization at step:   156 with Value:     0.0000Tol(Act/Req):0.2438E-01/0.1000E-04
# With parameters(tra.):    -0.1067E-05   -0.1368E-05    0.1220E-06
# With parameters(rot.):    -0.3457E-05    0.4162E-05    0.3870E-05
# Minimization at step:   157 with Value:     0.0000Tol(Act/Req):0.2278E-01/0.1000E-04
# With parameters(tra.):    -0.1019E-05   -0.1428E-05    0.3652E-06
# With parameters(rot.):    -0.3307E-05    0.3981E-05    0.4029E-05
# Minimization at step:   158 with Value:     0.0000Tol(Act/Req):0.1754E-01/0.1000E-04
# With parameters(tra.):    -0.6245E-06   -0.1508E-05    0.2082E-06
# With parameters(rot.):    -0.3723E-05    0.2670E-05    0.8534E-05
# Minimization at step:   159 with Value:     0.0000Tol(Act/Req):0.1700E-01/0.1000E-04
# With parameters(tra.):    -0.5739E-06   -0.2188E-05    0.9863E-07
# With parameters(rot.):    -0.2671E-05    0.1310E-05    0.7912E-05
# Minimization at step:   160 with Value:     0.0000Tol(Act/Req):0.1523E-01/0.1000E-04
# With parameters(tra.):     0.4779E-07   -0.2092E-05   -0.2055E-06
# With parameters(rot.):    -0.3162E-05    0.1583E-05    0.4546E-05
# Minimization at step:   161 with Value:     0.0000Tol(Act/Req):0.1331E-01/0.1000E-04
# With parameters(tra.):    -0.1502E-06   -0.1498E-05   -0.1821E-06
# With parameters(rot.):    -0.3095E-05    0.1088E-05    0.9641E-06
# Minimization at step:   162 with Value:     0.0000Tol(Act/Req):0.1250E-01/0.1000E-04
# With parameters(tra.):    -0.1904E-06   -0.1363E-05   -0.6032E-06
# With parameters(rot.):    -0.2011E-05    0.2732E-06    0.3935E-05
# Minimization at step:   163 with Value:     0.0000Tol(Act/Req):0.1077E-01/0.1000E-04
# With parameters(tra.):    -0.1711E-06   -0.1124E-05   -0.6343E-06
# With parameters(rot.):    -0.2219E-05    0.5267E-06    0.3759E-05
# Minimization at step:   164 with Value:     0.0000Tol(Act/Req):0.8508E-02/0.1000E-04
# With parameters(tra.):     0.2088E-06   -0.1142E-05   -0.4810E-06
# With parameters(rot.):    -0.1556E-05   -0.9885E-06    0.3987E-05
# Minimization at step:   165 with Value:     0.0000Tol(Act/Req):0.8495E-02/0.1000E-04
# With parameters(tra.):     0.2237E-06   -0.9669E-06   -0.6060E-06
# With parameters(rot.):    -0.5556E-06   -0.1334E-05   -0.5316E-06
# Minimization at step:   166 with Value:     0.0000Tol(Act/Req):0.7765E-02/0.1000E-04
# With parameters(tra.):     0.3574E-06   -0.9689E-06   -0.2909E-06
# With parameters(rot.):    -0.1005E-05   -0.1125E-05   -0.3877E-05
# Minimization at step:   167 with Value:     0.0000Tol(Act/Req):0.7316E-02/0.1000E-04
# With parameters(tra.):     0.2796E-06   -0.8913E-06   -0.2473E-06
# With parameters(rot.):    -0.7437E-06   -0.1396E-05   -0.4018E-05
# Minimization at step:   168 with Value:     0.0000Tol(Act/Req):0.5657E-02/0.1000E-04
# With parameters(tra.):     0.1905E-06   -0.8659E-06   -0.2662E-06
# With parameters(rot.):    -0.8418E-06   -0.1051E-05   -0.4742E-05
# Minimization at step:   169 with Value:     0.0000Tol(Act/Req):0.4805E-02/0.1000E-04
# With parameters(tra.):     0.1840E-06   -0.9012E-06   -0.2066E-06
# With parameters(rot.):    -0.1116E-05   -0.9412E-06   -0.3963E-05
# Minimization at step:   170 with Value:     0.0000Tol(Act/Req):0.2874E-02/0.1000E-04
# With parameters(tra.):     0.3018E-06   -0.4871E-06   -0.1464E-06
# With parameters(rot.):    -0.1152E-05   -0.9280E-06   -0.6157E-05
# Minimization at step:   171 with Value:     0.0000Tol(Act/Req):0.2873E-02/0.1000E-04
# With parameters(tra.):     0.1941E-06   -0.3252E-06   -0.3082E-06
# With parameters(rot.):    -0.9009E-06   -0.1002E-05   -0.4687E-05
# Minimization at step:   172 with Value:     0.0000Tol(Act/Req):0.2809E-02/0.1000E-04
# With parameters(tra.):     0.2723E-06   -0.3761E-06   -0.3246E-06
# With parameters(rot.):    -0.7346E-06   -0.1052E-05   -0.4263E-05
# Minimization at step:   173 with Value:     0.0000Tol(Act/Req):0.2606E-02/0.1000E-04
# With parameters(tra.):     0.1142E-06   -0.4924E-07   -0.2632E-06
# With parameters(rot.):    -0.2087E-06   -0.1480E-05   -0.4626E-05
# Minimization at step:   174 with Value:     0.0000Tol(Act/Req):0.2552E-02/0.1000E-04
# With parameters(tra.):     0.6332E-07    0.3154E-07   -0.2724E-06
# With parameters(rot.):    -0.2050E-06   -0.1343E-05   -0.4978E-05
# Minimization at step:   175 with Value:     0.0000Tol(Act/Req):0.2064E-02/0.1000E-04
# With parameters(tra.):     0.9860E-07   -0.4345E-07   -0.2885E-06
# With parameters(rot.):    -0.3362E-06   -0.1225E-05   -0.4917E-05
# Minimization at step:   176 with Value:     0.0000Tol(Act/Req):0.1841E-02/0.1000E-04
# With parameters(tra.):     0.5713E-07    0.1717E-06   -0.1966E-06
# With parameters(rot.):    -0.6240E-06   -0.1100E-05   -0.3677E-05
# Minimization at step:   177 with Value:     0.0000Tol(Act/Req):0.1191E-02/0.1000E-04
# With parameters(tra.):    -0.1029E-06    0.1152E-06   -0.2536E-06
# With parameters(rot.):    -0.4241E-06   -0.1166E-05   -0.1388E-05
# Minimization at step:   178 with Value:     0.0000Tol(Act/Req):0.1169E-02/0.1000E-04
# With parameters(tra.):    -0.9512E-07    0.1307E-06   -0.2558E-06
# With parameters(rot.):    -0.3151E-06   -0.1200E-05   -0.9361E-06
# Minimization at step:   179 with Value:     0.0000Tol(Act/Req):0.1150E-02/0.1000E-04
# With parameters(tra.):    -0.8382E-07    0.1207E-06   -0.7648E-07
# With parameters(rot.):    -0.3707E-06   -0.1193E-05   -0.1156E-05
# Minimization at step:   180 with Value:     0.0000Tol(Act/Req):0.1111E-02/0.1000E-04
# With parameters(tra.):    -0.2347E-06    0.3119E-06   -0.2954E-07
# With parameters(rot.):    -0.4186E-06   -0.8690E-06   -0.5862E-06
# Minimization at step:   181 with Value:     0.0000Tol(Act/Req):0.1111E-02/0.1000E-04
# With parameters(tra.):    -0.2752E-06    0.2804E-06    0.2456E-07
# With parameters(rot.):    -0.7083E-06   -0.5136E-06    0.9804E-06
# Minimization at step:   182 with Value:     0.0000Tol(Act/Req):0.9678E-03/0.1000E-04
# With parameters(tra.):    -0.2495E-06    0.3083E-06    0.6198E-07
# With parameters(rot.):    -0.7820E-06   -0.4427E-06    0.6054E-06
# Minimization at step:   183 with Value:     0.0000Tol(Act/Req):0.8494E-03/0.1000E-04
# With parameters(tra.):    -0.2373E-06    0.3185E-06    0.5157E-07
# With parameters(rot.):    -0.7157E-06   -0.5257E-06    0.1825E-06
# Minimization at step:   184 with Value:     0.0000Tol(Act/Req):0.8216E-03/0.1000E-04
# With parameters(tra.):    -0.2939E-06    0.1523E-06    0.4245E-07
# With parameters(rot.):    -0.4584E-06   -0.4596E-06    0.2296E-06
# Minimization at step:   185 with Value:     0.0000Tol(Act/Req):0.6143E-03/0.1000E-04
# With parameters(tra.):    -0.1956E-06   -0.3103E-07    0.2524E-07
# With parameters(rot.):    -0.4325E-06   -0.6000E-06    0.6358E-08
# Minimization at step:   186 with Value:     0.0000Tol(Act/Req):0.5520E-03/0.1000E-04
# With parameters(tra.):    -0.2078E-06   -0.4117E-07   -0.1112E-07
# With parameters(rot.):    -0.4237E-06   -0.5526E-06    0.1581E-06
# Minimization at step:   187 with Value:     0.0000Tol(Act/Req):0.3840E-03/0.1000E-04
# With parameters(tra.):    -0.2242E-06   -0.6093E-07    0.4668E-07
# With parameters(rot.):    -0.2874E-06   -0.4425E-06    0.1109E-05
# Minimization at step:   188 with Value:     0.0000Tol(Act/Req):0.3610E-03/0.1000E-04
# With parameters(tra.):    -0.2170E-06   -0.8745E-07    0.4107E-07
# With parameters(rot.):    -0.2185E-06   -0.4771E-06    0.9752E-06
# Minimization at step:   189 with Value:     0.0000Tol(Act/Req):0.2068E-03/0.1000E-04
# With parameters(tra.):    -0.1703E-06   -0.1446E-06    0.9196E-07
# With parameters(rot.):    -0.1881E-06   -0.3794E-06    0.5051E-06
# Minimization at step:   190 with Value:     0.0000Tol(Act/Req):0.1991E-03/0.1000E-04
# With parameters(tra.):    -0.1459E-06   -0.1277E-06    0.9837E-07
# With parameters(rot.):    -0.2299E-06   -0.3892E-06    0.5163E-06
# Minimization at step:   191 with Value:     0.0000Tol(Act/Req):0.1780E-03/0.1000E-04
# With parameters(tra.):    -0.1826E-06   -0.6024E-07    0.1253E-06
# With parameters(rot.):    -0.1923E-06   -0.2663E-06    0.7554E-06
# Minimization at step:   192 with Value:     0.0000Tol(Act/Req):0.1739E-03/0.1000E-04
# With parameters(tra.):    -0.1984E-06   -0.8689E-07    0.9799E-07
# With parameters(rot.):    -0.9763E-07   -0.7606E-07    0.1258E-05
# Minimization at step:   193 with Value:     0.0000Tol(Act/Req):0.1612E-03/0.1000E-04
# With parameters(tra.):    -0.1789E-06   -0.8237E-07    0.7656E-07
# With parameters(rot.):    -0.1253E-06   -0.2725E-07    0.6733E-06
# Minimization at step:   194 with Value:     0.0000Tol(Act/Req):0.1387E-03/0.1000E-04
# With parameters(tra.):    -0.1733E-06   -0.7533E-07    0.8159E-07
# With parameters(rot.):    -0.1512E-06   -0.7075E-07    0.4989E-06
# Minimization at step:   195 with Value:     0.0000Tol(Act/Req):0.8423E-04/0.1000E-04
# With parameters(tra.):    -0.1516E-06   -0.1121E-06    0.8330E-07
# With parameters(rot.):    -0.3116E-07   -0.2098E-07    0.1786E-06
# Minimization at step:   196 with Value:     0.0000Tol(Act/Req):0.6006E-04/0.1000E-04
# With parameters(tra.):    -0.1255E-06   -0.1588E-06    0.5937E-07
# With parameters(rot.):    -0.9714E-08   -0.2108E-07   -0.8519E-07
# Minimization at step:   197 with Value:     0.0000Tol(Act/Req):0.5994E-04/0.1000E-04
# With parameters(tra.):    -0.1416E-06   -0.1255E-06    0.1458E-07
# With parameters(rot.):     0.2950E-07    0.3324E-07    0.3142E-07
# Minimization at step:   198 with Value:     0.0000Tol(Act/Req):0.5704E-04/0.1000E-04
# With parameters(tra.):    -0.1253E-06   -0.1274E-06    0.5371E-08
# With parameters(rot.):     0.3574E-07   -0.6020E-08   -0.3470E-06
# Minimization at step:   199 with Value:     0.0000Tol(Act/Req):0.2434E-04/0.1000E-04
# With parameters(tra.):    -0.1113E-06   -0.1190E-06    0.8236E-09
# With parameters(rot.):     0.3698E-07    0.2100E-07   -0.4133E-06
# Minimization at step:   200 with Value:     0.0000Tol(Act/Req):0.2329E-04/0.1000E-04
# With parameters(tra.):    -0.1048E-06   -0.1268E-06    0.1088E-07
# With parameters(rot.):     0.2780E-07    0.6401E-08   -0.4796E-06
# Minimization at step:   201 with Value:     0.0000Tol(Act/Req):0.5648E-04/0.1000E-04
# With parameters(tra.):    -0.8221E-07   -0.1161E-06    0.6568E-08
# With parameters(rot.):     0.2736E-07    0.4328E-07   -0.5956E-06
# Minimization at step:   202 with Value:     0.0000Tol(Act/Req):0.5564E-04/0.1000E-04
# With parameters(tra.):    -0.7874E-07   -0.1110E-06    0.1311E-07
# With parameters(rot.):     0.2041E-07    0.8589E-07   -0.4262E-06
# Minimization at step:   203 with Value:     0.0000Tol(Act/Req):0.4893E-04/0.1000E-04
# With parameters(tra.):    -0.6488E-07   -0.1251E-06    0.1338E-07
# With parameters(rot.):     0.9663E-07    0.7479E-07   -0.2081E-06
# Minimization at step:   204 with Value:     0.0000Tol(Act/Req):0.4841E-04/0.1000E-04
# With parameters(tra.):    -0.5048E-07   -0.1049E-06   -0.1106E-07
# With parameters(rot.):     0.5917E-07    0.7353E-07   -0.1234E-06
# Minimization at step:   205 with Value:     0.0000Tol(Act/Req):0.4654E-04/0.1000E-04
# With parameters(tra.):    -0.1927E-07   -0.1132E-06    0.1728E-08
# With parameters(rot.):     0.5126E-07    0.6671E-07   -0.1371E-06
# Minimization at step:   206 with Value:     0.0000Tol(Act/Req):0.4489E-04/0.1000E-04
# With parameters(tra.):    -0.2917E-08   -0.1190E-06   -0.8602E-08
# With parameters(rot.):     0.6850E-07    0.1771E-07   -0.2101E-06
# Minimization at step:   207 with Value:     0.0000Tol(Act/Req):0.4455E-04/0.1000E-04
# With parameters(tra.):     0.2053E-07   -0.7463E-07   -0.1531E-07
# With parameters(rot.):     0.8027E-07    0.3070E-07   -0.7591E-07
# Minimization at step:   208 with Value:     0.0000Tol(Act/Req):0.4350E-04/0.1000E-04
# With parameters(tra.):     0.2285E-07   -0.7715E-07   -0.9547E-08
# With parameters(rot.):     0.9140E-07    0.2745E-07   -0.9313E-07
# Minimization at step:   209 with Value:     0.0000Tol(Act/Req):0.4306E-04/0.1000E-04
# With parameters(tra.):     0.3823E-07   -0.4711E-07   -0.1747E-07
# With parameters(rot.):     0.1343E-07    0.2277E-07   -0.2730E-06
# Minimization at step:   210 with Value:     0.0000Tol(Act/Req):0.3977E-04/0.1000E-04
# With parameters(tra.):     0.2618E-07   -0.1679E-07   -0.3666E-07
# With parameters(rot.):     0.8727E-08    0.1495E-07   -0.3046E-06
# Minimization at step:   211 with Value:     0.0000Tol(Act/Req):0.3572E-04/0.1000E-04
# With parameters(tra.):     0.3193E-07   -0.1704E-08   -0.3418E-07
# With parameters(rot.):     0.3420E-08    0.4272E-08   -0.4095E-06
# Minimization at step:   212 with Value:     0.0000Tol(Act/Req):0.3562E-04/0.1000E-04
# With parameters(tra.):     0.4257E-07   -0.2272E-08   -0.4557E-07
# With parameters(rot.):     0.4560E-08    0.5696E-08   -0.5460E-06
# Minimization at step:   213 with Value:     0.0000Tol(Act/Req):0.4254E-04/0.1000E-04
# With parameters(tra.):     0.2737E-08   -0.4849E-07   -0.2381E-07
# With parameters(rot.):     0.1553E-07    0.6137E-07   -0.6869E-06
# Minimization at step:   214 with Value:     0.0000Tol(Act/Req):0.2855E-04/0.1000E-04
# With parameters(tra.):     0.7252E-09   -0.5103E-07   -0.2423E-07
# With parameters(rot.):     0.1090E-07    0.5870E-07   -0.7232E-06
# Minimization at step:   215 with Value:     0.0000Tol(Act/Req):0.2147E-04/0.1000E-04
# With parameters(tra.):    -0.2810E-09   -0.5229E-07   -0.2445E-07
# With parameters(rot.):     0.8586E-08    0.5737E-07   -0.7414E-06
# Minimization at step:   216 with Value:     0.0000Tol(Act/Req):0.2122E-04/0.1000E-04
# With parameters(tra.):     0.7468E-08   -0.6630E-07   -0.1655E-07
# With parameters(rot.):     0.7929E-08    0.5841E-07   -0.7840E-06
# Minimization at step:   217 with Value:     0.0000Tol(Act/Req):0.2032E-04/0.1000E-04
# With parameters(tra.):     0.7714E-08   -0.6219E-07   -0.1619E-07
# With parameters(rot.):     0.2478E-08    0.6378E-07   -0.7970E-06
# Minimization at step:   218 with Value:     0.0000Tol(Act/Req):0.1820E-04/0.1000E-04
# With parameters(tra.):     0.1963E-08   -0.5066E-07   -0.2203E-07
# With parameters(rot.):     0.1607E-08    0.6435E-07   -0.7683E-06
# Minimization at step:   219 with Value:     0.0000Tol(Act/Req):0.1157E-04/0.1000E-04
# With parameters(tra.):     0.1647E-08   -0.5116E-07   -0.2193E-07
# With parameters(rot.):    -0.1310E-09    0.6427E-07   -0.7796E-06
# Minimization at step:   220 with Value:     0.0000Tol(Act/Req):0.1067E-04/0.1000E-04
# With parameters(tra.):     0.1015E-08   -0.5215E-07   -0.2174E-07
# With parameters(rot.):    -0.3607E-08    0.6410E-07   -0.8022E-06
# Minimization at step:   221 with Value:     0.0000Tol(Act/Req):0.1029E-04/0.1000E-04
# With parameters(tra.):     0.1894E-08   -0.5420E-07   -0.2074E-07
# With parameters(rot.):    -0.3897E-08    0.6398E-07   -0.8099E-06
# Minimization at step:   222 with Value:     0.0000Tol(Act/Req):0.8386E-05/0.1000E-04
# With parameters(tra.):     0.4454E-09   -0.4331E-07   -0.2155E-07
# With parameters(rot.):    -0.1692E-07    0.7480E-07   -0.8401E-06
# CSM Values after z minimization.
# Final Number of optim. Steps:   222
#      Before min is:      0.00000000030
# Final CSM Simplex Value is:      0.00000000030
# CSM Summary.
#    Inizial CSM Value is:      0.00000000030
#   After optimization is:      0.00000000030
#          Along x axe is:      0.00000000030
#          Along y axe is:      0.00000000030
#          Along z axe is:      0.00000000030
# The Lowest CSM Value is:      0.00000000030
#    Obtained CSM in % is:      0.00000002955
