# [csmmod_rdinput] messages reinitialized.
# MESLOG:[csmmod_rdinput] messages reinitialized.
# Input  file unit is: 5
# Input  file name is:stdin
# Output file unit is: 6
# Output file name is:stdout
# Error  file unit is: 6
# Error  file name is:stderr
# Log    file unit is: 6
# Log    file name is:stdlog
# MESLOG:[csm_rdinput] molecule_init called with debug.
[molecule] Nrec=  12 Format=nscxyz
  he               1    2    0.00000000D+00   0.10000000D+01   0.10000000D+01
  he               2    2    0.50000000D+00   0.86603000D+00   0.11000000D+01
  he               3    2    0.86603000D+00   0.50000000D+00   0.10000000D+01
  he               4    2    0.10000000D+01   0.00000000D+00   0.11000000D+01
  he               5    2    0.86603000D+00  -0.50000000D+00   0.10000000D+01
  he               6    2    0.50000000D+00  -0.86603000D+00   0.11000000D+01
  he               7    2    0.00000000D+00  -0.10000000D+01   0.10000000D+01
  he               8    2   -0.50000000D+00  -0.86603000D+00   0.11000000D+01
  he               9    2   -0.86603000D+00  -0.50000000D+00   0.10000000D+01
  he              10    2   -0.10000000D+01   0.00000000D+00   0.11000000D+01
  he              11    2   -0.86603000D+00   0.50000000D+00   0.10000000D+01
  he              12    2   -0.50000000D+00   0.86603000D+00   0.11000000D+01
# Molecule moved to the center of mass
# Shift Vector is:        0.00000000       0.00000000       0.55563591
# Inertia Tensor: (Before Diagonalization)
# Up Diagonal Columnwise
#    0.33771599D+01  -0.00000000D+00   0.33771599D+01  -0.00000000D+00  -0.00000000D+00   0.67207163D+01
# Inertia Tensor: (Full Matrix)
# 1,1 - 1,3           0.33771599D+01  -0.00000000D+00  -0.00000000D+00
# 2,1 - 2,3          -0.00000000D+00   0.33771599D+01  -0.00000000D+00
# 3,1 - 3,3          -0.00000000D+00  -0.00000000D+00   0.67207163D+01
# Inertia Tensor
# Inertia EigenValues:     0.33771599D+01   0.33771599D+01   0.67207163D+01
# Eigen Vectors:
# 1,1 - 1,3           0.10000000D+01   0.00000000D+00   0.00000000D+00
# 2,1 - 2,3           0.00000000D+00   0.10000000D+01   0.00000000D+00
# 3,1 - 3,3           0.00000000D+00   0.00000000D+00   0.10000000D+01
# Molecule Rotated to match inertia axes
[molecule] Nrec=  12 Format=nscxyz
  he               1    2    0.00000000D+00   0.10000000D+01  -0.50000000D-01
  he               2    2    0.50000000D+00   0.86603000D+00   0.50000000D-01
  he               3    2    0.86603000D+00   0.50000000D+00  -0.50000000D-01
  he               4    2    0.10000000D+01   0.00000000D+00   0.50000000D-01
  he               5    2    0.86603000D+00  -0.50000000D+00  -0.50000000D-01
  he               6    2    0.50000000D+00  -0.86603000D+00   0.50000000D-01
  he               7    2    0.00000000D+00  -0.10000000D+01  -0.50000000D-01
  he               8    2   -0.50000000D+00  -0.86603000D+00   0.50000000D-01
  he               9    2   -0.86603000D+00  -0.50000000D+00  -0.50000000D-01
  he              10    2   -0.10000000D+01   0.00000000D+00   0.50000000D-01
  he              11    2   -0.86603000D+00   0.50000000D+00  -0.50000000D-01
  he              12    2   -0.50000000D+00   0.86603000D+00   0.50000000D-01
# Initial Integrals follow ...
# INT: Number of electrons from integrated RHO:     23.99997549262
# INT: \int \rho \rho dr:      21.21699764548
# INT: \int \rho \tilde{\rho} dr/ng:      21.21699764546
# INT: \int \rho \tilde{\rho}m dr/ng:      20.61079771273
#  DEBUG     \int rr  =     21.21699764548
#  DEBUG     \int rr~ =     21.21699764546
#  DEBUG     \int rr~ =     21.21699764546
#  DEBUG     CSM value =      0.00000000000
#  DEBUG     CSM value =      0.00000000000
# Number of electrons =     23.99997549262
# Initial rho^2 value =     21.21699764548
#  Initial rrii value =      2.18655295398
#  Initial rrij value =     19.03044469150
#  Initial imj  value =     21.21699764546
#  Initial impj value =     20.61079771273
#  Initial CSM  value =      0.00000000000
#  Initial CSM% value =      0.00000000011
[molecule] Nrec=  12 Format=nscxyz
  he               1    2    0.00000000D+00   0.10000000D+01  -0.50000000D-01
  he               2    2    0.50000000D+00   0.86603000D+00   0.50000000D-01
  he               3    2    0.86603000D+00   0.50000000D+00  -0.50000000D-01
  he               4    2    0.10000000D+01   0.00000000D+00   0.50000000D-01
  he               5    2    0.86603000D+00  -0.50000000D+00  -0.50000000D-01
  he               6    2    0.50000000D+00  -0.86603000D+00   0.50000000D-01
  he               7    2    0.00000000D+00  -0.10000000D+01  -0.50000000D-01
  he               8    2   -0.50000000D+00  -0.86603000D+00   0.50000000D-01
  he               9    2   -0.86603000D+00  -0.50000000D+00  -0.50000000D-01
  he              10    2   -0.10000000D+01   0.00000000D+00   0.50000000D-01
  he              11    2   -0.86603000D+00   0.50000000D+00  -0.50000000D-01
  he              12    2   -0.50000000D+00   0.86603000D+00   0.50000000D-01
# Request Simplex: Run it with internal procedure. NOT IMPLEMENTED!
# Request for Simplex: Initial Coordinates.
[molecule] Nrec=  12 Format=nscxyz
  he               1    2    0.00000000D+00   0.10000000D+01  -0.50000000D-01
  he               2    2    0.50000000D+00   0.86603000D+00   0.50000000D-01
  he               3    2    0.86603000D+00   0.50000000D+00  -0.50000000D-01
  he               4    2    0.10000000D+01   0.00000000D+00   0.50000000D-01
  he               5    2    0.86603000D+00  -0.50000000D+00  -0.50000000D-01
  he               6    2    0.50000000D+00  -0.86603000D+00   0.50000000D-01
  he               7    2    0.00000000D+00  -0.10000000D+01  -0.50000000D-01
  he               8    2   -0.50000000D+00  -0.86603000D+00   0.50000000D-01
  he               9    2   -0.86603000D+00  -0.50000000D+00  -0.50000000D-01
  he              10    2   -0.10000000D+01   0.00000000D+00   0.50000000D-01
  he              11    2   -0.86603000D+00   0.50000000D+00  -0.50000000D-01
  he              12    2   -0.50000000D+00   0.86603000D+00   0.50000000D-01
# Minimization at step:     0 with Value:     0.0032Tol(Act/Req):0.2000E+01/0.1000E-04
# With parameters(tra.):     0.1429E-01    0.1429E-01    0.1429E-01
# With parameters(rot.):     0.1429E-01    0.1429E-01    0.1429E-01
# Minimization at step:     1 with Value:     0.0022Tol(Act/Req):0.2000E+01/0.1000E-04
# With parameters(tra.):     0.1548E-01    0.1548E-01    0.7143E-02
# With parameters(rot.):     0.1548E-01    0.1548E-01    0.1548E-01
# Minimization at step:     2 with Value:     0.0015Tol(Act/Req):0.2000E+01/0.1000E-04
# With parameters(tra.):     0.1677E-01    0.8433E-02    0.7738E-02
# With parameters(rot.):     0.1677E-01    0.1677E-01    0.1677E-01
# Minimization at step:     3 with Value:     0.0009Tol(Act/Req):0.2000E+01/0.1000E-04
# With parameters(tra.):    -0.4043E-02    0.1054E-01    0.9673E-02
# With parameters(rot.):     0.2096E-01    0.2096E-01    0.2096E-01
# Minimization at step:     4 with Value:     0.0006Tol(Act/Req):0.2000E+01/0.1000E-04
# With parameters(tra.):    -0.7137E-02    0.1109E-01   -0.4092E-03
# With parameters(rot.):     0.2411E-01    0.2411E-01    0.2411E-01
# Minimization at step:     5 with Value:     0.0004Tol(Act/Req):0.2000E+01/0.1000E-04
# With parameters(tra.):    -0.8484E-02    0.7792E-02   -0.7906E-03
# With parameters(rot.):     0.2537E-01    0.2537E-01    0.2537E-01
# Minimization at step:     6 with Value:     0.0003Tol(Act/Req):0.2000E+01/0.1000E-04
# With parameters(tra.):     0.8103E-03    0.6051E-02   -0.4374E-02
# With parameters(rot.):     0.2438E-01    0.2438E-01    0.2438E-01
# Minimization at step:     7 with Value:     0.0002Tol(Act/Req):0.2000E+01/0.1000E-04
# With parameters(tra.):     0.4344E-02    0.4515E-02   -0.3238E-03
# With parameters(rot.):     0.2287E-01    0.2287E-01    0.2287E-01
# Minimization at step:     8 with Value:     0.0001Tol(Act/Req):0.2000E+01/0.1000E-04
# With parameters(tra.):     0.4740E-02    0.2592E-02   -0.4755E-03
# With parameters(rot.):     0.2329E-01    0.2329E-01    0.2329E-01
# Minimization at step:     9 with Value:     0.0001Tol(Act/Req):0.2000E+01/0.1000E-04
# With parameters(tra.):     0.1075E-02    0.2597E-02    0.2291E-02
# With parameters(rot.):     0.2351E-01    0.2351E-01    0.2351E-01
# Minimization at step:    10 with Value:     0.0001Tol(Act/Req):0.2000E+01/0.1000E-04
# With parameters(tra.):     0.2134E-03    0.2694E-02    0.1833E-02
# With parameters(rot.):     0.2381E-01    0.2381E-01    0.2381E-01
# Minimization at step:    11 with Value:     0.0001Tol(Act/Req):0.2000E+01/0.1000E-04
# With parameters(tra.):    -0.3249E-03   -0.1656E-03    0.2183E-02
# With parameters(rot.):     0.2458E-01    0.2458E-01    0.2458E-01
# Minimization at step:    12 with Value:     0.0001Tol(Act/Req):0.2000E+01/0.1000E-04
# With parameters(tra.):    -0.3520E-03   -0.1794E-03    0.2365E-02
# With parameters(rot.):     0.1829E-01    0.2662E-01    0.2662E-01
# Minimization at step:    13 with Value:     0.0000Tol(Act/Req):0.2000E+01/0.1000E-04
# With parameters(tra.):    -0.4400E-03   -0.2242E-03    0.2956E-02
# With parameters(rot.):     0.2286E-01    0.8281E-02    0.3328E-01
# Minimization at step:    14 with Value:     0.0000Tol(Act/Req):0.2000E+01/0.1000E-04
# With parameters(tra.):     0.1014E-02   -0.9325E-03    0.1739E-02
# With parameters(rot.):     0.2259E-01    0.4363E-02    0.3561E-01
# Minimization at step:    15 with Value:     0.0000Tol(Act/Req):0.2000E+01/0.1000E-04
# With parameters(tra.):    -0.4424E-03   -0.1949E-02    0.7940E-03
# With parameters(rot.):     0.2280E-01   -0.1510E-02    0.4016E-01
# Minimization at step:    16 with Value:     0.0000Tol(Act/Req):0.2000E+01/0.1000E-04
# With parameters(tra.):    -0.1226E-03   -0.6369E-03    0.9790E-04
# With parameters(rot.):     0.2169E-01   -0.1071E-01    0.4484E-01
# Minimization at step:    17 with Value:     0.0000Tol(Act/Req):0.2000E+01/0.1000E-04
# With parameters(tra.):    -0.1003E-03   -0.8170E-03   -0.2939E-03
# With parameters(rot.):     0.1026E-01   -0.1906E-01    0.5501E-01
# Minimization at step:    18 with Value:     0.0000Tol(Act/Req):0.2000E+01/0.1000E-04
# With parameters(tra.):     0.2922E-03   -0.4687E-03   -0.1482E-03
# With parameters(rot.):     0.9161E-02   -0.1906E-01    0.5511E-01
# Minimization at step:    19 with Value:     0.0000Tol(Act/Req):0.1999E+01/0.1000E-04
# With parameters(tra.):     0.5192E-03   -0.5074E-03   -0.1220E-02
# With parameters(rot.):     0.3448E-02   -0.1672E-01    0.5724E-01
# Minimization at step:    20 with Value:     0.0000Tol(Act/Req):0.1999E+01/0.1000E-04
# With parameters(tra.):     0.7034E-03   -0.2240E-03   -0.1137E-02
# With parameters(rot.):     0.1262E-01   -0.7591E-02    0.4782E-01
# Minimization at step:    21 with Value:     0.0000Tol(Act/Req):0.1999E+01/0.1000E-04
# With parameters(tra.):     0.6701E-03   -0.1105E-02   -0.9233E-03
# With parameters(rot.):     0.1117E-01    0.9234E-04    0.4505E-01
# Minimization at step:    22 with Value:     0.0000Tol(Act/Req):0.1999E+01/0.1000E-04
# With parameters(tra.):     0.5237E-03   -0.1537E-02   -0.9324E-03
# With parameters(rot.):     0.3937E-02   -0.4835E-02    0.5142E-01
# Minimization at step:    23 with Value:     0.0000Tol(Act/Req):0.1999E+01/0.1000E-04
# With parameters(tra.):    -0.3257E-03   -0.1334E-02   -0.9920E-03
# With parameters(rot.):    -0.5908E-03   -0.5175E-02    0.5421E-01
# Minimization at step:    24 with Value:     0.0000Tol(Act/Req):0.1999E+01/0.1000E-04
# With parameters(tra.):     0.2534E-03   -0.9262E-03   -0.9818E-03
# With parameters(rot.):    -0.6033E-02   -0.5363E-03    0.5411E-01
# Minimization at step:    25 with Value:     0.0000Tol(Act/Req):0.1998E+01/0.1000E-04
# With parameters(tra.):     0.1345E-04   -0.1040E-02   -0.1880E-03
# With parameters(rot.):    -0.5385E-02    0.3301E-02    0.5165E-01
# Minimization at step:    26 with Value:     0.0000Tol(Act/Req):0.1998E+01/0.1000E-04
# With parameters(tra.):    -0.1513E-03   -0.1152E-02   -0.1244E-03
# With parameters(rot.):    -0.3970E-02    0.2461E-02    0.5147E-01
# Minimization at step:    27 with Value:     0.0000Tol(Act/Req):0.1998E+01/0.1000E-04
# With parameters(tra.):    -0.2142E-03   -0.1009E-02   -0.9342E-04
# With parameters(rot.):    -0.4992E-02    0.1378E-02    0.5247E-01
# Minimization at step:    28 with Value:     0.0000Tol(Act/Req):0.1998E+01/0.1000E-04
# With parameters(tra.):    -0.1732E-03   -0.9777E-03   -0.2840E-03
# With parameters(rot.):    -0.5121E-02    0.2585E-03    0.5315E-01
# Minimization at step:    29 with Value:     0.0000Tol(Act/Req):0.1997E+01/0.1000E-04
# With parameters(tra.):    -0.2742E-03   -0.6214E-03   -0.1174E-03
# With parameters(rot.):    -0.3767E-02    0.3996E-02    0.5039E-01
# Minimization at step:    30 with Value:     0.0000Tol(Act/Req):0.1995E+01/0.1000E-04
# With parameters(tra.):    -0.1283E-03   -0.5958E-03   -0.3454E-04
# With parameters(rot.):    -0.3278E-02    0.4816E-02    0.4961E-01
# Minimization at step:    31 with Value:     0.0000Tol(Act/Req):0.1994E+01/0.1000E-04
# With parameters(tra.):    -0.4502E-03   -0.6336E-03    0.1226E-03
# With parameters(rot.):    -0.2177E-03    0.3922E-02    0.4863E-01
# Minimization at step:    32 with Value:     0.0000Tol(Act/Req):0.1994E+01/0.1000E-04
# With parameters(tra.):    -0.6547E-03   -0.2228E-03    0.2567E-03
# With parameters(rot.):    -0.6692E-03    0.2603E-02    0.4934E-01
# Minimization at step:    33 with Value:     0.0000Tol(Act/Req):0.1992E+01/0.1000E-04
# With parameters(tra.):    -0.4644E-03   -0.9180E-04    0.1723E-03
# With parameters(rot.):    -0.3077E-02    0.2945E-02    0.5026E-01
# Minimization at step:    34 with Value:     0.0000Tol(Act/Req):0.1991E+01/0.1000E-04
# With parameters(tra.):    -0.4794E-03    0.2656E-03   -0.5674E-04
# With parameters(rot.):    -0.2654E-02    0.1601E-02    0.5066E-01
# Minimization at step:    35 with Value:     0.0000Tol(Act/Req):0.1990E+01/0.1000E-04
# With parameters(tra.):    -0.2823E-03    0.7966E-04   -0.2356E-03
# With parameters(rot.):    -0.2812E-02    0.2339E-02    0.5046E-01
# Minimization at step:    36 with Value:     0.0000Tol(Act/Req):0.1990E+01/0.1000E-04
# With parameters(tra.):    -0.2661E-03    0.7871E-04   -0.2732E-03
# With parameters(rot.):    -0.2958E-02    0.1578E-02    0.5092E-01
# Minimization at step:    37 with Value:     0.0000Tol(Act/Req):0.1989E+01/0.1000E-04
# With parameters(tra.):    -0.2446E-03   -0.2622E-04   -0.2340E-03
# With parameters(rot.):    -0.3089E-02    0.1912E-02    0.5084E-01
# Minimization at step:    38 with Value:     0.0000Tol(Act/Req):0.1981E+01/0.1000E-04
# With parameters(tra.):    -0.5485E-04    0.1546E-03   -0.1597E-03
# With parameters(rot.):    -0.2307E-02    0.2417E-02    0.4997E-01
# Minimization at step:    39 with Value:     0.0000Tol(Act/Req):0.1973E+01/0.1000E-04
# With parameters(tra.):    -0.4520E-04    0.1493E-03   -0.2141E-03
# With parameters(rot.):    -0.4446E-03    0.2014E-02    0.4927E-01
# Minimization at step:    40 with Value:     0.0000Tol(Act/Req):0.1971E+01/0.1000E-04
# With parameters(tra.):    -0.9763E-04    0.2965E-03   -0.8762E-04
# With parameters(rot.):     0.4495E-03    0.1414E-02    0.4901E-01
# Minimization at step:    41 with Value:     0.0000Tol(Act/Req):0.1968E+01/0.1000E-04
# With parameters(tra.):    -0.7551E-04    0.3142E-03   -0.9096E-04
# With parameters(rot.):     0.6604E-03    0.1019E-02    0.4909E-01
# Minimization at step:    42 with Value:     0.0000Tol(Act/Req):0.1967E+01/0.1000E-04
# With parameters(tra.):    -0.3066E-04    0.2082E-03   -0.1866E-03
# With parameters(rot.):     0.4260E-04    0.1371E-02    0.4930E-01
# Minimization at step:    43 with Value:     0.0000Tol(Act/Req):0.1962E+01/0.1000E-04
# With parameters(tra.):     0.8371E-04    0.7650E-04   -0.9239E-04
# With parameters(rot.):     0.8243E-03    0.1859E-02    0.4862E-01
# Minimization at step:    44 with Value:     0.0000Tol(Act/Req):0.1961E+01/0.1000E-04
# With parameters(tra.):     0.9204E-04    0.7174E-04   -0.6865E-04
# With parameters(rot.):     0.4645E-03    0.1947E-02    0.4875E-01
# Minimization at step:    45 with Value:     0.0000Tol(Act/Req):0.1952E+01/0.1000E-04
# With parameters(tra.):     0.6414E-04    0.1043E-03   -0.9023E-04
# With parameters(rot.):     0.2391E-03    0.1832E-02    0.4893E-01
# Minimization at step:    46 with Value:     0.0000Tol(Act/Req):0.1914E+01/0.1000E-04
# With parameters(tra.):    -0.9616E-06    0.1311E-05   -0.1101E-03
# With parameters(rot.):     0.4845E-03    0.1434E-02    0.4910E-01
# Minimization at step:    47 with Value:     0.0000Tol(Act/Req):0.1910E+01/0.1000E-04
# With parameters(tra.):     0.6812E-04   -0.6764E-04   -0.1231E-03
# With parameters(rot.):     0.8478E-03    0.7833E-03    0.4925E-01
# Minimization at step:    48 with Value:     0.0000Tol(Act/Req):0.1901E+01/0.1000E-04
# With parameters(tra.):     0.6888E-04   -0.7296E-04   -0.1019E-03
# With parameters(rot.):     0.1018E-02    0.6757E-03    0.4921E-01
# Minimization at step:    49 with Value:     0.0000Tol(Act/Req):0.1890E+01/0.1000E-04
# With parameters(tra.):     0.1725E-04   -0.2258E-04   -0.8678E-04
# With parameters(rot.):     0.7879E-03    0.1136E-02    0.4908E-01
# Minimization at step:    50 with Value:     0.0000Tol(Act/Req):0.1885E+01/0.1000E-04
# With parameters(tra.):     0.8982E-05   -0.6354E-04   -0.4534E-04
# With parameters(rot.):     0.1762E-03    0.1042E-02    0.4944E-01
# Minimization at step:    51 with Value:     0.0000Tol(Act/Req):0.1770E+01/0.1000E-04
# With parameters(tra.):    -0.4666E-04   -0.5670E-04   -0.6649E-04
# With parameters(rot.):    -0.1776E-03    0.6725E-03    0.4984E-01
# Minimization at step:    52 with Value:     0.0000Tol(Act/Req):0.1767E+01/0.1000E-04
# With parameters(tra.):    -0.1848E-04   -0.7391E-05   -0.3874E-04
# With parameters(rot.):    -0.5619E-03    0.6848E-03    0.4997E-01
# Minimization at step:    53 with Value:     0.0000Tol(Act/Req):0.1762E+01/0.1000E-04
# With parameters(tra.):    -0.2539E-04   -0.4590E-05   -0.2286E-04
# With parameters(rot.):    -0.6086E-03    0.6317E-03    0.5001E-01
# Minimization at step:    54 with Value:     0.0000Tol(Act/Req):0.1755E+01/0.1000E-04
# With parameters(tra.):    -0.2777E-04    0.4087E-04   -0.4832E-04
# With parameters(rot.):    -0.3460E-03    0.5999E-03    0.4989E-01
# Minimization at step:    55 with Value:     0.0000Tol(Act/Req):0.1734E+01/0.1000E-04
# With parameters(tra.):    -0.8368E-05    0.2843E-04   -0.4557E-04
# With parameters(rot.):    -0.5706E-03    0.1139E-03    0.5024E-01
# Minimization at step:    56 with Value:     0.0000Tol(Act/Req):0.1662E+01/0.1000E-04
# With parameters(tra.):    -0.2697E-04    0.4087E-06   -0.6808E-04
# With parameters(rot.):    -0.2846E-03   -0.3806E-04    0.5021E-01
# Minimization at step:    57 with Value:     0.0000Tol(Act/Req):0.1591E+01/0.1000E-04
# With parameters(tra.):    -0.3337E-04    0.1182E-05   -0.7065E-04
# With parameters(rot.):    -0.2046E-03    0.7079E-04    0.5012E-01
# Minimization at step:    58 with Value:     0.0000Tol(Act/Req):0.1462E+01/0.1000E-04
# With parameters(tra.):     0.8152E-05    0.1591E-04   -0.5794E-04
# With parameters(rot.):     0.2233E-04    0.1166E-03    0.4995E-01
# Minimization at step:    59 with Value:     0.0000Tol(Act/Req):0.1433E+01/0.1000E-04
# With parameters(tra.):     0.5528E-05    0.2835E-04   -0.3787E-04
# With parameters(rot.):     0.1394E-03   -0.1612E-03    0.5001E-01
# Minimization at step:    60 with Value:     0.0000Tol(Act/Req):0.1369E+01/0.1000E-04
# With parameters(tra.):     0.8701E-05    0.1973E-04   -0.3276E-04
# With parameters(rot.):     0.1361E-03   -0.2194E-03    0.5004E-01
# Minimization at step:    61 with Value:     0.0000Tol(Act/Req):0.1338E+01/0.1000E-04
# With parameters(tra.):    -0.1634E-05    0.1637E-04   -0.3383E-04
# With parameters(rot.):     0.8884E-04   -0.2588E-03    0.5009E-01
# Minimization at step:    62 with Value:     0.0000Tol(Act/Req):0.1312E+01/0.1000E-04
# With parameters(tra.):    -0.1575E-05    0.1226E-04   -0.3852E-04
# With parameters(rot.):     0.5536E-04   -0.1975E-03    0.5008E-01
# Minimization at step:    63 with Value:     0.0000Tol(Act/Req):0.1165E+01/0.1000E-04
# With parameters(tra.):     0.1407E-04    0.2923E-04   -0.1987E-04
# With parameters(rot.):    -0.2696E-05   -0.1614E-03    0.5007E-01
# Minimization at step:    64 with Value:     0.0000Tol(Act/Req):0.8631E+00/0.1000E-04
# With parameters(tra.):     0.1483E-04    0.3196E-04   -0.1692E-04
# With parameters(rot.):     0.5413E-04   -0.1263E-03    0.5002E-01
# Minimization at step:    65 with Value:     0.0000Tol(Act/Req):0.7726E+00/0.1000E-04
# With parameters(tra.):     0.2112E-04    0.2209E-04   -0.5285E-05
# With parameters(rot.):     0.2866E-04   -0.1902E-03    0.5006E-01
# Minimization at step:    66 with Value:     0.0000Tol(Act/Req):0.7342E+00/0.1000E-04
# With parameters(tra.):     0.2880E-04    0.1714E-04   -0.3569E-05
# With parameters(rot.):    -0.4719E-04   -0.6516E-04    0.5003E-01
# Minimization at step:    67 with Value:     0.0000Tol(Act/Req):0.6173E+00/0.1000E-04
# With parameters(tra.):     0.2617E-04    0.1553E-04   -0.1587E-05
# With parameters(rot.):    -0.8215E-04   -0.6875E-04    0.5006E-01
# Minimization at step:    68 with Value:     0.0000Tol(Act/Req):0.5814E+00/0.1000E-04
# With parameters(tra.):     0.1977E-04   -0.3584E-06   -0.7927E-05
# With parameters(rot.):    -0.6994E-04   -0.6193E-04    0.5006E-01
# Minimization at step:    69 with Value:     0.0000Tol(Act/Req):0.5736E+00/0.1000E-04
# With parameters(tra.):     0.1710E-04   -0.5818E-06   -0.8719E-05
# With parameters(rot.):    -0.5287E-04   -0.9293E-04    0.5007E-01
# Minimization at step:    70 with Value:     0.0000Tol(Act/Req):0.3911E+00/0.1000E-04
# With parameters(tra.):     0.1879E-04   -0.4630E-05   -0.2245E-05
# With parameters(rot.):     0.5623E-05   -0.3197E-04    0.5001E-01
# Minimization at step:    71 with Value:     0.0000Tol(Act/Req):0.3583E+00/0.1000E-04
# With parameters(tra.):     0.1755E-04   -0.5211E-05   -0.3930E-05
# With parameters(rot.):     0.7947E-05   -0.8131E-05    0.5000E-01
# Minimization at step:    72 with Value:     0.0000Tol(Act/Req):0.3277E+00/0.1000E-04
# With parameters(tra.):     0.1896E-04   -0.1644E-05   -0.2012E-05
# With parameters(rot.):     0.1138E-04   -0.5350E-05    0.4999E-01
# Minimization at step:    73 with Value:     0.0000Tol(Act/Req):0.2097E+00/0.1000E-04
# With parameters(tra.):     0.1322E-04   -0.8363E-05    0.8552E-06
# With parameters(rot.):    -0.1767E-04    0.5123E-05    0.5000E-01
# Minimization at step:    74 with Value:     0.0000Tol(Act/Req):0.1556E+00/0.1000E-04
# With parameters(tra.):     0.8237E-05   -0.1064E-04    0.2061E-05
# With parameters(rot.):     0.1673E-04   -0.1686E-04    0.5000E-01
# Minimization at step:    75 with Value:     0.0000Tol(Act/Req):0.1402E+00/0.1000E-04
# With parameters(tra.):     0.4751E-05   -0.1012E-04   -0.9986E-07
# With parameters(rot.):    -0.9735E-05   -0.4356E-04    0.5003E-01
# Minimization at step:    76 with Value:     0.0000Tol(Act/Req):0.1108E+00/0.1000E-04
# With parameters(tra.):     0.3063E-05   -0.1082E-04   -0.6233E-06
# With parameters(rot.):    -0.1005E-04   -0.3460E-04    0.5003E-01
# Minimization at step:    77 with Value:     0.0000Tol(Act/Req):0.8343E-01/0.1000E-04
# With parameters(tra.):     0.5924E-06   -0.6748E-05    0.3676E-05
# With parameters(rot.):    -0.1032E-04   -0.3878E-04    0.5003E-01
# Minimization at step:    78 with Value:     0.0000Tol(Act/Req):0.6550E-01/0.1000E-04
# With parameters(tra.):     0.3102E-06   -0.2984E-05    0.2947E-05
# With parameters(rot.):     0.6050E-05   -0.5500E-04    0.5002E-01
# Minimization at step:    79 with Value:     0.0000Tol(Act/Req):0.6215E-01/0.1000E-04
# With parameters(tra.):     0.9043E-06   -0.3689E-05    0.1812E-05
# With parameters(rot.):     0.7481E-05   -0.5530E-04    0.5002E-01
# Minimization at step:    80 with Value:     0.0000Tol(Act/Req):0.5032E-01/0.1000E-04
# With parameters(tra.):     0.1561E-05   -0.8108E-06    0.1147E-05
# With parameters(rot.):    -0.1203E-04   -0.5392E-04    0.5003E-01
# Minimization at step:    81 with Value:     0.0000Tol(Act/Req):0.4963E-01/0.1000E-04
# With parameters(tra.):     0.2822E-05    0.1946E-05    0.3003E-05
# With parameters(rot.):     0.4845E-05   -0.3957E-04    0.5001E-01
# Minimization at step:    82 with Value:     0.0000Tol(Act/Req):0.4017E-01/0.1000E-04
# With parameters(tra.):     0.2303E-06    0.4088E-05    0.3124E-05
# With parameters(rot.):     0.8100E-05   -0.2736E-04    0.5001E-01
# Minimization at step:    83 with Value:     0.0000Tol(Act/Req):0.2795E-01/0.1000E-04
# With parameters(tra.):    -0.1364E-05    0.2556E-05    0.1763E-05
# With parameters(rot.):    -0.3745E-05   -0.3507E-04    0.5002E-01
# Minimization at step:    84 with Value:     0.0000Tol(Act/Req):0.2224E-01/0.1000E-04
# With parameters(tra.):    -0.1733E-05    0.1895E-05    0.1853E-05
# With parameters(rot.):    -0.1792E-04   -0.1762E-04    0.5002E-01
# Minimization at step:    85 with Value:     0.0000Tol(Act/Req):0.1849E-01/0.1000E-04
# With parameters(tra.):    -0.1425E-05    0.2346E-05   -0.4037E-06
# With parameters(rot.):    -0.2352E-04   -0.5664E-05    0.5001E-01
# Minimization at step:    86 with Value:     0.0000Tol(Act/Req):0.1808E-01/0.1000E-04
# With parameters(tra.):    -0.2857E-05    0.1479E-05   -0.4772E-06
# With parameters(rot.):    -0.1434E-04    0.9499E-05    0.5000E-01
# Minimization at step:    87 with Value:     0.0000Tol(Act/Req):0.1556E-01/0.1000E-04
# With parameters(tra.):    -0.3054E-05    0.1294E-05    0.8092E-07
# With parameters(rot.):    -0.1218E-04    0.7774E-05    0.5000E-01
# Minimization at step:    88 with Value:     0.0000Tol(Act/Req):0.1520E-01/0.1000E-04
# With parameters(tra.):    -0.2712E-05    0.1495E-05    0.1458E-06
# With parameters(rot.):    -0.1429E-04    0.3840E-05    0.5001E-01
# Minimization at step:    89 with Value:     0.0000Tol(Act/Req):0.1476E-01/0.1000E-04
# With parameters(tra.):    -0.2669E-05    0.2024E-05   -0.5142E-06
# With parameters(rot.):     0.1091E-05   -0.6459E-05    0.5000E-01
# Minimization at step:    90 with Value:     0.0000Tol(Act/Req):0.1359E-01/0.1000E-04
# With parameters(tra.):    -0.1907E-05   -0.9239E-07   -0.1808E-05
# With parameters(rot.):    -0.3415E-05   -0.7633E-05    0.5001E-01
# Minimization at step:    91 with Value:     0.0000Tol(Act/Req):0.1236E-01/0.1000E-04
# With parameters(tra.):    -0.1854E-05   -0.4010E-06   -0.1751E-05
# With parameters(rot.):    -0.7637E-05   -0.5156E-05    0.5001E-01
# Minimization at step:    92 with Value:     0.0000Tol(Act/Req):0.1194E-01/0.1000E-04
# With parameters(tra.):    -0.2040E-05    0.1024E-06   -0.1423E-05
# With parameters(rot.):    -0.6862E-05   -0.4656E-05    0.5001E-01
# Minimization at step:    93 with Value:     0.0000Tol(Act/Req):0.5821E-02/0.1000E-04
# With parameters(tra.):    -0.1413E-05    0.2549E-06   -0.1538E-05
# With parameters(rot.):    -0.1719E-05    0.6802E-05    0.5000E-01
# Minimization at step:    94 with Value:     0.0000Tol(Act/Req):0.5041E-02/0.1000E-04
# With parameters(tra.):    -0.1259E-05   -0.4616E-06   -0.9614E-06
# With parameters(rot.):     0.6100E-05    0.3029E-05    0.5000E-01
# Minimization at step:    95 with Value:     0.0000Tol(Act/Req):0.3863E-02/0.1000E-04
# With parameters(tra.):    -0.9667E-06   -0.5241E-06   -0.1021E-05
# With parameters(rot.):     0.6742E-05    0.9938E-06    0.5000E-01
# Minimization at step:    96 with Value:     0.0000Tol(Act/Req):0.3694E-02/0.1000E-04
# With parameters(tra.):    -0.9703E-06   -0.3246E-06   -0.8237E-06
# With parameters(rot.):     0.8263E-05    0.1715E-05    0.5000E-01
# Minimization at step:    97 with Value:     0.0000Tol(Act/Req):0.3675E-02/0.1000E-04
# With parameters(tra.):    -0.9847E-06   -0.1340E-06   -0.9563E-06
# With parameters(rot.):     0.6489E-05    0.2548E-05    0.5000E-01
# Minimization at step:    98 with Value:     0.0000Tol(Act/Req):0.3286E-02/0.1000E-04
# With parameters(tra.):    -0.8859E-06   -0.2661E-06   -0.8615E-06
# With parameters(rot.):     0.5555E-05    0.4429E-05    0.5000E-01
# Minimization at step:    99 with Value:     0.0000Tol(Act/Req):0.1570E-02/0.1000E-04
# With parameters(tra.):    -0.1068E-05   -0.4725E-06   -0.6347E-06
# With parameters(rot.):     0.4802E-05   -0.1893E-05    0.5000E-01
# Minimization at step:   100 with Value:     0.0000Tol(Act/Req):0.1208E-02/0.1000E-04
# With parameters(tra.):    -0.9306E-06   -0.4994E-06   -0.6324E-06
# With parameters(rot.):     0.4961E-05   -0.3151E-05    0.5000E-01
# Minimization at step:   101 with Value:     0.0000Tol(Act/Req):0.1200E-02/0.1000E-04
# With parameters(tra.):    -0.9245E-06   -0.1587E-06   -0.1735E-06
# With parameters(rot.):     0.6903E-05   -0.3332E-05    0.5000E-01
# Minimization at step:   102 with Value:     0.0000Tol(Act/Req):0.1180E-02/0.1000E-04
# With parameters(tra.):    -0.7398E-06   -0.3870E-06    0.2454E-06
# With parameters(rot.):     0.5485E-05   -0.2158E-05    0.5000E-01
# Minimization at step:   103 with Value:     0.0000Tol(Act/Req):0.1019E-02/0.1000E-04
# With parameters(tra.):    -0.6870E-06   -0.9028E-07    0.3806E-06
# With parameters(rot.):     0.1601E-05   -0.2059E-05    0.5000E-01
# Minimization at step:   104 with Value:     0.0000Tol(Act/Req):0.9907E-03/0.1000E-04
# With parameters(tra.):    -0.4384E-06    0.1748E-06    0.5678E-06
# With parameters(rot.):     0.1037E-05    0.2101E-05    0.5000E-01
# Minimization at step:   105 with Value:     0.0000Tol(Act/Req):0.9895E-03/0.1000E-04
# With parameters(tra.):    -0.2826E-06   -0.5476E-07    0.3561E-06
# With parameters(rot.):    -0.2860E-05    0.4092E-05    0.5000E-01
# Minimization at step:   106 with Value:     0.0000Tol(Act/Req):0.9885E-03/0.1000E-04
# With parameters(tra.):    -0.4792E-06   -0.3963E-06    0.9830E-07
# With parameters(rot.):    -0.3595E-05    0.5962E-06    0.5000E-01
# Minimization at step:   107 with Value:     0.0000Tol(Act/Req):0.8876E-03/0.1000E-04
# With parameters(tra.):    -0.5345E-06   -0.3674E-06    0.1298E-06
# With parameters(rot.):    -0.2682E-05   -0.1930E-06    0.5000E-01
# Minimization at step:   108 with Value:     0.0000Tol(Act/Req):0.6201E-03/0.1000E-04
# With parameters(tra.):    -0.4900E-06   -0.2796E-06    0.1968E-06
# With parameters(rot.):    -0.2422E-05    0.6152E-06    0.5000E-01
# Minimization at step:   109 with Value:     0.0000Tol(Act/Req):0.6098E-03/0.1000E-04
# With parameters(tra.):    -0.3845E-06   -0.2747E-06    0.2671E-06
# With parameters(rot.):    -0.2957E-05    0.3001E-06    0.5000E-01
# Minimization at step:   110 with Value:     0.0000Tol(Act/Req):0.5545E-03/0.1000E-04
# With parameters(tra.):    -0.4011E-06   -0.2083E-06    0.1641E-06
# With parameters(rot.):    -0.3306E-05    0.2114E-06    0.5000E-01
# Minimization at step:   111 with Value:     0.0000Tol(Act/Req):0.3213E-03/0.1000E-04
# With parameters(tra.):    -0.3692E-06   -0.4604E-06    0.8610E-08
# With parameters(rot.):    -0.1621E-05    0.7049E-06    0.5000E-01
# Minimization at step:   112 with Value:     0.0000Tol(Act/Req):0.2933E-03/0.1000E-04
# With parameters(tra.):    -0.4247E-06   -0.4335E-06    0.3114E-07
# With parameters(rot.):     0.5589E-06   -0.5742E-06    0.5000E-01
# Minimization at step:   113 with Value:     0.0000Tol(Act/Req):0.2923E-03/0.1000E-04
# With parameters(tra.):    -0.3139E-06   -0.3092E-06    0.1100E-06
# With parameters(rot.):     0.2072E-05    0.6458E-06    0.5000E-01
# Minimization at step:   114 with Value:     0.0000Tol(Act/Req):0.2306E-03/0.1000E-04
# With parameters(tra.):    -0.2445E-06   -0.2983E-06    0.1129E-06
# With parameters(rot.):     0.8152E-06    0.1910E-05    0.5000E-01
# Minimization at step:   115 with Value:     0.0000Tol(Act/Req):0.2127E-03/0.1000E-04
# With parameters(tra.):    -0.2665E-06   -0.3285E-06    0.9338E-07
# With parameters(rot.):     0.3323E-06    0.1710E-05    0.5000E-01
# Minimization at step:   116 with Value:     0.0000Tol(Act/Req):0.2008E-03/0.1000E-04
# With parameters(tra.):    -0.2577E-06   -0.2589E-06   -0.7870E-07
# With parameters(rot.):     0.7184E-06    0.1952E-05    0.5000E-01
# Minimization at step:   117 with Value:     0.0000Tol(Act/Req):0.1980E-03/0.1000E-04
# With parameters(tra.):    -0.2417E-06   -0.2364E-07   -0.4117E-08
# With parameters(rot.):     0.3745E-06    0.2039E-05    0.5000E-01
# Minimization at step:   118 with Value:     0.0000Tol(Act/Req):0.1332E-03/0.1000E-04
# With parameters(tra.):    -0.4782E-07    0.4643E-07    0.3346E-07
# With parameters(rot.):     0.4041E-06    0.2001E-05    0.5000E-01
# Minimization at step:   119 with Value:     0.0000Tol(Act/Req):0.1262E-03/0.1000E-04
# With parameters(tra.):    -0.6375E-07    0.6191E-07    0.4462E-07
# With parameters(rot.):     0.5388E-06    0.2668E-05    0.3333E-01
# Minimization at step:   120 with Value:     0.0000Tol(Act/Req):0.1127E-03/0.1000E-04
# With parameters(tra.):    -0.3119E-07   -0.9312E-07    0.8608E-09
# With parameters(rot.):     0.8379E-06    0.2760E-05    0.2916E-01
# Minimization at step:   121 with Value:     0.0000Tol(Act/Req):0.1014E-03/0.1000E-04
# With parameters(tra.):    -0.6332E-08   -0.3202E-07   -0.3836E-07
# With parameters(rot.):     0.1683E-05    0.2201E-05    0.2222E-01
# Minimization at step:   122 with Value:     0.0000Tol(Act/Req):0.1005E-03/0.1000E-04
# With parameters(tra.):     0.3653E-07    0.6475E-08   -0.1213E-06
# With parameters(rot.):     0.1168E-05    0.1965E-05    0.1296E-01
# Minimization at step:   123 with Value:     0.0000Tol(Act/Req):0.7015E-04/0.1000E-04
# With parameters(tra.):     0.1287E-06    0.4851E-07   -0.2072E-07
# With parameters(rot.):     0.1060E-05    0.1808E-05    0.6158E-03
# Minimization at step:   124 with Value:     0.0000Tol(Act/Req):0.6822E-04/0.1000E-04
# With parameters(tra.):     0.2088E-06    0.2857E-07   -0.5365E-07
# With parameters(rot.):     0.1099E-05    0.8541E-06    0.6378E-02
# Minimization at step:   125 with Value:     0.0000Tol(Act/Req):0.6349E-04/0.1000E-04
# With parameters(tra.):     0.1760E-06   -0.1093E-07   -0.9421E-07
# With parameters(rot.):     0.1258E-05    0.5864E-06   -0.4528E-02
# Minimization at step:   126 with Value:     0.0000Tol(Act/Req):0.5752E-04/0.1000E-04
# With parameters(tra.):     0.1569E-06   -0.2639E-07   -0.1255E-06
# With parameters(rot.):     0.1301E-05    0.5238E-06   -0.1870E-02
# Minimization at step:   127 with Value:     0.0000Tol(Act/Req):0.5676E-04/0.1000E-04
# With parameters(tra.):     0.1672E-06    0.5011E-08   -0.1287E-06
# With parameters(rot.):     0.1290E-05    0.3221E-06   -0.3762E-02
# Minimization at step:   128 with Value:     0.0000Tol(Act/Req):0.5379E-04/0.1000E-04
# With parameters(tra.):     0.2001E-06   -0.4375E-07   -0.1196E-06
# With parameters(rot.):     0.3133E-06    0.2554E-06   -0.5478E-02
# Minimization at step:   129 with Value:     0.0000Tol(Act/Req):0.3812E-04/0.1000E-04
# With parameters(tra.):     0.1794E-06   -0.4479E-07   -0.1169E-06
# With parameters(rot.):     0.2382E-06    0.4440E-06   -0.7906E-02
# Minimization at step:   130 with Value:     0.0000Tol(Act/Req):0.3787E-04/0.1000E-04
# With parameters(tra.):     0.1694E-06   -0.3269E-07   -0.1189E-06
# With parameters(rot.):     0.4760E-06    0.4763E-06   -0.7679E-02
# Minimization at step:   131 with Value:     0.0000Tol(Act/Req):0.2520E-04/0.1000E-04
# With parameters(tra.):     0.1705E-06   -0.7135E-07   -0.5616E-07
# With parameters(rot.):     0.6898E-06    0.2811E-06   -0.5896E-02
# Minimization at step:   132 with Value:     0.0000Tol(Act/Req):0.1976E-04/0.1000E-04
# With parameters(tra.):     0.1905E-06   -0.6516E-07   -0.1643E-07
# With parameters(rot.):     0.3947E-06    0.3579E-06    0.9187E-03
# Minimization at step:   133 with Value:     0.0000Tol(Act/Req):0.1929E-04/0.1000E-04
# With parameters(tra.):     0.1838E-06   -0.7612E-07   -0.2297E-07
# With parameters(rot.):     0.3408E-06    0.3128E-06    0.2480E-02
# Minimization at step:   134 with Value:     0.0000Tol(Act/Req):0.1794E-04/0.1000E-04
# With parameters(tra.):     0.1903E-06   -0.6718E-07   -0.1578E-07
# With parameters(rot.):     0.2562E-06    0.2111E-06    0.2054E-02
# Minimization at step:   135 with Value:     0.0000Tol(Act/Req):0.1765E-04/0.1000E-04
# With parameters(tra.):     0.1524E-06   -0.7673E-07    0.2339E-07
# With parameters(rot.):     0.1118E-06    0.5106E-06    0.5175E-03
# Minimization at step:   136 with Value:     0.0000Tol(Act/Req):0.1361E-04/0.1000E-04
# With parameters(tra.):     0.1278E-06   -0.8426E-07    0.3545E-08
# With parameters(rot.):     0.2624E-06    0.4912E-06   -0.4693E-02
# Minimization at step:   137 with Value:     0.0000Tol(Act/Req):0.1079E-04/0.1000E-04
# With parameters(tra.):     0.1194E-06   -0.8251E-07    0.1273E-07
# With parameters(rot.):     0.3635E-06    0.5087E-06   -0.4331E-02
# Minimization at step:   138 with Value:     0.0000Tol(Act/Req):0.1039E-04/0.1000E-04
# With parameters(tra.):     0.1261E-06   -0.8060E-07    0.2045E-08
# With parameters(rot.):     0.4206E-06    0.4336E-06   -0.4351E-02
# Minimization at step:   139 with Value:     0.0000Tol(Act/Req):0.8303E-05/0.1000E-04
# With parameters(tra.):     0.1106E-06   -0.5791E-07   -0.2039E-07
# With parameters(rot.):     0.1883E-06    0.6146E-06   -0.5026E-02
# CSM Simplex Values from input minimization.
# Final Number of Simplex optim. Steps:   139
# Final CSM Simplex Value is:      0.00000000000
[molecule] Nrec=  12 Format=nscxyz
  he               1    2   -0.70488318D-02   0.99997520D+00  -0.49999657D-01
  he               2    2    0.49388299D+00   0.86953298D+00   0.50000854D-01
  he               3    2    0.86248416D+00   0.50609228D+00  -0.49998909D-01
  he               4    2    0.99997522D+00   0.70490047D-02   0.50000992D-01
  he               5    2    0.86953317D+00  -0.49388288D+00  -0.49999418D-01
  he               6    2    0.50609230D+00  -0.86248398D+00   0.49999973D-01
  he               7    2    0.70491891D-02  -0.99997511D+00  -0.50000674D-01
  he               8    2   -0.49388286D+00  -0.86953299D+00   0.49998815D-01
  he               9    2   -0.86248380D+00  -0.50609219D+00  -0.50001422D-01
  he              10    2   -0.99997509D+00  -0.70490163D-02   0.49998677D-01
  he              11    2   -0.86953281D+00   0.49388297D+00  -0.50000914D-01
  he              12    2   -0.50609217D+00   0.86248397D+00   0.49999696D-01
# Coordinates rotated along X. New coordinates:
[molecule] Nrec=  12 Format=nscxyz
  he               1    2    0.53191727D-16  -0.50000000D-01  -0.10000000D+01
  he               2    2    0.50000000D+00   0.50000000D-01  -0.86603000D+00
  he               3    2    0.86603000D+00  -0.50000000D-01  -0.50000000D+00
  he               4    2    0.10000000D+01   0.50000000D-01   0.64293957D-16
  he               5    2    0.86603000D+00  -0.50000000D-01   0.50000000D+00
  he               6    2    0.50000000D+00   0.50000000D-01   0.86603000D+00
  he               7    2   -0.69272953D-16  -0.50000000D-01   0.10000000D+01
  he               8    2   -0.50000000D+00   0.50000000D-01   0.86603000D+00
  he               9    2   -0.86603000D+00  -0.50000000D-01   0.50000000D+00
  he              10    2   -0.10000000D+01   0.50000000D-01  -0.58170723D-16
  he              11    2   -0.86603000D+00  -0.50000000D-01  -0.50000000D+00
  he              12    2   -0.50000000D+00   0.50000000D-01  -0.86603000D+00
# Minimization at step:     0 with Value:     0.0032Tol(Act/Req):0.2000E+01/0.1000E-04
# With parameters(tra.):     0.1429E-01    0.1429E-01    0.1429E-01
# With parameters(rot.):     0.1429E-01    0.1429E-01    0.1429E-01
# Minimization at step:     1 with Value:     0.0022Tol(Act/Req):0.2000E+01/0.1000E-04
# With parameters(tra.):     0.1548E-01    0.1548E-01    0.7143E-02
# With parameters(rot.):     0.1548E-01    0.1548E-01    0.1548E-01
# Minimization at step:     2 with Value:     0.0015Tol(Act/Req):0.2000E+01/0.1000E-04
# With parameters(tra.):     0.1677E-01    0.8433E-02    0.7738E-02
# With parameters(rot.):     0.1677E-01    0.1677E-01    0.1677E-01
# Minimization at step:     3 with Value:     0.0009Tol(Act/Req):0.2000E+01/0.1000E-04
# With parameters(tra.):    -0.4043E-02    0.1054E-01    0.9673E-02
# With parameters(rot.):     0.2096E-01    0.2096E-01    0.2096E-01
# Minimization at step:     4 with Value:     0.0006Tol(Act/Req):0.2000E+01/0.1000E-04
# With parameters(tra.):    -0.7137E-02    0.1109E-01   -0.4092E-03
# With parameters(rot.):     0.2411E-01    0.2411E-01    0.2411E-01
# Minimization at step:     5 with Value:     0.0004Tol(Act/Req):0.2000E+01/0.1000E-04
# With parameters(tra.):    -0.8484E-02    0.7792E-02   -0.7906E-03
# With parameters(rot.):     0.2537E-01    0.2537E-01    0.2537E-01
# Minimization at step:     6 with Value:     0.0003Tol(Act/Req):0.2000E+01/0.1000E-04
# With parameters(tra.):     0.8103E-03    0.6051E-02   -0.4374E-02
# With parameters(rot.):     0.2438E-01    0.2438E-01    0.2438E-01
# Minimization at step:     7 with Value:     0.0002Tol(Act/Req):0.2000E+01/0.1000E-04
# With parameters(tra.):     0.4344E-02    0.4515E-02   -0.3238E-03
# With parameters(rot.):     0.2287E-01    0.2287E-01    0.2287E-01
# Minimization at step:     8 with Value:     0.0001Tol(Act/Req):0.2000E+01/0.1000E-04
# With parameters(tra.):     0.4740E-02    0.2592E-02   -0.4755E-03
# With parameters(rot.):     0.2329E-01    0.2329E-01    0.2329E-01
# Minimization at step:     9 with Value:     0.0001Tol(Act/Req):0.2000E+01/0.1000E-04
# With parameters(tra.):     0.1075E-02    0.2597E-02    0.2291E-02
# With parameters(rot.):     0.2351E-01    0.2351E-01    0.2351E-01
# Minimization at step:    10 with Value:     0.0001Tol(Act/Req):0.2000E+01/0.1000E-04
# With parameters(tra.):     0.2134E-03    0.2694E-02    0.1833E-02
# With parameters(rot.):     0.2381E-01    0.2381E-01    0.2381E-01
# Minimization at step:    11 with Value:     0.0001Tol(Act/Req):0.2000E+01/0.1000E-04
# With parameters(tra.):    -0.3249E-03   -0.1656E-03    0.2183E-02
# With parameters(rot.):     0.2458E-01    0.2458E-01    0.2458E-01
# Minimization at step:    12 with Value:     0.0001Tol(Act/Req):0.2000E+01/0.1000E-04
# With parameters(tra.):    -0.3520E-03   -0.1794E-03    0.2365E-02
# With parameters(rot.):     0.1829E-01    0.2662E-01    0.2662E-01
# Minimization at step:    13 with Value:     0.0000Tol(Act/Req):0.2000E+01/0.1000E-04
# With parameters(tra.):    -0.4400E-03   -0.2242E-03    0.2956E-02
# With parameters(rot.):     0.2286E-01    0.8281E-02    0.3328E-01
# Minimization at step:    14 with Value:     0.0000Tol(Act/Req):0.2000E+01/0.1000E-04
# With parameters(tra.):     0.1014E-02   -0.9325E-03    0.1739E-02
# With parameters(rot.):     0.2259E-01    0.4363E-02    0.3561E-01
# Minimization at step:    15 with Value:     0.0000Tol(Act/Req):0.2000E+01/0.1000E-04
# With parameters(tra.):    -0.4424E-03   -0.1949E-02    0.7940E-03
# With parameters(rot.):     0.2280E-01   -0.1510E-02    0.4016E-01
# Minimization at step:    16 with Value:     0.0000Tol(Act/Req):0.2000E+01/0.1000E-04
# With parameters(tra.):    -0.1226E-03   -0.6369E-03    0.9790E-04
# With parameters(rot.):     0.2169E-01   -0.1071E-01    0.4484E-01
# Minimization at step:    17 with Value:     0.0000Tol(Act/Req):0.2000E+01/0.1000E-04
# With parameters(tra.):    -0.1003E-03   -0.8170E-03   -0.2939E-03
# With parameters(rot.):     0.1026E-01   -0.1906E-01    0.5501E-01
# Minimization at step:    18 with Value:     0.0000Tol(Act/Req):0.2000E+01/0.1000E-04
# With parameters(tra.):     0.2922E-03   -0.4687E-03   -0.1482E-03
# With parameters(rot.):     0.9161E-02   -0.1906E-01    0.5511E-01
# Minimization at step:    19 with Value:     0.0000Tol(Act/Req):0.1999E+01/0.1000E-04
# With parameters(tra.):     0.5192E-03   -0.5074E-03   -0.1220E-02
# With parameters(rot.):     0.3448E-02   -0.1672E-01    0.5724E-01
# Minimization at step:    20 with Value:     0.0000Tol(Act/Req):0.1999E+01/0.1000E-04
# With parameters(tra.):     0.7034E-03   -0.2240E-03   -0.1137E-02
# With parameters(rot.):     0.1262E-01   -0.7591E-02    0.4782E-01
# Minimization at step:    21 with Value:     0.0000Tol(Act/Req):0.1999E+01/0.1000E-04
# With parameters(tra.):     0.6701E-03   -0.1105E-02   -0.9233E-03
# With parameters(rot.):     0.1117E-01    0.9234E-04    0.4505E-01
# Minimization at step:    22 with Value:     0.0000Tol(Act/Req):0.1999E+01/0.1000E-04
# With parameters(tra.):     0.5237E-03   -0.1537E-02   -0.9324E-03
# With parameters(rot.):     0.3937E-02   -0.4835E-02    0.5142E-01
# Minimization at step:    23 with Value:     0.0000Tol(Act/Req):0.1999E+01/0.1000E-04
# With parameters(tra.):    -0.3257E-03   -0.1334E-02   -0.9920E-03
# With parameters(rot.):    -0.5908E-03   -0.5175E-02    0.5421E-01
# Minimization at step:    24 with Value:     0.0000Tol(Act/Req):0.1999E+01/0.1000E-04
# With parameters(tra.):     0.2534E-03   -0.9262E-03   -0.9818E-03
# With parameters(rot.):    -0.6033E-02   -0.5363E-03    0.5411E-01
# Minimization at step:    25 with Value:     0.0000Tol(Act/Req):0.1998E+01/0.1000E-04
# With parameters(tra.):     0.1345E-04   -0.1040E-02   -0.1880E-03
# With parameters(rot.):    -0.5385E-02    0.3301E-02    0.5165E-01
# Minimization at step:    26 with Value:     0.0000Tol(Act/Req):0.1998E+01/0.1000E-04
# With parameters(tra.):    -0.1513E-03   -0.1152E-02   -0.1244E-03
# With parameters(rot.):    -0.3970E-02    0.2461E-02    0.5147E-01
# Minimization at step:    27 with Value:     0.0000Tol(Act/Req):0.1998E+01/0.1000E-04
# With parameters(tra.):    -0.2142E-03   -0.1009E-02   -0.9342E-04
# With parameters(rot.):    -0.4992E-02    0.1378E-02    0.5247E-01
# Minimization at step:    28 with Value:     0.0000Tol(Act/Req):0.1998E+01/0.1000E-04
# With parameters(tra.):    -0.1732E-03   -0.9777E-03   -0.2840E-03
# With parameters(rot.):    -0.5121E-02    0.2585E-03    0.5315E-01
# Minimization at step:    29 with Value:     0.0000Tol(Act/Req):0.1997E+01/0.1000E-04
# With parameters(tra.):    -0.2742E-03   -0.6214E-03   -0.1174E-03
# With parameters(rot.):    -0.3767E-02    0.3996E-02    0.5039E-01
# Minimization at step:    30 with Value:     0.0000Tol(Act/Req):0.1995E+01/0.1000E-04
# With parameters(tra.):    -0.1283E-03   -0.5958E-03   -0.3454E-04
# With parameters(rot.):    -0.3278E-02    0.4816E-02    0.4961E-01
# Minimization at step:    31 with Value:     0.0000Tol(Act/Req):0.1994E+01/0.1000E-04
# With parameters(tra.):    -0.4502E-03   -0.6336E-03    0.1226E-03
# With parameters(rot.):    -0.2177E-03    0.3922E-02    0.4863E-01
# Minimization at step:    32 with Value:     0.0000Tol(Act/Req):0.1994E+01/0.1000E-04
# With parameters(tra.):    -0.6547E-03   -0.2228E-03    0.2567E-03
# With parameters(rot.):    -0.6692E-03    0.2603E-02    0.4934E-01
# Minimization at step:    33 with Value:     0.0000Tol(Act/Req):0.1992E+01/0.1000E-04
# With parameters(tra.):    -0.4644E-03   -0.9180E-04    0.1723E-03
# With parameters(rot.):    -0.3077E-02    0.2945E-02    0.5026E-01
# Minimization at step:    34 with Value:     0.0000Tol(Act/Req):0.1991E+01/0.1000E-04
# With parameters(tra.):    -0.4794E-03    0.2656E-03   -0.5674E-04
# With parameters(rot.):    -0.2654E-02    0.1601E-02    0.5066E-01
# Minimization at step:    35 with Value:     0.0000Tol(Act/Req):0.1990E+01/0.1000E-04
# With parameters(tra.):    -0.2823E-03    0.7966E-04   -0.2356E-03
# With parameters(rot.):    -0.2812E-02    0.2339E-02    0.5046E-01
# Minimization at step:    36 with Value:     0.0000Tol(Act/Req):0.1990E+01/0.1000E-04
# With parameters(tra.):    -0.2661E-03    0.7871E-04   -0.2732E-03
# With parameters(rot.):    -0.2958E-02    0.1578E-02    0.5092E-01
# Minimization at step:    37 with Value:     0.0000Tol(Act/Req):0.1989E+01/0.1000E-04
# With parameters(tra.):    -0.2446E-03   -0.2622E-04   -0.2340E-03
# With parameters(rot.):    -0.3089E-02    0.1912E-02    0.5084E-01
# Minimization at step:    38 with Value:     0.0000Tol(Act/Req):0.1981E+01/0.1000E-04
# With parameters(tra.):    -0.5485E-04    0.1546E-03   -0.1597E-03
# With parameters(rot.):    -0.2307E-02    0.2417E-02    0.4997E-01
# Minimization at step:    39 with Value:     0.0000Tol(Act/Req):0.1973E+01/0.1000E-04
# With parameters(tra.):    -0.4520E-04    0.1493E-03   -0.2141E-03
# With parameters(rot.):    -0.4446E-03    0.2014E-02    0.4927E-01
# Minimization at step:    40 with Value:     0.0000Tol(Act/Req):0.1971E+01/0.1000E-04
# With parameters(tra.):    -0.9763E-04    0.2965E-03   -0.8762E-04
# With parameters(rot.):     0.4495E-03    0.1414E-02    0.4901E-01
# Minimization at step:    41 with Value:     0.0000Tol(Act/Req):0.1968E+01/0.1000E-04
# With parameters(tra.):    -0.7551E-04    0.3142E-03   -0.9096E-04
# With parameters(rot.):     0.6604E-03    0.1019E-02    0.4909E-01
# Minimization at step:    42 with Value:     0.0000Tol(Act/Req):0.1967E+01/0.1000E-04
# With parameters(tra.):    -0.3066E-04    0.2082E-03   -0.1866E-03
# With parameters(rot.):     0.4260E-04    0.1371E-02    0.4930E-01
# Minimization at step:    43 with Value:     0.0000Tol(Act/Req):0.1962E+01/0.1000E-04
# With parameters(tra.):     0.8371E-04    0.7650E-04   -0.9239E-04
# With parameters(rot.):     0.8243E-03    0.1859E-02    0.4862E-01
# Minimization at step:    44 with Value:     0.0000Tol(Act/Req):0.1961E+01/0.1000E-04
# With parameters(tra.):     0.9204E-04    0.7174E-04   -0.6865E-04
# With parameters(rot.):     0.4645E-03    0.1947E-02    0.4875E-01
# Minimization at step:    45 with Value:     0.0000Tol(Act/Req):0.1952E+01/0.1000E-04
# With parameters(tra.):     0.6414E-04    0.1043E-03   -0.9023E-04
# With parameters(rot.):     0.2391E-03    0.1832E-02    0.4893E-01
# Minimization at step:    46 with Value:     0.0000Tol(Act/Req):0.1914E+01/0.1000E-04
# With parameters(tra.):    -0.9616E-06    0.1311E-05   -0.1101E-03
# With parameters(rot.):     0.4845E-03    0.1434E-02    0.4910E-01
# Minimization at step:    47 with Value:     0.0000Tol(Act/Req):0.1910E+01/0.1000E-04
# With parameters(tra.):     0.6812E-04   -0.6764E-04   -0.1231E-03
# With parameters(rot.):     0.8478E-03    0.7833E-03    0.4925E-01
# Minimization at step:    48 with Value:     0.0000Tol(Act/Req):0.1901E+01/0.1000E-04
# With parameters(tra.):     0.6888E-04   -0.7296E-04   -0.1019E-03
# With parameters(rot.):     0.1018E-02    0.6757E-03    0.4921E-01
# Minimization at step:    49 with Value:     0.0000Tol(Act/Req):0.1890E+01/0.1000E-04
# With parameters(tra.):     0.1725E-04   -0.2258E-04   -0.8678E-04
# With parameters(rot.):     0.7879E-03    0.1136E-02    0.4908E-01
# Minimization at step:    50 with Value:     0.0000Tol(Act/Req):0.1885E+01/0.1000E-04
# With parameters(tra.):     0.8982E-05   -0.6354E-04   -0.4534E-04
# With parameters(rot.):     0.1762E-03    0.1042E-02    0.4944E-01
# Minimization at step:    51 with Value:     0.0000Tol(Act/Req):0.1770E+01/0.1000E-04
# With parameters(tra.):    -0.4666E-04   -0.5670E-04   -0.6649E-04
# With parameters(rot.):    -0.1776E-03    0.6725E-03    0.4984E-01
# Minimization at step:    52 with Value:     0.0000Tol(Act/Req):0.1767E+01/0.1000E-04
# With parameters(tra.):    -0.1848E-04   -0.7391E-05   -0.3874E-04
# With parameters(rot.):    -0.5619E-03    0.6848E-03    0.4997E-01
# Minimization at step:    53 with Value:     0.0000Tol(Act/Req):0.1762E+01/0.1000E-04
# With parameters(tra.):    -0.2539E-04   -0.4590E-05   -0.2286E-04
# With parameters(rot.):    -0.6086E-03    0.6317E-03    0.5001E-01
# Minimization at step:    54 with Value:     0.0000Tol(Act/Req):0.1755E+01/0.1000E-04
# With parameters(tra.):    -0.2777E-04    0.4087E-04   -0.4832E-04
# With parameters(rot.):    -0.3460E-03    0.5999E-03    0.4989E-01
# Minimization at step:    55 with Value:     0.0000Tol(Act/Req):0.1734E+01/0.1000E-04
# With parameters(tra.):    -0.8368E-05    0.2843E-04   -0.4557E-04
# With parameters(rot.):    -0.5706E-03    0.1139E-03    0.5024E-01
# Minimization at step:    56 with Value:     0.0000Tol(Act/Req):0.1662E+01/0.1000E-04
# With parameters(tra.):    -0.2697E-04    0.4087E-06   -0.6808E-04
# With parameters(rot.):    -0.2846E-03   -0.3806E-04    0.5021E-01
# Minimization at step:    57 with Value:     0.0000Tol(Act/Req):0.1591E+01/0.1000E-04
# With parameters(tra.):    -0.3337E-04    0.1182E-05   -0.7065E-04
# With parameters(rot.):    -0.2046E-03    0.7079E-04    0.5012E-01
# Minimization at step:    58 with Value:     0.0000Tol(Act/Req):0.1462E+01/0.1000E-04
# With parameters(tra.):     0.8152E-05    0.1591E-04   -0.5794E-04
# With parameters(rot.):     0.2233E-04    0.1166E-03    0.4995E-01
# Minimization at step:    59 with Value:     0.0000Tol(Act/Req):0.1433E+01/0.1000E-04
# With parameters(tra.):     0.5528E-05    0.2835E-04   -0.3787E-04
# With parameters(rot.):     0.1394E-03   -0.1612E-03    0.5001E-01
# Minimization at step:    60 with Value:     0.0000Tol(Act/Req):0.1369E+01/0.1000E-04
# With parameters(tra.):     0.8701E-05    0.1973E-04   -0.3276E-04
# With parameters(rot.):     0.1361E-03   -0.2194E-03    0.5004E-01
# Minimization at step:    61 with Value:     0.0000Tol(Act/Req):0.1338E+01/0.1000E-04
# With parameters(tra.):    -0.1634E-05    0.1637E-04   -0.3383E-04
# With parameters(rot.):     0.8884E-04   -0.2588E-03    0.5009E-01
# Minimization at step:    62 with Value:     0.0000Tol(Act/Req):0.1312E+01/0.1000E-04
# With parameters(tra.):    -0.1575E-05    0.1226E-04   -0.3852E-04
# With parameters(rot.):     0.5536E-04   -0.1975E-03    0.5008E-01
# Minimization at step:    63 with Value:     0.0000Tol(Act/Req):0.1165E+01/0.1000E-04
# With parameters(tra.):     0.1407E-04    0.2923E-04   -0.1987E-04
# With parameters(rot.):    -0.2696E-05   -0.1614E-03    0.5007E-01
# Minimization at step:    64 with Value:     0.0000Tol(Act/Req):0.8631E+00/0.1000E-04
# With parameters(tra.):     0.1483E-04    0.3196E-04   -0.1692E-04
# With parameters(rot.):     0.5413E-04   -0.1263E-03    0.5002E-01
# Minimization at step:    65 with Value:     0.0000Tol(Act/Req):0.7726E+00/0.1000E-04
# With parameters(tra.):     0.2112E-04    0.2209E-04   -0.5285E-05
# With parameters(rot.):     0.2866E-04   -0.1902E-03    0.5006E-01
# Minimization at step:    66 with Value:     0.0000Tol(Act/Req):0.7342E+00/0.1000E-04
# With parameters(tra.):     0.2880E-04    0.1714E-04   -0.3569E-05
# With parameters(rot.):    -0.4719E-04   -0.6516E-04    0.5003E-01
# Minimization at step:    67 with Value:     0.0000Tol(Act/Req):0.6173E+00/0.1000E-04
# With parameters(tra.):     0.2617E-04    0.1553E-04   -0.1587E-05
# With parameters(rot.):    -0.8215E-04   -0.6875E-04    0.5006E-01
# Minimization at step:    68 with Value:     0.0000Tol(Act/Req):0.5814E+00/0.1000E-04
# With parameters(tra.):     0.1977E-04   -0.3584E-06   -0.7927E-05
# With parameters(rot.):    -0.6994E-04   -0.6193E-04    0.5006E-01
# Minimization at step:    69 with Value:     0.0000Tol(Act/Req):0.5736E+00/0.1000E-04
# With parameters(tra.):     0.1710E-04   -0.5818E-06   -0.8719E-05
# With parameters(rot.):    -0.5287E-04   -0.9293E-04    0.5007E-01
# Minimization at step:    70 with Value:     0.0000Tol(Act/Req):0.3911E+00/0.1000E-04
# With parameters(tra.):     0.1879E-04   -0.4630E-05   -0.2245E-05
# With parameters(rot.):     0.5623E-05   -0.3197E-04    0.5001E-01
# Minimization at step:    71 with Value:     0.0000Tol(Act/Req):0.3583E+00/0.1000E-04
# With parameters(tra.):     0.1755E-04   -0.5211E-05   -0.3930E-05
# With parameters(rot.):     0.7947E-05   -0.8131E-05    0.5000E-01
# Minimization at step:    72 with Value:     0.0000Tol(Act/Req):0.3277E+00/0.1000E-04
# With parameters(tra.):     0.1896E-04   -0.1644E-05   -0.2012E-05
# With parameters(rot.):     0.1138E-04   -0.5350E-05    0.4999E-01
# Minimization at step:    73 with Value:     0.0000Tol(Act/Req):0.2097E+00/0.1000E-04
# With parameters(tra.):     0.1322E-04   -0.8363E-05    0.8552E-06
# With parameters(rot.):    -0.1767E-04    0.5123E-05    0.5000E-01
# Minimization at step:    74 with Value:     0.0000Tol(Act/Req):0.1556E+00/0.1000E-04
# With parameters(tra.):     0.8237E-05   -0.1064E-04    0.2061E-05
# With parameters(rot.):     0.1673E-04   -0.1686E-04    0.5000E-01
# Minimization at step:    75 with Value:     0.0000Tol(Act/Req):0.1402E+00/0.1000E-04
# With parameters(tra.):     0.4751E-05   -0.1012E-04   -0.9986E-07
# With parameters(rot.):    -0.9735E-05   -0.4356E-04    0.5003E-01
# Minimization at step:    76 with Value:     0.0000Tol(Act/Req):0.1108E+00/0.1000E-04
# With parameters(tra.):     0.3063E-05   -0.1082E-04   -0.6233E-06
# With parameters(rot.):    -0.1005E-04   -0.3460E-04    0.5003E-01
# Minimization at step:    77 with Value:     0.0000Tol(Act/Req):0.8343E-01/0.1000E-04
# With parameters(tra.):     0.5924E-06   -0.6748E-05    0.3676E-05
# With parameters(rot.):    -0.1032E-04   -0.3878E-04    0.5003E-01
# Minimization at step:    78 with Value:     0.0000Tol(Act/Req):0.6550E-01/0.1000E-04
# With parameters(tra.):     0.3102E-06   -0.2984E-05    0.2947E-05
# With parameters(rot.):     0.6050E-05   -0.5500E-04    0.5002E-01
# Minimization at step:    79 with Value:     0.0000Tol(Act/Req):0.6215E-01/0.1000E-04
# With parameters(tra.):     0.9043E-06   -0.3689E-05    0.1812E-05
# With parameters(rot.):     0.7481E-05   -0.5530E-04    0.5002E-01
# Minimization at step:    80 with Value:     0.0000Tol(Act/Req):0.5032E-01/0.1000E-04
# With parameters(tra.):     0.1561E-05   -0.8108E-06    0.1147E-05
# With parameters(rot.):    -0.1203E-04   -0.5392E-04    0.5003E-01
# Minimization at step:    81 with Value:     0.0000Tol(Act/Req):0.4963E-01/0.1000E-04
# With parameters(tra.):     0.2822E-05    0.1946E-05    0.3003E-05
# With parameters(rot.):     0.4845E-05   -0.3957E-04    0.5001E-01
# Minimization at step:    82 with Value:     0.0000Tol(Act/Req):0.4017E-01/0.1000E-04
# With parameters(tra.):     0.2303E-06    0.4088E-05    0.3124E-05
# With parameters(rot.):     0.8100E-05   -0.2736E-04    0.5001E-01
# Minimization at step:    83 with Value:     0.0000Tol(Act/Req):0.2795E-01/0.1000E-04
# With parameters(tra.):    -0.1364E-05    0.2556E-05    0.1763E-05
# With parameters(rot.):    -0.3745E-05   -0.3507E-04    0.5002E-01
# Minimization at step:    84 with Value:     0.0000Tol(Act/Req):0.2224E-01/0.1000E-04
# With parameters(tra.):    -0.1733E-05    0.1895E-05    0.1853E-05
# With parameters(rot.):    -0.1792E-04   -0.1762E-04    0.5002E-01
# Minimization at step:    85 with Value:     0.0000Tol(Act/Req):0.1849E-01/0.1000E-04
# With parameters(tra.):    -0.1425E-05    0.2346E-05   -0.4037E-06
# With parameters(rot.):    -0.2352E-04   -0.5664E-05    0.5001E-01
# Minimization at step:    86 with Value:     0.0000Tol(Act/Req):0.1808E-01/0.1000E-04
# With parameters(tra.):    -0.2857E-05    0.1479E-05   -0.4772E-06
# With parameters(rot.):    -0.1434E-04    0.9499E-05    0.5000E-01
# Minimization at step:    87 with Value:     0.0000Tol(Act/Req):0.1556E-01/0.1000E-04
# With parameters(tra.):    -0.3054E-05    0.1294E-05    0.8092E-07
# With parameters(rot.):    -0.1218E-04    0.7774E-05    0.5000E-01
# Minimization at step:    88 with Value:     0.0000Tol(Act/Req):0.1520E-01/0.1000E-04
# With parameters(tra.):    -0.2712E-05    0.1495E-05    0.1458E-06
# With parameters(rot.):    -0.1429E-04    0.3840E-05    0.5001E-01
# Minimization at step:    89 with Value:     0.0000Tol(Act/Req):0.1476E-01/0.1000E-04
# With parameters(tra.):    -0.2669E-05    0.2024E-05   -0.5142E-06
# With parameters(rot.):     0.1091E-05   -0.6459E-05    0.5000E-01
# Minimization at step:    90 with Value:     0.0000Tol(Act/Req):0.1359E-01/0.1000E-04
# With parameters(tra.):    -0.1907E-05   -0.9239E-07   -0.1808E-05
# With parameters(rot.):    -0.3415E-05   -0.7633E-05    0.5001E-01
# Minimization at step:    91 with Value:     0.0000Tol(Act/Req):0.1236E-01/0.1000E-04
# With parameters(tra.):    -0.1854E-05   -0.4010E-06   -0.1751E-05
# With parameters(rot.):    -0.7637E-05   -0.5156E-05    0.5001E-01
# Minimization at step:    92 with Value:     0.0000Tol(Act/Req):0.1194E-01/0.1000E-04
# With parameters(tra.):    -0.2040E-05    0.1024E-06   -0.1423E-05
# With parameters(rot.):    -0.6862E-05   -0.4656E-05    0.5001E-01
# Minimization at step:    93 with Value:     0.0000Tol(Act/Req):0.5821E-02/0.1000E-04
# With parameters(tra.):    -0.1413E-05    0.2549E-06   -0.1538E-05
# With parameters(rot.):    -0.1719E-05    0.6802E-05    0.5000E-01
# Minimization at step:    94 with Value:     0.0000Tol(Act/Req):0.5041E-02/0.1000E-04
# With parameters(tra.):    -0.1259E-05   -0.4616E-06   -0.9614E-06
# With parameters(rot.):     0.6100E-05    0.3029E-05    0.5000E-01
# Minimization at step:    95 with Value:     0.0000Tol(Act/Req):0.3863E-02/0.1000E-04
# With parameters(tra.):    -0.9667E-06   -0.5241E-06   -0.1021E-05
# With parameters(rot.):     0.6742E-05    0.9938E-06    0.5000E-01
# Minimization at step:    96 with Value:     0.0000Tol(Act/Req):0.3694E-02/0.1000E-04
# With parameters(tra.):    -0.9703E-06   -0.3246E-06   -0.8237E-06
# With parameters(rot.):     0.8263E-05    0.1715E-05    0.5000E-01
# Minimization at step:    97 with Value:     0.0000Tol(Act/Req):0.3675E-02/0.1000E-04
# With parameters(tra.):    -0.9847E-06   -0.1340E-06   -0.9563E-06
# With parameters(rot.):     0.6489E-05    0.2548E-05    0.5000E-01
# Minimization at step:    98 with Value:     0.0000Tol(Act/Req):0.3286E-02/0.1000E-04
# With parameters(tra.):    -0.8859E-06   -0.2661E-06   -0.8615E-06
# With parameters(rot.):     0.5555E-05    0.4429E-05    0.5000E-01
# Minimization at step:    99 with Value:     0.0000Tol(Act/Req):0.1570E-02/0.1000E-04
# With parameters(tra.):    -0.1068E-05   -0.4725E-06   -0.6347E-06
# With parameters(rot.):     0.4802E-05   -0.1893E-05    0.5000E-01
# Minimization at step:   100 with Value:     0.0000Tol(Act/Req):0.1208E-02/0.1000E-04
# With parameters(tra.):    -0.9306E-06   -0.4994E-06   -0.6324E-06
# With parameters(rot.):     0.4961E-05   -0.3151E-05    0.5000E-01
# Minimization at step:   101 with Value:     0.0000Tol(Act/Req):0.1200E-02/0.1000E-04
# With parameters(tra.):    -0.9245E-06   -0.1587E-06   -0.1735E-06
# With parameters(rot.):     0.6903E-05   -0.3332E-05    0.5000E-01
# Minimization at step:   102 with Value:     0.0000Tol(Act/Req):0.1180E-02/0.1000E-04
# With parameters(tra.):    -0.7398E-06   -0.3870E-06    0.2454E-06
# With parameters(rot.):     0.5485E-05   -0.2158E-05    0.5000E-01
# Minimization at step:   103 with Value:     0.0000Tol(Act/Req):0.1019E-02/0.1000E-04
# With parameters(tra.):    -0.6870E-06   -0.9028E-07    0.3806E-06
# With parameters(rot.):     0.1601E-05   -0.2059E-05    0.5000E-01
# Minimization at step:   104 with Value:     0.0000Tol(Act/Req):0.9907E-03/0.1000E-04
# With parameters(tra.):    -0.4384E-06    0.1748E-06    0.5678E-06
# With parameters(rot.):     0.1037E-05    0.2101E-05    0.5000E-01
# Minimization at step:   105 with Value:     0.0000Tol(Act/Req):0.9895E-03/0.1000E-04
# With parameters(tra.):    -0.2826E-06   -0.5476E-07    0.3561E-06
# With parameters(rot.):    -0.2860E-05    0.4092E-05    0.5000E-01
# Minimization at step:   106 with Value:     0.0000Tol(Act/Req):0.9885E-03/0.1000E-04
# With parameters(tra.):    -0.4792E-06   -0.3963E-06    0.9830E-07
# With parameters(rot.):    -0.3595E-05    0.5962E-06    0.5000E-01
# Minimization at step:   107 with Value:     0.0000Tol(Act/Req):0.8876E-03/0.1000E-04
# With parameters(tra.):    -0.5345E-06   -0.3674E-06    0.1298E-06
# With parameters(rot.):    -0.2682E-05   -0.1930E-06    0.5000E-01
# Minimization at step:   108 with Value:     0.0000Tol(Act/Req):0.6201E-03/0.1000E-04
# With parameters(tra.):    -0.4900E-06   -0.2796E-06    0.1968E-06
# With parameters(rot.):    -0.2422E-05    0.6152E-06    0.5000E-01
# Minimization at step:   109 with Value:     0.0000Tol(Act/Req):0.6098E-03/0.1000E-04
# With parameters(tra.):    -0.3845E-06   -0.2747E-06    0.2671E-06
# With parameters(rot.):    -0.2957E-05    0.3001E-06    0.5000E-01
# Minimization at step:   110 with Value:     0.0000Tol(Act/Req):0.5545E-03/0.1000E-04
# With parameters(tra.):    -0.4011E-06   -0.2083E-06    0.1641E-06
# With parameters(rot.):    -0.3306E-05    0.2114E-06    0.5000E-01
# Minimization at step:   111 with Value:     0.0000Tol(Act/Req):0.3213E-03/0.1000E-04
# With parameters(tra.):    -0.3692E-06   -0.4604E-06    0.8610E-08
# With parameters(rot.):    -0.1621E-05    0.7049E-06    0.5000E-01
# Minimization at step:   112 with Value:     0.0000Tol(Act/Req):0.2933E-03/0.1000E-04
# With parameters(tra.):    -0.4247E-06   -0.4335E-06    0.3114E-07
# With parameters(rot.):     0.5589E-06   -0.5742E-06    0.5000E-01
# Minimization at step:   113 with Value:     0.0000Tol(Act/Req):0.2923E-03/0.1000E-04
# With parameters(tra.):    -0.3139E-06   -0.3092E-06    0.1100E-06
# With parameters(rot.):     0.2072E-05    0.6458E-06    0.5000E-01
# Minimization at step:   114 with Value:     0.0000Tol(Act/Req):0.2306E-03/0.1000E-04
# With parameters(tra.):    -0.2445E-06   -0.2983E-06    0.1129E-06
# With parameters(rot.):     0.8152E-06    0.1910E-05    0.5000E-01
# Minimization at step:   115 with Value:     0.0000Tol(Act/Req):0.2127E-03/0.1000E-04
# With parameters(tra.):    -0.2665E-06   -0.3285E-06    0.9338E-07
# With parameters(rot.):     0.3323E-06    0.1710E-05    0.5000E-01
# Minimization at step:   116 with Value:     0.0000Tol(Act/Req):0.2008E-03/0.1000E-04
# With parameters(tra.):    -0.2577E-06   -0.2589E-06   -0.7870E-07
# With parameters(rot.):     0.7184E-06    0.1952E-05    0.5000E-01
# Minimization at step:   117 with Value:     0.0000Tol(Act/Req):0.1980E-03/0.1000E-04
# With parameters(tra.):    -0.2417E-06   -0.2364E-07   -0.4117E-08
# With parameters(rot.):     0.3745E-06    0.2039E-05    0.5000E-01
# Minimization at step:   118 with Value:     0.0000Tol(Act/Req):0.1332E-03/0.1000E-04
# With parameters(tra.):    -0.4782E-07    0.4643E-07    0.3346E-07
# With parameters(rot.):     0.4041E-06    0.2001E-05    0.5000E-01
# Minimization at step:   119 with Value:     0.0000Tol(Act/Req):0.1262E-03/0.1000E-04
# With parameters(tra.):    -0.6375E-07    0.6191E-07    0.4462E-07
# With parameters(rot.):     0.5388E-06    0.2668E-05    0.3333E-01
# Minimization at step:   120 with Value:     0.0000Tol(Act/Req):0.1127E-03/0.1000E-04
# With parameters(tra.):    -0.3119E-07   -0.9312E-07    0.8608E-09
# With parameters(rot.):     0.8379E-06    0.2760E-05    0.2916E-01
# Minimization at step:   121 with Value:     0.0000Tol(Act/Req):0.1014E-03/0.1000E-04
# With parameters(tra.):    -0.6332E-08   -0.3202E-07   -0.3836E-07
# With parameters(rot.):     0.1683E-05    0.2201E-05    0.2222E-01
# Minimization at step:   122 with Value:     0.0000Tol(Act/Req):0.1005E-03/0.1000E-04
# With parameters(tra.):     0.3653E-07    0.6475E-08   -0.1213E-06
# With parameters(rot.):     0.1168E-05    0.1965E-05    0.1296E-01
# Minimization at step:   123 with Value:     0.0000Tol(Act/Req):0.7015E-04/0.1000E-04
# With parameters(tra.):     0.1287E-06    0.4851E-07   -0.2072E-07
# With parameters(rot.):     0.1060E-05    0.1808E-05    0.6158E-03
# Minimization at step:   124 with Value:     0.0000Tol(Act/Req):0.6822E-04/0.1000E-04
# With parameters(tra.):     0.2088E-06    0.2857E-07   -0.5365E-07
# With parameters(rot.):     0.1099E-05    0.8541E-06    0.6378E-02
# Minimization at step:   125 with Value:     0.0000Tol(Act/Req):0.6349E-04/0.1000E-04
# With parameters(tra.):     0.1760E-06   -0.1093E-07   -0.9421E-07
# With parameters(rot.):     0.1258E-05    0.5864E-06   -0.4528E-02
# Minimization at step:   126 with Value:     0.0000Tol(Act/Req):0.5752E-04/0.1000E-04
# With parameters(tra.):     0.1569E-06   -0.2639E-07   -0.1255E-06
# With parameters(rot.):     0.1301E-05    0.5238E-06   -0.1870E-02
# Minimization at step:   127 with Value:     0.0000Tol(Act/Req):0.5676E-04/0.1000E-04
# With parameters(tra.):     0.1672E-06    0.5011E-08   -0.1287E-06
# With parameters(rot.):     0.1290E-05    0.3221E-06   -0.3762E-02
# Minimization at step:   128 with Value:     0.0000Tol(Act/Req):0.5379E-04/0.1000E-04
# With parameters(tra.):     0.2001E-06   -0.4375E-07   -0.1196E-06
# With parameters(rot.):     0.3133E-06    0.2554E-06   -0.5478E-02
# Minimization at step:   129 with Value:     0.0000Tol(Act/Req):0.3812E-04/0.1000E-04
# With parameters(tra.):     0.1794E-06   -0.4479E-07   -0.1169E-06
# With parameters(rot.):     0.2382E-06    0.4440E-06   -0.7906E-02
# Minimization at step:   130 with Value:     0.0000Tol(Act/Req):0.3787E-04/0.1000E-04
# With parameters(tra.):     0.1694E-06   -0.3269E-07   -0.1189E-06
# With parameters(rot.):     0.4760E-06    0.4763E-06   -0.7679E-02
# Minimization at step:   131 with Value:     0.0000Tol(Act/Req):0.2520E-04/0.1000E-04
# With parameters(tra.):     0.1705E-06   -0.7135E-07   -0.5616E-07
# With parameters(rot.):     0.6898E-06    0.2811E-06   -0.5896E-02
# Minimization at step:   132 with Value:     0.0000Tol(Act/Req):0.1976E-04/0.1000E-04
# With parameters(tra.):     0.1905E-06   -0.6516E-07   -0.1643E-07
# With parameters(rot.):     0.3947E-06    0.3579E-06    0.9187E-03
# Minimization at step:   133 with Value:     0.0000Tol(Act/Req):0.1929E-04/0.1000E-04
# With parameters(tra.):     0.1838E-06   -0.7612E-07   -0.2297E-07
# With parameters(rot.):     0.3408E-06    0.3128E-06    0.2480E-02
# Minimization at step:   134 with Value:     0.0000Tol(Act/Req):0.1794E-04/0.1000E-04
# With parameters(tra.):     0.1903E-06   -0.6718E-07   -0.1578E-07
# With parameters(rot.):     0.2562E-06    0.2111E-06    0.2054E-02
# Minimization at step:   135 with Value:     0.0000Tol(Act/Req):0.1765E-04/0.1000E-04
# With parameters(tra.):     0.1524E-06   -0.7673E-07    0.2339E-07
# With parameters(rot.):     0.1118E-06    0.5106E-06    0.5175E-03
# Minimization at step:   136 with Value:     0.0000Tol(Act/Req):0.1361E-04/0.1000E-04
# With parameters(tra.):     0.1278E-06   -0.8426E-07    0.3545E-08
# With parameters(rot.):     0.2624E-06    0.4912E-06   -0.4693E-02
# Minimization at step:   137 with Value:     0.0000Tol(Act/Req):0.1079E-04/0.1000E-04
# With parameters(tra.):     0.1194E-06   -0.8251E-07    0.1273E-07
# With parameters(rot.):     0.3635E-06    0.5087E-06   -0.4331E-02
# Minimization at step:   138 with Value:     0.0000Tol(Act/Req):0.1039E-04/0.1000E-04
# With parameters(tra.):     0.1261E-06   -0.8060E-07    0.2045E-08
# With parameters(rot.):     0.4206E-06    0.4336E-06   -0.4351E-02
# Minimization at step:   139 with Value:     0.0000Tol(Act/Req):0.8303E-05/0.1000E-04
# With parameters(tra.):     0.1106E-06   -0.5791E-07   -0.2039E-07
# With parameters(rot.):     0.1883E-06    0.6146E-06   -0.5026E-02
# CSM Values after x minimization.
# Final Number of optim. Steps:   139
#      Before min is:      0.00326790100
# Final CSM Value is:      0.00000000000
# Coordinates rotated along Y.
[molecule] Nrec=  12 Format=nscxyz
  he               1    2    0.50000000D-01   0.10000000D+01  -0.30616170D-17
  he               2    2   -0.50000000D-01   0.86603000D+00   0.50000000D+00
  he               3    2    0.50000000D-01   0.50000000D+00   0.86603000D+00
  he               4    2   -0.50000000D-01   0.61232340D-17   0.10000000D+01
  he               5    2    0.50000000D-01  -0.50000000D+00   0.86603000D+00
  he               6    2   -0.50000000D-01  -0.86603000D+00   0.50000000D+00
  he               7    2    0.50000000D-01  -0.10000000D+01  -0.30616170D-17
  he               8    2   -0.50000000D-01  -0.86603000D+00  -0.50000000D+00
  he               9    2    0.50000000D-01  -0.50000000D+00  -0.86603000D+00
  he              10    2   -0.50000000D-01   0.61232340D-17  -0.10000000D+01
  he              11    2    0.50000000D-01   0.50000000D+00  -0.86603000D+00
  he              12    2   -0.50000000D-01   0.86603000D+00  -0.50000000D+00
# Minimization at step:     0 with Value:     0.0032Tol(Act/Req):0.2000E+01/0.1000E-04
# With parameters(tra.):     0.1429E-01    0.1429E-01    0.1429E-01
# With parameters(rot.):     0.1429E-01    0.1429E-01    0.1429E-01
# Minimization at step:     1 with Value:     0.0022Tol(Act/Req):0.2000E+01/0.1000E-04
# With parameters(tra.):     0.1548E-01    0.1548E-01    0.7143E-02
# With parameters(rot.):     0.1548E-01    0.1548E-01    0.1548E-01
# Minimization at step:     2 with Value:     0.0015Tol(Act/Req):0.2000E+01/0.1000E-04
# With parameters(tra.):     0.1677E-01    0.8433E-02    0.7738E-02
# With parameters(rot.):     0.1677E-01    0.1677E-01    0.1677E-01
# Minimization at step:     3 with Value:     0.0009Tol(Act/Req):0.2000E+01/0.1000E-04
# With parameters(tra.):    -0.4043E-02    0.1054E-01    0.9673E-02
# With parameters(rot.):     0.2096E-01    0.2096E-01    0.2096E-01
# Minimization at step:     4 with Value:     0.0006Tol(Act/Req):0.2000E+01/0.1000E-04
# With parameters(tra.):    -0.7137E-02    0.1109E-01   -0.4092E-03
# With parameters(rot.):     0.2411E-01    0.2411E-01    0.2411E-01
# Minimization at step:     5 with Value:     0.0004Tol(Act/Req):0.2000E+01/0.1000E-04
# With parameters(tra.):    -0.8484E-02    0.7792E-02   -0.7906E-03
# With parameters(rot.):     0.2537E-01    0.2537E-01    0.2537E-01
# Minimization at step:     6 with Value:     0.0003Tol(Act/Req):0.2000E+01/0.1000E-04
# With parameters(tra.):     0.8103E-03    0.6051E-02   -0.4374E-02
# With parameters(rot.):     0.2438E-01    0.2438E-01    0.2438E-01
# Minimization at step:     7 with Value:     0.0002Tol(Act/Req):0.2000E+01/0.1000E-04
# With parameters(tra.):     0.4344E-02    0.4515E-02   -0.3238E-03
# With parameters(rot.):     0.2287E-01    0.2287E-01    0.2287E-01
# Minimization at step:     8 with Value:     0.0001Tol(Act/Req):0.2000E+01/0.1000E-04
# With parameters(tra.):     0.4740E-02    0.2592E-02   -0.4755E-03
# With parameters(rot.):     0.2329E-01    0.2329E-01    0.2329E-01
# Minimization at step:     9 with Value:     0.0001Tol(Act/Req):0.2000E+01/0.1000E-04
# With parameters(tra.):     0.1075E-02    0.2597E-02    0.2291E-02
# With parameters(rot.):     0.2351E-01    0.2351E-01    0.2351E-01
# Minimization at step:    10 with Value:     0.0001Tol(Act/Req):0.2000E+01/0.1000E-04
# With parameters(tra.):     0.2134E-03    0.2694E-02    0.1833E-02
# With parameters(rot.):     0.2381E-01    0.2381E-01    0.2381E-01
# Minimization at step:    11 with Value:     0.0001Tol(Act/Req):0.2000E+01/0.1000E-04
# With parameters(tra.):    -0.3249E-03   -0.1656E-03    0.2183E-02
# With parameters(rot.):     0.2458E-01    0.2458E-01    0.2458E-01
# Minimization at step:    12 with Value:     0.0001Tol(Act/Req):0.2000E+01/0.1000E-04
# With parameters(tra.):    -0.3520E-03   -0.1794E-03    0.2365E-02
# With parameters(rot.):     0.1829E-01    0.2662E-01    0.2662E-01
# Minimization at step:    13 with Value:     0.0000Tol(Act/Req):0.2000E+01/0.1000E-04
# With parameters(tra.):    -0.4400E-03   -0.2242E-03    0.2956E-02
# With parameters(rot.):     0.2286E-01    0.8281E-02    0.3328E-01
# Minimization at step:    14 with Value:     0.0000Tol(Act/Req):0.2000E+01/0.1000E-04
# With parameters(tra.):     0.1014E-02   -0.9325E-03    0.1739E-02
# With parameters(rot.):     0.2259E-01    0.4363E-02    0.3561E-01
# Minimization at step:    15 with Value:     0.0000Tol(Act/Req):0.2000E+01/0.1000E-04
# With parameters(tra.):    -0.4424E-03   -0.1949E-02    0.7940E-03
# With parameters(rot.):     0.2280E-01   -0.1510E-02    0.4016E-01
# Minimization at step:    16 with Value:     0.0000Tol(Act/Req):0.2000E+01/0.1000E-04
# With parameters(tra.):    -0.1226E-03   -0.6369E-03    0.9790E-04
# With parameters(rot.):     0.2169E-01   -0.1071E-01    0.4484E-01
# Minimization at step:    17 with Value:     0.0000Tol(Act/Req):0.2000E+01/0.1000E-04
# With parameters(tra.):    -0.1003E-03   -0.8170E-03   -0.2939E-03
# With parameters(rot.):     0.1026E-01   -0.1906E-01    0.5501E-01
# Minimization at step:    18 with Value:     0.0000Tol(Act/Req):0.2000E+01/0.1000E-04
# With parameters(tra.):     0.2922E-03   -0.4687E-03   -0.1482E-03
# With parameters(rot.):     0.9161E-02   -0.1906E-01    0.5511E-01
# Minimization at step:    19 with Value:     0.0000Tol(Act/Req):0.1999E+01/0.1000E-04
# With parameters(tra.):     0.5192E-03   -0.5074E-03   -0.1220E-02
# With parameters(rot.):     0.3448E-02   -0.1672E-01    0.5724E-01
# Minimization at step:    20 with Value:     0.0000Tol(Act/Req):0.1999E+01/0.1000E-04
# With parameters(tra.):     0.7034E-03   -0.2240E-03   -0.1137E-02
# With parameters(rot.):     0.1262E-01   -0.7591E-02    0.4782E-01
# Minimization at step:    21 with Value:     0.0000Tol(Act/Req):0.1999E+01/0.1000E-04
# With parameters(tra.):     0.6701E-03   -0.1105E-02   -0.9233E-03
# With parameters(rot.):     0.1117E-01    0.9234E-04    0.4505E-01
# Minimization at step:    22 with Value:     0.0000Tol(Act/Req):0.1999E+01/0.1000E-04
# With parameters(tra.):     0.5237E-03   -0.1537E-02   -0.9324E-03
# With parameters(rot.):     0.3937E-02   -0.4835E-02    0.5142E-01
# Minimization at step:    23 with Value:     0.0000Tol(Act/Req):0.1999E+01/0.1000E-04
# With parameters(tra.):    -0.3257E-03   -0.1334E-02   -0.9920E-03
# With parameters(rot.):    -0.5908E-03   -0.5175E-02    0.5421E-01
# Minimization at step:    24 with Value:     0.0000Tol(Act/Req):0.1999E+01/0.1000E-04
# With parameters(tra.):     0.2534E-03   -0.9262E-03   -0.9818E-03
# With parameters(rot.):    -0.6033E-02   -0.5363E-03    0.5411E-01
# Minimization at step:    25 with Value:     0.0000Tol(Act/Req):0.1998E+01/0.1000E-04
# With parameters(tra.):     0.1345E-04   -0.1040E-02   -0.1880E-03
# With parameters(rot.):    -0.5385E-02    0.3301E-02    0.5165E-01
# Minimization at step:    26 with Value:     0.0000Tol(Act/Req):0.1998E+01/0.1000E-04
# With parameters(tra.):    -0.1513E-03   -0.1152E-02   -0.1244E-03
# With parameters(rot.):    -0.3970E-02    0.2461E-02    0.5147E-01
# Minimization at step:    27 with Value:     0.0000Tol(Act/Req):0.1998E+01/0.1000E-04
# With parameters(tra.):    -0.2142E-03   -0.1009E-02   -0.9342E-04
# With parameters(rot.):    -0.4992E-02    0.1378E-02    0.5247E-01
# Minimization at step:    28 with Value:     0.0000Tol(Act/Req):0.1998E+01/0.1000E-04
# With parameters(tra.):    -0.1732E-03   -0.9777E-03   -0.2840E-03
# With parameters(rot.):    -0.5121E-02    0.2585E-03    0.5315E-01
# Minimization at step:    29 with Value:     0.0000Tol(Act/Req):0.1997E+01/0.1000E-04
# With parameters(tra.):    -0.2742E-03   -0.6214E-03   -0.1174E-03
# With parameters(rot.):    -0.3767E-02    0.3996E-02    0.5039E-01
# Minimization at step:    30 with Value:     0.0000Tol(Act/Req):0.1995E+01/0.1000E-04
# With parameters(tra.):    -0.1283E-03   -0.5958E-03   -0.3454E-04
# With parameters(rot.):    -0.3278E-02    0.4816E-02    0.4961E-01
# Minimization at step:    31 with Value:     0.0000Tol(Act/Req):0.1994E+01/0.1000E-04
# With parameters(tra.):    -0.4502E-03   -0.6336E-03    0.1226E-03
# With parameters(rot.):    -0.2177E-03    0.3922E-02    0.4863E-01
# Minimization at step:    32 with Value:     0.0000Tol(Act/Req):0.1994E+01/0.1000E-04
# With parameters(tra.):    -0.6547E-03   -0.2228E-03    0.2567E-03
# With parameters(rot.):    -0.6692E-03    0.2603E-02    0.4934E-01
# Minimization at step:    33 with Value:     0.0000Tol(Act/Req):0.1992E+01/0.1000E-04
# With parameters(tra.):    -0.4644E-03   -0.9180E-04    0.1723E-03
# With parameters(rot.):    -0.3077E-02    0.2945E-02    0.5026E-01
# Minimization at step:    34 with Value:     0.0000Tol(Act/Req):0.1991E+01/0.1000E-04
# With parameters(tra.):    -0.4794E-03    0.2656E-03   -0.5674E-04
# With parameters(rot.):    -0.2654E-02    0.1601E-02    0.5066E-01
# Minimization at step:    35 with Value:     0.0000Tol(Act/Req):0.1990E+01/0.1000E-04
# With parameters(tra.):    -0.2823E-03    0.7966E-04   -0.2356E-03
# With parameters(rot.):    -0.2812E-02    0.2339E-02    0.5046E-01
# Minimization at step:    36 with Value:     0.0000Tol(Act/Req):0.1990E+01/0.1000E-04
# With parameters(tra.):    -0.2661E-03    0.7871E-04   -0.2732E-03
# With parameters(rot.):    -0.2958E-02    0.1578E-02    0.5092E-01
# Minimization at step:    37 with Value:     0.0000Tol(Act/Req):0.1989E+01/0.1000E-04
# With parameters(tra.):    -0.2446E-03   -0.2622E-04   -0.2340E-03
# With parameters(rot.):    -0.3089E-02    0.1912E-02    0.5084E-01
# Minimization at step:    38 with Value:     0.0000Tol(Act/Req):0.1981E+01/0.1000E-04
# With parameters(tra.):    -0.5485E-04    0.1546E-03   -0.1597E-03
# With parameters(rot.):    -0.2307E-02    0.2417E-02    0.4997E-01
# Minimization at step:    39 with Value:     0.0000Tol(Act/Req):0.1973E+01/0.1000E-04
# With parameters(tra.):    -0.4520E-04    0.1493E-03   -0.2141E-03
# With parameters(rot.):    -0.4446E-03    0.2014E-02    0.4927E-01
# Minimization at step:    40 with Value:     0.0000Tol(Act/Req):0.1971E+01/0.1000E-04
# With parameters(tra.):    -0.9763E-04    0.2965E-03   -0.8762E-04
# With parameters(rot.):     0.4495E-03    0.1414E-02    0.4901E-01
# Minimization at step:    41 with Value:     0.0000Tol(Act/Req):0.1968E+01/0.1000E-04
# With parameters(tra.):    -0.7551E-04    0.3142E-03   -0.9096E-04
# With parameters(rot.):     0.6604E-03    0.1019E-02    0.4909E-01
# Minimization at step:    42 with Value:     0.0000Tol(Act/Req):0.1967E+01/0.1000E-04
# With parameters(tra.):    -0.3066E-04    0.2082E-03   -0.1866E-03
# With parameters(rot.):     0.4260E-04    0.1371E-02    0.4930E-01
# Minimization at step:    43 with Value:     0.0000Tol(Act/Req):0.1962E+01/0.1000E-04
# With parameters(tra.):     0.8371E-04    0.7650E-04   -0.9239E-04
# With parameters(rot.):     0.8243E-03    0.1859E-02    0.4862E-01
# Minimization at step:    44 with Value:     0.0000Tol(Act/Req):0.1961E+01/0.1000E-04
# With parameters(tra.):     0.9204E-04    0.7174E-04   -0.6865E-04
# With parameters(rot.):     0.4645E-03    0.1947E-02    0.4875E-01
# Minimization at step:    45 with Value:     0.0000Tol(Act/Req):0.1952E+01/0.1000E-04
# With parameters(tra.):     0.6414E-04    0.1043E-03   -0.9023E-04
# With parameters(rot.):     0.2391E-03    0.1832E-02    0.4893E-01
# Minimization at step:    46 with Value:     0.0000Tol(Act/Req):0.1914E+01/0.1000E-04
# With parameters(tra.):    -0.9616E-06    0.1311E-05   -0.1101E-03
# With parameters(rot.):     0.4845E-03    0.1434E-02    0.4910E-01
# Minimization at step:    47 with Value:     0.0000Tol(Act/Req):0.1910E+01/0.1000E-04
# With parameters(tra.):     0.6812E-04   -0.6764E-04   -0.1231E-03
# With parameters(rot.):     0.8478E-03    0.7833E-03    0.4925E-01
# Minimization at step:    48 with Value:     0.0000Tol(Act/Req):0.1901E+01/0.1000E-04
# With parameters(tra.):     0.6888E-04   -0.7296E-04   -0.1019E-03
# With parameters(rot.):     0.1018E-02    0.6757E-03    0.4921E-01
# Minimization at step:    49 with Value:     0.0000Tol(Act/Req):0.1890E+01/0.1000E-04
# With parameters(tra.):     0.1725E-04   -0.2258E-04   -0.8678E-04
# With parameters(rot.):     0.7879E-03    0.1136E-02    0.4908E-01
# Minimization at step:    50 with Value:     0.0000Tol(Act/Req):0.1885E+01/0.1000E-04
# With parameters(tra.):     0.8982E-05   -0.6354E-04   -0.4534E-04
# With parameters(rot.):     0.1762E-03    0.1042E-02    0.4944E-01
# Minimization at step:    51 with Value:     0.0000Tol(Act/Req):0.1770E+01/0.1000E-04
# With parameters(tra.):    -0.4666E-04   -0.5670E-04   -0.6649E-04
# With parameters(rot.):    -0.1776E-03    0.6725E-03    0.4984E-01
# Minimization at step:    52 with Value:     0.0000Tol(Act/Req):0.1767E+01/0.1000E-04
# With parameters(tra.):    -0.1848E-04   -0.7391E-05   -0.3874E-04
# With parameters(rot.):    -0.5619E-03    0.6848E-03    0.4997E-01
# Minimization at step:    53 with Value:     0.0000Tol(Act/Req):0.1762E+01/0.1000E-04
# With parameters(tra.):    -0.2539E-04   -0.4590E-05   -0.2286E-04
# With parameters(rot.):    -0.6086E-03    0.6317E-03    0.5001E-01
# Minimization at step:    54 with Value:     0.0000Tol(Act/Req):0.1755E+01/0.1000E-04
# With parameters(tra.):    -0.2777E-04    0.4087E-04   -0.4832E-04
# With parameters(rot.):    -0.3460E-03    0.5999E-03    0.4989E-01
# Minimization at step:    55 with Value:     0.0000Tol(Act/Req):0.1734E+01/0.1000E-04
# With parameters(tra.):    -0.8368E-05    0.2843E-04   -0.4557E-04
# With parameters(rot.):    -0.5706E-03    0.1139E-03    0.5024E-01
# Minimization at step:    56 with Value:     0.0000Tol(Act/Req):0.1662E+01/0.1000E-04
# With parameters(tra.):    -0.2697E-04    0.4087E-06   -0.6808E-04
# With parameters(rot.):    -0.2846E-03   -0.3806E-04    0.5021E-01
# Minimization at step:    57 with Value:     0.0000Tol(Act/Req):0.1591E+01/0.1000E-04
# With parameters(tra.):    -0.3337E-04    0.1182E-05   -0.7065E-04
# With parameters(rot.):    -0.2046E-03    0.7079E-04    0.5012E-01
# Minimization at step:    58 with Value:     0.0000Tol(Act/Req):0.1462E+01/0.1000E-04
# With parameters(tra.):     0.8152E-05    0.1591E-04   -0.5794E-04
# With parameters(rot.):     0.2233E-04    0.1166E-03    0.4995E-01
# Minimization at step:    59 with Value:     0.0000Tol(Act/Req):0.1433E+01/0.1000E-04
# With parameters(tra.):     0.5528E-05    0.2835E-04   -0.3787E-04
# With parameters(rot.):     0.1394E-03   -0.1612E-03    0.5001E-01
# Minimization at step:    60 with Value:     0.0000Tol(Act/Req):0.1369E+01/0.1000E-04
# With parameters(tra.):     0.8701E-05    0.1973E-04   -0.3276E-04
# With parameters(rot.):     0.1361E-03   -0.2194E-03    0.5004E-01
# Minimization at step:    61 with Value:     0.0000Tol(Act/Req):0.1338E+01/0.1000E-04
# With parameters(tra.):    -0.1634E-05    0.1637E-04   -0.3383E-04
# With parameters(rot.):     0.8884E-04   -0.2588E-03    0.5009E-01
# Minimization at step:    62 with Value:     0.0000Tol(Act/Req):0.1312E+01/0.1000E-04
# With parameters(tra.):    -0.1575E-05    0.1226E-04   -0.3852E-04
# With parameters(rot.):     0.5536E-04   -0.1975E-03    0.5008E-01
# Minimization at step:    63 with Value:     0.0000Tol(Act/Req):0.1165E+01/0.1000E-04
# With parameters(tra.):     0.1407E-04    0.2923E-04   -0.1987E-04
# With parameters(rot.):    -0.2696E-05   -0.1614E-03    0.5007E-01
# Minimization at step:    64 with Value:     0.0000Tol(Act/Req):0.8631E+00/0.1000E-04
# With parameters(tra.):     0.1483E-04    0.3196E-04   -0.1692E-04
# With parameters(rot.):     0.5413E-04   -0.1263E-03    0.5002E-01
# Minimization at step:    65 with Value:     0.0000Tol(Act/Req):0.7726E+00/0.1000E-04
# With parameters(tra.):     0.2112E-04    0.2209E-04   -0.5285E-05
# With parameters(rot.):     0.2866E-04   -0.1902E-03    0.5006E-01
# Minimization at step:    66 with Value:     0.0000Tol(Act/Req):0.7342E+00/0.1000E-04
# With parameters(tra.):     0.2880E-04    0.1714E-04   -0.3569E-05
# With parameters(rot.):    -0.4719E-04   -0.6516E-04    0.5003E-01
# Minimization at step:    67 with Value:     0.0000Tol(Act/Req):0.6173E+00/0.1000E-04
# With parameters(tra.):     0.2617E-04    0.1553E-04   -0.1587E-05
# With parameters(rot.):    -0.8215E-04   -0.6875E-04    0.5006E-01
# Minimization at step:    68 with Value:     0.0000Tol(Act/Req):0.5814E+00/0.1000E-04
# With parameters(tra.):     0.1977E-04   -0.3584E-06   -0.7927E-05
# With parameters(rot.):    -0.6994E-04   -0.6193E-04    0.5006E-01
# Minimization at step:    69 with Value:     0.0000Tol(Act/Req):0.5736E+00/0.1000E-04
# With parameters(tra.):     0.1710E-04   -0.5818E-06   -0.8719E-05
# With parameters(rot.):    -0.5287E-04   -0.9293E-04    0.5007E-01
# Minimization at step:    70 with Value:     0.0000Tol(Act/Req):0.3911E+00/0.1000E-04
# With parameters(tra.):     0.1879E-04   -0.4630E-05   -0.2245E-05
# With parameters(rot.):     0.5623E-05   -0.3197E-04    0.5001E-01
# Minimization at step:    71 with Value:     0.0000Tol(Act/Req):0.3583E+00/0.1000E-04
# With parameters(tra.):     0.1755E-04   -0.5211E-05   -0.3930E-05
# With parameters(rot.):     0.7947E-05   -0.8131E-05    0.5000E-01
# Minimization at step:    72 with Value:     0.0000Tol(Act/Req):0.3277E+00/0.1000E-04
# With parameters(tra.):     0.1896E-04   -0.1644E-05   -0.2012E-05
# With parameters(rot.):     0.1138E-04   -0.5350E-05    0.4999E-01
# Minimization at step:    73 with Value:     0.0000Tol(Act/Req):0.2097E+00/0.1000E-04
# With parameters(tra.):     0.1322E-04   -0.8363E-05    0.8552E-06
# With parameters(rot.):    -0.1767E-04    0.5123E-05    0.5000E-01
# Minimization at step:    74 with Value:     0.0000Tol(Act/Req):0.1556E+00/0.1000E-04
# With parameters(tra.):     0.8237E-05   -0.1064E-04    0.2061E-05
# With parameters(rot.):     0.1673E-04   -0.1686E-04    0.5000E-01
# Minimization at step:    75 with Value:     0.0000Tol(Act/Req):0.1402E+00/0.1000E-04
# With parameters(tra.):     0.4751E-05   -0.1012E-04   -0.9986E-07
# With parameters(rot.):    -0.9735E-05   -0.4356E-04    0.5003E-01
# Minimization at step:    76 with Value:     0.0000Tol(Act/Req):0.1108E+00/0.1000E-04
# With parameters(tra.):     0.3063E-05   -0.1082E-04   -0.6233E-06
# With parameters(rot.):    -0.1005E-04   -0.3460E-04    0.5003E-01
# Minimization at step:    77 with Value:     0.0000Tol(Act/Req):0.8343E-01/0.1000E-04
# With parameters(tra.):     0.5924E-06   -0.6748E-05    0.3676E-05
# With parameters(rot.):    -0.1032E-04   -0.3878E-04    0.5003E-01
# Minimization at step:    78 with Value:     0.0000Tol(Act/Req):0.6550E-01/0.1000E-04
# With parameters(tra.):     0.3102E-06   -0.2984E-05    0.2947E-05
# With parameters(rot.):     0.6050E-05   -0.5500E-04    0.5002E-01
# Minimization at step:    79 with Value:     0.0000Tol(Act/Req):0.6215E-01/0.1000E-04
# With parameters(tra.):     0.9043E-06   -0.3689E-05    0.1812E-05
# With parameters(rot.):     0.7481E-05   -0.5530E-04    0.5002E-01
# Minimization at step:    80 with Value:     0.0000Tol(Act/Req):0.5032E-01/0.1000E-04
# With parameters(tra.):     0.1561E-05   -0.8108E-06    0.1147E-05
# With parameters(rot.):    -0.1203E-04   -0.5392E-04    0.5003E-01
# Minimization at step:    81 with Value:     0.0000Tol(Act/Req):0.4963E-01/0.1000E-04
# With parameters(tra.):     0.2822E-05    0.1946E-05    0.3003E-05
# With parameters(rot.):     0.4845E-05   -0.3957E-04    0.5001E-01
# Minimization at step:    82 with Value:     0.0000Tol(Act/Req):0.4017E-01/0.1000E-04
# With parameters(tra.):     0.2303E-06    0.4088E-05    0.3124E-05
# With parameters(rot.):     0.8100E-05   -0.2736E-04    0.5001E-01
# Minimization at step:    83 with Value:     0.0000Tol(Act/Req):0.2795E-01/0.1000E-04
# With parameters(tra.):    -0.1364E-05    0.2556E-05    0.1763E-05
# With parameters(rot.):    -0.3745E-05   -0.3507E-04    0.5002E-01
# Minimization at step:    84 with Value:     0.0000Tol(Act/Req):0.2224E-01/0.1000E-04
# With parameters(tra.):    -0.1733E-05    0.1895E-05    0.1853E-05
# With parameters(rot.):    -0.1792E-04   -0.1762E-04    0.5002E-01
# Minimization at step:    85 with Value:     0.0000Tol(Act/Req):0.1849E-01/0.1000E-04
# With parameters(tra.):    -0.1425E-05    0.2346E-05   -0.4037E-06
# With parameters(rot.):    -0.2352E-04   -0.5664E-05    0.5001E-01
# Minimization at step:    86 with Value:     0.0000Tol(Act/Req):0.1808E-01/0.1000E-04
# With parameters(tra.):    -0.2857E-05    0.1479E-05   -0.4772E-06
# With parameters(rot.):    -0.1434E-04    0.9499E-05    0.5000E-01
# Minimization at step:    87 with Value:     0.0000Tol(Act/Req):0.1556E-01/0.1000E-04
# With parameters(tra.):    -0.3054E-05    0.1294E-05    0.8092E-07
# With parameters(rot.):    -0.1218E-04    0.7774E-05    0.5000E-01
# Minimization at step:    88 with Value:     0.0000Tol(Act/Req):0.1520E-01/0.1000E-04
# With parameters(tra.):    -0.2712E-05    0.1495E-05    0.1458E-06
# With parameters(rot.):    -0.1429E-04    0.3840E-05    0.5001E-01
# Minimization at step:    89 with Value:     0.0000Tol(Act/Req):0.1476E-01/0.1000E-04
# With parameters(tra.):    -0.2669E-05    0.2024E-05   -0.5142E-06
# With parameters(rot.):     0.1091E-05   -0.6459E-05    0.5000E-01
# Minimization at step:    90 with Value:     0.0000Tol(Act/Req):0.1359E-01/0.1000E-04
# With parameters(tra.):    -0.1907E-05   -0.9239E-07   -0.1808E-05
# With parameters(rot.):    -0.3415E-05   -0.7633E-05    0.5001E-01
# Minimization at step:    91 with Value:     0.0000Tol(Act/Req):0.1236E-01/0.1000E-04
# With parameters(tra.):    -0.1854E-05   -0.4010E-06   -0.1751E-05
# With parameters(rot.):    -0.7637E-05   -0.5156E-05    0.5001E-01
# Minimization at step:    92 with Value:     0.0000Tol(Act/Req):0.1194E-01/0.1000E-04
# With parameters(tra.):    -0.2040E-05    0.1024E-06   -0.1423E-05
# With parameters(rot.):    -0.6862E-05   -0.4656E-05    0.5001E-01
# Minimization at step:    93 with Value:     0.0000Tol(Act/Req):0.5821E-02/0.1000E-04
# With parameters(tra.):    -0.1413E-05    0.2549E-06   -0.1538E-05
# With parameters(rot.):    -0.1719E-05    0.6802E-05    0.5000E-01
# Minimization at step:    94 with Value:     0.0000Tol(Act/Req):0.5041E-02/0.1000E-04
# With parameters(tra.):    -0.1259E-05   -0.4616E-06   -0.9614E-06
# With parameters(rot.):     0.6100E-05    0.3029E-05    0.5000E-01
# Minimization at step:    95 with Value:     0.0000Tol(Act/Req):0.3863E-02/0.1000E-04
# With parameters(tra.):    -0.9667E-06   -0.5241E-06   -0.1021E-05
# With parameters(rot.):     0.6742E-05    0.9938E-06    0.5000E-01
# Minimization at step:    96 with Value:     0.0000Tol(Act/Req):0.3694E-02/0.1000E-04
# With parameters(tra.):    -0.9703E-06   -0.3246E-06   -0.8237E-06
# With parameters(rot.):     0.8263E-05    0.1715E-05    0.5000E-01
# Minimization at step:    97 with Value:     0.0000Tol(Act/Req):0.3675E-02/0.1000E-04
# With parameters(tra.):    -0.9847E-06   -0.1340E-06   -0.9563E-06
# With parameters(rot.):     0.6489E-05    0.2548E-05    0.5000E-01
# Minimization at step:    98 with Value:     0.0000Tol(Act/Req):0.3286E-02/0.1000E-04
# With parameters(tra.):    -0.8859E-06   -0.2661E-06   -0.8615E-06
# With parameters(rot.):     0.5555E-05    0.4429E-05    0.5000E-01
# Minimization at step:    99 with Value:     0.0000Tol(Act/Req):0.1570E-02/0.1000E-04
# With parameters(tra.):    -0.1068E-05   -0.4725E-06   -0.6347E-06
# With parameters(rot.):     0.4802E-05   -0.1893E-05    0.5000E-01
# Minimization at step:   100 with Value:     0.0000Tol(Act/Req):0.1208E-02/0.1000E-04
# With parameters(tra.):    -0.9306E-06   -0.4994E-06   -0.6324E-06
# With parameters(rot.):     0.4961E-05   -0.3151E-05    0.5000E-01
# Minimization at step:   101 with Value:     0.0000Tol(Act/Req):0.1200E-02/0.1000E-04
# With parameters(tra.):    -0.9245E-06   -0.1587E-06   -0.1735E-06
# With parameters(rot.):     0.6903E-05   -0.3332E-05    0.5000E-01
# Minimization at step:   102 with Value:     0.0000Tol(Act/Req):0.1180E-02/0.1000E-04
# With parameters(tra.):    -0.7398E-06   -0.3870E-06    0.2454E-06
# With parameters(rot.):     0.5485E-05   -0.2158E-05    0.5000E-01
# Minimization at step:   103 with Value:     0.0000Tol(Act/Req):0.1019E-02/0.1000E-04
# With parameters(tra.):    -0.6870E-06   -0.9028E-07    0.3806E-06
# With parameters(rot.):     0.1601E-05   -0.2059E-05    0.5000E-01
# Minimization at step:   104 with Value:     0.0000Tol(Act/Req):0.9907E-03/0.1000E-04
# With parameters(tra.):    -0.4384E-06    0.1748E-06    0.5678E-06
# With parameters(rot.):     0.1037E-05    0.2101E-05    0.5000E-01
# Minimization at step:   105 with Value:     0.0000Tol(Act/Req):0.9895E-03/0.1000E-04
# With parameters(tra.):    -0.2826E-06   -0.5476E-07    0.3561E-06
# With parameters(rot.):    -0.2860E-05    0.4092E-05    0.5000E-01
# Minimization at step:   106 with Value:     0.0000Tol(Act/Req):0.9885E-03/0.1000E-04
# With parameters(tra.):    -0.4792E-06   -0.3963E-06    0.9830E-07
# With parameters(rot.):    -0.3595E-05    0.5962E-06    0.5000E-01
# Minimization at step:   107 with Value:     0.0000Tol(Act/Req):0.8876E-03/0.1000E-04
# With parameters(tra.):    -0.5345E-06   -0.3674E-06    0.1298E-06
# With parameters(rot.):    -0.2682E-05   -0.1930E-06    0.5000E-01
# Minimization at step:   108 with Value:     0.0000Tol(Act/Req):0.6201E-03/0.1000E-04
# With parameters(tra.):    -0.4900E-06   -0.2796E-06    0.1968E-06
# With parameters(rot.):    -0.2422E-05    0.6152E-06    0.5000E-01
# Minimization at step:   109 with Value:     0.0000Tol(Act/Req):0.6098E-03/0.1000E-04
# With parameters(tra.):    -0.3845E-06   -0.2747E-06    0.2671E-06
# With parameters(rot.):    -0.2957E-05    0.3001E-06    0.5000E-01
# Minimization at step:   110 with Value:     0.0000Tol(Act/Req):0.5545E-03/0.1000E-04
# With parameters(tra.):    -0.4011E-06   -0.2083E-06    0.1641E-06
# With parameters(rot.):    -0.3306E-05    0.2114E-06    0.5000E-01
# Minimization at step:   111 with Value:     0.0000Tol(Act/Req):0.3213E-03/0.1000E-04
# With parameters(tra.):    -0.3692E-06   -0.4604E-06    0.8610E-08
# With parameters(rot.):    -0.1621E-05    0.7049E-06    0.5000E-01
# Minimization at step:   112 with Value:     0.0000Tol(Act/Req):0.2933E-03/0.1000E-04
# With parameters(tra.):    -0.4247E-06   -0.4335E-06    0.3114E-07
# With parameters(rot.):     0.5589E-06   -0.5742E-06    0.5000E-01
# Minimization at step:   113 with Value:     0.0000Tol(Act/Req):0.2923E-03/0.1000E-04
# With parameters(tra.):    -0.3139E-06   -0.3092E-06    0.1100E-06
# With parameters(rot.):     0.2072E-05    0.6458E-06    0.5000E-01
# Minimization at step:   114 with Value:     0.0000Tol(Act/Req):0.2306E-03/0.1000E-04
# With parameters(tra.):    -0.2445E-06   -0.2983E-06    0.1129E-06
# With parameters(rot.):     0.8152E-06    0.1910E-05    0.5000E-01
# Minimization at step:   115 with Value:     0.0000Tol(Act/Req):0.2127E-03/0.1000E-04
# With parameters(tra.):    -0.2665E-06   -0.3285E-06    0.9338E-07
# With parameters(rot.):     0.3323E-06    0.1710E-05    0.5000E-01
# Minimization at step:   116 with Value:     0.0000Tol(Act/Req):0.2008E-03/0.1000E-04
# With parameters(tra.):    -0.2577E-06   -0.2589E-06   -0.7870E-07
# With parameters(rot.):     0.7184E-06    0.1952E-05    0.5000E-01
# Minimization at step:   117 with Value:     0.0000Tol(Act/Req):0.1980E-03/0.1000E-04
# With parameters(tra.):    -0.2417E-06   -0.2364E-07   -0.4117E-08
# With parameters(rot.):     0.3745E-06    0.2039E-05    0.5000E-01
# Minimization at step:   118 with Value:     0.0000Tol(Act/Req):0.1332E-03/0.1000E-04
# With parameters(tra.):    -0.4782E-07    0.4643E-07    0.3346E-07
# With parameters(rot.):     0.4041E-06    0.2001E-05    0.5000E-01
# Minimization at step:   119 with Value:     0.0000Tol(Act/Req):0.1262E-03/0.1000E-04
# With parameters(tra.):    -0.6375E-07    0.6191E-07    0.4462E-07
# With parameters(rot.):     0.5388E-06    0.2668E-05    0.3333E-01
# Minimization at step:   120 with Value:     0.0000Tol(Act/Req):0.1127E-03/0.1000E-04
# With parameters(tra.):    -0.3119E-07   -0.9312E-07    0.8608E-09
# With parameters(rot.):     0.8379E-06    0.2760E-05    0.2916E-01
# Minimization at step:   121 with Value:     0.0000Tol(Act/Req):0.1014E-03/0.1000E-04
# With parameters(tra.):    -0.6332E-08   -0.3202E-07   -0.3836E-07
# With parameters(rot.):     0.1683E-05    0.2201E-05    0.2222E-01
# Minimization at step:   122 with Value:     0.0000Tol(Act/Req):0.1005E-03/0.1000E-04
# With parameters(tra.):     0.3653E-07    0.6475E-08   -0.1213E-06
# With parameters(rot.):     0.1168E-05    0.1965E-05    0.1296E-01
# Minimization at step:   123 with Value:     0.0000Tol(Act/Req):0.7015E-04/0.1000E-04
# With parameters(tra.):     0.1287E-06    0.4851E-07   -0.2072E-07
# With parameters(rot.):     0.1060E-05    0.1808E-05    0.6158E-03
# Minimization at step:   124 with Value:     0.0000Tol(Act/Req):0.6822E-04/0.1000E-04
# With parameters(tra.):     0.2088E-06    0.2857E-07   -0.5365E-07
# With parameters(rot.):     0.1099E-05    0.8541E-06    0.6378E-02
# Minimization at step:   125 with Value:     0.0000Tol(Act/Req):0.6349E-04/0.1000E-04
# With parameters(tra.):     0.1760E-06   -0.1093E-07   -0.9421E-07
# With parameters(rot.):     0.1258E-05    0.5864E-06   -0.4528E-02
# Minimization at step:   126 with Value:     0.0000Tol(Act/Req):0.5752E-04/0.1000E-04
# With parameters(tra.):     0.1569E-06   -0.2639E-07   -0.1255E-06
# With parameters(rot.):     0.1301E-05    0.5238E-06   -0.1870E-02
# Minimization at step:   127 with Value:     0.0000Tol(Act/Req):0.5676E-04/0.1000E-04
# With parameters(tra.):     0.1672E-06    0.5011E-08   -0.1287E-06
# With parameters(rot.):     0.1290E-05    0.3221E-06   -0.3762E-02
# Minimization at step:   128 with Value:     0.0000Tol(Act/Req):0.5379E-04/0.1000E-04
# With parameters(tra.):     0.2001E-06   -0.4375E-07   -0.1196E-06
# With parameters(rot.):     0.3133E-06    0.2554E-06   -0.5478E-02
# Minimization at step:   129 with Value:     0.0000Tol(Act/Req):0.3812E-04/0.1000E-04
# With parameters(tra.):     0.1794E-06   -0.4479E-07   -0.1169E-06
# With parameters(rot.):     0.2382E-06    0.4440E-06   -0.7906E-02
# Minimization at step:   130 with Value:     0.0000Tol(Act/Req):0.3787E-04/0.1000E-04
# With parameters(tra.):     0.1694E-06   -0.3269E-07   -0.1189E-06
# With parameters(rot.):     0.4760E-06    0.4763E-06   -0.7679E-02
# Minimization at step:   131 with Value:     0.0000Tol(Act/Req):0.2520E-04/0.1000E-04
# With parameters(tra.):     0.1705E-06   -0.7135E-07   -0.5616E-07
# With parameters(rot.):     0.6898E-06    0.2811E-06   -0.5896E-02
# Minimization at step:   132 with Value:     0.0000Tol(Act/Req):0.1976E-04/0.1000E-04
# With parameters(tra.):     0.1905E-06   -0.6516E-07   -0.1643E-07
# With parameters(rot.):     0.3947E-06    0.3579E-06    0.9187E-03
# Minimization at step:   133 with Value:     0.0000Tol(Act/Req):0.1929E-04/0.1000E-04
# With parameters(tra.):     0.1838E-06   -0.7612E-07   -0.2297E-07
# With parameters(rot.):     0.3408E-06    0.3128E-06    0.2480E-02
# Minimization at step:   134 with Value:     0.0000Tol(Act/Req):0.1794E-04/0.1000E-04
# With parameters(tra.):     0.1903E-06   -0.6718E-07   -0.1578E-07
# With parameters(rot.):     0.2562E-06    0.2111E-06    0.2054E-02
# Minimization at step:   135 with Value:     0.0000Tol(Act/Req):0.1765E-04/0.1000E-04
# With parameters(tra.):     0.1524E-06   -0.7673E-07    0.2339E-07
# With parameters(rot.):     0.1118E-06    0.5106E-06    0.5175E-03
# Minimization at step:   136 with Value:     0.0000Tol(Act/Req):0.1361E-04/0.1000E-04
# With parameters(tra.):     0.1278E-06   -0.8426E-07    0.3545E-08
# With parameters(rot.):     0.2624E-06    0.4912E-06   -0.4693E-02
# Minimization at step:   137 with Value:     0.0000Tol(Act/Req):0.1079E-04/0.1000E-04
# With parameters(tra.):     0.1194E-06   -0.8251E-07    0.1273E-07
# With parameters(rot.):     0.3635E-06    0.5087E-06   -0.4331E-02
# Minimization at step:   138 with Value:     0.0000Tol(Act/Req):0.1039E-04/0.1000E-04
# With parameters(tra.):     0.1261E-06   -0.8060E-07    0.2045E-08
# With parameters(rot.):     0.4206E-06    0.4336E-06   -0.4351E-02
# Minimization at step:   139 with Value:     0.0000Tol(Act/Req):0.8303E-05/0.1000E-04
# With parameters(tra.):     0.1106E-06   -0.5791E-07   -0.2039E-07
# With parameters(rot.):     0.1883E-06    0.6146E-06   -0.5026E-02
# CSM Values after y minimization.
# Final Number of optim. Steps:   139
#      Before min is:      0.00326790100
# Final CSM Value is:      0.00000000000
# Coordinates rotated along Z.
[molecule] Nrec=  12 Format=nscxyz
  he               1    2    0.10000000D+01   0.61232340D-16  -0.50000000D-01
  he               2    2    0.86603000D+00  -0.50000000D+00   0.50000000D-01
  he               3    2    0.50000000D+00  -0.86603000D+00  -0.50000000D-01
  he               4    2    0.61232340D-16  -0.10000000D+01   0.50000000D-01
  he               5    2   -0.50000000D+00  -0.86603000D+00  -0.50000000D-01
  he               6    2   -0.86603000D+00  -0.50000000D+00   0.50000000D-01
  he               7    2   -0.10000000D+01  -0.61232340D-16  -0.50000000D-01
  he               8    2   -0.86603000D+00   0.50000000D+00   0.50000000D-01
  he               9    2   -0.50000000D+00   0.86603000D+00  -0.50000000D-01
  he              10    2   -0.61232340D-16   0.10000000D+01   0.50000000D-01
  he              11    2    0.50000000D+00   0.86603000D+00  -0.50000000D-01
  he              12    2    0.86603000D+00   0.50000000D+00   0.50000000D-01
# Minimization at step:     0 with Value:     0.0032Tol(Act/Req):0.2000E+01/0.1000E-04
# With parameters(tra.):     0.1429E-01    0.1429E-01    0.1429E-01
# With parameters(rot.):     0.1429E-01    0.1429E-01    0.1429E-01
# Minimization at step:     1 with Value:     0.0022Tol(Act/Req):0.2000E+01/0.1000E-04
# With parameters(tra.):     0.1548E-01    0.1548E-01    0.7143E-02
# With parameters(rot.):     0.1548E-01    0.1548E-01    0.1548E-01
# Minimization at step:     2 with Value:     0.0015Tol(Act/Req):0.2000E+01/0.1000E-04
# With parameters(tra.):     0.1677E-01    0.8433E-02    0.7738E-02
# With parameters(rot.):     0.1677E-01    0.1677E-01    0.1677E-01
# Minimization at step:     3 with Value:     0.0009Tol(Act/Req):0.2000E+01/0.1000E-04
# With parameters(tra.):    -0.4043E-02    0.1054E-01    0.9673E-02
# With parameters(rot.):     0.2096E-01    0.2096E-01    0.2096E-01
# Minimization at step:     4 with Value:     0.0006Tol(Act/Req):0.2000E+01/0.1000E-04
# With parameters(tra.):    -0.7137E-02    0.1109E-01   -0.4092E-03
# With parameters(rot.):     0.2411E-01    0.2411E-01    0.2411E-01
# Minimization at step:     5 with Value:     0.0004Tol(Act/Req):0.2000E+01/0.1000E-04
# With parameters(tra.):    -0.8484E-02    0.7792E-02   -0.7906E-03
# With parameters(rot.):     0.2537E-01    0.2537E-01    0.2537E-01
# Minimization at step:     6 with Value:     0.0003Tol(Act/Req):0.2000E+01/0.1000E-04
# With parameters(tra.):     0.8103E-03    0.6051E-02   -0.4374E-02
# With parameters(rot.):     0.2438E-01    0.2438E-01    0.2438E-01
# Minimization at step:     7 with Value:     0.0002Tol(Act/Req):0.2000E+01/0.1000E-04
# With parameters(tra.):     0.4344E-02    0.4515E-02   -0.3238E-03
# With parameters(rot.):     0.2287E-01    0.2287E-01    0.2287E-01
# Minimization at step:     8 with Value:     0.0001Tol(Act/Req):0.2000E+01/0.1000E-04
# With parameters(tra.):     0.4740E-02    0.2592E-02   -0.4755E-03
# With parameters(rot.):     0.2329E-01    0.2329E-01    0.2329E-01
# Minimization at step:     9 with Value:     0.0001Tol(Act/Req):0.2000E+01/0.1000E-04
# With parameters(tra.):     0.1075E-02    0.2597E-02    0.2291E-02
# With parameters(rot.):     0.2351E-01    0.2351E-01    0.2351E-01
# Minimization at step:    10 with Value:     0.0001Tol(Act/Req):0.2000E+01/0.1000E-04
# With parameters(tra.):     0.2134E-03    0.2694E-02    0.1833E-02
# With parameters(rot.):     0.2381E-01    0.2381E-01    0.2381E-01
# Minimization at step:    11 with Value:     0.0001Tol(Act/Req):0.2000E+01/0.1000E-04
# With parameters(tra.):    -0.3249E-03   -0.1656E-03    0.2183E-02
# With parameters(rot.):     0.2458E-01    0.2458E-01    0.2458E-01
# Minimization at step:    12 with Value:     0.0001Tol(Act/Req):0.2000E+01/0.1000E-04
# With parameters(tra.):    -0.3520E-03   -0.1794E-03    0.2365E-02
# With parameters(rot.):     0.1829E-01    0.2662E-01    0.2662E-01
# Minimization at step:    13 with Value:     0.0000Tol(Act/Req):0.2000E+01/0.1000E-04
# With parameters(tra.):    -0.4400E-03   -0.2242E-03    0.2956E-02
# With parameters(rot.):     0.2286E-01    0.8281E-02    0.3328E-01
# Minimization at step:    14 with Value:     0.0000Tol(Act/Req):0.2000E+01/0.1000E-04
# With parameters(tra.):     0.1014E-02   -0.9325E-03    0.1739E-02
# With parameters(rot.):     0.2259E-01    0.4363E-02    0.3561E-01
# Minimization at step:    15 with Value:     0.0000Tol(Act/Req):0.2000E+01/0.1000E-04
# With parameters(tra.):    -0.4424E-03   -0.1949E-02    0.7940E-03
# With parameters(rot.):     0.2280E-01   -0.1510E-02    0.4016E-01
# Minimization at step:    16 with Value:     0.0000Tol(Act/Req):0.2000E+01/0.1000E-04
# With parameters(tra.):    -0.1226E-03   -0.6369E-03    0.9790E-04
# With parameters(rot.):     0.2169E-01   -0.1071E-01    0.4484E-01
# Minimization at step:    17 with Value:     0.0000Tol(Act/Req):0.2000E+01/0.1000E-04
# With parameters(tra.):    -0.1003E-03   -0.8170E-03   -0.2939E-03
# With parameters(rot.):     0.1026E-01   -0.1906E-01    0.5501E-01
# Minimization at step:    18 with Value:     0.0000Tol(Act/Req):0.2000E+01/0.1000E-04
# With parameters(tra.):     0.2922E-03   -0.4687E-03   -0.1482E-03
# With parameters(rot.):     0.9161E-02   -0.1906E-01    0.5511E-01
# Minimization at step:    19 with Value:     0.0000Tol(Act/Req):0.1999E+01/0.1000E-04
# With parameters(tra.):     0.5192E-03   -0.5074E-03   -0.1220E-02
# With parameters(rot.):     0.3448E-02   -0.1672E-01    0.5724E-01
# Minimization at step:    20 with Value:     0.0000Tol(Act/Req):0.1999E+01/0.1000E-04
# With parameters(tra.):     0.7034E-03   -0.2240E-03   -0.1137E-02
# With parameters(rot.):     0.1262E-01   -0.7591E-02    0.4782E-01
# Minimization at step:    21 with Value:     0.0000Tol(Act/Req):0.1999E+01/0.1000E-04
# With parameters(tra.):     0.6701E-03   -0.1105E-02   -0.9233E-03
# With parameters(rot.):     0.1117E-01    0.9234E-04    0.4505E-01
# Minimization at step:    22 with Value:     0.0000Tol(Act/Req):0.1999E+01/0.1000E-04
# With parameters(tra.):     0.5237E-03   -0.1537E-02   -0.9324E-03
# With parameters(rot.):     0.3937E-02   -0.4835E-02    0.5142E-01
# Minimization at step:    23 with Value:     0.0000Tol(Act/Req):0.1999E+01/0.1000E-04
# With parameters(tra.):    -0.3257E-03   -0.1334E-02   -0.9920E-03
# With parameters(rot.):    -0.5908E-03   -0.5175E-02    0.5421E-01
# Minimization at step:    24 with Value:     0.0000Tol(Act/Req):0.1999E+01/0.1000E-04
# With parameters(tra.):     0.2534E-03   -0.9262E-03   -0.9818E-03
# With parameters(rot.):    -0.6033E-02   -0.5363E-03    0.5411E-01
# Minimization at step:    25 with Value:     0.0000Tol(Act/Req):0.1998E+01/0.1000E-04
# With parameters(tra.):     0.1345E-04   -0.1040E-02   -0.1880E-03
# With parameters(rot.):    -0.5385E-02    0.3301E-02    0.5165E-01
# Minimization at step:    26 with Value:     0.0000Tol(Act/Req):0.1998E+01/0.1000E-04
# With parameters(tra.):    -0.1513E-03   -0.1152E-02   -0.1244E-03
# With parameters(rot.):    -0.3970E-02    0.2461E-02    0.5147E-01
# Minimization at step:    27 with Value:     0.0000Tol(Act/Req):0.1998E+01/0.1000E-04
# With parameters(tra.):    -0.2142E-03   -0.1009E-02   -0.9342E-04
# With parameters(rot.):    -0.4992E-02    0.1378E-02    0.5247E-01
# Minimization at step:    28 with Value:     0.0000Tol(Act/Req):0.1998E+01/0.1000E-04
# With parameters(tra.):    -0.1732E-03   -0.9777E-03   -0.2840E-03
# With parameters(rot.):    -0.5121E-02    0.2585E-03    0.5315E-01
# Minimization at step:    29 with Value:     0.0000Tol(Act/Req):0.1997E+01/0.1000E-04
# With parameters(tra.):    -0.2742E-03   -0.6214E-03   -0.1174E-03
# With parameters(rot.):    -0.3767E-02    0.3996E-02    0.5039E-01
# Minimization at step:    30 with Value:     0.0000Tol(Act/Req):0.1995E+01/0.1000E-04
# With parameters(tra.):    -0.1283E-03   -0.5958E-03   -0.3454E-04
# With parameters(rot.):    -0.3278E-02    0.4816E-02    0.4961E-01
# Minimization at step:    31 with Value:     0.0000Tol(Act/Req):0.1994E+01/0.1000E-04
# With parameters(tra.):    -0.4502E-03   -0.6336E-03    0.1226E-03
# With parameters(rot.):    -0.2177E-03    0.3922E-02    0.4863E-01
# Minimization at step:    32 with Value:     0.0000Tol(Act/Req):0.1994E+01/0.1000E-04
# With parameters(tra.):    -0.6547E-03   -0.2228E-03    0.2567E-03
# With parameters(rot.):    -0.6692E-03    0.2603E-02    0.4934E-01
# Minimization at step:    33 with Value:     0.0000Tol(Act/Req):0.1992E+01/0.1000E-04
# With parameters(tra.):    -0.4644E-03   -0.9180E-04    0.1723E-03
# With parameters(rot.):    -0.3077E-02    0.2945E-02    0.5026E-01
# Minimization at step:    34 with Value:     0.0000Tol(Act/Req):0.1991E+01/0.1000E-04
# With parameters(tra.):    -0.4794E-03    0.2656E-03   -0.5674E-04
# With parameters(rot.):    -0.2654E-02    0.1601E-02    0.5066E-01
# Minimization at step:    35 with Value:     0.0000Tol(Act/Req):0.1990E+01/0.1000E-04
# With parameters(tra.):    -0.2823E-03    0.7966E-04   -0.2356E-03
# With parameters(rot.):    -0.2812E-02    0.2339E-02    0.5046E-01
# Minimization at step:    36 with Value:     0.0000Tol(Act/Req):0.1990E+01/0.1000E-04
# With parameters(tra.):    -0.2661E-03    0.7871E-04   -0.2732E-03
# With parameters(rot.):    -0.2958E-02    0.1578E-02    0.5092E-01
# Minimization at step:    37 with Value:     0.0000Tol(Act/Req):0.1989E+01/0.1000E-04
# With parameters(tra.):    -0.2446E-03   -0.2622E-04   -0.2340E-03
# With parameters(rot.):    -0.3089E-02    0.1912E-02    0.5084E-01
# Minimization at step:    38 with Value:     0.0000Tol(Act/Req):0.1981E+01/0.1000E-04
# With parameters(tra.):    -0.5485E-04    0.1546E-03   -0.1597E-03
# With parameters(rot.):    -0.2307E-02    0.2417E-02    0.4997E-01
# Minimization at step:    39 with Value:     0.0000Tol(Act/Req):0.1973E+01/0.1000E-04
# With parameters(tra.):    -0.4520E-04    0.1493E-03   -0.2141E-03
# With parameters(rot.):    -0.4446E-03    0.2014E-02    0.4927E-01
# Minimization at step:    40 with Value:     0.0000Tol(Act/Req):0.1971E+01/0.1000E-04
# With parameters(tra.):    -0.9763E-04    0.2965E-03   -0.8762E-04
# With parameters(rot.):     0.4495E-03    0.1414E-02    0.4901E-01
# Minimization at step:    41 with Value:     0.0000Tol(Act/Req):0.1968E+01/0.1000E-04
# With parameters(tra.):    -0.7551E-04    0.3142E-03   -0.9096E-04
# With parameters(rot.):     0.6604E-03    0.1019E-02    0.4909E-01
# Minimization at step:    42 with Value:     0.0000Tol(Act/Req):0.1967E+01/0.1000E-04
# With parameters(tra.):    -0.3066E-04    0.2082E-03   -0.1866E-03
# With parameters(rot.):     0.4260E-04    0.1371E-02    0.4930E-01
# Minimization at step:    43 with Value:     0.0000Tol(Act/Req):0.1962E+01/0.1000E-04
# With parameters(tra.):     0.8371E-04    0.7650E-04   -0.9239E-04
# With parameters(rot.):     0.8243E-03    0.1859E-02    0.4862E-01
# Minimization at step:    44 with Value:     0.0000Tol(Act/Req):0.1961E+01/0.1000E-04
# With parameters(tra.):     0.9204E-04    0.7174E-04   -0.6865E-04
# With parameters(rot.):     0.4645E-03    0.1947E-02    0.4875E-01
# Minimization at step:    45 with Value:     0.0000Tol(Act/Req):0.1952E+01/0.1000E-04
# With parameters(tra.):     0.6414E-04    0.1043E-03   -0.9023E-04
# With parameters(rot.):     0.2391E-03    0.1832E-02    0.4893E-01
# Minimization at step:    46 with Value:     0.0000Tol(Act/Req):0.1914E+01/0.1000E-04
# With parameters(tra.):    -0.9616E-06    0.1311E-05   -0.1101E-03
# With parameters(rot.):     0.4845E-03    0.1434E-02    0.4910E-01
# Minimization at step:    47 with Value:     0.0000Tol(Act/Req):0.1910E+01/0.1000E-04
# With parameters(tra.):     0.6812E-04   -0.6764E-04   -0.1231E-03
# With parameters(rot.):     0.8478E-03    0.7833E-03    0.4925E-01
# Minimization at step:    48 with Value:     0.0000Tol(Act/Req):0.1901E+01/0.1000E-04
# With parameters(tra.):     0.6888E-04   -0.7296E-04   -0.1019E-03
# With parameters(rot.):     0.1018E-02    0.6757E-03    0.4921E-01
# Minimization at step:    49 with Value:     0.0000Tol(Act/Req):0.1890E+01/0.1000E-04
# With parameters(tra.):     0.1725E-04   -0.2258E-04   -0.8678E-04
# With parameters(rot.):     0.7879E-03    0.1136E-02    0.4908E-01
# Minimization at step:    50 with Value:     0.0000Tol(Act/Req):0.1885E+01/0.1000E-04
# With parameters(tra.):     0.8982E-05   -0.6354E-04   -0.4534E-04
# With parameters(rot.):     0.1762E-03    0.1042E-02    0.4944E-01
# Minimization at step:    51 with Value:     0.0000Tol(Act/Req):0.1770E+01/0.1000E-04
# With parameters(tra.):    -0.4666E-04   -0.5670E-04   -0.6649E-04
# With parameters(rot.):    -0.1776E-03    0.6725E-03    0.4984E-01
# Minimization at step:    52 with Value:     0.0000Tol(Act/Req):0.1767E+01/0.1000E-04
# With parameters(tra.):    -0.1848E-04   -0.7391E-05   -0.3874E-04
# With parameters(rot.):    -0.5619E-03    0.6848E-03    0.4997E-01
# Minimization at step:    53 with Value:     0.0000Tol(Act/Req):0.1762E+01/0.1000E-04
# With parameters(tra.):    -0.2539E-04   -0.4590E-05   -0.2286E-04
# With parameters(rot.):    -0.6086E-03    0.6317E-03    0.5001E-01
# Minimization at step:    54 with Value:     0.0000Tol(Act/Req):0.1755E+01/0.1000E-04
# With parameters(tra.):    -0.2777E-04    0.4087E-04   -0.4832E-04
# With parameters(rot.):    -0.3460E-03    0.5999E-03    0.4989E-01
# Minimization at step:    55 with Value:     0.0000Tol(Act/Req):0.1734E+01/0.1000E-04
# With parameters(tra.):    -0.8368E-05    0.2843E-04   -0.4557E-04
# With parameters(rot.):    -0.5706E-03    0.1139E-03    0.5024E-01
# Minimization at step:    56 with Value:     0.0000Tol(Act/Req):0.1662E+01/0.1000E-04
# With parameters(tra.):    -0.2697E-04    0.4087E-06   -0.6808E-04
# With parameters(rot.):    -0.2846E-03   -0.3806E-04    0.5021E-01
# Minimization at step:    57 with Value:     0.0000Tol(Act/Req):0.1591E+01/0.1000E-04
# With parameters(tra.):    -0.3337E-04    0.1182E-05   -0.7065E-04
# With parameters(rot.):    -0.2046E-03    0.7079E-04    0.5012E-01
# Minimization at step:    58 with Value:     0.0000Tol(Act/Req):0.1462E+01/0.1000E-04
# With parameters(tra.):     0.8152E-05    0.1591E-04   -0.5794E-04
# With parameters(rot.):     0.2233E-04    0.1166E-03    0.4995E-01
# Minimization at step:    59 with Value:     0.0000Tol(Act/Req):0.1433E+01/0.1000E-04
# With parameters(tra.):     0.5528E-05    0.2835E-04   -0.3787E-04
# With parameters(rot.):     0.1394E-03   -0.1612E-03    0.5001E-01
# Minimization at step:    60 with Value:     0.0000Tol(Act/Req):0.1369E+01/0.1000E-04
# With parameters(tra.):     0.8701E-05    0.1973E-04   -0.3276E-04
# With parameters(rot.):     0.1361E-03   -0.2194E-03    0.5004E-01
# Minimization at step:    61 with Value:     0.0000Tol(Act/Req):0.1338E+01/0.1000E-04
# With parameters(tra.):    -0.1634E-05    0.1637E-04   -0.3383E-04
# With parameters(rot.):     0.8884E-04   -0.2588E-03    0.5009E-01
# Minimization at step:    62 with Value:     0.0000Tol(Act/Req):0.1312E+01/0.1000E-04
# With parameters(tra.):    -0.1575E-05    0.1226E-04   -0.3852E-04
# With parameters(rot.):     0.5536E-04   -0.1975E-03    0.5008E-01
# Minimization at step:    63 with Value:     0.0000Tol(Act/Req):0.1165E+01/0.1000E-04
# With parameters(tra.):     0.1407E-04    0.2923E-04   -0.1987E-04
# With parameters(rot.):    -0.2696E-05   -0.1614E-03    0.5007E-01
# Minimization at step:    64 with Value:     0.0000Tol(Act/Req):0.8631E+00/0.1000E-04
# With parameters(tra.):     0.1483E-04    0.3196E-04   -0.1692E-04
# With parameters(rot.):     0.5413E-04   -0.1263E-03    0.5002E-01
# Minimization at step:    65 with Value:     0.0000Tol(Act/Req):0.7726E+00/0.1000E-04
# With parameters(tra.):     0.2112E-04    0.2209E-04   -0.5285E-05
# With parameters(rot.):     0.2866E-04   -0.1902E-03    0.5006E-01
# Minimization at step:    66 with Value:     0.0000Tol(Act/Req):0.7342E+00/0.1000E-04
# With parameters(tra.):     0.2880E-04    0.1714E-04   -0.3569E-05
# With parameters(rot.):    -0.4719E-04   -0.6516E-04    0.5003E-01
# Minimization at step:    67 with Value:     0.0000Tol(Act/Req):0.6173E+00/0.1000E-04
# With parameters(tra.):     0.2617E-04    0.1553E-04   -0.1587E-05
# With parameters(rot.):    -0.8215E-04   -0.6875E-04    0.5006E-01
# Minimization at step:    68 with Value:     0.0000Tol(Act/Req):0.5814E+00/0.1000E-04
# With parameters(tra.):     0.1977E-04   -0.3584E-06   -0.7927E-05
# With parameters(rot.):    -0.6994E-04   -0.6193E-04    0.5006E-01
# Minimization at step:    69 with Value:     0.0000Tol(Act/Req):0.5736E+00/0.1000E-04
# With parameters(tra.):     0.1710E-04   -0.5818E-06   -0.8719E-05
# With parameters(rot.):    -0.5287E-04   -0.9293E-04    0.5007E-01
# Minimization at step:    70 with Value:     0.0000Tol(Act/Req):0.3911E+00/0.1000E-04
# With parameters(tra.):     0.1879E-04   -0.4630E-05   -0.2245E-05
# With parameters(rot.):     0.5623E-05   -0.3197E-04    0.5001E-01
# Minimization at step:    71 with Value:     0.0000Tol(Act/Req):0.3583E+00/0.1000E-04
# With parameters(tra.):     0.1755E-04   -0.5211E-05   -0.3930E-05
# With parameters(rot.):     0.7947E-05   -0.8131E-05    0.5000E-01
# Minimization at step:    72 with Value:     0.0000Tol(Act/Req):0.3277E+00/0.1000E-04
# With parameters(tra.):     0.1896E-04   -0.1644E-05   -0.2012E-05
# With parameters(rot.):     0.1138E-04   -0.5350E-05    0.4999E-01
# Minimization at step:    73 with Value:     0.0000Tol(Act/Req):0.2097E+00/0.1000E-04
# With parameters(tra.):     0.1322E-04   -0.8363E-05    0.8552E-06
# With parameters(rot.):    -0.1767E-04    0.5123E-05    0.5000E-01
# Minimization at step:    74 with Value:     0.0000Tol(Act/Req):0.1556E+00/0.1000E-04
# With parameters(tra.):     0.8237E-05   -0.1064E-04    0.2061E-05
# With parameters(rot.):     0.1673E-04   -0.1686E-04    0.5000E-01
# Minimization at step:    75 with Value:     0.0000Tol(Act/Req):0.1402E+00/0.1000E-04
# With parameters(tra.):     0.4751E-05   -0.1012E-04   -0.9986E-07
# With parameters(rot.):    -0.9735E-05   -0.4356E-04    0.5003E-01
# Minimization at step:    76 with Value:     0.0000Tol(Act/Req):0.1108E+00/0.1000E-04
# With parameters(tra.):     0.3063E-05   -0.1082E-04   -0.6233E-06
# With parameters(rot.):    -0.1005E-04   -0.3460E-04    0.5003E-01
# Minimization at step:    77 with Value:     0.0000Tol(Act/Req):0.8343E-01/0.1000E-04
# With parameters(tra.):     0.5924E-06   -0.6748E-05    0.3676E-05
# With parameters(rot.):    -0.1032E-04   -0.3878E-04    0.5003E-01
# Minimization at step:    78 with Value:     0.0000Tol(Act/Req):0.6550E-01/0.1000E-04
# With parameters(tra.):     0.3102E-06   -0.2984E-05    0.2947E-05
# With parameters(rot.):     0.6050E-05   -0.5500E-04    0.5002E-01
# Minimization at step:    79 with Value:     0.0000Tol(Act/Req):0.6215E-01/0.1000E-04
# With parameters(tra.):     0.9043E-06   -0.3689E-05    0.1812E-05
# With parameters(rot.):     0.7481E-05   -0.5530E-04    0.5002E-01
# Minimization at step:    80 with Value:     0.0000Tol(Act/Req):0.5032E-01/0.1000E-04
# With parameters(tra.):     0.1561E-05   -0.8108E-06    0.1147E-05
# With parameters(rot.):    -0.1203E-04   -0.5392E-04    0.5003E-01
# Minimization at step:    81 with Value:     0.0000Tol(Act/Req):0.4963E-01/0.1000E-04
# With parameters(tra.):     0.2822E-05    0.1946E-05    0.3003E-05
# With parameters(rot.):     0.4845E-05   -0.3957E-04    0.5001E-01
# Minimization at step:    82 with Value:     0.0000Tol(Act/Req):0.4017E-01/0.1000E-04
# With parameters(tra.):     0.2303E-06    0.4088E-05    0.3124E-05
# With parameters(rot.):     0.8100E-05   -0.2736E-04    0.5001E-01
# Minimization at step:    83 with Value:     0.0000Tol(Act/Req):0.2795E-01/0.1000E-04
# With parameters(tra.):    -0.1364E-05    0.2556E-05    0.1763E-05
# With parameters(rot.):    -0.3745E-05   -0.3507E-04    0.5002E-01
# Minimization at step:    84 with Value:     0.0000Tol(Act/Req):0.2224E-01/0.1000E-04
# With parameters(tra.):    -0.1733E-05    0.1895E-05    0.1853E-05
# With parameters(rot.):    -0.1792E-04   -0.1762E-04    0.5002E-01
# Minimization at step:    85 with Value:     0.0000Tol(Act/Req):0.1849E-01/0.1000E-04
# With parameters(tra.):    -0.1425E-05    0.2346E-05   -0.4037E-06
# With parameters(rot.):    -0.2352E-04   -0.5664E-05    0.5001E-01
# Minimization at step:    86 with Value:     0.0000Tol(Act/Req):0.1808E-01/0.1000E-04
# With parameters(tra.):    -0.2857E-05    0.1479E-05   -0.4772E-06
# With parameters(rot.):    -0.1434E-04    0.9499E-05    0.5000E-01
# Minimization at step:    87 with Value:     0.0000Tol(Act/Req):0.1556E-01/0.1000E-04
# With parameters(tra.):    -0.3054E-05    0.1294E-05    0.8092E-07
# With parameters(rot.):    -0.1218E-04    0.7774E-05    0.5000E-01
# Minimization at step:    88 with Value:     0.0000Tol(Act/Req):0.1520E-01/0.1000E-04
# With parameters(tra.):    -0.2712E-05    0.1495E-05    0.1458E-06
# With parameters(rot.):    -0.1429E-04    0.3840E-05    0.5001E-01
# Minimization at step:    89 with Value:     0.0000Tol(Act/Req):0.1476E-01/0.1000E-04
# With parameters(tra.):    -0.2669E-05    0.2024E-05   -0.5142E-06
# With parameters(rot.):     0.1091E-05   -0.6459E-05    0.5000E-01
# Minimization at step:    90 with Value:     0.0000Tol(Act/Req):0.1359E-01/0.1000E-04
# With parameters(tra.):    -0.1907E-05   -0.9239E-07   -0.1808E-05
# With parameters(rot.):    -0.3415E-05   -0.7633E-05    0.5001E-01
# Minimization at step:    91 with Value:     0.0000Tol(Act/Req):0.1236E-01/0.1000E-04
# With parameters(tra.):    -0.1854E-05   -0.4010E-06   -0.1751E-05
# With parameters(rot.):    -0.7637E-05   -0.5156E-05    0.5001E-01
# Minimization at step:    92 with Value:     0.0000Tol(Act/Req):0.1194E-01/0.1000E-04
# With parameters(tra.):    -0.2040E-05    0.1024E-06   -0.1423E-05
# With parameters(rot.):    -0.6862E-05   -0.4656E-05    0.5001E-01
# Minimization at step:    93 with Value:     0.0000Tol(Act/Req):0.5821E-02/0.1000E-04
# With parameters(tra.):    -0.1413E-05    0.2549E-06   -0.1538E-05
# With parameters(rot.):    -0.1719E-05    0.6802E-05    0.5000E-01
# Minimization at step:    94 with Value:     0.0000Tol(Act/Req):0.5041E-02/0.1000E-04
# With parameters(tra.):    -0.1259E-05   -0.4616E-06   -0.9614E-06
# With parameters(rot.):     0.6100E-05    0.3029E-05    0.5000E-01
# Minimization at step:    95 with Value:     0.0000Tol(Act/Req):0.3863E-02/0.1000E-04
# With parameters(tra.):    -0.9667E-06   -0.5241E-06   -0.1021E-05
# With parameters(rot.):     0.6742E-05    0.9938E-06    0.5000E-01
# Minimization at step:    96 with Value:     0.0000Tol(Act/Req):0.3694E-02/0.1000E-04
# With parameters(tra.):    -0.9703E-06   -0.3246E-06   -0.8237E-06
# With parameters(rot.):     0.8263E-05    0.1715E-05    0.5000E-01
# Minimization at step:    97 with Value:     0.0000Tol(Act/Req):0.3675E-02/0.1000E-04
# With parameters(tra.):    -0.9847E-06   -0.1340E-06   -0.9563E-06
# With parameters(rot.):     0.6489E-05    0.2548E-05    0.5000E-01
# Minimization at step:    98 with Value:     0.0000Tol(Act/Req):0.3286E-02/0.1000E-04
# With parameters(tra.):    -0.8859E-06   -0.2661E-06   -0.8615E-06
# With parameters(rot.):     0.5555E-05    0.4429E-05    0.5000E-01
# Minimization at step:    99 with Value:     0.0000Tol(Act/Req):0.1570E-02/0.1000E-04
# With parameters(tra.):    -0.1068E-05   -0.4725E-06   -0.6347E-06
# With parameters(rot.):     0.4802E-05   -0.1893E-05    0.5000E-01
# Minimization at step:   100 with Value:     0.0000Tol(Act/Req):0.1208E-02/0.1000E-04
# With parameters(tra.):    -0.9306E-06   -0.4994E-06   -0.6324E-06
# With parameters(rot.):     0.4961E-05   -0.3151E-05    0.5000E-01
# Minimization at step:   101 with Value:     0.0000Tol(Act/Req):0.1200E-02/0.1000E-04
# With parameters(tra.):    -0.9245E-06   -0.1587E-06   -0.1735E-06
# With parameters(rot.):     0.6903E-05   -0.3332E-05    0.5000E-01
# Minimization at step:   102 with Value:     0.0000Tol(Act/Req):0.1180E-02/0.1000E-04
# With parameters(tra.):    -0.7398E-06   -0.3870E-06    0.2454E-06
# With parameters(rot.):     0.5485E-05   -0.2158E-05    0.5000E-01
# Minimization at step:   103 with Value:     0.0000Tol(Act/Req):0.1019E-02/0.1000E-04
# With parameters(tra.):    -0.6870E-06   -0.9028E-07    0.3806E-06
# With parameters(rot.):     0.1601E-05   -0.2059E-05    0.5000E-01
# Minimization at step:   104 with Value:     0.0000Tol(Act/Req):0.9907E-03/0.1000E-04
# With parameters(tra.):    -0.4384E-06    0.1748E-06    0.5678E-06
# With parameters(rot.):     0.1037E-05    0.2101E-05    0.5000E-01
# Minimization at step:   105 with Value:     0.0000Tol(Act/Req):0.9895E-03/0.1000E-04
# With parameters(tra.):    -0.2826E-06   -0.5476E-07    0.3561E-06
# With parameters(rot.):    -0.2860E-05    0.4092E-05    0.5000E-01
# Minimization at step:   106 with Value:     0.0000Tol(Act/Req):0.9885E-03/0.1000E-04
# With parameters(tra.):    -0.4792E-06   -0.3963E-06    0.9830E-07
# With parameters(rot.):    -0.3595E-05    0.5962E-06    0.5000E-01
# Minimization at step:   107 with Value:     0.0000Tol(Act/Req):0.8876E-03/0.1000E-04
# With parameters(tra.):    -0.5345E-06   -0.3674E-06    0.1298E-06
# With parameters(rot.):    -0.2682E-05   -0.1930E-06    0.5000E-01
# Minimization at step:   108 with Value:     0.0000Tol(Act/Req):0.6201E-03/0.1000E-04
# With parameters(tra.):    -0.4900E-06   -0.2796E-06    0.1968E-06
# With parameters(rot.):    -0.2422E-05    0.6152E-06    0.5000E-01
# Minimization at step:   109 with Value:     0.0000Tol(Act/Req):0.6098E-03/0.1000E-04
# With parameters(tra.):    -0.3845E-06   -0.2747E-06    0.2671E-06
# With parameters(rot.):    -0.2957E-05    0.3001E-06    0.5000E-01
# Minimization at step:   110 with Value:     0.0000Tol(Act/Req):0.5545E-03/0.1000E-04
# With parameters(tra.):    -0.4011E-06   -0.2083E-06    0.1641E-06
# With parameters(rot.):    -0.3306E-05    0.2114E-06    0.5000E-01
# Minimization at step:   111 with Value:     0.0000Tol(Act/Req):0.3213E-03/0.1000E-04
# With parameters(tra.):    -0.3692E-06   -0.4604E-06    0.8610E-08
# With parameters(rot.):    -0.1621E-05    0.7049E-06    0.5000E-01
# Minimization at step:   112 with Value:     0.0000Tol(Act/Req):0.2933E-03/0.1000E-04
# With parameters(tra.):    -0.4247E-06   -0.4335E-06    0.3114E-07
# With parameters(rot.):     0.5589E-06   -0.5742E-06    0.5000E-01
# Minimization at step:   113 with Value:     0.0000Tol(Act/Req):0.2923E-03/0.1000E-04
# With parameters(tra.):    -0.3139E-06   -0.3092E-06    0.1100E-06
# With parameters(rot.):     0.2072E-05    0.6458E-06    0.5000E-01
# Minimization at step:   114 with Value:     0.0000Tol(Act/Req):0.2306E-03/0.1000E-04
# With parameters(tra.):    -0.2445E-06   -0.2983E-06    0.1129E-06
# With parameters(rot.):     0.8152E-06    0.1910E-05    0.5000E-01
# Minimization at step:   115 with Value:     0.0000Tol(Act/Req):0.2127E-03/0.1000E-04
# With parameters(tra.):    -0.2665E-06   -0.3285E-06    0.9338E-07
# With parameters(rot.):     0.3323E-06    0.1710E-05    0.5000E-01
# Minimization at step:   116 with Value:     0.0000Tol(Act/Req):0.2008E-03/0.1000E-04
# With parameters(tra.):    -0.2577E-06   -0.2589E-06   -0.7870E-07
# With parameters(rot.):     0.7184E-06    0.1952E-05    0.5000E-01
# Minimization at step:   117 with Value:     0.0000Tol(Act/Req):0.1980E-03/0.1000E-04
# With parameters(tra.):    -0.2417E-06   -0.2364E-07   -0.4117E-08
# With parameters(rot.):     0.3745E-06    0.2039E-05    0.5000E-01
# Minimization at step:   118 with Value:     0.0000Tol(Act/Req):0.1332E-03/0.1000E-04
# With parameters(tra.):    -0.4782E-07    0.4643E-07    0.3346E-07
# With parameters(rot.):     0.4041E-06    0.2001E-05    0.5000E-01
# Minimization at step:   119 with Value:     0.0000Tol(Act/Req):0.1262E-03/0.1000E-04
# With parameters(tra.):    -0.6375E-07    0.6191E-07    0.4462E-07
# With parameters(rot.):     0.5388E-06    0.2668E-05    0.3333E-01
# Minimization at step:   120 with Value:     0.0000Tol(Act/Req):0.1127E-03/0.1000E-04
# With parameters(tra.):    -0.3119E-07   -0.9312E-07    0.8608E-09
# With parameters(rot.):     0.8379E-06    0.2760E-05    0.2916E-01
# Minimization at step:   121 with Value:     0.0000Tol(Act/Req):0.1014E-03/0.1000E-04
# With parameters(tra.):    -0.6332E-08   -0.3202E-07   -0.3836E-07
# With parameters(rot.):     0.1683E-05    0.2201E-05    0.2222E-01
# Minimization at step:   122 with Value:     0.0000Tol(Act/Req):0.1005E-03/0.1000E-04
# With parameters(tra.):     0.3653E-07    0.6475E-08   -0.1213E-06
# With parameters(rot.):     0.1168E-05    0.1965E-05    0.1296E-01
# Minimization at step:   123 with Value:     0.0000Tol(Act/Req):0.7015E-04/0.1000E-04
# With parameters(tra.):     0.1287E-06    0.4851E-07   -0.2072E-07
# With parameters(rot.):     0.1060E-05    0.1808E-05    0.6158E-03
# Minimization at step:   124 with Value:     0.0000Tol(Act/Req):0.6822E-04/0.1000E-04
# With parameters(tra.):     0.2088E-06    0.2857E-07   -0.5365E-07
# With parameters(rot.):     0.1099E-05    0.8541E-06    0.6378E-02
# Minimization at step:   125 with Value:     0.0000Tol(Act/Req):0.6349E-04/0.1000E-04
# With parameters(tra.):     0.1760E-06   -0.1093E-07   -0.9421E-07
# With parameters(rot.):     0.1258E-05    0.5864E-06   -0.4528E-02
# Minimization at step:   126 with Value:     0.0000Tol(Act/Req):0.5752E-04/0.1000E-04
# With parameters(tra.):     0.1569E-06   -0.2639E-07   -0.1255E-06
# With parameters(rot.):     0.1301E-05    0.5238E-06   -0.1870E-02
# Minimization at step:   127 with Value:     0.0000Tol(Act/Req):0.5676E-04/0.1000E-04
# With parameters(tra.):     0.1672E-06    0.5011E-08   -0.1287E-06
# With parameters(rot.):     0.1290E-05    0.3221E-06   -0.3762E-02
# Minimization at step:   128 with Value:     0.0000Tol(Act/Req):0.5379E-04/0.1000E-04
# With parameters(tra.):     0.2001E-06   -0.4375E-07   -0.1196E-06
# With parameters(rot.):     0.3133E-06    0.2554E-06   -0.5478E-02
# Minimization at step:   129 with Value:     0.0000Tol(Act/Req):0.3812E-04/0.1000E-04
# With parameters(tra.):     0.1794E-06   -0.4479E-07   -0.1169E-06
# With parameters(rot.):     0.2382E-06    0.4440E-06   -0.7906E-02
# Minimization at step:   130 with Value:     0.0000Tol(Act/Req):0.3787E-04/0.1000E-04
# With parameters(tra.):     0.1694E-06   -0.3269E-07   -0.1189E-06
# With parameters(rot.):     0.4760E-06    0.4763E-06   -0.7679E-02
# Minimization at step:   131 with Value:     0.0000Tol(Act/Req):0.2520E-04/0.1000E-04
# With parameters(tra.):     0.1705E-06   -0.7135E-07   -0.5616E-07
# With parameters(rot.):     0.6898E-06    0.2811E-06   -0.5896E-02
# Minimization at step:   132 with Value:     0.0000Tol(Act/Req):0.1976E-04/0.1000E-04
# With parameters(tra.):     0.1905E-06   -0.6516E-07   -0.1643E-07
# With parameters(rot.):     0.3947E-06    0.3579E-06    0.9187E-03
# Minimization at step:   133 with Value:     0.0000Tol(Act/Req):0.1929E-04/0.1000E-04
# With parameters(tra.):     0.1838E-06   -0.7612E-07   -0.2297E-07
# With parameters(rot.):     0.3408E-06    0.3128E-06    0.2480E-02
# Minimization at step:   134 with Value:     0.0000Tol(Act/Req):0.1794E-04/0.1000E-04
# With parameters(tra.):     0.1903E-06   -0.6718E-07   -0.1578E-07
# With parameters(rot.):     0.2562E-06    0.2111E-06    0.2054E-02
# Minimization at step:   135 with Value:     0.0000Tol(Act/Req):0.1765E-04/0.1000E-04
# With parameters(tra.):     0.1524E-06   -0.7673E-07    0.2339E-07
# With parameters(rot.):     0.1118E-06    0.5106E-06    0.5175E-03
# Minimization at step:   136 with Value:     0.0000Tol(Act/Req):0.1361E-04/0.1000E-04
# With parameters(tra.):     0.1278E-06   -0.8426E-07    0.3545E-08
# With parameters(rot.):     0.2624E-06    0.4912E-06   -0.4693E-02
# Minimization at step:   137 with Value:     0.0000Tol(Act/Req):0.1079E-04/0.1000E-04
# With parameters(tra.):     0.1194E-06   -0.8251E-07    0.1273E-07
# With parameters(rot.):     0.3635E-06    0.5087E-06   -0.4331E-02
# Minimization at step:   138 with Value:     0.0000Tol(Act/Req):0.1039E-04/0.1000E-04
# With parameters(tra.):     0.1261E-06   -0.8060E-07    0.2045E-08
# With parameters(rot.):     0.4206E-06    0.4336E-06   -0.4351E-02
# Minimization at step:   139 with Value:     0.0000Tol(Act/Req):0.8303E-05/0.1000E-04
# With parameters(tra.):     0.1106E-06   -0.5791E-07   -0.2039E-07
# With parameters(rot.):     0.1883E-06    0.6146E-06   -0.5026E-02
# CSM Values after z minimization.
# Final Number of optim. Steps:   139
#      Before min is:      0.00000000000
# Final CSM Simplex Value is:      0.00000000000
# CSM Summary.
#    Inizial CSM Value is:      0.00000000000
#   After optimization is:      0.00000000000
#          Along x axe is:      0.00000000000
#          Along y axe is:      0.00000000000
#          Along z axe is:      0.00000000000
# The Lowest CSM Value is:      0.00000000000
#    Obtained CSM in % is:      0.00000000011
