# [csmmod_rdinput] messages reinitialized.
# MESLOG:[csmmod_rdinput] messages reinitialized.
# Input  file unit is: 5
# Input  file name is:stdin
# Output file unit is: 6
# Output file name is:stdout
# Error  file unit is: 6
# Error  file name is:stderr
# Log    file unit is: 6
# Log    file name is:stdlog
# MESLOG:[csm_rdinput] molecule_init called with debug.
[molecule] Nrec=   7 Format=nscxyz
  h                1    1    0.00000000D+00   0.10000000D+01   0.10000000D+01
  h                2    1    0.78183000D+00   0.62349000D+00   0.10000000D+01
  h                3    1    0.97493000D+00  -0.22252000D+00   0.10000000D+01
  h                4    1    0.43388000D+00  -0.90097000D+00   0.10000000D+01
  h                5    1   -0.43388000D+00  -0.90097000D+00   0.10000000D+01
  h                6    1   -0.97493000D+00  -0.22252000D+00   0.10000000D+01
  h                7    1   -0.78183000D+00   0.62349000D+00   0.10000000D+01
# Molecule moved to the center of mass
# Shift Vector is:        0.00000000       0.00000000       0.52917706
# Inertia Tensor: (Before Diagonalization)
# Up Diagonal Columnwise
#    0.98010031D+00  -0.00000000D+00   0.98009843D+00  -0.00000000D+00  -0.00000000D+00   0.19601987D+01
# Inertia Tensor: (Full Matrix)
# 1,1 - 1,3           0.98010031D+00  -0.00000000D+00  -0.00000000D+00
# 2,1 - 2,3          -0.00000000D+00   0.98009843D+00  -0.00000000D+00
# 3,1 - 3,3          -0.00000000D+00  -0.00000000D+00   0.19601987D+01
# Inertia Tensor
# Inertia EigenValues:     0.98009843D+00   0.98010031D+00   0.19601987D+01
# Eigen Vectors:
# 1,1 - 1,3           0.00000000D+00   0.10000000D+01   0.00000000D+00
# 2,1 - 2,3           0.10000000D+01   0.00000000D+00   0.00000000D+00
# 3,1 - 3,3           0.00000000D+00   0.00000000D+00   0.10000000D+01
# Molecule Rotated to match inertia axes
[molecule] Nrec=   7 Format=nscxyz
  h                1    1    0.10000000D+01   0.00000000D+00   0.00000000D+00
  h                2    1    0.62349000D+00   0.78183000D+00   0.00000000D+00
  h                3    1   -0.22252000D+00   0.97493000D+00   0.00000000D+00
  h                4    1   -0.90097000D+00   0.43388000D+00   0.00000000D+00
  h                5    1   -0.90097000D+00  -0.43388000D+00   0.00000000D+00
  h                6    1   -0.22252000D+00  -0.97493000D+00   0.00000000D+00
  h                7    1    0.62349000D+00  -0.78183000D+00   0.00000000D+00
# Initial Integrals follow ...
# INT: Number of electrons from integrated RHO:      7.00000121295
# INT: \int \rho \rho dr:      19.60984337930
# INT: \int \rho \tilde{\rho} dr/ng:      19.60130097935
# INT: \int \rho \tilde{\rho}m dr/ng:      18.90094943008
#  DEBUG     \int rr  =     19.60984337930
#  DEBUG     \int rr~ =     19.60130097935
#  DEBUG     \int rr~ =     19.60130097935
#  DEBUG     CSM value =      0.00043561796
#  DEBUG     CSM value =      0.00043561796
# Number of electrons =      7.00000121295
# Initial rho^2 value =     19.60984337930
#  Initial rrii value =      9.49954461287
#  Initial rrij value =     10.11029876643
#  Initial imj  value =     19.60130097935
#  Initial impj value =     18.90094943008
#  Initial CSM  value =      0.00043561796
#  Initial CSM% value =      0.04356179591
[molecule] Nrec=   7 Format=nscxyz
  h                1    1    0.10000000D+01   0.00000000D+00   0.00000000D+00
  h                2    1    0.62349000D+00   0.78183000D+00   0.00000000D+00
  h                3    1   -0.22252000D+00   0.97493000D+00   0.00000000D+00
  h                4    1   -0.90097000D+00   0.43388000D+00   0.00000000D+00
  h                5    1   -0.90097000D+00  -0.43388000D+00   0.00000000D+00
  h                6    1   -0.22252000D+00  -0.97493000D+00   0.00000000D+00
  h                7    1    0.62349000D+00  -0.78183000D+00   0.00000000D+00
# Request Simplex: Run it with internal procedure. NOT IMPLEMENTED!
# Request for Simplex: Initial Coordinates.
[molecule] Nrec=   7 Format=nscxyz
  h                1    1    0.10000000D+01   0.00000000D+00   0.00000000D+00
  h                2    1    0.62349000D+00   0.78183000D+00   0.00000000D+00
  h                3    1   -0.22252000D+00   0.97493000D+00   0.00000000D+00
  h                4    1   -0.90097000D+00   0.43388000D+00   0.00000000D+00
  h                5    1   -0.90097000D+00  -0.43388000D+00   0.00000000D+00
  h                6    1   -0.22252000D+00  -0.97493000D+00   0.00000000D+00
  h                7    1    0.62349000D+00  -0.78183000D+00   0.00000000D+00
# Minimization at step:     0 with Value:     0.0208Tol(Act/Req):0.1983E+01/0.1000E-04
# With parameters(tra.):     0.1429E-01    0.1429E-01    0.1429E-01
# With parameters(rot.):     0.1429E-01    0.1429E-01    0.1429E-01
# Minimization at step:     1 with Value:     0.0133Tol(Act/Req):0.1956E+01/0.1000E-04
# With parameters(tra.):     0.1548E-01    0.1548E-01    0.7143E-02
# With parameters(rot.):     0.1548E-01    0.1548E-01    0.1548E-01
# Minimization at step:     2 with Value:     0.0105Tol(Act/Req):0.1956E+01/0.1000E-04
# With parameters(tra.):     0.8433E-02    0.1677E-01    0.7738E-02
# With parameters(rot.):     0.1677E-01    0.1677E-01    0.1677E-01
# Minimization at step:     3 with Value:     0.0078Tol(Act/Req):0.1939E+01/0.1000E-04
# With parameters(tra.):     0.9135E-02    0.9830E-02    0.8383E-02
# With parameters(rot.):     0.1816E-01    0.1816E-01    0.1816E-01
# Minimization at step:     4 with Value:     0.0058Tol(Act/Req):0.1862E+01/0.1000E-04
# With parameters(tra.):     0.9336E-02    0.1020E-01   -0.2021E-02
# With parameters(rot.):     0.2062E-01    0.2062E-01    0.2062E-01
# Minimization at step:     5 with Value:     0.0050Tol(Act/Req):0.1862E+01/0.1000E-04
# With parameters(tra.):     0.1011E-01    0.1105E-01   -0.2190E-02
# With parameters(rot.):     0.2234E-01    0.1401E-01    0.2234E-01
# Minimization at step:     6 with Value:     0.0042Tol(Act/Req):0.1856E+01/0.1000E-04
# With parameters(tra.):     0.1096E-01    0.1198E-01   -0.2372E-02
# With parameters(rot.):     0.1587E-01    0.1517E-01    0.2420E-01
# Minimization at step:     7 with Value:     0.0042Tol(Act/Req):0.1855E+01/0.1000E-04
# With parameters(tra.):     0.1297E-01   -0.1182E-02   -0.4668E-02
# With parameters(rot.):     0.1790E-01    0.1697E-01    0.2901E-01
# Minimization at step:     8 with Value:     0.0035Tol(Act/Req):0.1850E+01/0.1000E-04
# With parameters(tra.):     0.9825E-02   -0.2033E-02   -0.5404E-02
# With parameters(rot.):     0.1864E-01    0.1763E-01    0.3067E-01
# Minimization at step:     9 with Value:     0.0027Tol(Act/Req):0.1807E+01/0.1000E-04
# With parameters(tra.):     0.7530E-02    0.7622E-02   -0.3866E-02
# With parameters(rot.):     0.1730E-01    0.1645E-01    0.2748E-01
# Minimization at step:    10 with Value:     0.0021Tol(Act/Req):0.1648E+01/0.1000E-04
# With parameters(tra.):     0.6978E-02    0.6790E-02    0.8745E-03
# With parameters(rot.):     0.1524E-01    0.1418E-01    0.2797E-01
# Minimization at step:    11 with Value:     0.0020Tol(Act/Req):0.1641E+01/0.1000E-04
# With parameters(tra.):     0.7338E-02    0.6904E-02    0.1592E-02
# With parameters(rot.):     0.2086E-02    0.1618E-01    0.3295E-01
# Minimization at step:    12 with Value:     0.0018Tol(Act/Req):0.1640E+01/0.1000E-04
# With parameters(tra.):     0.7968E-02    0.7221E-02    0.2515E-02
# With parameters(rot.):    -0.1228E-02    0.3676E-02    0.3992E-01
# Minimization at step:    13 with Value:     0.0018Tol(Act/Req):0.1611E+01/0.1000E-04
# With parameters(tra.):     0.1062E-02    0.8604E-02    0.3683E-02
# With parameters(rot.):    -0.6372E-02    0.3471E-03    0.4634E-01
# Minimization at step:    14 with Value:     0.0016Tol(Act/Req):0.1606E+01/0.1000E-04
# With parameters(tra.):     0.9054E-03    0.7077E-02    0.4056E-02
# With parameters(rot.):    -0.8121E-02   -0.7976E-03    0.4844E-01
# Minimization at step:    15 with Value:     0.0013Tol(Act/Req):0.1550E+01/0.1000E-04
# With parameters(tra.):     0.2619E-02    0.6604E-02    0.3795E-02
# With parameters(rot.):    -0.6981E-02   -0.6090E-04    0.4701E-01
# Minimization at step:    16 with Value:     0.0011Tol(Act/Req):0.1490E+01/0.1000E-04
# With parameters(tra.):     0.1170E-02    0.6444E-02    0.3808E-02
# With parameters(rot.):     0.6167E-03   -0.5623E-02    0.4679E-01
# Minimization at step:    17 with Value:     0.0010Tol(Act/Req):0.1353E+01/0.1000E-04
# With parameters(tra.):    -0.1003E-02    0.6011E-02    0.3438E-02
# With parameters(rot.):     0.3564E-02    0.1431E-02    0.4328E-01
# Minimization at step:    18 with Value:     0.0009Tol(Act/Req):0.1202E+01/0.1000E-04
# With parameters(tra.):    -0.3296E-02    0.6306E-02    0.1132E-02
# With parameters(rot.):     0.1045E-02   -0.1304E-02    0.4806E-01
# Minimization at step:    19 with Value:     0.0009Tol(Act/Req):0.1189E+01/0.1000E-04
# With parameters(tra.):    -0.5009E-02    0.2995E-02    0.9032E-03
# With parameters(rot.):     0.6010E-03   -0.3762E-02    0.5214E-01
# Minimization at step:    20 with Value:     0.0008Tol(Act/Req):0.1174E+01/0.1000E-04
# With parameters(tra.):    -0.4124E-02    0.8455E-03   -0.5823E-03
# With parameters(rot.):     0.5408E-02   -0.3523E-02    0.5099E-01
# Minimization at step:    21 with Value:     0.0008Tol(Act/Req):0.1106E+01/0.1000E-04
# With parameters(tra.):    -0.3620E-02    0.3166E-03   -0.1487E-03
# With parameters(rot.):     0.6402E-02   -0.3024E-02    0.5004E-01
# Minimization at step:    22 with Value:     0.0007Tol(Act/Req):0.1073E+01/0.1000E-04
# With parameters(tra.):    -0.3778E-02   -0.1672E-03   -0.4805E-03
# With parameters(rot.):     0.5617E-02   -0.1880E-02    0.5034E-01
# Minimization at step:    23 with Value:     0.0006Tol(Act/Req):0.9890E+00/0.1000E-04
# With parameters(tra.):    -0.3970E-02    0.2857E-03   -0.1006E-03
# With parameters(rot.):     0.4433E-02   -0.1803E-02    0.5058E-01
# Minimization at step:    24 with Value:     0.0006Tol(Act/Req):0.9802E+00/0.1000E-04
# With parameters(tra.):    -0.3455E-02    0.8879E-03   -0.1271E-03
# With parameters(rot.):     0.4863E-02   -0.1025E-02    0.4943E-01
# Minimization at step:    25 with Value:     0.0005Tol(Act/Req):0.6979E+00/0.1000E-04
# With parameters(tra.):    -0.3297E-02    0.5330E-03   -0.3626E-03
# With parameters(rot.):     0.4480E-02   -0.2406E-02    0.5053E-01
# Minimization at step:    26 with Value:     0.0005Tol(Act/Req):0.6638E+00/0.1000E-04
# With parameters(tra.):    -0.2182E-02   -0.4526E-03    0.4334E-03
# With parameters(rot.):     0.5827E-02   -0.1202E-02    0.4879E-01
# Minimization at step:    27 with Value:     0.0005Tol(Act/Req):0.6382E+00/0.1000E-04
# With parameters(tra.):    -0.1965E-02   -0.1515E-02    0.7441E-04
# With parameters(rot.):     0.4328E-02    0.1311E-02    0.4888E-01
# Minimization at step:    28 with Value:     0.0005Tol(Act/Req):0.6294E+00/0.1000E-04
# With parameters(tra.):    -0.1681E-02   -0.1210E-02    0.8925E-03
# With parameters(rot.):     0.1924E-02    0.2503E-02    0.4879E-01
# Minimization at step:    29 with Value:     0.0005Tol(Act/Req):0.5865E+00/0.1000E-04
# With parameters(tra.):    -0.2393E-02   -0.6601E-03    0.4102E-03
# With parameters(rot.):    -0.6120E-04    0.2527E-02    0.5009E-01
# Minimization at step:    30 with Value:     0.0005Tol(Act/Req):0.5686E+00/0.1000E-04
# With parameters(tra.):    -0.2047E-02   -0.4880E-03    0.4418E-03
# With parameters(rot.):    -0.2564E-03    0.3212E-02    0.4957E-01
# Minimization at step:    31 with Value:     0.0005Tol(Act/Req):0.5511E+00/0.1000E-04
# With parameters(tra.):    -0.1314E-02   -0.1538E-02    0.2389E-03
# With parameters(rot.):    -0.2601E-02    0.2324E-02    0.5145E-01
# Minimization at step:    32 with Value:     0.0005Tol(Act/Req):0.5477E+00/0.1000E-04
# With parameters(tra.):    -0.1354E-02   -0.1642E-02   -0.2004E-04
# With parameters(rot.):    -0.2377E-02    0.2011E-02    0.5169E-01
# Minimization at step:    33 with Value:     0.0004Tol(Act/Req):0.5321E+00/0.1000E-04
# With parameters(tra.):    -0.1368E-02   -0.6211E-03    0.3075E-03
# With parameters(rot.):    -0.3114E-02   -0.2692E-03    0.5253E-01
# Minimization at step:    34 with Value:     0.0004Tol(Act/Req):0.4604E+00/0.1000E-04
# With parameters(tra.):    -0.1555E-02   -0.2822E-03    0.3639E-03
# With parameters(rot.):    -0.2570E-02   -0.2633E-03    0.5215E-01
# Minimization at step:    35 with Value:     0.0004Tol(Act/Req):0.3917E+00/0.1000E-04
# With parameters(tra.):    -0.1568E-02   -0.5091E-03    0.2867E-03
# With parameters(rot.):    -0.2341E-02    0.3073E-03    0.5191E-01
# Minimization at step:    36 with Value:     0.0004Tol(Act/Req):0.3778E+00/0.1000E-04
# With parameters(tra.):    -0.8184E-03   -0.8254E-03    0.5671E-03
# With parameters(rot.):    -0.1777E-02   -0.4485E-03    0.5165E-01
# Minimization at step:    37 with Value:     0.0004Tol(Act/Req):0.3674E+00/0.1000E-04
# With parameters(tra.):    -0.5430E-03   -0.7674E-03    0.5933E-03
# With parameters(rot.):    -0.2001E-02   -0.4110E-03    0.5156E-01
# Minimization at step:    38 with Value:     0.0004Tol(Act/Req):0.3446E+00/0.1000E-04
# With parameters(tra.):    -0.3534E-03   -0.6834E-03    0.2798E-03
# With parameters(rot.):    -0.1428E-02   -0.1844E-02    0.5201E-01
# Minimization at step:    39 with Value:     0.0004Tol(Act/Req):0.3399E+00/0.1000E-04
# With parameters(tra.):    -0.3470E-03   -0.5474E-03    0.3010E-03
# With parameters(rot.):    -0.1061E-02   -0.1973E-02    0.5181E-01
# Minimization at step:    40 with Value:     0.0004Tol(Act/Req):0.6077E+00/0.1000E-04
# With parameters(tra.):    -0.5205E-03   -0.8210E-03    0.4515E-03
# With parameters(rot.):    -0.1592E-02   -0.2960E-02    0.7772E-01
# Minimization at step:    41 with Value:     0.0004Tol(Act/Req):0.5988E+00/0.1000E-04
# With parameters(tra.):    -0.1171E-02   -0.5033E-03    0.1326E-03
# With parameters(rot.):    -0.2094E-02   -0.3041E-02    0.8667E-01
# Minimization at step:    42 with Value:     0.0003Tol(Act/Req):0.5921E+00/0.1000E-04
# With parameters(tra.):    -0.1633E-02   -0.5274E-03    0.3971E-03
# With parameters(rot.):    -0.2889E-02   -0.2007E-02    0.9777E-01
# Minimization at step:    43 with Value:     0.0003Tol(Act/Req):0.7295E+00/0.1000E-04
# With parameters(tra.):    -0.1702E-02   -0.1217E-02    0.2207E-03
# With parameters(rot.):    -0.2476E-02   -0.1452E-02    0.1200E+00
# Minimization at step:    44 with Value:     0.0003Tol(Act/Req):0.8433E+00/0.1000E-04
# With parameters(tra.):    -0.1538E-02   -0.1251E-02    0.1489E-03
# With parameters(rot.):    -0.3082E-02   -0.1724E-02    0.1426E+00
# Minimization at step:    45 with Value:     0.0002Tol(Act/Req):0.6638E+00/0.1000E-04
# With parameters(tra.):    -0.1922E-02   -0.1214E-02    0.1407E-03
# With parameters(rot.):    -0.3022E-02   -0.1899E-02    0.1725E+00
# Minimization at step:    46 with Value:     0.0002Tol(Act/Req):0.5945E+00/0.1000E-04
# With parameters(tra.):    -0.1522E-02   -0.1769E-02    0.4622E-03
# With parameters(rot.):    -0.2829E-02   -0.1436E-02    0.1921E+00
# Minimization at step:    47 with Value:     0.0002Tol(Act/Req):0.5840E+00/0.1000E-04
# With parameters(tra.):    -0.1649E-02   -0.1916E-02    0.5007E-03
# With parameters(rot.):    -0.3065E-02   -0.1556E-02    0.1998E+00
# Minimization at step:    48 with Value:     0.0002Tol(Act/Req):0.3240E+00/0.1000E-04
# With parameters(tra.):    -0.1306E-02   -0.2245E-02    0.3283E-03
# With parameters(rot.):    -0.2513E-02   -0.2219E-02    0.2170E+00
# Minimization at step:    49 with Value:     0.0002Tol(Act/Req):0.2168E+00/0.1000E-04
# With parameters(tra.):    -0.1337E-02   -0.2355E-02    0.8655E-04
# With parameters(rot.):    -0.2112E-02   -0.6572E-03    0.2289E+00
# Minimization at step:    50 with Value:     0.0002Tol(Act/Req):0.2237E+00/0.1000E-04
# With parameters(tra.):    -0.1374E-02   -0.2465E-02    0.7129E-04
# With parameters(rot.):    -0.2150E-02   -0.6421E-03    0.2351E+00
# Minimization at step:    51 with Value:     0.0002Tol(Act/Req):0.2093E+00/0.1000E-04
# With parameters(tra.):    -0.1370E-02   -0.2447E-02    0.1305E-03
# With parameters(rot.):    -0.2254E-02   -0.1031E-02    0.2327E+00
# Minimization at step:    52 with Value:     0.0002Tol(Act/Req):0.2024E+00/0.1000E-04
# With parameters(tra.):    -0.1719E-02   -0.2118E-02   -0.3017E-03
# With parameters(rot.):    -0.2255E-02   -0.1359E-02    0.2265E+00
# Minimization at step:    53 with Value:     0.0002Tol(Act/Req):0.2021E+00/0.1000E-04
# With parameters(tra.):    -0.1632E-02   -0.1499E-02   -0.2406E-03
# With parameters(rot.):    -0.2733E-02   -0.2067E-02    0.2325E+00
# Minimization at step:    54 with Value:     0.0002Tol(Act/Req):0.1760E+00/0.1000E-04
# With parameters(tra.):    -0.1151E-02   -0.1631E-02   -0.3594E-03
# With parameters(rot.):    -0.2696E-02   -0.1949E-02    0.2226E+00
# Minimization at step:    55 with Value:     0.0002Tol(Act/Req):0.1227E+00/0.1000E-04
# With parameters(tra.):    -0.6131E-03   -0.1797E-02    0.5345E-04
# With parameters(rot.):    -0.2843E-02   -0.1818E-02    0.2274E+00
# Minimization at step:    56 with Value:     0.0002Tol(Act/Req):0.1105E+00/0.1000E-04
# With parameters(tra.):    -0.6104E-03   -0.1429E-02    0.7679E-04
# With parameters(rot.):    -0.3321E-02   -0.1242E-02    0.2194E+00
# Minimization at step:    57 with Value:     0.0002Tol(Act/Req):0.1346E+00/0.1000E-04
# With parameters(tra.):    -0.7447E-03   -0.1356E-02   -0.2448E-04
# With parameters(rot.):    -0.3324E-02   -0.1227E-02    0.2175E+00
# Minimization at step:    58 with Value:     0.0002Tol(Act/Req):0.1068E+00/0.1000E-04
# With parameters(tra.):    -0.6925E-03   -0.1499E-02   -0.2173E-04
# With parameters(rot.):    -0.3254E-02   -0.9797E-03    0.2148E+00
# Minimization at step:    59 with Value:     0.0002Tol(Act/Req):0.9789E-01/0.1000E-04
# With parameters(tra.):    -0.7744E-03   -0.1455E-02    0.3611E-04
# With parameters(rot.):    -0.3310E-02   -0.9285E-03    0.2166E+00
# Minimization at step:    60 with Value:     0.0002Tol(Act/Req):0.1131E+00/0.1000E-04
# With parameters(tra.):    -0.6394E-03   -0.1506E-02    0.8734E-04
# With parameters(rot.):    -0.2513E-02   -0.1226E-03    0.2197E+00
# Minimization at step:    61 with Value:     0.0002Tol(Act/Req):0.9414E-01/0.1000E-04
# With parameters(tra.):    -0.5763E-03   -0.1418E-02    0.1133E-03
# With parameters(rot.):    -0.2587E-02   -0.2415E-03    0.2174E+00
# Minimization at step:    62 with Value:     0.0002Tol(Act/Req):0.6311E-01/0.1000E-04
# With parameters(tra.):    -0.5741E-03   -0.1510E-02    0.1105E-03
# With parameters(rot.):    -0.2406E-02   -0.3021E-03    0.2192E+00
# Minimization at step:    63 with Value:     0.0002Tol(Act/Req):0.3643E-01/0.1000E-04
# With parameters(tra.):    -0.3823E-03   -0.1412E-02    0.9311E-04
# With parameters(rot.):    -0.2568E-02   -0.1587E-03    0.2265E+00
# Minimization at step:    64 with Value:     0.0001Tol(Act/Req):0.5532E-01/0.1000E-04
# With parameters(tra.):    -0.3905E-03   -0.1386E-02    0.1268E-03
# With parameters(rot.):    -0.2534E-02   -0.6894E-04    0.2282E+00
# Minimization at step:    65 with Value:     0.0001Tol(Act/Req):0.6993E-01/0.1000E-04
# With parameters(tra.):    -0.5411E-03   -0.1252E-02   -0.2535E-04
# With parameters(rot.):    -0.2277E-02    0.3478E-03    0.2280E+00
# Minimization at step:    66 with Value:     0.0001Tol(Act/Req):0.6197E-01/0.1000E-04
# With parameters(tra.):    -0.5024E-03   -0.1303E-02   -0.2428E-04
# With parameters(rot.):    -0.2160E-02    0.5819E-03    0.2277E+00
# Minimization at step:    67 with Value:     0.0001Tol(Act/Req):0.5151E-01/0.1000E-04
# With parameters(tra.):    -0.5603E-03   -0.1318E-02   -0.2970E-04
# With parameters(rot.):    -0.2086E-02    0.6078E-03    0.2260E+00
# Minimization at step:    68 with Value:     0.0001Tol(Act/Req):0.5653E-01/0.1000E-04
# With parameters(tra.):    -0.5987E-03   -0.1285E-02   -0.5653E-04
# With parameters(rot.):    -0.2316E-02    0.4000E-03    0.2256E+00
# Minimization at step:    69 with Value:     0.0001Tol(Act/Req):0.5739E-01/0.1000E-04
# With parameters(tra.):    -0.4206E-03   -0.9564E-03   -0.6349E-04
# With parameters(rot.):    -0.2400E-02    0.3641E-03    0.2227E+00
# Minimization at step:    70 with Value:     0.0001Tol(Act/Req):0.3570E-01/0.1000E-04
# With parameters(tra.):    -0.3651E-03   -0.9546E-03   -0.1271E-03
# With parameters(rot.):    -0.2037E-02    0.4649E-03    0.2275E+00
# Minimization at step:    71 with Value:     0.0001Tol(Act/Req):0.2465E-01/0.1000E-04
# With parameters(tra.):    -0.3732E-03   -0.7594E-03   -0.1444E-03
# With parameters(rot.):    -0.1803E-02    0.8223E-03    0.2308E+00
# Minimization at step:    72 with Value:     0.0001Tol(Act/Req):0.2392E-01/0.1000E-04
# With parameters(tra.):    -0.2527E-03   -0.6800E-03   -0.1823E-03
# With parameters(rot.):    -0.1451E-02    0.1371E-02    0.2312E+00
# Minimization at step:    73 with Value:     0.0001Tol(Act/Req):0.2529E-01/0.1000E-04
# With parameters(tra.):    -0.2661E-03   -0.4981E-03   -0.2440E-03
# With parameters(rot.):    -0.1091E-02    0.1677E-02    0.2296E+00
# Minimization at step:    74 with Value:     0.0001Tol(Act/Req):0.3403E-01/0.1000E-04
# With parameters(tra.):    -0.2383E-04   -0.3813E-03   -0.1647E-03
# With parameters(rot.):    -0.9522E-03    0.1703E-02    0.2303E+00
# Minimization at step:    75 with Value:     0.0001Tol(Act/Req):0.3401E-01/0.1000E-04
# With parameters(tra.):     0.4875E-05   -0.2897E-03   -0.1871E-03
# With parameters(rot.):    -0.9535E-03    0.1708E-02    0.2304E+00
# Minimization at step:    76 with Value:     0.0001Tol(Act/Req):0.5038E-01/0.1000E-04
# With parameters(tra.):    -0.2981E-04   -0.2389E-03   -0.1509E-03
# With parameters(rot.):    -0.1140E-02    0.1272E-02    0.2297E+00
# Minimization at step:    77 with Value:     0.0001Tol(Act/Req):0.4884E-01/0.1000E-04
# With parameters(tra.):    -0.5662E-04   -0.2888E-03   -0.1558E-03
# With parameters(rot.):    -0.1006E-02    0.1359E-02    0.2312E+00
# Minimization at step:    78 with Value:     0.0001Tol(Act/Req):0.4440E-01/0.1000E-04
# With parameters(tra.):    -0.9306E-05   -0.6874E-04   -0.1018E-03
# With parameters(rot.):    -0.1026E-02    0.1557E-02    0.2276E+00
# Minimization at step:    79 with Value:     0.0001Tol(Act/Req):0.3453E-01/0.1000E-04
# With parameters(tra.):     0.1201E-03   -0.3372E-04   -0.7033E-04
# With parameters(rot.):    -0.1001E-02    0.1444E-02    0.2233E+00
# Minimization at step:    80 with Value:     0.0001Tol(Act/Req):0.3060E-01/0.1000E-04
# With parameters(tra.):     0.1556E-03   -0.4051E-04   -0.4044E-04
# With parameters(rot.):    -0.1084E-02    0.1348E-02    0.2232E+00
# Minimization at step:    81 with Value:     0.0001Tol(Act/Req):0.2218E-01/0.1000E-04
# With parameters(tra.):     0.1633E-03   -0.2512E-03   -0.7400E-04
# With parameters(rot.):    -0.1083E-02    0.1081E-02    0.2253E+00
# Minimization at step:    82 with Value:     0.0001Tol(Act/Req):0.2047E-01/0.1000E-04
# With parameters(tra.):     0.2735E-03   -0.5508E-04   -0.8115E-04
# With parameters(rot.):    -0.1129E-02    0.8821E-03    0.2239E+00
# Minimization at step:    83 with Value:     0.0001Tol(Act/Req):0.1988E-01/0.1000E-04
# With parameters(tra.):     0.2539E-03   -0.6561E-04   -0.8992E-04
# With parameters(rot.):    -0.1146E-02    0.8634E-03    0.2251E+00
# Minimization at step:    84 with Value:     0.0001Tol(Act/Req):0.1331E-01/0.1000E-04
# With parameters(tra.):     0.2165E-03   -0.6849E-04   -0.1035E-03
# With parameters(rot.):    -0.1196E-02    0.7868E-03    0.2245E+00
# Minimization at step:    85 with Value:     0.0001Tol(Act/Req):0.1129E-01/0.1000E-04
# With parameters(tra.):     0.2190E-03   -0.5907E-06   -0.9757E-04
# With parameters(rot.):    -0.1206E-02    0.8289E-03    0.2239E+00
# Minimization at step:    86 with Value:     0.0001Tol(Act/Req):0.1062E-01/0.1000E-04
# With parameters(tra.):     0.2421E-03   -0.6581E-06   -0.8739E-04
# With parameters(rot.):    -0.1257E-02    0.7377E-03    0.2239E+00
# Minimization at step:    87 with Value:     0.0001Tol(Act/Req):0.9629E-02/0.1000E-04
# With parameters(tra.):     0.2119E-03   -0.4515E-04   -0.8612E-04
# With parameters(rot.):    -0.1257E-02    0.7755E-03    0.2242E+00
# Minimization at step:    88 with Value:     0.0001Tol(Act/Req):0.9231E-02/0.1000E-04
# With parameters(tra.):     0.2657E-03   -0.7303E-04   -0.6615E-04
# With parameters(rot.):    -0.9822E-03    0.7465E-03    0.2253E+00
# Minimization at step:    89 with Value:     0.0001Tol(Act/Req):0.1025E-01/0.1000E-04
# With parameters(tra.):     0.2073E-03   -0.8030E-04   -0.8087E-04
# With parameters(rot.):    -0.1012E-02    0.5799E-03    0.2243E+00
# Minimization at step:    90 with Value:     0.0001Tol(Act/Req):0.1003E-01/0.1000E-04
# With parameters(tra.):     0.1526E-03   -0.1063E-03   -0.9538E-04
# With parameters(rot.):    -0.1002E-02    0.4480E-03    0.2263E+00
# Minimization at step:    91 with Value:     0.0001Tol(Act/Req):0.7801E-02/0.1000E-04
# With parameters(tra.):     0.2481E-03   -0.1128E-03   -0.1132E-03
# With parameters(rot.):    -0.7695E-03    0.6095E-03    0.2260E+00
# Minimization at step:    92 with Value:     0.0001Tol(Act/Req):0.7591E-02/0.1000E-04
# With parameters(tra.):     0.2962E-03   -0.1503E-03   -0.1014E-03
# With parameters(rot.):    -0.7099E-03    0.3843E-03    0.2267E+00
# Minimization at step:    93 with Value:     0.0001Tol(Act/Req):0.7194E-02/0.1000E-04
# With parameters(tra.):     0.2881E-03   -0.1813E-03   -0.1020E-03
# With parameters(rot.):    -0.6640E-03    0.3706E-03    0.2271E+00
# Minimization at step:    94 with Value:     0.0001Tol(Act/Req):0.1126E-01/0.1000E-04
# With parameters(tra.):     0.3162E-03   -0.1058E-03   -0.9162E-04
# With parameters(rot.):    -0.5026E-03    0.3021E-03    0.2269E+00
# Minimization at step:    95 with Value:     0.0001Tol(Act/Req):0.1038E-01/0.1000E-04
# With parameters(tra.):     0.2435E-03   -0.9690E-04   -0.6668E-04
# With parameters(rot.):    -0.6459E-03    0.3809E-04    0.2276E+00
# Minimization at step:    96 with Value:     0.0001Tol(Act/Req):0.9538E-02/0.1000E-04
# With parameters(tra.):     0.3284E-03   -0.6782E-04   -0.4259E-04
# With parameters(rot.):    -0.5378E-03    0.3335E-04    0.2260E+00
# Minimization at step:    97 with Value:     0.0001Tol(Act/Req):0.6886E-02/0.1000E-04
# With parameters(tra.):     0.3537E-03   -0.6762E-04   -0.4682E-04
# With parameters(rot.):    -0.4930E-03    0.9895E-04    0.2257E+00
# Minimization at step:    98 with Value:     0.0001Tol(Act/Req):0.5933E-02/0.1000E-04
# With parameters(tra.):     0.3431E-03   -0.5787E-04   -0.5186E-04
# With parameters(rot.):    -0.5437E-03    0.5468E-04    0.2254E+00
# Minimization at step:    99 with Value:     0.0001Tol(Act/Req):0.5366E-02/0.1000E-04
# With parameters(tra.):     0.3106E-03    0.1046E-04   -0.4714E-04
# With parameters(rot.):    -0.5479E-03    0.1700E-03    0.2242E+00
# Minimization at step:   100 with Value:     0.0001Tol(Act/Req):0.7823E-02/0.1000E-04
# With parameters(tra.):     0.3020E-03    0.1237E-04   -0.3013E-04
# With parameters(rot.):    -0.4174E-03    0.7580E-04    0.2240E+00
# Minimization at step:   101 with Value:     0.0001Tol(Act/Req):0.6839E-02/0.1000E-04
# With parameters(tra.):     0.3245E-03    0.2191E-04   -0.2222E-04
# With parameters(rot.):    -0.3603E-03    0.7544E-04    0.2243E+00
# Minimization at step:   102 with Value:     0.0001Tol(Act/Req):0.5158E-02/0.1000E-04
# With parameters(tra.):     0.2382E-03    0.2273E-04   -0.3952E-04
# With parameters(rot.):    -0.4092E-03    0.9421E-04    0.2253E+00
# Minimization at step:   103 with Value:     0.0001Tol(Act/Req):0.4294E-02/0.1000E-04
# With parameters(tra.):     0.2403E-03    0.6672E-05   -0.4006E-04
# With parameters(rot.):    -0.3966E-03    0.5905E-04    0.2256E+00
# Minimization at step:   104 with Value:     0.0001Tol(Act/Req):0.3863E-02/0.1000E-04
# With parameters(tra.):     0.2530E-03    0.3184E-04   -0.4627E-04
# With parameters(rot.):    -0.2749E-03    0.1769E-03    0.2250E+00
# Minimization at step:   105 with Value:     0.0001Tol(Act/Req):0.2526E-02/0.1000E-04
# With parameters(tra.):     0.2018E-03    0.8123E-04   -0.5450E-04
# With parameters(rot.):    -0.2868E-03    0.1292E-03    0.2242E+00
# Minimization at step:   106 with Value:     0.0001Tol(Act/Req):0.2440E-02/0.1000E-04
# With parameters(tra.):     0.1355E-03    0.6802E-04   -0.5251E-04
# With parameters(rot.):    -0.3763E-03    0.1400E-03    0.2235E+00
# Minimization at step:   107 with Value:     0.0001Tol(Act/Req):0.2966E-02/0.1000E-04
# With parameters(tra.):     0.1176E-03    0.1025E-03   -0.4679E-04
# With parameters(rot.):    -0.2674E-03    0.1609E-03    0.2237E+00
# Minimization at step:   108 with Value:     0.0001Tol(Act/Req):0.2928E-02/0.1000E-04
# With parameters(tra.):     0.1031E-03    0.1021E-03   -0.4529E-04
# With parameters(rot.):    -0.2972E-03    0.1300E-03    0.2237E+00
# Minimization at step:   109 with Value:     0.0001Tol(Act/Req):0.2766E-02/0.1000E-04
# With parameters(tra.):     0.1134E-03    0.1085E-03   -0.4144E-04
# With parameters(rot.):    -0.2756E-03    0.1283E-03    0.2233E+00
# Minimization at step:   110 with Value:     0.0001Tol(Act/Req):0.2032E-02/0.1000E-04
# With parameters(tra.):     0.1281E-03    0.1151E-03   -0.4102E-04
# With parameters(rot.):    -0.2449E-03    0.1246E-03    0.2235E+00
# Minimization at step:   111 with Value:     0.0001Tol(Act/Req):0.2308E-02/0.1000E-04
# With parameters(tra.):     0.9491E-04    0.1192E-03   -0.4242E-04
# With parameters(rot.):    -0.1691E-03    0.7620E-04    0.2236E+00
# Minimization at step:   112 with Value:     0.0001Tol(Act/Req):0.1452E-02/0.1000E-04
# With parameters(tra.):     0.1105E-03    0.8244E-04   -0.3017E-04
# With parameters(rot.):    -0.1179E-03    0.1063E-03    0.2241E+00
# Minimization at step:   113 with Value:     0.0001Tol(Act/Req):0.1405E-02/0.1000E-04
# With parameters(tra.):     0.9673E-04    0.8780E-04   -0.3443E-04
# With parameters(rot.):    -0.1256E-03    0.1324E-03    0.2241E+00
# Minimization at step:   114 with Value:     0.0001Tol(Act/Req):0.1645E-02/0.1000E-04
# With parameters(tra.):     0.6566E-04    0.8223E-04   -0.2779E-04
# With parameters(rot.):    -0.1280E-03    0.7160E-04    0.2244E+00
# Minimization at step:   115 with Value:     0.0001Tol(Act/Req):0.1393E-02/0.1000E-04
# With parameters(tra.):     0.7426E-04    0.8461E-04   -0.2253E-04
# With parameters(rot.):    -0.2760E-04    0.4653E-04    0.2250E+00
# Minimization at step:   116 with Value:     0.0001Tol(Act/Req):0.1232E-02/0.1000E-04
# With parameters(tra.):     0.7615E-04    0.8582E-04   -0.1903E-04
# With parameters(rot.):     0.3858E-05    0.3886E-04    0.2249E+00
# Minimization at step:   117 with Value:     0.0001Tol(Act/Req):0.1057E-02/0.1000E-04
# With parameters(tra.):     0.7416E-04    0.8533E-04   -0.2006E-04
# With parameters(rot.):    -0.1863E-04    0.4449E-04    0.2248E+00
# Minimization at step:   118 with Value:     0.0001Tol(Act/Req):0.6543E-03/0.1000E-04
# With parameters(tra.):     0.7767E-04    0.4516E-04   -0.1686E-04
# With parameters(rot.):    -0.4456E-04   -0.1512E-04    0.2250E+00
# Minimization at step:   119 with Value:     0.0001Tol(Act/Req):0.5012E-03/0.1000E-04
# With parameters(tra.):     0.7103E-04    0.5124E-04   -0.1882E-04
# With parameters(rot.):    -0.5124E-04   -0.3278E-04    0.2249E+00
# Minimization at step:   120 with Value:     0.0001Tol(Act/Req):0.4264E-03/0.1000E-04
# With parameters(tra.):     0.3487E-04    0.4978E-04   -0.2213E-04
# With parameters(rot.):    -0.4181E-04   -0.3564E-04    0.2253E+00
# Minimization at step:   121 with Value:     0.0001Tol(Act/Req):0.3703E-03/0.1000E-04
# With parameters(tra.):     0.3043E-04    0.6021E-04   -0.2336E-04
# With parameters(rot.):    -0.3510E-04   -0.2245E-04    0.2252E+00
# Minimization at step:   122 with Value:     0.0001Tol(Act/Req):0.3659E-03/0.1000E-04
# With parameters(tra.):     0.1898E-04    0.5410E-04   -0.1781E-04
# With parameters(rot.):     0.1483E-04   -0.5822E-04    0.2252E+00
# Minimization at step:   123 with Value:     0.0001Tol(Act/Req):0.3404E-03/0.1000E-04
# With parameters(tra.):     0.4983E-04    0.5700E-04   -0.1306E-04
# With parameters(rot.):     0.2428E-04   -0.6289E-04    0.2249E+00
# Minimization at step:   124 with Value:     0.0001Tol(Act/Req):0.3435E-03/0.1000E-04
# With parameters(tra.):     0.3773E-04    0.4657E-04   -0.1278E-04
# With parameters(rot.):    -0.6398E-05   -0.8742E-04    0.2246E+00
# Minimization at step:   125 with Value:     0.0001Tol(Act/Req):0.3265E-03/0.1000E-04
# With parameters(tra.):     0.2846E-05    0.4019E-04   -0.1743E-04
# With parameters(rot.):    -0.2607E-04   -0.9094E-04    0.2248E+00
# Minimization at step:   126 with Value:     0.0001Tol(Act/Req):0.3576E-03/0.1000E-04
# With parameters(tra.):     0.3476E-05    0.3260E-04   -0.1500E-04
# With parameters(rot.):    -0.3310E-04   -0.9275E-04    0.2249E+00
# Minimization at step:   127 with Value:     0.0001Tol(Act/Req):0.2300E-03/0.1000E-04
# With parameters(tra.):     0.2980E-04    0.3549E-04   -0.1090E-04
# With parameters(rot.):    -0.2010E-04   -0.9057E-04    0.2248E+00
# Minimization at step:   128 with Value:     0.0001Tol(Act/Req):0.2155E-03/0.1000E-04
# With parameters(tra.):     0.3357E-04    0.3546E-04   -0.1171E-04
# With parameters(rot.):    -0.3549E-04   -0.8432E-04    0.2247E+00
# Minimization at step:   129 with Value:     0.0001Tol(Act/Req):0.1989E-03/0.1000E-04
# With parameters(tra.):     0.2712E-04    0.3719E-04   -0.1210E-04
# With parameters(rot.):    -0.3752E-04   -0.9745E-04    0.2247E+00
# Minimization at step:   130 with Value:     0.0001Tol(Act/Req):0.1404E-03/0.1000E-04
# With parameters(tra.):     0.4079E-04    0.3010E-04   -0.1315E-04
# With parameters(rot.):    -0.1307E-04   -0.9408E-04    0.2246E+00
# Minimization at step:   131 with Value:     0.0001Tol(Act/Req):0.1368E-03/0.1000E-04
# With parameters(tra.):     0.3536E-04    0.4092E-04   -0.1222E-04
# With parameters(rot.):     0.7693E-05   -0.9157E-04    0.2243E+00
# Minimization at step:   132 with Value:     0.0001Tol(Act/Req):0.1365E-03/0.1000E-04
# With parameters(tra.):     0.3819E-04    0.4306E-04   -0.1225E-04
# With parameters(rot.):     0.1654E-04   -0.8579E-04    0.2244E+00
# Minimization at step:   133 with Value:     0.0001Tol(Act/Req):0.8297E-04/0.1000E-04
# With parameters(tra.):     0.3978E-04    0.4053E-04   -0.1248E-04
# With parameters(rot.):     0.1208E-04   -0.8593E-04    0.2245E+00
# Minimization at step:   134 with Value:     0.0001Tol(Act/Req):0.9902E-04/0.1000E-04
# With parameters(tra.):     0.2556E-04    0.4029E-04   -0.1574E-04
# With parameters(rot.):     0.1414E-04   -0.8584E-04    0.2245E+00
# Minimization at step:   135 with Value:     0.0001Tol(Act/Req):0.5443E-04/0.1000E-04
# With parameters(tra.):     0.3418E-04    0.2767E-04   -0.1112E-04
# With parameters(rot.):     0.1584E-04   -0.8717E-04    0.2245E+00
# Minimization at step:   136 with Value:     0.0001Tol(Act/Req):0.4781E-04/0.1000E-04
# With parameters(tra.):     0.4192E-04    0.2502E-04   -0.1254E-04
# With parameters(rot.):     0.2161E-05   -0.7562E-04    0.2244E+00
# Minimization at step:   137 with Value:     0.0001Tol(Act/Req):0.4156E-04/0.1000E-04
# With parameters(tra.):     0.2881E-04    0.2956E-04   -0.1119E-04
# With parameters(rot.):    -0.1467E-04   -0.6975E-04    0.2243E+00
# Minimization at step:   138 with Value:     0.0001Tol(Act/Req):0.6123E-04/0.1000E-04
# With parameters(tra.):     0.2834E-04    0.2086E-04   -0.1123E-04
# With parameters(rot.):    -0.3249E-04   -0.6465E-04    0.2244E+00
# Minimization at step:   139 with Value:     0.0001Tol(Act/Req):0.5827E-04/0.1000E-04
# With parameters(tra.):     0.1608E-04    0.2212E-04   -0.9360E-05
# With parameters(rot.):    -0.3037E-04   -0.7254E-04    0.2246E+00
# Minimization at step:   140 with Value:     0.0001Tol(Act/Req):0.6786E-04/0.1000E-04
# With parameters(tra.):     0.1193E-04    0.2172E-04   -0.9324E-05
# With parameters(rot.):    -0.3079E-04   -0.7702E-04    0.2246E+00
# Minimization at step:   141 with Value:     0.0001Tol(Act/Req):0.6547E-04/0.1000E-04
# With parameters(tra.):     0.8837E-05    0.1888E-04   -0.8400E-05
# With parameters(rot.):    -0.2888E-04   -0.6253E-04    0.2248E+00
# Minimization at step:   142 with Value:     0.0001Tol(Act/Req):0.6676E-04/0.1000E-04
# With parameters(tra.):     0.1869E-04    0.1655E-04   -0.9946E-05
# With parameters(rot.):    -0.3050E-04   -0.5130E-04    0.2246E+00
# Minimization at step:   143 with Value:     0.0001Tol(Act/Req):0.6356E-04/0.1000E-04
# With parameters(tra.):     0.1524E-04    0.1878E-04   -0.1100E-04
# With parameters(rot.):    -0.3479E-04   -0.4798E-04    0.2246E+00
# Minimization at step:   144 with Value:     0.0001Tol(Act/Req):0.5928E-04/0.1000E-04
# With parameters(tra.):     0.1794E-04    0.1705E-04   -0.9794E-05
# With parameters(rot.):    -0.3938E-04   -0.4485E-04    0.2246E+00
# Minimization at step:   145 with Value:     0.0001Tol(Act/Req):0.4226E-04/0.1000E-04
# With parameters(tra.):     0.2140E-04    0.1449E-04   -0.1013E-04
# With parameters(rot.):    -0.3583E-04   -0.4473E-04    0.2247E+00
# Minimization at step:   146 with Value:     0.0001Tol(Act/Req):0.3843E-04/0.1000E-04
# With parameters(tra.):     0.1956E-04    0.2107E-04   -0.9726E-05
# With parameters(rot.):    -0.1911E-04   -0.4319E-04    0.2247E+00
# Minimization at step:   147 with Value:     0.0001Tol(Act/Req):0.3155E-04/0.1000E-04
# With parameters(tra.):     0.2122E-04    0.2196E-04   -0.1007E-04
# With parameters(rot.):    -0.1878E-04   -0.4520E-04    0.2246E+00
# Minimization at step:   148 with Value:     0.0001Tol(Act/Req):0.4578E-04/0.1000E-04
# With parameters(tra.):     0.1344E-04    0.2090E-04   -0.1033E-04
# With parameters(rot.):    -0.1403E-04   -0.4275E-04    0.2245E+00
# Minimization at step:   149 with Value:     0.0001Tol(Act/Req):0.3477E-04/0.1000E-04
# With parameters(tra.):     0.1054E-04    0.2185E-04   -0.9979E-05
# With parameters(rot.):    -0.1225E-04   -0.4484E-04    0.2245E+00
# Minimization at step:   150 with Value:     0.0001Tol(Act/Req):0.3288E-04/0.1000E-04
# With parameters(tra.):     0.8429E-05    0.2322E-04   -0.1042E-04
# With parameters(rot.):    -0.1251E-04   -0.4292E-04    0.2245E+00
# Minimization at step:   151 with Value:     0.0001Tol(Act/Req):0.3256E-04/0.1000E-04
# With parameters(tra.):     0.6563E-05    0.1735E-04   -0.1106E-04
# With parameters(rot.):    -0.2703E-04   -0.4437E-04    0.2245E+00
# Minimization at step:   152 with Value:     0.0001Tol(Act/Req):0.3690E-04/0.1000E-04
# With parameters(tra.):     0.8164E-05    0.1399E-04   -0.9060E-05
# With parameters(rot.):    -0.3209E-04   -0.3795E-04    0.2245E+00
# Minimization at step:   153 with Value:     0.0001Tol(Act/Req):0.3628E-04/0.1000E-04
# With parameters(tra.):     0.1068E-04    0.8706E-05   -0.9376E-05
# With parameters(rot.):    -0.2375E-04   -0.3545E-04    0.2245E+00
# Minimization at step:   154 with Value:     0.0001Tol(Act/Req):0.3099E-04/0.1000E-04
# With parameters(tra.):     0.1392E-04    0.1169E-04   -0.8180E-05
# With parameters(rot.):    -0.8143E-05   -0.3103E-04    0.2245E+00
# Minimization at step:   155 with Value:     0.0001Tol(Act/Req):0.2062E-04/0.1000E-04
# With parameters(tra.):     0.1482E-04    0.1005E-04   -0.8234E-05
# With parameters(rot.):    -0.3927E-05   -0.3032E-04    0.2244E+00
# Minimization at step:   156 with Value:     0.0001Tol(Act/Req):0.2726E-04/0.1000E-04
# With parameters(tra.):     0.1271E-04    0.8404E-05   -0.8392E-05
# With parameters(rot.):    -0.1594E-05   -0.2228E-04    0.2243E+00
# Minimization at step:   157 with Value:     0.0001Tol(Act/Req):0.2574E-04/0.1000E-04
# With parameters(tra.):     0.7640E-05    0.5816E-05   -0.7154E-05
# With parameters(rot.):     0.5516E-05   -0.1895E-04    0.2243E+00
# Minimization at step:   158 with Value:     0.0001Tol(Act/Req):0.2386E-04/0.1000E-04
# With parameters(tra.):     0.6307E-05    0.4579E-05   -0.7368E-05
# With parameters(rot.):     0.2753E-05   -0.1905E-04    0.2243E+00
# Minimization at step:   159 with Value:     0.0001Tol(Act/Req):0.2073E-04/0.1000E-04
# With parameters(tra.):     0.2572E-05    0.4395E-05   -0.7025E-05
# With parameters(rot.):     0.7638E-06   -0.1599E-04    0.2244E+00
# Minimization at step:   160 with Value:     0.0001Tol(Act/Req):0.1256E-04/0.1000E-04
# With parameters(tra.):     0.7635E-05    0.1330E-05   -0.5933E-05
# With parameters(rot.):    -0.2896E-06   -0.1176E-04    0.2244E+00
# Minimization at step:   161 with Value:     0.0001Tol(Act/Req):0.1299E-04/0.1000E-04
# With parameters(tra.):     0.4106E-05    0.4154E-05   -0.4469E-05
# With parameters(rot.):    -0.8149E-06   -0.6359E-05    0.2244E+00
# Minimization at step:   162 with Value:     0.0001Tol(Act/Req):0.8351E-05/0.1000E-04
# With parameters(tra.):     0.3367E-05    0.4175E-05   -0.4586E-05
# With parameters(rot.):     0.3059E-05   -0.5332E-05    0.2244E+00
# CSM Simplex Values from input minimization.
# Final Number of Simplex optim. Steps:   162
# Final CSM Simplex Value is:      0.00013068678
[molecule] Nrec=   7 Format=nscxyz
  h                1    1    0.97494551D+00  -0.22251005D+00  -0.18832145D-04
  h                2    1    0.78184312D+00   0.62349787D+00   0.12740383D-05
  h                3    1    0.10564406D-04   0.10000060D+01   0.14892854D-04
  h                4    1   -0.78182164D+00   0.62348521D+00   0.11768851D-04
  h                5    1   -0.97491059D+00  -0.22251956D+00  -0.57452016D-05
  h                6    1   -0.43386103D+00  -0.90096991D+00  -0.24461288D-04
  h                7    1    0.43390653D+00  -0.90096030D+00  -0.30285406D-04
# Coordinates rotated along X. New coordinates:
[molecule] Nrec=   7 Format=nscxyz
  h                1    1    0.10000000D+01  -0.16081226D-15   0.61232340D-16
  h                2    1    0.62349000D+00  -0.52391559D-16  -0.78183000D+00
  h                3    1   -0.22252000D+00   0.95481190D-16  -0.97493000D+00
  h                4    1   -0.90097000D+00   0.17145451D-15  -0.43388000D+00
  h                5    1   -0.90097000D+00   0.11831954D-15   0.43388000D+00
  h                6    1   -0.22252000D+00  -0.23913300D-16   0.97493000D+00
  h                7    1    0.62349000D+00  -0.14813812D-15   0.78183000D+00
# Minimization at step:     0 with Value:     0.0208Tol(Act/Req):0.1983E+01/0.1000E-04
# With parameters(tra.):     0.1429E-01    0.1429E-01    0.1429E-01
# With parameters(rot.):     0.1429E-01    0.1429E-01    0.1429E-01
# Minimization at step:     1 with Value:     0.0133Tol(Act/Req):0.1956E+01/0.1000E-04
# With parameters(tra.):     0.1548E-01    0.1548E-01    0.7143E-02
# With parameters(rot.):     0.1548E-01    0.1548E-01    0.1548E-01
# Minimization at step:     2 with Value:     0.0105Tol(Act/Req):0.1956E+01/0.1000E-04
# With parameters(tra.):     0.8433E-02    0.1677E-01    0.7738E-02
# With parameters(rot.):     0.1677E-01    0.1677E-01    0.1677E-01
# Minimization at step:     3 with Value:     0.0078Tol(Act/Req):0.1939E+01/0.1000E-04
# With parameters(tra.):     0.9135E-02    0.9830E-02    0.8383E-02
# With parameters(rot.):     0.1816E-01    0.1816E-01    0.1816E-01
# Minimization at step:     4 with Value:     0.0058Tol(Act/Req):0.1862E+01/0.1000E-04
# With parameters(tra.):     0.9336E-02    0.1020E-01   -0.2021E-02
# With parameters(rot.):     0.2062E-01    0.2062E-01    0.2062E-01
# Minimization at step:     5 with Value:     0.0050Tol(Act/Req):0.1862E+01/0.1000E-04
# With parameters(tra.):     0.1011E-01    0.1105E-01   -0.2190E-02
# With parameters(rot.):     0.2234E-01    0.1401E-01    0.2234E-01
# Minimization at step:     6 with Value:     0.0042Tol(Act/Req):0.1856E+01/0.1000E-04
# With parameters(tra.):     0.1096E-01    0.1198E-01   -0.2372E-02
# With parameters(rot.):     0.1587E-01    0.1517E-01    0.2420E-01
# Minimization at step:     7 with Value:     0.0042Tol(Act/Req):0.1855E+01/0.1000E-04
# With parameters(tra.):     0.1297E-01   -0.1182E-02   -0.4668E-02
# With parameters(rot.):     0.1790E-01    0.1697E-01    0.2901E-01
# Minimization at step:     8 with Value:     0.0035Tol(Act/Req):0.1850E+01/0.1000E-04
# With parameters(tra.):     0.9825E-02   -0.2033E-02   -0.5404E-02
# With parameters(rot.):     0.1864E-01    0.1763E-01    0.3067E-01
# Minimization at step:     9 with Value:     0.0027Tol(Act/Req):0.1807E+01/0.1000E-04
# With parameters(tra.):     0.7530E-02    0.7622E-02   -0.3866E-02
# With parameters(rot.):     0.1730E-01    0.1645E-01    0.2748E-01
# Minimization at step:    10 with Value:     0.0021Tol(Act/Req):0.1648E+01/0.1000E-04
# With parameters(tra.):     0.6978E-02    0.6790E-02    0.8745E-03
# With parameters(rot.):     0.1524E-01    0.1418E-01    0.2797E-01
# Minimization at step:    11 with Value:     0.0020Tol(Act/Req):0.1641E+01/0.1000E-04
# With parameters(tra.):     0.7338E-02    0.6904E-02    0.1592E-02
# With parameters(rot.):     0.2086E-02    0.1618E-01    0.3295E-01
# Minimization at step:    12 with Value:     0.0018Tol(Act/Req):0.1640E+01/0.1000E-04
# With parameters(tra.):     0.7968E-02    0.7221E-02    0.2515E-02
# With parameters(rot.):    -0.1228E-02    0.3676E-02    0.3992E-01
# Minimization at step:    13 with Value:     0.0018Tol(Act/Req):0.1611E+01/0.1000E-04
# With parameters(tra.):     0.1062E-02    0.8604E-02    0.3683E-02
# With parameters(rot.):    -0.6372E-02    0.3471E-03    0.4634E-01
# Minimization at step:    14 with Value:     0.0016Tol(Act/Req):0.1606E+01/0.1000E-04
# With parameters(tra.):     0.9054E-03    0.7077E-02    0.4056E-02
# With parameters(rot.):    -0.8121E-02   -0.7976E-03    0.4844E-01
# Minimization at step:    15 with Value:     0.0013Tol(Act/Req):0.1550E+01/0.1000E-04
# With parameters(tra.):     0.2619E-02    0.6604E-02    0.3795E-02
# With parameters(rot.):    -0.6981E-02   -0.6090E-04    0.4701E-01
# Minimization at step:    16 with Value:     0.0011Tol(Act/Req):0.1490E+01/0.1000E-04
# With parameters(tra.):     0.1170E-02    0.6444E-02    0.3808E-02
# With parameters(rot.):     0.6167E-03   -0.5623E-02    0.4679E-01
# Minimization at step:    17 with Value:     0.0010Tol(Act/Req):0.1353E+01/0.1000E-04
# With parameters(tra.):    -0.1003E-02    0.6011E-02    0.3438E-02
# With parameters(rot.):     0.3564E-02    0.1431E-02    0.4328E-01
# Minimization at step:    18 with Value:     0.0009Tol(Act/Req):0.1202E+01/0.1000E-04
# With parameters(tra.):    -0.3296E-02    0.6306E-02    0.1132E-02
# With parameters(rot.):     0.1045E-02   -0.1304E-02    0.4806E-01
# Minimization at step:    19 with Value:     0.0009Tol(Act/Req):0.1189E+01/0.1000E-04
# With parameters(tra.):    -0.5009E-02    0.2995E-02    0.9032E-03
# With parameters(rot.):     0.6010E-03   -0.3762E-02    0.5214E-01
# Minimization at step:    20 with Value:     0.0008Tol(Act/Req):0.1174E+01/0.1000E-04
# With parameters(tra.):    -0.4124E-02    0.8455E-03   -0.5823E-03
# With parameters(rot.):     0.5408E-02   -0.3523E-02    0.5099E-01
# Minimization at step:    21 with Value:     0.0008Tol(Act/Req):0.1106E+01/0.1000E-04
# With parameters(tra.):    -0.3620E-02    0.3166E-03   -0.1487E-03
# With parameters(rot.):     0.6402E-02   -0.3024E-02    0.5004E-01
# Minimization at step:    22 with Value:     0.0007Tol(Act/Req):0.1073E+01/0.1000E-04
# With parameters(tra.):    -0.3778E-02   -0.1672E-03   -0.4805E-03
# With parameters(rot.):     0.5617E-02   -0.1880E-02    0.5034E-01
# Minimization at step:    23 with Value:     0.0006Tol(Act/Req):0.9890E+00/0.1000E-04
# With parameters(tra.):    -0.3970E-02    0.2857E-03   -0.1006E-03
# With parameters(rot.):     0.4433E-02   -0.1803E-02    0.5058E-01
# Minimization at step:    24 with Value:     0.0006Tol(Act/Req):0.9802E+00/0.1000E-04
# With parameters(tra.):    -0.3455E-02    0.8879E-03   -0.1271E-03
# With parameters(rot.):     0.4863E-02   -0.1025E-02    0.4943E-01
# Minimization at step:    25 with Value:     0.0005Tol(Act/Req):0.6979E+00/0.1000E-04
# With parameters(tra.):    -0.3297E-02    0.5330E-03   -0.3626E-03
# With parameters(rot.):     0.4480E-02   -0.2406E-02    0.5053E-01
# Minimization at step:    26 with Value:     0.0005Tol(Act/Req):0.6638E+00/0.1000E-04
# With parameters(tra.):    -0.2182E-02   -0.4526E-03    0.4334E-03
# With parameters(rot.):     0.5827E-02   -0.1202E-02    0.4879E-01
# Minimization at step:    27 with Value:     0.0005Tol(Act/Req):0.6382E+00/0.1000E-04
# With parameters(tra.):    -0.1965E-02   -0.1515E-02    0.7441E-04
# With parameters(rot.):     0.4328E-02    0.1311E-02    0.4888E-01
# Minimization at step:    28 with Value:     0.0005Tol(Act/Req):0.6294E+00/0.1000E-04
# With parameters(tra.):    -0.1681E-02   -0.1210E-02    0.8925E-03
# With parameters(rot.):     0.1924E-02    0.2503E-02    0.4879E-01
# Minimization at step:    29 with Value:     0.0005Tol(Act/Req):0.5865E+00/0.1000E-04
# With parameters(tra.):    -0.2393E-02   -0.6601E-03    0.4102E-03
# With parameters(rot.):    -0.6120E-04    0.2527E-02    0.5009E-01
# Minimization at step:    30 with Value:     0.0005Tol(Act/Req):0.5686E+00/0.1000E-04
# With parameters(tra.):    -0.2047E-02   -0.4880E-03    0.4418E-03
# With parameters(rot.):    -0.2564E-03    0.3212E-02    0.4957E-01
# Minimization at step:    31 with Value:     0.0005Tol(Act/Req):0.5511E+00/0.1000E-04
# With parameters(tra.):    -0.1314E-02   -0.1538E-02    0.2389E-03
# With parameters(rot.):    -0.2601E-02    0.2324E-02    0.5145E-01
# Minimization at step:    32 with Value:     0.0005Tol(Act/Req):0.5477E+00/0.1000E-04
# With parameters(tra.):    -0.1354E-02   -0.1642E-02   -0.2004E-04
# With parameters(rot.):    -0.2377E-02    0.2011E-02    0.5169E-01
# Minimization at step:    33 with Value:     0.0004Tol(Act/Req):0.5321E+00/0.1000E-04
# With parameters(tra.):    -0.1368E-02   -0.6211E-03    0.3075E-03
# With parameters(rot.):    -0.3114E-02   -0.2692E-03    0.5253E-01
# Minimization at step:    34 with Value:     0.0004Tol(Act/Req):0.4604E+00/0.1000E-04
# With parameters(tra.):    -0.1555E-02   -0.2822E-03    0.3639E-03
# With parameters(rot.):    -0.2570E-02   -0.2633E-03    0.5215E-01
# Minimization at step:    35 with Value:     0.0004Tol(Act/Req):0.3917E+00/0.1000E-04
# With parameters(tra.):    -0.1568E-02   -0.5091E-03    0.2867E-03
# With parameters(rot.):    -0.2341E-02    0.3073E-03    0.5191E-01
# Minimization at step:    36 with Value:     0.0004Tol(Act/Req):0.3778E+00/0.1000E-04
# With parameters(tra.):    -0.8184E-03   -0.8254E-03    0.5671E-03
# With parameters(rot.):    -0.1777E-02   -0.4485E-03    0.5165E-01
# Minimization at step:    37 with Value:     0.0004Tol(Act/Req):0.3674E+00/0.1000E-04
# With parameters(tra.):    -0.5430E-03   -0.7674E-03    0.5933E-03
# With parameters(rot.):    -0.2001E-02   -0.4110E-03    0.5156E-01
# Minimization at step:    38 with Value:     0.0004Tol(Act/Req):0.3446E+00/0.1000E-04
# With parameters(tra.):    -0.3534E-03   -0.6834E-03    0.2798E-03
# With parameters(rot.):    -0.1428E-02   -0.1844E-02    0.5201E-01
# Minimization at step:    39 with Value:     0.0004Tol(Act/Req):0.3399E+00/0.1000E-04
# With parameters(tra.):    -0.3470E-03   -0.5474E-03    0.3010E-03
# With parameters(rot.):    -0.1061E-02   -0.1973E-02    0.5181E-01
# Minimization at step:    40 with Value:     0.0004Tol(Act/Req):0.6077E+00/0.1000E-04
# With parameters(tra.):    -0.5205E-03   -0.8210E-03    0.4515E-03
# With parameters(rot.):    -0.1592E-02   -0.2960E-02    0.7772E-01
# Minimization at step:    41 with Value:     0.0004Tol(Act/Req):0.5988E+00/0.1000E-04
# With parameters(tra.):    -0.1171E-02   -0.5033E-03    0.1326E-03
# With parameters(rot.):    -0.2094E-02   -0.3041E-02    0.8667E-01
# Minimization at step:    42 with Value:     0.0003Tol(Act/Req):0.5921E+00/0.1000E-04
# With parameters(tra.):    -0.1633E-02   -0.5274E-03    0.3971E-03
# With parameters(rot.):    -0.2889E-02   -0.2007E-02    0.9777E-01
# Minimization at step:    43 with Value:     0.0003Tol(Act/Req):0.7295E+00/0.1000E-04
# With parameters(tra.):    -0.1702E-02   -0.1217E-02    0.2207E-03
# With parameters(rot.):    -0.2476E-02   -0.1452E-02    0.1200E+00
# Minimization at step:    44 with Value:     0.0003Tol(Act/Req):0.8433E+00/0.1000E-04
# With parameters(tra.):    -0.1538E-02   -0.1251E-02    0.1489E-03
# With parameters(rot.):    -0.3082E-02   -0.1724E-02    0.1426E+00
# Minimization at step:    45 with Value:     0.0002Tol(Act/Req):0.6638E+00/0.1000E-04
# With parameters(tra.):    -0.1922E-02   -0.1214E-02    0.1407E-03
# With parameters(rot.):    -0.3022E-02   -0.1899E-02    0.1725E+00
# Minimization at step:    46 with Value:     0.0002Tol(Act/Req):0.5945E+00/0.1000E-04
# With parameters(tra.):    -0.1522E-02   -0.1769E-02    0.4622E-03
# With parameters(rot.):    -0.2829E-02   -0.1436E-02    0.1921E+00
# Minimization at step:    47 with Value:     0.0002Tol(Act/Req):0.5840E+00/0.1000E-04
# With parameters(tra.):    -0.1649E-02   -0.1916E-02    0.5007E-03
# With parameters(rot.):    -0.3065E-02   -0.1556E-02    0.1998E+00
# Minimization at step:    48 with Value:     0.0002Tol(Act/Req):0.3240E+00/0.1000E-04
# With parameters(tra.):    -0.1306E-02   -0.2245E-02    0.3283E-03
# With parameters(rot.):    -0.2513E-02   -0.2219E-02    0.2170E+00
# Minimization at step:    49 with Value:     0.0002Tol(Act/Req):0.2168E+00/0.1000E-04
# With parameters(tra.):    -0.1337E-02   -0.2355E-02    0.8655E-04
# With parameters(rot.):    -0.2112E-02   -0.6572E-03    0.2289E+00
# Minimization at step:    50 with Value:     0.0002Tol(Act/Req):0.2237E+00/0.1000E-04
# With parameters(tra.):    -0.1374E-02   -0.2465E-02    0.7129E-04
# With parameters(rot.):    -0.2150E-02   -0.6421E-03    0.2351E+00
# Minimization at step:    51 with Value:     0.0002Tol(Act/Req):0.2093E+00/0.1000E-04
# With parameters(tra.):    -0.1370E-02   -0.2447E-02    0.1305E-03
# With parameters(rot.):    -0.2254E-02   -0.1031E-02    0.2327E+00
# Minimization at step:    52 with Value:     0.0002Tol(Act/Req):0.2024E+00/0.1000E-04
# With parameters(tra.):    -0.1719E-02   -0.2118E-02   -0.3017E-03
# With parameters(rot.):    -0.2255E-02   -0.1359E-02    0.2265E+00
# Minimization at step:    53 with Value:     0.0002Tol(Act/Req):0.2021E+00/0.1000E-04
# With parameters(tra.):    -0.1632E-02   -0.1499E-02   -0.2406E-03
# With parameters(rot.):    -0.2733E-02   -0.2067E-02    0.2325E+00
# Minimization at step:    54 with Value:     0.0002Tol(Act/Req):0.1760E+00/0.1000E-04
# With parameters(tra.):    -0.1151E-02   -0.1631E-02   -0.3594E-03
# With parameters(rot.):    -0.2696E-02   -0.1949E-02    0.2226E+00
# Minimization at step:    55 with Value:     0.0002Tol(Act/Req):0.1227E+00/0.1000E-04
# With parameters(tra.):    -0.6131E-03   -0.1797E-02    0.5345E-04
# With parameters(rot.):    -0.2843E-02   -0.1818E-02    0.2274E+00
# Minimization at step:    56 with Value:     0.0002Tol(Act/Req):0.1105E+00/0.1000E-04
# With parameters(tra.):    -0.6104E-03   -0.1429E-02    0.7679E-04
# With parameters(rot.):    -0.3321E-02   -0.1242E-02    0.2194E+00
# Minimization at step:    57 with Value:     0.0002Tol(Act/Req):0.1346E+00/0.1000E-04
# With parameters(tra.):    -0.7447E-03   -0.1356E-02   -0.2448E-04
# With parameters(rot.):    -0.3324E-02   -0.1227E-02    0.2175E+00
# Minimization at step:    58 with Value:     0.0002Tol(Act/Req):0.1068E+00/0.1000E-04
# With parameters(tra.):    -0.6925E-03   -0.1499E-02   -0.2173E-04
# With parameters(rot.):    -0.3254E-02   -0.9797E-03    0.2148E+00
# Minimization at step:    59 with Value:     0.0002Tol(Act/Req):0.9789E-01/0.1000E-04
# With parameters(tra.):    -0.7744E-03   -0.1455E-02    0.3611E-04
# With parameters(rot.):    -0.3310E-02   -0.9285E-03    0.2166E+00
# Minimization at step:    60 with Value:     0.0002Tol(Act/Req):0.1131E+00/0.1000E-04
# With parameters(tra.):    -0.6394E-03   -0.1506E-02    0.8734E-04
# With parameters(rot.):    -0.2513E-02   -0.1226E-03    0.2197E+00
# Minimization at step:    61 with Value:     0.0002Tol(Act/Req):0.9414E-01/0.1000E-04
# With parameters(tra.):    -0.5763E-03   -0.1418E-02    0.1133E-03
# With parameters(rot.):    -0.2587E-02   -0.2415E-03    0.2174E+00
# Minimization at step:    62 with Value:     0.0002Tol(Act/Req):0.6311E-01/0.1000E-04
# With parameters(tra.):    -0.5741E-03   -0.1510E-02    0.1105E-03
# With parameters(rot.):    -0.2406E-02   -0.3021E-03    0.2192E+00
# Minimization at step:    63 with Value:     0.0002Tol(Act/Req):0.3643E-01/0.1000E-04
# With parameters(tra.):    -0.3823E-03   -0.1412E-02    0.9311E-04
# With parameters(rot.):    -0.2568E-02   -0.1587E-03    0.2265E+00
# Minimization at step:    64 with Value:     0.0001Tol(Act/Req):0.5532E-01/0.1000E-04
# With parameters(tra.):    -0.3905E-03   -0.1386E-02    0.1268E-03
# With parameters(rot.):    -0.2534E-02   -0.6894E-04    0.2282E+00
# Minimization at step:    65 with Value:     0.0001Tol(Act/Req):0.6993E-01/0.1000E-04
# With parameters(tra.):    -0.5411E-03   -0.1252E-02   -0.2535E-04
# With parameters(rot.):    -0.2277E-02    0.3478E-03    0.2280E+00
# Minimization at step:    66 with Value:     0.0001Tol(Act/Req):0.6197E-01/0.1000E-04
# With parameters(tra.):    -0.5024E-03   -0.1303E-02   -0.2428E-04
# With parameters(rot.):    -0.2160E-02    0.5819E-03    0.2277E+00
# Minimization at step:    67 with Value:     0.0001Tol(Act/Req):0.5151E-01/0.1000E-04
# With parameters(tra.):    -0.5603E-03   -0.1318E-02   -0.2970E-04
# With parameters(rot.):    -0.2086E-02    0.6078E-03    0.2260E+00
# Minimization at step:    68 with Value:     0.0001Tol(Act/Req):0.5653E-01/0.1000E-04
# With parameters(tra.):    -0.5987E-03   -0.1285E-02   -0.5653E-04
# With parameters(rot.):    -0.2316E-02    0.4000E-03    0.2256E+00
# Minimization at step:    69 with Value:     0.0001Tol(Act/Req):0.5739E-01/0.1000E-04
# With parameters(tra.):    -0.4206E-03   -0.9564E-03   -0.6349E-04
# With parameters(rot.):    -0.2400E-02    0.3641E-03    0.2227E+00
# Minimization at step:    70 with Value:     0.0001Tol(Act/Req):0.3570E-01/0.1000E-04
# With parameters(tra.):    -0.3651E-03   -0.9546E-03   -0.1271E-03
# With parameters(rot.):    -0.2037E-02    0.4649E-03    0.2275E+00
# Minimization at step:    71 with Value:     0.0001Tol(Act/Req):0.2465E-01/0.1000E-04
# With parameters(tra.):    -0.3732E-03   -0.7594E-03   -0.1444E-03
# With parameters(rot.):    -0.1803E-02    0.8223E-03    0.2308E+00
# Minimization at step:    72 with Value:     0.0001Tol(Act/Req):0.2392E-01/0.1000E-04
# With parameters(tra.):    -0.2527E-03   -0.6800E-03   -0.1823E-03
# With parameters(rot.):    -0.1451E-02    0.1371E-02    0.2312E+00
# Minimization at step:    73 with Value:     0.0001Tol(Act/Req):0.2529E-01/0.1000E-04
# With parameters(tra.):    -0.2661E-03   -0.4981E-03   -0.2440E-03
# With parameters(rot.):    -0.1091E-02    0.1677E-02    0.2296E+00
# Minimization at step:    74 with Value:     0.0001Tol(Act/Req):0.3403E-01/0.1000E-04
# With parameters(tra.):    -0.2383E-04   -0.3813E-03   -0.1647E-03
# With parameters(rot.):    -0.9522E-03    0.1703E-02    0.2303E+00
# Minimization at step:    75 with Value:     0.0001Tol(Act/Req):0.3401E-01/0.1000E-04
# With parameters(tra.):     0.4875E-05   -0.2897E-03   -0.1871E-03
# With parameters(rot.):    -0.9535E-03    0.1708E-02    0.2304E+00
# Minimization at step:    76 with Value:     0.0001Tol(Act/Req):0.5038E-01/0.1000E-04
# With parameters(tra.):    -0.2981E-04   -0.2389E-03   -0.1509E-03
# With parameters(rot.):    -0.1140E-02    0.1272E-02    0.2297E+00
# Minimization at step:    77 with Value:     0.0001Tol(Act/Req):0.4884E-01/0.1000E-04
# With parameters(tra.):    -0.5662E-04   -0.2888E-03   -0.1558E-03
# With parameters(rot.):    -0.1006E-02    0.1359E-02    0.2312E+00
# Minimization at step:    78 with Value:     0.0001Tol(Act/Req):0.4440E-01/0.1000E-04
# With parameters(tra.):    -0.9306E-05   -0.6874E-04   -0.1018E-03
# With parameters(rot.):    -0.1026E-02    0.1557E-02    0.2276E+00
# Minimization at step:    79 with Value:     0.0001Tol(Act/Req):0.3453E-01/0.1000E-04
# With parameters(tra.):     0.1201E-03   -0.3372E-04   -0.7033E-04
# With parameters(rot.):    -0.1001E-02    0.1444E-02    0.2233E+00
# Minimization at step:    80 with Value:     0.0001Tol(Act/Req):0.3060E-01/0.1000E-04
# With parameters(tra.):     0.1556E-03   -0.4051E-04   -0.4044E-04
# With parameters(rot.):    -0.1084E-02    0.1348E-02    0.2232E+00
# Minimization at step:    81 with Value:     0.0001Tol(Act/Req):0.2218E-01/0.1000E-04
# With parameters(tra.):     0.1633E-03   -0.2512E-03   -0.7400E-04
# With parameters(rot.):    -0.1083E-02    0.1081E-02    0.2253E+00
# Minimization at step:    82 with Value:     0.0001Tol(Act/Req):0.2047E-01/0.1000E-04
# With parameters(tra.):     0.2735E-03   -0.5508E-04   -0.8115E-04
# With parameters(rot.):    -0.1129E-02    0.8821E-03    0.2239E+00
# Minimization at step:    83 with Value:     0.0001Tol(Act/Req):0.1988E-01/0.1000E-04
# With parameters(tra.):     0.2539E-03   -0.6561E-04   -0.8992E-04
# With parameters(rot.):    -0.1146E-02    0.8634E-03    0.2251E+00
# Minimization at step:    84 with Value:     0.0001Tol(Act/Req):0.1331E-01/0.1000E-04
# With parameters(tra.):     0.2165E-03   -0.6849E-04   -0.1035E-03
# With parameters(rot.):    -0.1196E-02    0.7868E-03    0.2245E+00
# Minimization at step:    85 with Value:     0.0001Tol(Act/Req):0.1129E-01/0.1000E-04
# With parameters(tra.):     0.2190E-03   -0.5907E-06   -0.9757E-04
# With parameters(rot.):    -0.1206E-02    0.8289E-03    0.2239E+00
# Minimization at step:    86 with Value:     0.0001Tol(Act/Req):0.1062E-01/0.1000E-04
# With parameters(tra.):     0.2421E-03   -0.6581E-06   -0.8739E-04
# With parameters(rot.):    -0.1257E-02    0.7377E-03    0.2239E+00
# Minimization at step:    87 with Value:     0.0001Tol(Act/Req):0.9629E-02/0.1000E-04
# With parameters(tra.):     0.2119E-03   -0.4515E-04   -0.8612E-04
# With parameters(rot.):    -0.1257E-02    0.7755E-03    0.2242E+00
# Minimization at step:    88 with Value:     0.0001Tol(Act/Req):0.9231E-02/0.1000E-04
# With parameters(tra.):     0.2657E-03   -0.7303E-04   -0.6615E-04
# With parameters(rot.):    -0.9822E-03    0.7465E-03    0.2253E+00
# Minimization at step:    89 with Value:     0.0001Tol(Act/Req):0.1025E-01/0.1000E-04
# With parameters(tra.):     0.2073E-03   -0.8030E-04   -0.8087E-04
# With parameters(rot.):    -0.1012E-02    0.5799E-03    0.2243E+00
# Minimization at step:    90 with Value:     0.0001Tol(Act/Req):0.1003E-01/0.1000E-04
# With parameters(tra.):     0.1526E-03   -0.1063E-03   -0.9538E-04
# With parameters(rot.):    -0.1002E-02    0.4480E-03    0.2263E+00
# Minimization at step:    91 with Value:     0.0001Tol(Act/Req):0.7801E-02/0.1000E-04
# With parameters(tra.):     0.2481E-03   -0.1128E-03   -0.1132E-03
# With parameters(rot.):    -0.7695E-03    0.6095E-03    0.2260E+00
# Minimization at step:    92 with Value:     0.0001Tol(Act/Req):0.7591E-02/0.1000E-04
# With parameters(tra.):     0.2962E-03   -0.1503E-03   -0.1014E-03
# With parameters(rot.):    -0.7099E-03    0.3843E-03    0.2267E+00
# Minimization at step:    93 with Value:     0.0001Tol(Act/Req):0.7194E-02/0.1000E-04
# With parameters(tra.):     0.2881E-03   -0.1813E-03   -0.1020E-03
# With parameters(rot.):    -0.6640E-03    0.3706E-03    0.2271E+00
# Minimization at step:    94 with Value:     0.0001Tol(Act/Req):0.1126E-01/0.1000E-04
# With parameters(tra.):     0.3162E-03   -0.1058E-03   -0.9162E-04
# With parameters(rot.):    -0.5026E-03    0.3021E-03    0.2269E+00
# Minimization at step:    95 with Value:     0.0001Tol(Act/Req):0.1038E-01/0.1000E-04
# With parameters(tra.):     0.2435E-03   -0.9690E-04   -0.6668E-04
# With parameters(rot.):    -0.6459E-03    0.3809E-04    0.2276E+00
# Minimization at step:    96 with Value:     0.0001Tol(Act/Req):0.9538E-02/0.1000E-04
# With parameters(tra.):     0.3284E-03   -0.6782E-04   -0.4259E-04
# With parameters(rot.):    -0.5378E-03    0.3335E-04    0.2260E+00
# Minimization at step:    97 with Value:     0.0001Tol(Act/Req):0.6886E-02/0.1000E-04
# With parameters(tra.):     0.3537E-03   -0.6762E-04   -0.4682E-04
# With parameters(rot.):    -0.4930E-03    0.9895E-04    0.2257E+00
# Minimization at step:    98 with Value:     0.0001Tol(Act/Req):0.5933E-02/0.1000E-04
# With parameters(tra.):     0.3431E-03   -0.5787E-04   -0.5186E-04
# With parameters(rot.):    -0.5437E-03    0.5468E-04    0.2254E+00
# Minimization at step:    99 with Value:     0.0001Tol(Act/Req):0.5366E-02/0.1000E-04
# With parameters(tra.):     0.3106E-03    0.1046E-04   -0.4714E-04
# With parameters(rot.):    -0.5479E-03    0.1700E-03    0.2242E+00
# Minimization at step:   100 with Value:     0.0001Tol(Act/Req):0.7823E-02/0.1000E-04
# With parameters(tra.):     0.3020E-03    0.1237E-04   -0.3013E-04
# With parameters(rot.):    -0.4174E-03    0.7580E-04    0.2240E+00
# Minimization at step:   101 with Value:     0.0001Tol(Act/Req):0.6839E-02/0.1000E-04
# With parameters(tra.):     0.3245E-03    0.2191E-04   -0.2222E-04
# With parameters(rot.):    -0.3603E-03    0.7544E-04    0.2243E+00
# Minimization at step:   102 with Value:     0.0001Tol(Act/Req):0.5158E-02/0.1000E-04
# With parameters(tra.):     0.2382E-03    0.2273E-04   -0.3952E-04
# With parameters(rot.):    -0.4092E-03    0.9421E-04    0.2253E+00
# Minimization at step:   103 with Value:     0.0001Tol(Act/Req):0.4294E-02/0.1000E-04
# With parameters(tra.):     0.2403E-03    0.6672E-05   -0.4006E-04
# With parameters(rot.):    -0.3966E-03    0.5905E-04    0.2256E+00
# Minimization at step:   104 with Value:     0.0001Tol(Act/Req):0.3863E-02/0.1000E-04
# With parameters(tra.):     0.2530E-03    0.3184E-04   -0.4627E-04
# With parameters(rot.):    -0.2749E-03    0.1769E-03    0.2250E+00
# Minimization at step:   105 with Value:     0.0001Tol(Act/Req):0.2526E-02/0.1000E-04
# With parameters(tra.):     0.2018E-03    0.8123E-04   -0.5450E-04
# With parameters(rot.):    -0.2868E-03    0.1292E-03    0.2242E+00
# Minimization at step:   106 with Value:     0.0001Tol(Act/Req):0.2440E-02/0.1000E-04
# With parameters(tra.):     0.1355E-03    0.6802E-04   -0.5251E-04
# With parameters(rot.):    -0.3763E-03    0.1400E-03    0.2235E+00
# Minimization at step:   107 with Value:     0.0001Tol(Act/Req):0.2966E-02/0.1000E-04
# With parameters(tra.):     0.1176E-03    0.1025E-03   -0.4679E-04
# With parameters(rot.):    -0.2674E-03    0.1609E-03    0.2237E+00
# Minimization at step:   108 with Value:     0.0001Tol(Act/Req):0.2928E-02/0.1000E-04
# With parameters(tra.):     0.1031E-03    0.1021E-03   -0.4529E-04
# With parameters(rot.):    -0.2972E-03    0.1300E-03    0.2237E+00
# Minimization at step:   109 with Value:     0.0001Tol(Act/Req):0.2766E-02/0.1000E-04
# With parameters(tra.):     0.1134E-03    0.1085E-03   -0.4144E-04
# With parameters(rot.):    -0.2756E-03    0.1283E-03    0.2233E+00
# Minimization at step:   110 with Value:     0.0001Tol(Act/Req):0.2032E-02/0.1000E-04
# With parameters(tra.):     0.1281E-03    0.1151E-03   -0.4102E-04
# With parameters(rot.):    -0.2449E-03    0.1246E-03    0.2235E+00
# Minimization at step:   111 with Value:     0.0001Tol(Act/Req):0.2308E-02/0.1000E-04
# With parameters(tra.):     0.9491E-04    0.1192E-03   -0.4242E-04
# With parameters(rot.):    -0.1691E-03    0.7620E-04    0.2236E+00
# Minimization at step:   112 with Value:     0.0001Tol(Act/Req):0.1452E-02/0.1000E-04
# With parameters(tra.):     0.1105E-03    0.8244E-04   -0.3017E-04
# With parameters(rot.):    -0.1179E-03    0.1063E-03    0.2241E+00
# Minimization at step:   113 with Value:     0.0001Tol(Act/Req):0.1405E-02/0.1000E-04
# With parameters(tra.):     0.9673E-04    0.8780E-04   -0.3443E-04
# With parameters(rot.):    -0.1256E-03    0.1324E-03    0.2241E+00
# Minimization at step:   114 with Value:     0.0001Tol(Act/Req):0.1645E-02/0.1000E-04
# With parameters(tra.):     0.6566E-04    0.8223E-04   -0.2779E-04
# With parameters(rot.):    -0.1280E-03    0.7160E-04    0.2244E+00
# Minimization at step:   115 with Value:     0.0001Tol(Act/Req):0.1393E-02/0.1000E-04
# With parameters(tra.):     0.7426E-04    0.8461E-04   -0.2253E-04
# With parameters(rot.):    -0.2760E-04    0.4653E-04    0.2250E+00
# Minimization at step:   116 with Value:     0.0001Tol(Act/Req):0.1232E-02/0.1000E-04
# With parameters(tra.):     0.7615E-04    0.8582E-04   -0.1903E-04
# With parameters(rot.):     0.3858E-05    0.3886E-04    0.2249E+00
# Minimization at step:   117 with Value:     0.0001Tol(Act/Req):0.1057E-02/0.1000E-04
# With parameters(tra.):     0.7416E-04    0.8533E-04   -0.2006E-04
# With parameters(rot.):    -0.1863E-04    0.4449E-04    0.2248E+00
# Minimization at step:   118 with Value:     0.0001Tol(Act/Req):0.6543E-03/0.1000E-04
# With parameters(tra.):     0.7767E-04    0.4516E-04   -0.1686E-04
# With parameters(rot.):    -0.4456E-04   -0.1512E-04    0.2250E+00
# Minimization at step:   119 with Value:     0.0001Tol(Act/Req):0.5012E-03/0.1000E-04
# With parameters(tra.):     0.7103E-04    0.5124E-04   -0.1882E-04
# With parameters(rot.):    -0.5124E-04   -0.3278E-04    0.2249E+00
# Minimization at step:   120 with Value:     0.0001Tol(Act/Req):0.4264E-03/0.1000E-04
# With parameters(tra.):     0.3487E-04    0.4978E-04   -0.2213E-04
# With parameters(rot.):    -0.4181E-04   -0.3564E-04    0.2253E+00
# Minimization at step:   121 with Value:     0.0001Tol(Act/Req):0.3703E-03/0.1000E-04
# With parameters(tra.):     0.3043E-04    0.6021E-04   -0.2336E-04
# With parameters(rot.):    -0.3510E-04   -0.2245E-04    0.2252E+00
# Minimization at step:   122 with Value:     0.0001Tol(Act/Req):0.3659E-03/0.1000E-04
# With parameters(tra.):     0.1898E-04    0.5410E-04   -0.1781E-04
# With parameters(rot.):     0.1483E-04   -0.5822E-04    0.2252E+00
# Minimization at step:   123 with Value:     0.0001Tol(Act/Req):0.3404E-03/0.1000E-04
# With parameters(tra.):     0.4983E-04    0.5700E-04   -0.1306E-04
# With parameters(rot.):     0.2428E-04   -0.6289E-04    0.2249E+00
# Minimization at step:   124 with Value:     0.0001Tol(Act/Req):0.3435E-03/0.1000E-04
# With parameters(tra.):     0.3773E-04    0.4657E-04   -0.1278E-04
# With parameters(rot.):    -0.6398E-05   -0.8742E-04    0.2246E+00
# Minimization at step:   125 with Value:     0.0001Tol(Act/Req):0.3265E-03/0.1000E-04
# With parameters(tra.):     0.2846E-05    0.4019E-04   -0.1743E-04
# With parameters(rot.):    -0.2607E-04   -0.9094E-04    0.2248E+00
# Minimization at step:   126 with Value:     0.0001Tol(Act/Req):0.3576E-03/0.1000E-04
# With parameters(tra.):     0.3476E-05    0.3260E-04   -0.1500E-04
# With parameters(rot.):    -0.3310E-04   -0.9275E-04    0.2249E+00
# Minimization at step:   127 with Value:     0.0001Tol(Act/Req):0.2300E-03/0.1000E-04
# With parameters(tra.):     0.2980E-04    0.3549E-04   -0.1090E-04
# With parameters(rot.):    -0.2010E-04   -0.9057E-04    0.2248E+00
# Minimization at step:   128 with Value:     0.0001Tol(Act/Req):0.2155E-03/0.1000E-04
# With parameters(tra.):     0.3357E-04    0.3546E-04   -0.1171E-04
# With parameters(rot.):    -0.3549E-04   -0.8432E-04    0.2247E+00
# Minimization at step:   129 with Value:     0.0001Tol(Act/Req):0.1989E-03/0.1000E-04
# With parameters(tra.):     0.2712E-04    0.3719E-04   -0.1210E-04
# With parameters(rot.):    -0.3752E-04   -0.9745E-04    0.2247E+00
# Minimization at step:   130 with Value:     0.0001Tol(Act/Req):0.1404E-03/0.1000E-04
# With parameters(tra.):     0.4079E-04    0.3010E-04   -0.1315E-04
# With parameters(rot.):    -0.1307E-04   -0.9408E-04    0.2246E+00
# Minimization at step:   131 with Value:     0.0001Tol(Act/Req):0.1368E-03/0.1000E-04
# With parameters(tra.):     0.3536E-04    0.4092E-04   -0.1222E-04
# With parameters(rot.):     0.7693E-05   -0.9157E-04    0.2243E+00
# Minimization at step:   132 with Value:     0.0001Tol(Act/Req):0.1365E-03/0.1000E-04
# With parameters(tra.):     0.3819E-04    0.4306E-04   -0.1225E-04
# With parameters(rot.):     0.1654E-04   -0.8579E-04    0.2244E+00
# Minimization at step:   133 with Value:     0.0001Tol(Act/Req):0.8297E-04/0.1000E-04
# With parameters(tra.):     0.3978E-04    0.4053E-04   -0.1248E-04
# With parameters(rot.):     0.1208E-04   -0.8593E-04    0.2245E+00
# Minimization at step:   134 with Value:     0.0001Tol(Act/Req):0.9902E-04/0.1000E-04
# With parameters(tra.):     0.2556E-04    0.4029E-04   -0.1574E-04
# With parameters(rot.):     0.1414E-04   -0.8584E-04    0.2245E+00
# Minimization at step:   135 with Value:     0.0001Tol(Act/Req):0.5443E-04/0.1000E-04
# With parameters(tra.):     0.3418E-04    0.2767E-04   -0.1112E-04
# With parameters(rot.):     0.1584E-04   -0.8717E-04    0.2245E+00
# Minimization at step:   136 with Value:     0.0001Tol(Act/Req):0.4781E-04/0.1000E-04
# With parameters(tra.):     0.4192E-04    0.2502E-04   -0.1254E-04
# With parameters(rot.):     0.2161E-05   -0.7562E-04    0.2244E+00
# Minimization at step:   137 with Value:     0.0001Tol(Act/Req):0.4156E-04/0.1000E-04
# With parameters(tra.):     0.2881E-04    0.2956E-04   -0.1119E-04
# With parameters(rot.):    -0.1467E-04   -0.6975E-04    0.2243E+00
# Minimization at step:   138 with Value:     0.0001Tol(Act/Req):0.6123E-04/0.1000E-04
# With parameters(tra.):     0.2834E-04    0.2086E-04   -0.1123E-04
# With parameters(rot.):    -0.3249E-04   -0.6465E-04    0.2244E+00
# Minimization at step:   139 with Value:     0.0001Tol(Act/Req):0.5827E-04/0.1000E-04
# With parameters(tra.):     0.1608E-04    0.2212E-04   -0.9360E-05
# With parameters(rot.):    -0.3037E-04   -0.7254E-04    0.2246E+00
# Minimization at step:   140 with Value:     0.0001Tol(Act/Req):0.6786E-04/0.1000E-04
# With parameters(tra.):     0.1193E-04    0.2172E-04   -0.9324E-05
# With parameters(rot.):    -0.3079E-04   -0.7702E-04    0.2246E+00
# Minimization at step:   141 with Value:     0.0001Tol(Act/Req):0.6547E-04/0.1000E-04
# With parameters(tra.):     0.8837E-05    0.1888E-04   -0.8400E-05
# With parameters(rot.):    -0.2888E-04   -0.6253E-04    0.2248E+00
# Minimization at step:   142 with Value:     0.0001Tol(Act/Req):0.6676E-04/0.1000E-04
# With parameters(tra.):     0.1869E-04    0.1655E-04   -0.9946E-05
# With parameters(rot.):    -0.3050E-04   -0.5130E-04    0.2246E+00
# Minimization at step:   143 with Value:     0.0001Tol(Act/Req):0.6356E-04/0.1000E-04
# With parameters(tra.):     0.1524E-04    0.1878E-04   -0.1100E-04
# With parameters(rot.):    -0.3479E-04   -0.4798E-04    0.2246E+00
# Minimization at step:   144 with Value:     0.0001Tol(Act/Req):0.5928E-04/0.1000E-04
# With parameters(tra.):     0.1794E-04    0.1705E-04   -0.9794E-05
# With parameters(rot.):    -0.3938E-04   -0.4485E-04    0.2246E+00
# Minimization at step:   145 with Value:     0.0001Tol(Act/Req):0.4226E-04/0.1000E-04
# With parameters(tra.):     0.2140E-04    0.1449E-04   -0.1013E-04
# With parameters(rot.):    -0.3583E-04   -0.4473E-04    0.2247E+00
# Minimization at step:   146 with Value:     0.0001Tol(Act/Req):0.3843E-04/0.1000E-04
# With parameters(tra.):     0.1956E-04    0.2107E-04   -0.9726E-05
# With parameters(rot.):    -0.1911E-04   -0.4319E-04    0.2247E+00
# Minimization at step:   147 with Value:     0.0001Tol(Act/Req):0.3155E-04/0.1000E-04
# With parameters(tra.):     0.2122E-04    0.2196E-04   -0.1007E-04
# With parameters(rot.):    -0.1878E-04   -0.4520E-04    0.2246E+00
# Minimization at step:   148 with Value:     0.0001Tol(Act/Req):0.4578E-04/0.1000E-04
# With parameters(tra.):     0.1344E-04    0.2090E-04   -0.1033E-04
# With parameters(rot.):    -0.1403E-04   -0.4275E-04    0.2245E+00
# Minimization at step:   149 with Value:     0.0001Tol(Act/Req):0.3477E-04/0.1000E-04
# With parameters(tra.):     0.1054E-04    0.2185E-04   -0.9979E-05
# With parameters(rot.):    -0.1225E-04   -0.4484E-04    0.2245E+00
# Minimization at step:   150 with Value:     0.0001Tol(Act/Req):0.3288E-04/0.1000E-04
# With parameters(tra.):     0.8429E-05    0.2322E-04   -0.1042E-04
# With parameters(rot.):    -0.1251E-04   -0.4292E-04    0.2245E+00
# Minimization at step:   151 with Value:     0.0001Tol(Act/Req):0.3256E-04/0.1000E-04
# With parameters(tra.):     0.6563E-05    0.1735E-04   -0.1106E-04
# With parameters(rot.):    -0.2703E-04   -0.4437E-04    0.2245E+00
# Minimization at step:   152 with Value:     0.0001Tol(Act/Req):0.3690E-04/0.1000E-04
# With parameters(tra.):     0.8164E-05    0.1399E-04   -0.9060E-05
# With parameters(rot.):    -0.3209E-04   -0.3795E-04    0.2245E+00
# Minimization at step:   153 with Value:     0.0001Tol(Act/Req):0.3628E-04/0.1000E-04
# With parameters(tra.):     0.1068E-04    0.8706E-05   -0.9376E-05
# With parameters(rot.):    -0.2375E-04   -0.3545E-04    0.2245E+00
# Minimization at step:   154 with Value:     0.0001Tol(Act/Req):0.3099E-04/0.1000E-04
# With parameters(tra.):     0.1392E-04    0.1169E-04   -0.8180E-05
# With parameters(rot.):    -0.8143E-05   -0.3103E-04    0.2245E+00
# Minimization at step:   155 with Value:     0.0001Tol(Act/Req):0.2062E-04/0.1000E-04
# With parameters(tra.):     0.1482E-04    0.1005E-04   -0.8234E-05
# With parameters(rot.):    -0.3927E-05   -0.3032E-04    0.2244E+00
# Minimization at step:   156 with Value:     0.0001Tol(Act/Req):0.2726E-04/0.1000E-04
# With parameters(tra.):     0.1271E-04    0.8404E-05   -0.8392E-05
# With parameters(rot.):    -0.1594E-05   -0.2228E-04    0.2243E+00
# Minimization at step:   157 with Value:     0.0001Tol(Act/Req):0.2574E-04/0.1000E-04
# With parameters(tra.):     0.7640E-05    0.5816E-05   -0.7154E-05
# With parameters(rot.):     0.5516E-05   -0.1895E-04    0.2243E+00
# Minimization at step:   158 with Value:     0.0001Tol(Act/Req):0.2386E-04/0.1000E-04
# With parameters(tra.):     0.6307E-05    0.4579E-05   -0.7368E-05
# With parameters(rot.):     0.2753E-05   -0.1905E-04    0.2243E+00
# Minimization at step:   159 with Value:     0.0001Tol(Act/Req):0.2073E-04/0.1000E-04
# With parameters(tra.):     0.2572E-05    0.4395E-05   -0.7025E-05
# With parameters(rot.):     0.7638E-06   -0.1599E-04    0.2244E+00
# Minimization at step:   160 with Value:     0.0001Tol(Act/Req):0.1256E-04/0.1000E-04
# With parameters(tra.):     0.7635E-05    0.1330E-05   -0.5933E-05
# With parameters(rot.):    -0.2896E-06   -0.1176E-04    0.2244E+00
# Minimization at step:   161 with Value:     0.0001Tol(Act/Req):0.1299E-04/0.1000E-04
# With parameters(tra.):     0.4106E-05    0.4154E-05   -0.4469E-05
# With parameters(rot.):    -0.8149E-06   -0.6359E-05    0.2244E+00
# Minimization at step:   162 with Value:     0.0001Tol(Act/Req):0.8351E-05/0.1000E-04
# With parameters(tra.):     0.3367E-05    0.4175E-05   -0.4586E-05
# With parameters(rot.):     0.3059E-05   -0.5332E-05    0.2244E+00
# CSM Values after x minimization.
# Final Number of optim. Steps:   162
#      Before min is:      0.16992689409
# Final CSM Value is:      0.00013068678
# Coordinates rotated along Y.
[molecule] Nrec=   7 Format=nscxyz
  h                1    1    0.61232340D-16   0.48271527D-32   0.10000000D+01
  h                2    1    0.13392431D-15   0.78183000D+00   0.62349000D+00
  h                3    1    0.10576907D-15   0.97493000D+00  -0.22252000D+00
  h                4    1   -0.20335260D-17   0.43388000D+00  -0.90097000D+00
  h                5    1   -0.10830348D-15  -0.43388000D+00  -0.90097000D+00
  h                6    1   -0.13301991D-15  -0.97493000D+00  -0.22252000D+00
  h                7    1   -0.57568809D-16  -0.78183000D+00   0.62349000D+00
# Minimization at step:     0 with Value:     0.0208Tol(Act/Req):0.1983E+01/0.1000E-04
# With parameters(tra.):     0.1429E-01    0.1429E-01    0.1429E-01
# With parameters(rot.):     0.1429E-01    0.1429E-01    0.1429E-01
# Minimization at step:     1 with Value:     0.0133Tol(Act/Req):0.1956E+01/0.1000E-04
# With parameters(tra.):     0.1548E-01    0.1548E-01    0.7143E-02
# With parameters(rot.):     0.1548E-01    0.1548E-01    0.1548E-01
# Minimization at step:     2 with Value:     0.0105Tol(Act/Req):0.1956E+01/0.1000E-04
# With parameters(tra.):     0.8433E-02    0.1677E-01    0.7738E-02
# With parameters(rot.):     0.1677E-01    0.1677E-01    0.1677E-01
# Minimization at step:     3 with Value:     0.0078Tol(Act/Req):0.1939E+01/0.1000E-04
# With parameters(tra.):     0.9135E-02    0.9830E-02    0.8383E-02
# With parameters(rot.):     0.1816E-01    0.1816E-01    0.1816E-01
# Minimization at step:     4 with Value:     0.0058Tol(Act/Req):0.1862E+01/0.1000E-04
# With parameters(tra.):     0.9336E-02    0.1020E-01   -0.2021E-02
# With parameters(rot.):     0.2062E-01    0.2062E-01    0.2062E-01
# Minimization at step:     5 with Value:     0.0050Tol(Act/Req):0.1862E+01/0.1000E-04
# With parameters(tra.):     0.1011E-01    0.1105E-01   -0.2190E-02
# With parameters(rot.):     0.2234E-01    0.1401E-01    0.2234E-01
# Minimization at step:     6 with Value:     0.0042Tol(Act/Req):0.1856E+01/0.1000E-04
# With parameters(tra.):     0.1096E-01    0.1198E-01   -0.2372E-02
# With parameters(rot.):     0.1587E-01    0.1517E-01    0.2420E-01
# Minimization at step:     7 with Value:     0.0042Tol(Act/Req):0.1855E+01/0.1000E-04
# With parameters(tra.):     0.1297E-01   -0.1182E-02   -0.4668E-02
# With parameters(rot.):     0.1790E-01    0.1697E-01    0.2901E-01
# Minimization at step:     8 with Value:     0.0035Tol(Act/Req):0.1850E+01/0.1000E-04
# With parameters(tra.):     0.9825E-02   -0.2033E-02   -0.5404E-02
# With parameters(rot.):     0.1864E-01    0.1763E-01    0.3067E-01
# Minimization at step:     9 with Value:     0.0027Tol(Act/Req):0.1807E+01/0.1000E-04
# With parameters(tra.):     0.7530E-02    0.7622E-02   -0.3866E-02
# With parameters(rot.):     0.1730E-01    0.1645E-01    0.2748E-01
# Minimization at step:    10 with Value:     0.0021Tol(Act/Req):0.1648E+01/0.1000E-04
# With parameters(tra.):     0.6978E-02    0.6790E-02    0.8745E-03
# With parameters(rot.):     0.1524E-01    0.1418E-01    0.2797E-01
# Minimization at step:    11 with Value:     0.0020Tol(Act/Req):0.1641E+01/0.1000E-04
# With parameters(tra.):     0.7338E-02    0.6904E-02    0.1592E-02
# With parameters(rot.):     0.2086E-02    0.1618E-01    0.3295E-01
# Minimization at step:    12 with Value:     0.0018Tol(Act/Req):0.1640E+01/0.1000E-04
# With parameters(tra.):     0.7968E-02    0.7221E-02    0.2515E-02
# With parameters(rot.):    -0.1228E-02    0.3676E-02    0.3992E-01
# Minimization at step:    13 with Value:     0.0018Tol(Act/Req):0.1611E+01/0.1000E-04
# With parameters(tra.):     0.1062E-02    0.8604E-02    0.3683E-02
# With parameters(rot.):    -0.6372E-02    0.3471E-03    0.4634E-01
# Minimization at step:    14 with Value:     0.0016Tol(Act/Req):0.1606E+01/0.1000E-04
# With parameters(tra.):     0.9054E-03    0.7077E-02    0.4056E-02
# With parameters(rot.):    -0.8121E-02   -0.7976E-03    0.4844E-01
# Minimization at step:    15 with Value:     0.0013Tol(Act/Req):0.1550E+01/0.1000E-04
# With parameters(tra.):     0.2619E-02    0.6604E-02    0.3795E-02
# With parameters(rot.):    -0.6981E-02   -0.6090E-04    0.4701E-01
# Minimization at step:    16 with Value:     0.0011Tol(Act/Req):0.1490E+01/0.1000E-04
# With parameters(tra.):     0.1170E-02    0.6444E-02    0.3808E-02
# With parameters(rot.):     0.6167E-03   -0.5623E-02    0.4679E-01
# Minimization at step:    17 with Value:     0.0010Tol(Act/Req):0.1353E+01/0.1000E-04
# With parameters(tra.):    -0.1003E-02    0.6011E-02    0.3438E-02
# With parameters(rot.):     0.3564E-02    0.1431E-02    0.4328E-01
# Minimization at step:    18 with Value:     0.0009Tol(Act/Req):0.1202E+01/0.1000E-04
# With parameters(tra.):    -0.3296E-02    0.6306E-02    0.1132E-02
# With parameters(rot.):     0.1045E-02   -0.1304E-02    0.4806E-01
# Minimization at step:    19 with Value:     0.0009Tol(Act/Req):0.1189E+01/0.1000E-04
# With parameters(tra.):    -0.5009E-02    0.2995E-02    0.9032E-03
# With parameters(rot.):     0.6010E-03   -0.3762E-02    0.5214E-01
# Minimization at step:    20 with Value:     0.0008Tol(Act/Req):0.1174E+01/0.1000E-04
# With parameters(tra.):    -0.4124E-02    0.8455E-03   -0.5823E-03
# With parameters(rot.):     0.5408E-02   -0.3523E-02    0.5099E-01
# Minimization at step:    21 with Value:     0.0008Tol(Act/Req):0.1106E+01/0.1000E-04
# With parameters(tra.):    -0.3620E-02    0.3166E-03   -0.1487E-03
# With parameters(rot.):     0.6402E-02   -0.3024E-02    0.5004E-01
# Minimization at step:    22 with Value:     0.0007Tol(Act/Req):0.1073E+01/0.1000E-04
# With parameters(tra.):    -0.3778E-02   -0.1672E-03   -0.4805E-03
# With parameters(rot.):     0.5617E-02   -0.1880E-02    0.5034E-01
# Minimization at step:    23 with Value:     0.0006Tol(Act/Req):0.9890E+00/0.1000E-04
# With parameters(tra.):    -0.3970E-02    0.2857E-03   -0.1006E-03
# With parameters(rot.):     0.4433E-02   -0.1803E-02    0.5058E-01
# Minimization at step:    24 with Value:     0.0006Tol(Act/Req):0.9802E+00/0.1000E-04
# With parameters(tra.):    -0.3455E-02    0.8879E-03   -0.1271E-03
# With parameters(rot.):     0.4863E-02   -0.1025E-02    0.4943E-01
# Minimization at step:    25 with Value:     0.0005Tol(Act/Req):0.6979E+00/0.1000E-04
# With parameters(tra.):    -0.3297E-02    0.5330E-03   -0.3626E-03
# With parameters(rot.):     0.4480E-02   -0.2406E-02    0.5053E-01
# Minimization at step:    26 with Value:     0.0005Tol(Act/Req):0.6638E+00/0.1000E-04
# With parameters(tra.):    -0.2182E-02   -0.4526E-03    0.4334E-03
# With parameters(rot.):     0.5827E-02   -0.1202E-02    0.4879E-01
# Minimization at step:    27 with Value:     0.0005Tol(Act/Req):0.6382E+00/0.1000E-04
# With parameters(tra.):    -0.1965E-02   -0.1515E-02    0.7441E-04
# With parameters(rot.):     0.4328E-02    0.1311E-02    0.4888E-01
# Minimization at step:    28 with Value:     0.0005Tol(Act/Req):0.6294E+00/0.1000E-04
# With parameters(tra.):    -0.1681E-02   -0.1210E-02    0.8925E-03
# With parameters(rot.):     0.1924E-02    0.2503E-02    0.4879E-01
# Minimization at step:    29 with Value:     0.0005Tol(Act/Req):0.5865E+00/0.1000E-04
# With parameters(tra.):    -0.2393E-02   -0.6601E-03    0.4102E-03
# With parameters(rot.):    -0.6120E-04    0.2527E-02    0.5009E-01
# Minimization at step:    30 with Value:     0.0005Tol(Act/Req):0.5686E+00/0.1000E-04
# With parameters(tra.):    -0.2047E-02   -0.4880E-03    0.4418E-03
# With parameters(rot.):    -0.2564E-03    0.3212E-02    0.4957E-01
# Minimization at step:    31 with Value:     0.0005Tol(Act/Req):0.5511E+00/0.1000E-04
# With parameters(tra.):    -0.1314E-02   -0.1538E-02    0.2389E-03
# With parameters(rot.):    -0.2601E-02    0.2324E-02    0.5145E-01
# Minimization at step:    32 with Value:     0.0005Tol(Act/Req):0.5477E+00/0.1000E-04
# With parameters(tra.):    -0.1354E-02   -0.1642E-02   -0.2004E-04
# With parameters(rot.):    -0.2377E-02    0.2011E-02    0.5169E-01
# Minimization at step:    33 with Value:     0.0004Tol(Act/Req):0.5321E+00/0.1000E-04
# With parameters(tra.):    -0.1368E-02   -0.6211E-03    0.3075E-03
# With parameters(rot.):    -0.3114E-02   -0.2692E-03    0.5253E-01
# Minimization at step:    34 with Value:     0.0004Tol(Act/Req):0.4604E+00/0.1000E-04
# With parameters(tra.):    -0.1555E-02   -0.2822E-03    0.3639E-03
# With parameters(rot.):    -0.2570E-02   -0.2633E-03    0.5215E-01
# Minimization at step:    35 with Value:     0.0004Tol(Act/Req):0.3917E+00/0.1000E-04
# With parameters(tra.):    -0.1568E-02   -0.5091E-03    0.2867E-03
# With parameters(rot.):    -0.2341E-02    0.3073E-03    0.5191E-01
# Minimization at step:    36 with Value:     0.0004Tol(Act/Req):0.3778E+00/0.1000E-04
# With parameters(tra.):    -0.8184E-03   -0.8254E-03    0.5671E-03
# With parameters(rot.):    -0.1777E-02   -0.4485E-03    0.5165E-01
# Minimization at step:    37 with Value:     0.0004Tol(Act/Req):0.3674E+00/0.1000E-04
# With parameters(tra.):    -0.5430E-03   -0.7674E-03    0.5933E-03
# With parameters(rot.):    -0.2001E-02   -0.4110E-03    0.5156E-01
# Minimization at step:    38 with Value:     0.0004Tol(Act/Req):0.3446E+00/0.1000E-04
# With parameters(tra.):    -0.3534E-03   -0.6834E-03    0.2798E-03
# With parameters(rot.):    -0.1428E-02   -0.1844E-02    0.5201E-01
# Minimization at step:    39 with Value:     0.0004Tol(Act/Req):0.3399E+00/0.1000E-04
# With parameters(tra.):    -0.3470E-03   -0.5474E-03    0.3010E-03
# With parameters(rot.):    -0.1061E-02   -0.1973E-02    0.5181E-01
# Minimization at step:    40 with Value:     0.0004Tol(Act/Req):0.6077E+00/0.1000E-04
# With parameters(tra.):    -0.5205E-03   -0.8210E-03    0.4515E-03
# With parameters(rot.):    -0.1592E-02   -0.2960E-02    0.7772E-01
# Minimization at step:    41 with Value:     0.0004Tol(Act/Req):0.5988E+00/0.1000E-04
# With parameters(tra.):    -0.1171E-02   -0.5033E-03    0.1326E-03
# With parameters(rot.):    -0.2094E-02   -0.3041E-02    0.8667E-01
# Minimization at step:    42 with Value:     0.0003Tol(Act/Req):0.5921E+00/0.1000E-04
# With parameters(tra.):    -0.1633E-02   -0.5274E-03    0.3971E-03
# With parameters(rot.):    -0.2889E-02   -0.2007E-02    0.9777E-01
# Minimization at step:    43 with Value:     0.0003Tol(Act/Req):0.7295E+00/0.1000E-04
# With parameters(tra.):    -0.1702E-02   -0.1217E-02    0.2207E-03
# With parameters(rot.):    -0.2476E-02   -0.1452E-02    0.1200E+00
# Minimization at step:    44 with Value:     0.0003Tol(Act/Req):0.8433E+00/0.1000E-04
# With parameters(tra.):    -0.1538E-02   -0.1251E-02    0.1489E-03
# With parameters(rot.):    -0.3082E-02   -0.1724E-02    0.1426E+00
# Minimization at step:    45 with Value:     0.0002Tol(Act/Req):0.6638E+00/0.1000E-04
# With parameters(tra.):    -0.1922E-02   -0.1214E-02    0.1407E-03
# With parameters(rot.):    -0.3022E-02   -0.1899E-02    0.1725E+00
# Minimization at step:    46 with Value:     0.0002Tol(Act/Req):0.5945E+00/0.1000E-04
# With parameters(tra.):    -0.1522E-02   -0.1769E-02    0.4622E-03
# With parameters(rot.):    -0.2829E-02   -0.1436E-02    0.1921E+00
# Minimization at step:    47 with Value:     0.0002Tol(Act/Req):0.5840E+00/0.1000E-04
# With parameters(tra.):    -0.1649E-02   -0.1916E-02    0.5007E-03
# With parameters(rot.):    -0.3065E-02   -0.1556E-02    0.1998E+00
# Minimization at step:    48 with Value:     0.0002Tol(Act/Req):0.3240E+00/0.1000E-04
# With parameters(tra.):    -0.1306E-02   -0.2245E-02    0.3283E-03
# With parameters(rot.):    -0.2513E-02   -0.2219E-02    0.2170E+00
# Minimization at step:    49 with Value:     0.0002Tol(Act/Req):0.2168E+00/0.1000E-04
# With parameters(tra.):    -0.1337E-02   -0.2355E-02    0.8655E-04
# With parameters(rot.):    -0.2112E-02   -0.6572E-03    0.2289E+00
# Minimization at step:    50 with Value:     0.0002Tol(Act/Req):0.2237E+00/0.1000E-04
# With parameters(tra.):    -0.1374E-02   -0.2465E-02    0.7129E-04
# With parameters(rot.):    -0.2150E-02   -0.6421E-03    0.2351E+00
# Minimization at step:    51 with Value:     0.0002Tol(Act/Req):0.2093E+00/0.1000E-04
# With parameters(tra.):    -0.1370E-02   -0.2447E-02    0.1305E-03
# With parameters(rot.):    -0.2254E-02   -0.1031E-02    0.2327E+00
# Minimization at step:    52 with Value:     0.0002Tol(Act/Req):0.2024E+00/0.1000E-04
# With parameters(tra.):    -0.1719E-02   -0.2118E-02   -0.3017E-03
# With parameters(rot.):    -0.2255E-02   -0.1359E-02    0.2265E+00
# Minimization at step:    53 with Value:     0.0002Tol(Act/Req):0.2021E+00/0.1000E-04
# With parameters(tra.):    -0.1632E-02   -0.1499E-02   -0.2406E-03
# With parameters(rot.):    -0.2733E-02   -0.2067E-02    0.2325E+00
# Minimization at step:    54 with Value:     0.0002Tol(Act/Req):0.1760E+00/0.1000E-04
# With parameters(tra.):    -0.1151E-02   -0.1631E-02   -0.3594E-03
# With parameters(rot.):    -0.2696E-02   -0.1949E-02    0.2226E+00
# Minimization at step:    55 with Value:     0.0002Tol(Act/Req):0.1227E+00/0.1000E-04
# With parameters(tra.):    -0.6131E-03   -0.1797E-02    0.5345E-04
# With parameters(rot.):    -0.2843E-02   -0.1818E-02    0.2274E+00
# Minimization at step:    56 with Value:     0.0002Tol(Act/Req):0.1105E+00/0.1000E-04
# With parameters(tra.):    -0.6104E-03   -0.1429E-02    0.7679E-04
# With parameters(rot.):    -0.3321E-02   -0.1242E-02    0.2194E+00
# Minimization at step:    57 with Value:     0.0002Tol(Act/Req):0.1346E+00/0.1000E-04
# With parameters(tra.):    -0.7447E-03   -0.1356E-02   -0.2448E-04
# With parameters(rot.):    -0.3324E-02   -0.1227E-02    0.2175E+00
# Minimization at step:    58 with Value:     0.0002Tol(Act/Req):0.1068E+00/0.1000E-04
# With parameters(tra.):    -0.6925E-03   -0.1499E-02   -0.2173E-04
# With parameters(rot.):    -0.3254E-02   -0.9797E-03    0.2148E+00
# Minimization at step:    59 with Value:     0.0002Tol(Act/Req):0.9789E-01/0.1000E-04
# With parameters(tra.):    -0.7744E-03   -0.1455E-02    0.3611E-04
# With parameters(rot.):    -0.3310E-02   -0.9285E-03    0.2166E+00
# Minimization at step:    60 with Value:     0.0002Tol(Act/Req):0.1131E+00/0.1000E-04
# With parameters(tra.):    -0.6394E-03   -0.1506E-02    0.8734E-04
# With parameters(rot.):    -0.2513E-02   -0.1226E-03    0.2197E+00
# Minimization at step:    61 with Value:     0.0002Tol(Act/Req):0.9414E-01/0.1000E-04
# With parameters(tra.):    -0.5763E-03   -0.1418E-02    0.1133E-03
# With parameters(rot.):    -0.2587E-02   -0.2415E-03    0.2174E+00
# Minimization at step:    62 with Value:     0.0002Tol(Act/Req):0.6311E-01/0.1000E-04
# With parameters(tra.):    -0.5741E-03   -0.1510E-02    0.1105E-03
# With parameters(rot.):    -0.2406E-02   -0.3021E-03    0.2192E+00
# Minimization at step:    63 with Value:     0.0002Tol(Act/Req):0.3643E-01/0.1000E-04
# With parameters(tra.):    -0.3823E-03   -0.1412E-02    0.9311E-04
# With parameters(rot.):    -0.2568E-02   -0.1587E-03    0.2265E+00
# Minimization at step:    64 with Value:     0.0001Tol(Act/Req):0.5532E-01/0.1000E-04
# With parameters(tra.):    -0.3905E-03   -0.1386E-02    0.1268E-03
# With parameters(rot.):    -0.2534E-02   -0.6894E-04    0.2282E+00
# Minimization at step:    65 with Value:     0.0001Tol(Act/Req):0.6993E-01/0.1000E-04
# With parameters(tra.):    -0.5411E-03   -0.1252E-02   -0.2535E-04
# With parameters(rot.):    -0.2277E-02    0.3478E-03    0.2280E+00
# Minimization at step:    66 with Value:     0.0001Tol(Act/Req):0.6197E-01/0.1000E-04
# With parameters(tra.):    -0.5024E-03   -0.1303E-02   -0.2428E-04
# With parameters(rot.):    -0.2160E-02    0.5819E-03    0.2277E+00
# Minimization at step:    67 with Value:     0.0001Tol(Act/Req):0.5151E-01/0.1000E-04
# With parameters(tra.):    -0.5603E-03   -0.1318E-02   -0.2970E-04
# With parameters(rot.):    -0.2086E-02    0.6078E-03    0.2260E+00
# Minimization at step:    68 with Value:     0.0001Tol(Act/Req):0.5653E-01/0.1000E-04
# With parameters(tra.):    -0.5987E-03   -0.1285E-02   -0.5653E-04
# With parameters(rot.):    -0.2316E-02    0.4000E-03    0.2256E+00
# Minimization at step:    69 with Value:     0.0001Tol(Act/Req):0.5739E-01/0.1000E-04
# With parameters(tra.):    -0.4206E-03   -0.9564E-03   -0.6349E-04
# With parameters(rot.):    -0.2400E-02    0.3641E-03    0.2227E+00
# Minimization at step:    70 with Value:     0.0001Tol(Act/Req):0.3570E-01/0.1000E-04
# With parameters(tra.):    -0.3651E-03   -0.9546E-03   -0.1271E-03
# With parameters(rot.):    -0.2037E-02    0.4649E-03    0.2275E+00
# Minimization at step:    71 with Value:     0.0001Tol(Act/Req):0.2465E-01/0.1000E-04
# With parameters(tra.):    -0.3732E-03   -0.7594E-03   -0.1444E-03
# With parameters(rot.):    -0.1803E-02    0.8223E-03    0.2308E+00
# Minimization at step:    72 with Value:     0.0001Tol(Act/Req):0.2392E-01/0.1000E-04
# With parameters(tra.):    -0.2527E-03   -0.6800E-03   -0.1823E-03
# With parameters(rot.):    -0.1451E-02    0.1371E-02    0.2312E+00
# Minimization at step:    73 with Value:     0.0001Tol(Act/Req):0.2529E-01/0.1000E-04
# With parameters(tra.):    -0.2661E-03   -0.4981E-03   -0.2440E-03
# With parameters(rot.):    -0.1091E-02    0.1677E-02    0.2296E+00
# Minimization at step:    74 with Value:     0.0001Tol(Act/Req):0.3403E-01/0.1000E-04
# With parameters(tra.):    -0.2383E-04   -0.3813E-03   -0.1647E-03
# With parameters(rot.):    -0.9522E-03    0.1703E-02    0.2303E+00
# Minimization at step:    75 with Value:     0.0001Tol(Act/Req):0.3401E-01/0.1000E-04
# With parameters(tra.):     0.4875E-05   -0.2897E-03   -0.1871E-03
# With parameters(rot.):    -0.9535E-03    0.1708E-02    0.2304E+00
# Minimization at step:    76 with Value:     0.0001Tol(Act/Req):0.5038E-01/0.1000E-04
# With parameters(tra.):    -0.2981E-04   -0.2389E-03   -0.1509E-03
# With parameters(rot.):    -0.1140E-02    0.1272E-02    0.2297E+00
# Minimization at step:    77 with Value:     0.0001Tol(Act/Req):0.4884E-01/0.1000E-04
# With parameters(tra.):    -0.5662E-04   -0.2888E-03   -0.1558E-03
# With parameters(rot.):    -0.1006E-02    0.1359E-02    0.2312E+00
# Minimization at step:    78 with Value:     0.0001Tol(Act/Req):0.4440E-01/0.1000E-04
# With parameters(tra.):    -0.9306E-05   -0.6874E-04   -0.1018E-03
# With parameters(rot.):    -0.1026E-02    0.1557E-02    0.2276E+00
# Minimization at step:    79 with Value:     0.0001Tol(Act/Req):0.3453E-01/0.1000E-04
# With parameters(tra.):     0.1201E-03   -0.3372E-04   -0.7033E-04
# With parameters(rot.):    -0.1001E-02    0.1444E-02    0.2233E+00
# Minimization at step:    80 with Value:     0.0001Tol(Act/Req):0.3060E-01/0.1000E-04
# With parameters(tra.):     0.1556E-03   -0.4051E-04   -0.4044E-04
# With parameters(rot.):    -0.1084E-02    0.1348E-02    0.2232E+00
# Minimization at step:    81 with Value:     0.0001Tol(Act/Req):0.2218E-01/0.1000E-04
# With parameters(tra.):     0.1633E-03   -0.2512E-03   -0.7400E-04
# With parameters(rot.):    -0.1083E-02    0.1081E-02    0.2253E+00
# Minimization at step:    82 with Value:     0.0001Tol(Act/Req):0.2047E-01/0.1000E-04
# With parameters(tra.):     0.2735E-03   -0.5508E-04   -0.8115E-04
# With parameters(rot.):    -0.1129E-02    0.8821E-03    0.2239E+00
# Minimization at step:    83 with Value:     0.0001Tol(Act/Req):0.1988E-01/0.1000E-04
# With parameters(tra.):     0.2539E-03   -0.6561E-04   -0.8992E-04
# With parameters(rot.):    -0.1146E-02    0.8634E-03    0.2251E+00
# Minimization at step:    84 with Value:     0.0001Tol(Act/Req):0.1331E-01/0.1000E-04
# With parameters(tra.):     0.2165E-03   -0.6849E-04   -0.1035E-03
# With parameters(rot.):    -0.1196E-02    0.7868E-03    0.2245E+00
# Minimization at step:    85 with Value:     0.0001Tol(Act/Req):0.1129E-01/0.1000E-04
# With parameters(tra.):     0.2190E-03   -0.5907E-06   -0.9757E-04
# With parameters(rot.):    -0.1206E-02    0.8289E-03    0.2239E+00
# Minimization at step:    86 with Value:     0.0001Tol(Act/Req):0.1062E-01/0.1000E-04
# With parameters(tra.):     0.2421E-03   -0.6581E-06   -0.8739E-04
# With parameters(rot.):    -0.1257E-02    0.7377E-03    0.2239E+00
# Minimization at step:    87 with Value:     0.0001Tol(Act/Req):0.9629E-02/0.1000E-04
# With parameters(tra.):     0.2119E-03   -0.4515E-04   -0.8612E-04
# With parameters(rot.):    -0.1257E-02    0.7755E-03    0.2242E+00
# Minimization at step:    88 with Value:     0.0001Tol(Act/Req):0.9231E-02/0.1000E-04
# With parameters(tra.):     0.2657E-03   -0.7303E-04   -0.6615E-04
# With parameters(rot.):    -0.9822E-03    0.7465E-03    0.2253E+00
# Minimization at step:    89 with Value:     0.0001Tol(Act/Req):0.1025E-01/0.1000E-04
# With parameters(tra.):     0.2073E-03   -0.8030E-04   -0.8087E-04
# With parameters(rot.):    -0.1012E-02    0.5799E-03    0.2243E+00
# Minimization at step:    90 with Value:     0.0001Tol(Act/Req):0.1003E-01/0.1000E-04
# With parameters(tra.):     0.1526E-03   -0.1063E-03   -0.9538E-04
# With parameters(rot.):    -0.1002E-02    0.4480E-03    0.2263E+00
# Minimization at step:    91 with Value:     0.0001Tol(Act/Req):0.7801E-02/0.1000E-04
# With parameters(tra.):     0.2481E-03   -0.1128E-03   -0.1132E-03
# With parameters(rot.):    -0.7695E-03    0.6095E-03    0.2260E+00
# Minimization at step:    92 with Value:     0.0001Tol(Act/Req):0.7591E-02/0.1000E-04
# With parameters(tra.):     0.2962E-03   -0.1503E-03   -0.1014E-03
# With parameters(rot.):    -0.7099E-03    0.3843E-03    0.2267E+00
# Minimization at step:    93 with Value:     0.0001Tol(Act/Req):0.7194E-02/0.1000E-04
# With parameters(tra.):     0.2881E-03   -0.1813E-03   -0.1020E-03
# With parameters(rot.):    -0.6640E-03    0.3706E-03    0.2271E+00
# Minimization at step:    94 with Value:     0.0001Tol(Act/Req):0.1126E-01/0.1000E-04
# With parameters(tra.):     0.3162E-03   -0.1058E-03   -0.9162E-04
# With parameters(rot.):    -0.5026E-03    0.3021E-03    0.2269E+00
# Minimization at step:    95 with Value:     0.0001Tol(Act/Req):0.1038E-01/0.1000E-04
# With parameters(tra.):     0.2435E-03   -0.9690E-04   -0.6668E-04
# With parameters(rot.):    -0.6459E-03    0.3809E-04    0.2276E+00
# Minimization at step:    96 with Value:     0.0001Tol(Act/Req):0.9538E-02/0.1000E-04
# With parameters(tra.):     0.3284E-03   -0.6782E-04   -0.4259E-04
# With parameters(rot.):    -0.5378E-03    0.3335E-04    0.2260E+00
# Minimization at step:    97 with Value:     0.0001Tol(Act/Req):0.6886E-02/0.1000E-04
# With parameters(tra.):     0.3537E-03   -0.6762E-04   -0.4682E-04
# With parameters(rot.):    -0.4930E-03    0.9895E-04    0.2257E+00
# Minimization at step:    98 with Value:     0.0001Tol(Act/Req):0.5933E-02/0.1000E-04
# With parameters(tra.):     0.3431E-03   -0.5787E-04   -0.5186E-04
# With parameters(rot.):    -0.5437E-03    0.5468E-04    0.2254E+00
# Minimization at step:    99 with Value:     0.0001Tol(Act/Req):0.5366E-02/0.1000E-04
# With parameters(tra.):     0.3106E-03    0.1046E-04   -0.4714E-04
# With parameters(rot.):    -0.5479E-03    0.1700E-03    0.2242E+00
# Minimization at step:   100 with Value:     0.0001Tol(Act/Req):0.7823E-02/0.1000E-04
# With parameters(tra.):     0.3020E-03    0.1237E-04   -0.3013E-04
# With parameters(rot.):    -0.4174E-03    0.7580E-04    0.2240E+00
# Minimization at step:   101 with Value:     0.0001Tol(Act/Req):0.6839E-02/0.1000E-04
# With parameters(tra.):     0.3245E-03    0.2191E-04   -0.2222E-04
# With parameters(rot.):    -0.3603E-03    0.7544E-04    0.2243E+00
# Minimization at step:   102 with Value:     0.0001Tol(Act/Req):0.5158E-02/0.1000E-04
# With parameters(tra.):     0.2382E-03    0.2273E-04   -0.3952E-04
# With parameters(rot.):    -0.4092E-03    0.9421E-04    0.2253E+00
# Minimization at step:   103 with Value:     0.0001Tol(Act/Req):0.4294E-02/0.1000E-04
# With parameters(tra.):     0.2403E-03    0.6672E-05   -0.4006E-04
# With parameters(rot.):    -0.3966E-03    0.5905E-04    0.2256E+00
# Minimization at step:   104 with Value:     0.0001Tol(Act/Req):0.3863E-02/0.1000E-04
# With parameters(tra.):     0.2530E-03    0.3184E-04   -0.4627E-04
# With parameters(rot.):    -0.2749E-03    0.1769E-03    0.2250E+00
# Minimization at step:   105 with Value:     0.0001Tol(Act/Req):0.2526E-02/0.1000E-04
# With parameters(tra.):     0.2018E-03    0.8123E-04   -0.5450E-04
# With parameters(rot.):    -0.2868E-03    0.1292E-03    0.2242E+00
# Minimization at step:   106 with Value:     0.0001Tol(Act/Req):0.2440E-02/0.1000E-04
# With parameters(tra.):     0.1355E-03    0.6802E-04   -0.5251E-04
# With parameters(rot.):    -0.3763E-03    0.1400E-03    0.2235E+00
# Minimization at step:   107 with Value:     0.0001Tol(Act/Req):0.2966E-02/0.1000E-04
# With parameters(tra.):     0.1176E-03    0.1025E-03   -0.4679E-04
# With parameters(rot.):    -0.2674E-03    0.1609E-03    0.2237E+00
# Minimization at step:   108 with Value:     0.0001Tol(Act/Req):0.2928E-02/0.1000E-04
# With parameters(tra.):     0.1031E-03    0.1021E-03   -0.4529E-04
# With parameters(rot.):    -0.2972E-03    0.1300E-03    0.2237E+00
# Minimization at step:   109 with Value:     0.0001Tol(Act/Req):0.2766E-02/0.1000E-04
# With parameters(tra.):     0.1134E-03    0.1085E-03   -0.4144E-04
# With parameters(rot.):    -0.2756E-03    0.1283E-03    0.2233E+00
# Minimization at step:   110 with Value:     0.0001Tol(Act/Req):0.2032E-02/0.1000E-04
# With parameters(tra.):     0.1281E-03    0.1151E-03   -0.4102E-04
# With parameters(rot.):    -0.2449E-03    0.1246E-03    0.2235E+00
# Minimization at step:   111 with Value:     0.0001Tol(Act/Req):0.2308E-02/0.1000E-04
# With parameters(tra.):     0.9491E-04    0.1192E-03   -0.4242E-04
# With parameters(rot.):    -0.1691E-03    0.7620E-04    0.2236E+00
# Minimization at step:   112 with Value:     0.0001Tol(Act/Req):0.1452E-02/0.1000E-04
# With parameters(tra.):     0.1105E-03    0.8244E-04   -0.3017E-04
# With parameters(rot.):    -0.1179E-03    0.1063E-03    0.2241E+00
# Minimization at step:   113 with Value:     0.0001Tol(Act/Req):0.1405E-02/0.1000E-04
# With parameters(tra.):     0.9673E-04    0.8780E-04   -0.3443E-04
# With parameters(rot.):    -0.1256E-03    0.1324E-03    0.2241E+00
# Minimization at step:   114 with Value:     0.0001Tol(Act/Req):0.1645E-02/0.1000E-04
# With parameters(tra.):     0.6566E-04    0.8223E-04   -0.2779E-04
# With parameters(rot.):    -0.1280E-03    0.7160E-04    0.2244E+00
# Minimization at step:   115 with Value:     0.0001Tol(Act/Req):0.1393E-02/0.1000E-04
# With parameters(tra.):     0.7426E-04    0.8461E-04   -0.2253E-04
# With parameters(rot.):    -0.2760E-04    0.4653E-04    0.2250E+00
# Minimization at step:   116 with Value:     0.0001Tol(Act/Req):0.1232E-02/0.1000E-04
# With parameters(tra.):     0.7615E-04    0.8582E-04   -0.1903E-04
# With parameters(rot.):     0.3858E-05    0.3886E-04    0.2249E+00
# Minimization at step:   117 with Value:     0.0001Tol(Act/Req):0.1057E-02/0.1000E-04
# With parameters(tra.):     0.7416E-04    0.8533E-04   -0.2006E-04
# With parameters(rot.):    -0.1863E-04    0.4449E-04    0.2248E+00
# Minimization at step:   118 with Value:     0.0001Tol(Act/Req):0.6543E-03/0.1000E-04
# With parameters(tra.):     0.7767E-04    0.4516E-04   -0.1686E-04
# With parameters(rot.):    -0.4456E-04   -0.1512E-04    0.2250E+00
# Minimization at step:   119 with Value:     0.0001Tol(Act/Req):0.5012E-03/0.1000E-04
# With parameters(tra.):     0.7103E-04    0.5124E-04   -0.1882E-04
# With parameters(rot.):    -0.5124E-04   -0.3278E-04    0.2249E+00
# Minimization at step:   120 with Value:     0.0001Tol(Act/Req):0.4264E-03/0.1000E-04
# With parameters(tra.):     0.3487E-04    0.4978E-04   -0.2213E-04
# With parameters(rot.):    -0.4181E-04   -0.3564E-04    0.2253E+00
# Minimization at step:   121 with Value:     0.0001Tol(Act/Req):0.3703E-03/0.1000E-04
# With parameters(tra.):     0.3043E-04    0.6021E-04   -0.2336E-04
# With parameters(rot.):    -0.3510E-04   -0.2245E-04    0.2252E+00
# Minimization at step:   122 with Value:     0.0001Tol(Act/Req):0.3659E-03/0.1000E-04
# With parameters(tra.):     0.1898E-04    0.5410E-04   -0.1781E-04
# With parameters(rot.):     0.1483E-04   -0.5822E-04    0.2252E+00
# Minimization at step:   123 with Value:     0.0001Tol(Act/Req):0.3404E-03/0.1000E-04
# With parameters(tra.):     0.4983E-04    0.5700E-04   -0.1306E-04
# With parameters(rot.):     0.2428E-04   -0.6289E-04    0.2249E+00
# Minimization at step:   124 with Value:     0.0001Tol(Act/Req):0.3435E-03/0.1000E-04
# With parameters(tra.):     0.3773E-04    0.4657E-04   -0.1278E-04
# With parameters(rot.):    -0.6398E-05   -0.8742E-04    0.2246E+00
# Minimization at step:   125 with Value:     0.0001Tol(Act/Req):0.3265E-03/0.1000E-04
# With parameters(tra.):     0.2846E-05    0.4019E-04   -0.1743E-04
# With parameters(rot.):    -0.2607E-04   -0.9094E-04    0.2248E+00
# Minimization at step:   126 with Value:     0.0001Tol(Act/Req):0.3576E-03/0.1000E-04
# With parameters(tra.):     0.3476E-05    0.3260E-04   -0.1500E-04
# With parameters(rot.):    -0.3310E-04   -0.9275E-04    0.2249E+00
# Minimization at step:   127 with Value:     0.0001Tol(Act/Req):0.2300E-03/0.1000E-04
# With parameters(tra.):     0.2980E-04    0.3549E-04   -0.1090E-04
# With parameters(rot.):    -0.2010E-04   -0.9057E-04    0.2248E+00
# Minimization at step:   128 with Value:     0.0001Tol(Act/Req):0.2155E-03/0.1000E-04
# With parameters(tra.):     0.3357E-04    0.3546E-04   -0.1171E-04
# With parameters(rot.):    -0.3549E-04   -0.8432E-04    0.2247E+00
# Minimization at step:   129 with Value:     0.0001Tol(Act/Req):0.1989E-03/0.1000E-04
# With parameters(tra.):     0.2712E-04    0.3719E-04   -0.1210E-04
# With parameters(rot.):    -0.3752E-04   -0.9745E-04    0.2247E+00
# Minimization at step:   130 with Value:     0.0001Tol(Act/Req):0.1404E-03/0.1000E-04
# With parameters(tra.):     0.4079E-04    0.3010E-04   -0.1315E-04
# With parameters(rot.):    -0.1307E-04   -0.9408E-04    0.2246E+00
# Minimization at step:   131 with Value:     0.0001Tol(Act/Req):0.1368E-03/0.1000E-04
# With parameters(tra.):     0.3536E-04    0.4092E-04   -0.1222E-04
# With parameters(rot.):     0.7693E-05   -0.9157E-04    0.2243E+00
# Minimization at step:   132 with Value:     0.0001Tol(Act/Req):0.1365E-03/0.1000E-04
# With parameters(tra.):     0.3819E-04    0.4306E-04   -0.1225E-04
# With parameters(rot.):     0.1654E-04   -0.8579E-04    0.2244E+00
# Minimization at step:   133 with Value:     0.0001Tol(Act/Req):0.8297E-04/0.1000E-04
# With parameters(tra.):     0.3978E-04    0.4053E-04   -0.1248E-04
# With parameters(rot.):     0.1208E-04   -0.8593E-04    0.2245E+00
# Minimization at step:   134 with Value:     0.0001Tol(Act/Req):0.9902E-04/0.1000E-04
# With parameters(tra.):     0.2556E-04    0.4029E-04   -0.1574E-04
# With parameters(rot.):     0.1414E-04   -0.8584E-04    0.2245E+00
# Minimization at step:   135 with Value:     0.0001Tol(Act/Req):0.5443E-04/0.1000E-04
# With parameters(tra.):     0.3418E-04    0.2767E-04   -0.1112E-04
# With parameters(rot.):     0.1584E-04   -0.8717E-04    0.2245E+00
# Minimization at step:   136 with Value:     0.0001Tol(Act/Req):0.4781E-04/0.1000E-04
# With parameters(tra.):     0.4192E-04    0.2502E-04   -0.1254E-04
# With parameters(rot.):     0.2161E-05   -0.7562E-04    0.2244E+00
# Minimization at step:   137 with Value:     0.0001Tol(Act/Req):0.4156E-04/0.1000E-04
# With parameters(tra.):     0.2881E-04    0.2956E-04   -0.1119E-04
# With parameters(rot.):    -0.1467E-04   -0.6975E-04    0.2243E+00
# Minimization at step:   138 with Value:     0.0001Tol(Act/Req):0.6123E-04/0.1000E-04
# With parameters(tra.):     0.2834E-04    0.2086E-04   -0.1123E-04
# With parameters(rot.):    -0.3249E-04   -0.6465E-04    0.2244E+00
# Minimization at step:   139 with Value:     0.0001Tol(Act/Req):0.5827E-04/0.1000E-04
# With parameters(tra.):     0.1608E-04    0.2212E-04   -0.9360E-05
# With parameters(rot.):    -0.3037E-04   -0.7254E-04    0.2246E+00
# Minimization at step:   140 with Value:     0.0001Tol(Act/Req):0.6786E-04/0.1000E-04
# With parameters(tra.):     0.1193E-04    0.2172E-04   -0.9324E-05
# With parameters(rot.):    -0.3079E-04   -0.7702E-04    0.2246E+00
# Minimization at step:   141 with Value:     0.0001Tol(Act/Req):0.6547E-04/0.1000E-04
# With parameters(tra.):     0.8837E-05    0.1888E-04   -0.8400E-05
# With parameters(rot.):    -0.2888E-04   -0.6253E-04    0.2248E+00
# Minimization at step:   142 with Value:     0.0001Tol(Act/Req):0.6676E-04/0.1000E-04
# With parameters(tra.):     0.1869E-04    0.1655E-04   -0.9946E-05
# With parameters(rot.):    -0.3050E-04   -0.5130E-04    0.2246E+00
# Minimization at step:   143 with Value:     0.0001Tol(Act/Req):0.6356E-04/0.1000E-04
# With parameters(tra.):     0.1524E-04    0.1878E-04   -0.1100E-04
# With parameters(rot.):    -0.3479E-04   -0.4798E-04    0.2246E+00
# Minimization at step:   144 with Value:     0.0001Tol(Act/Req):0.5928E-04/0.1000E-04
# With parameters(tra.):     0.1794E-04    0.1705E-04   -0.9794E-05
# With parameters(rot.):    -0.3938E-04   -0.4485E-04    0.2246E+00
# Minimization at step:   145 with Value:     0.0001Tol(Act/Req):0.4226E-04/0.1000E-04
# With parameters(tra.):     0.2140E-04    0.1449E-04   -0.1013E-04
# With parameters(rot.):    -0.3583E-04   -0.4473E-04    0.2247E+00
# Minimization at step:   146 with Value:     0.0001Tol(Act/Req):0.3843E-04/0.1000E-04
# With parameters(tra.):     0.1956E-04    0.2107E-04   -0.9726E-05
# With parameters(rot.):    -0.1911E-04   -0.4319E-04    0.2247E+00
# Minimization at step:   147 with Value:     0.0001Tol(Act/Req):0.3155E-04/0.1000E-04
# With parameters(tra.):     0.2122E-04    0.2196E-04   -0.1007E-04
# With parameters(rot.):    -0.1878E-04   -0.4520E-04    0.2246E+00
# Minimization at step:   148 with Value:     0.0001Tol(Act/Req):0.4578E-04/0.1000E-04
# With parameters(tra.):     0.1344E-04    0.2090E-04   -0.1033E-04
# With parameters(rot.):    -0.1403E-04   -0.4275E-04    0.2245E+00
# Minimization at step:   149 with Value:     0.0001Tol(Act/Req):0.3477E-04/0.1000E-04
# With parameters(tra.):     0.1054E-04    0.2185E-04   -0.9979E-05
# With parameters(rot.):    -0.1225E-04   -0.4484E-04    0.2245E+00
# Minimization at step:   150 with Value:     0.0001Tol(Act/Req):0.3288E-04/0.1000E-04
# With parameters(tra.):     0.8429E-05    0.2322E-04   -0.1042E-04
# With parameters(rot.):    -0.1251E-04   -0.4292E-04    0.2245E+00
# Minimization at step:   151 with Value:     0.0001Tol(Act/Req):0.3256E-04/0.1000E-04
# With parameters(tra.):     0.6563E-05    0.1735E-04   -0.1106E-04
# With parameters(rot.):    -0.2703E-04   -0.4437E-04    0.2245E+00
# Minimization at step:   152 with Value:     0.0001Tol(Act/Req):0.3690E-04/0.1000E-04
# With parameters(tra.):     0.8164E-05    0.1399E-04   -0.9060E-05
# With parameters(rot.):    -0.3209E-04   -0.3795E-04    0.2245E+00
# Minimization at step:   153 with Value:     0.0001Tol(Act/Req):0.3628E-04/0.1000E-04
# With parameters(tra.):     0.1068E-04    0.8706E-05   -0.9376E-05
# With parameters(rot.):    -0.2375E-04   -0.3545E-04    0.2245E+00
# Minimization at step:   154 with Value:     0.0001Tol(Act/Req):0.3099E-04/0.1000E-04
# With parameters(tra.):     0.1392E-04    0.1169E-04   -0.8180E-05
# With parameters(rot.):    -0.8143E-05   -0.3103E-04    0.2245E+00
# Minimization at step:   155 with Value:     0.0001Tol(Act/Req):0.2062E-04/0.1000E-04
# With parameters(tra.):     0.1482E-04    0.1005E-04   -0.8234E-05
# With parameters(rot.):    -0.3927E-05   -0.3032E-04    0.2244E+00
# Minimization at step:   156 with Value:     0.0001Tol(Act/Req):0.2726E-04/0.1000E-04
# With parameters(tra.):     0.1271E-04    0.8404E-05   -0.8392E-05
# With parameters(rot.):    -0.1594E-05   -0.2228E-04    0.2243E+00
# Minimization at step:   157 with Value:     0.0001Tol(Act/Req):0.2574E-04/0.1000E-04
# With parameters(tra.):     0.7640E-05    0.5816E-05   -0.7154E-05
# With parameters(rot.):     0.5516E-05   -0.1895E-04    0.2243E+00
# Minimization at step:   158 with Value:     0.0001Tol(Act/Req):0.2386E-04/0.1000E-04
# With parameters(tra.):     0.6307E-05    0.4579E-05   -0.7368E-05
# With parameters(rot.):     0.2753E-05   -0.1905E-04    0.2243E+00
# Minimization at step:   159 with Value:     0.0001Tol(Act/Req):0.2073E-04/0.1000E-04
# With parameters(tra.):     0.2572E-05    0.4395E-05   -0.7025E-05
# With parameters(rot.):     0.7638E-06   -0.1599E-04    0.2244E+00
# Minimization at step:   160 with Value:     0.0001Tol(Act/Req):0.1256E-04/0.1000E-04
# With parameters(tra.):     0.7635E-05    0.1330E-05   -0.5933E-05
# With parameters(rot.):    -0.2896E-06   -0.1176E-04    0.2244E+00
# Minimization at step:   161 with Value:     0.0001Tol(Act/Req):0.1299E-04/0.1000E-04
# With parameters(tra.):     0.4106E-05    0.4154E-05   -0.4469E-05
# With parameters(rot.):    -0.8149E-06   -0.6359E-05    0.2244E+00
# Minimization at step:   162 with Value:     0.0001Tol(Act/Req):0.8351E-05/0.1000E-04
# With parameters(tra.):     0.3367E-05    0.4175E-05   -0.4586E-05
# With parameters(rot.):     0.3059E-05   -0.5332E-05    0.2244E+00
# CSM Values after y minimization.
# Final Number of optim. Steps:   162
#      Before min is:      0.16994736957
# Final CSM Value is:      0.00013068678
# Coordinates rotated along Z.
[molecule] Nrec=   7 Format=nscxyz
  h                1    1    0.61232340D-16  -0.10000000D+01   0.00000000D+00
  h                2    1    0.78183000D+00  -0.62349000D+00   0.00000000D+00
  h                3    1    0.97493000D+00   0.22252000D+00   0.00000000D+00
  h                4    1    0.43388000D+00   0.90097000D+00   0.00000000D+00
  h                5    1   -0.43388000D+00   0.90097000D+00   0.00000000D+00
  h                6    1   -0.97493000D+00   0.22252000D+00   0.00000000D+00
  h                7    1   -0.78183000D+00  -0.62349000D+00   0.00000000D+00
# Minimization at step:     0 with Value:     0.0208Tol(Act/Req):0.1983E+01/0.1000E-04
# With parameters(tra.):     0.1429E-01    0.1429E-01    0.1429E-01
# With parameters(rot.):     0.1429E-01    0.1429E-01    0.1429E-01
# Minimization at step:     1 with Value:     0.0133Tol(Act/Req):0.1956E+01/0.1000E-04
# With parameters(tra.):     0.1548E-01    0.1548E-01    0.7143E-02
# With parameters(rot.):     0.1548E-01    0.1548E-01    0.1548E-01
# Minimization at step:     2 with Value:     0.0105Tol(Act/Req):0.1956E+01/0.1000E-04
# With parameters(tra.):     0.8433E-02    0.1677E-01    0.7738E-02
# With parameters(rot.):     0.1677E-01    0.1677E-01    0.1677E-01
# Minimization at step:     3 with Value:     0.0078Tol(Act/Req):0.1939E+01/0.1000E-04
# With parameters(tra.):     0.9135E-02    0.9830E-02    0.8383E-02
# With parameters(rot.):     0.1816E-01    0.1816E-01    0.1816E-01
# Minimization at step:     4 with Value:     0.0058Tol(Act/Req):0.1862E+01/0.1000E-04
# With parameters(tra.):     0.9336E-02    0.1020E-01   -0.2021E-02
# With parameters(rot.):     0.2062E-01    0.2062E-01    0.2062E-01
# Minimization at step:     5 with Value:     0.0050Tol(Act/Req):0.1862E+01/0.1000E-04
# With parameters(tra.):     0.1011E-01    0.1105E-01   -0.2190E-02
# With parameters(rot.):     0.2234E-01    0.1401E-01    0.2234E-01
# Minimization at step:     6 with Value:     0.0042Tol(Act/Req):0.1856E+01/0.1000E-04
# With parameters(tra.):     0.1096E-01    0.1198E-01   -0.2372E-02
# With parameters(rot.):     0.1587E-01    0.1517E-01    0.2420E-01
# Minimization at step:     7 with Value:     0.0042Tol(Act/Req):0.1855E+01/0.1000E-04
# With parameters(tra.):     0.1297E-01   -0.1182E-02   -0.4668E-02
# With parameters(rot.):     0.1790E-01    0.1697E-01    0.2901E-01
# Minimization at step:     8 with Value:     0.0035Tol(Act/Req):0.1850E+01/0.1000E-04
# With parameters(tra.):     0.9825E-02   -0.2033E-02   -0.5404E-02
# With parameters(rot.):     0.1864E-01    0.1763E-01    0.3067E-01
# Minimization at step:     9 with Value:     0.0027Tol(Act/Req):0.1807E+01/0.1000E-04
# With parameters(tra.):     0.7530E-02    0.7622E-02   -0.3866E-02
# With parameters(rot.):     0.1730E-01    0.1645E-01    0.2748E-01
# Minimization at step:    10 with Value:     0.0021Tol(Act/Req):0.1648E+01/0.1000E-04
# With parameters(tra.):     0.6978E-02    0.6790E-02    0.8745E-03
# With parameters(rot.):     0.1524E-01    0.1418E-01    0.2797E-01
# Minimization at step:    11 with Value:     0.0020Tol(Act/Req):0.1641E+01/0.1000E-04
# With parameters(tra.):     0.7338E-02    0.6904E-02    0.1592E-02
# With parameters(rot.):     0.2086E-02    0.1618E-01    0.3295E-01
# Minimization at step:    12 with Value:     0.0018Tol(Act/Req):0.1640E+01/0.1000E-04
# With parameters(tra.):     0.7968E-02    0.7221E-02    0.2515E-02
# With parameters(rot.):    -0.1228E-02    0.3676E-02    0.3992E-01
# Minimization at step:    13 with Value:     0.0018Tol(Act/Req):0.1611E+01/0.1000E-04
# With parameters(tra.):     0.1062E-02    0.8604E-02    0.3683E-02
# With parameters(rot.):    -0.6372E-02    0.3471E-03    0.4634E-01
# Minimization at step:    14 with Value:     0.0016Tol(Act/Req):0.1606E+01/0.1000E-04
# With parameters(tra.):     0.9054E-03    0.7077E-02    0.4056E-02
# With parameters(rot.):    -0.8121E-02   -0.7976E-03    0.4844E-01
# Minimization at step:    15 with Value:     0.0013Tol(Act/Req):0.1550E+01/0.1000E-04
# With parameters(tra.):     0.2619E-02    0.6604E-02    0.3795E-02
# With parameters(rot.):    -0.6981E-02   -0.6090E-04    0.4701E-01
# Minimization at step:    16 with Value:     0.0011Tol(Act/Req):0.1490E+01/0.1000E-04
# With parameters(tra.):     0.1170E-02    0.6444E-02    0.3808E-02
# With parameters(rot.):     0.6167E-03   -0.5623E-02    0.4679E-01
# Minimization at step:    17 with Value:     0.0010Tol(Act/Req):0.1353E+01/0.1000E-04
# With parameters(tra.):    -0.1003E-02    0.6011E-02    0.3438E-02
# With parameters(rot.):     0.3564E-02    0.1431E-02    0.4328E-01
# Minimization at step:    18 with Value:     0.0009Tol(Act/Req):0.1202E+01/0.1000E-04
# With parameters(tra.):    -0.3296E-02    0.6306E-02    0.1132E-02
# With parameters(rot.):     0.1045E-02   -0.1304E-02    0.4806E-01
# Minimization at step:    19 with Value:     0.0009Tol(Act/Req):0.1189E+01/0.1000E-04
# With parameters(tra.):    -0.5009E-02    0.2995E-02    0.9032E-03
# With parameters(rot.):     0.6010E-03   -0.3762E-02    0.5214E-01
# Minimization at step:    20 with Value:     0.0008Tol(Act/Req):0.1174E+01/0.1000E-04
# With parameters(tra.):    -0.4124E-02    0.8455E-03   -0.5823E-03
# With parameters(rot.):     0.5408E-02   -0.3523E-02    0.5099E-01
# Minimization at step:    21 with Value:     0.0008Tol(Act/Req):0.1106E+01/0.1000E-04
# With parameters(tra.):    -0.3620E-02    0.3166E-03   -0.1487E-03
# With parameters(rot.):     0.6402E-02   -0.3024E-02    0.5004E-01
# Minimization at step:    22 with Value:     0.0007Tol(Act/Req):0.1073E+01/0.1000E-04
# With parameters(tra.):    -0.3778E-02   -0.1672E-03   -0.4805E-03
# With parameters(rot.):     0.5617E-02   -0.1880E-02    0.5034E-01
# Minimization at step:    23 with Value:     0.0006Tol(Act/Req):0.9890E+00/0.1000E-04
# With parameters(tra.):    -0.3970E-02    0.2857E-03   -0.1006E-03
# With parameters(rot.):     0.4433E-02   -0.1803E-02    0.5058E-01
# Minimization at step:    24 with Value:     0.0006Tol(Act/Req):0.9802E+00/0.1000E-04
# With parameters(tra.):    -0.3455E-02    0.8879E-03   -0.1271E-03
# With parameters(rot.):     0.4863E-02   -0.1025E-02    0.4943E-01
# Minimization at step:    25 with Value:     0.0005Tol(Act/Req):0.6979E+00/0.1000E-04
# With parameters(tra.):    -0.3297E-02    0.5330E-03   -0.3626E-03
# With parameters(rot.):     0.4480E-02   -0.2406E-02    0.5053E-01
# Minimization at step:    26 with Value:     0.0005Tol(Act/Req):0.6638E+00/0.1000E-04
# With parameters(tra.):    -0.2182E-02   -0.4526E-03    0.4334E-03
# With parameters(rot.):     0.5827E-02   -0.1202E-02    0.4879E-01
# Minimization at step:    27 with Value:     0.0005Tol(Act/Req):0.6382E+00/0.1000E-04
# With parameters(tra.):    -0.1965E-02   -0.1515E-02    0.7441E-04
# With parameters(rot.):     0.4328E-02    0.1311E-02    0.4888E-01
# Minimization at step:    28 with Value:     0.0005Tol(Act/Req):0.6294E+00/0.1000E-04
# With parameters(tra.):    -0.1681E-02   -0.1210E-02    0.8925E-03
# With parameters(rot.):     0.1924E-02    0.2503E-02    0.4879E-01
# Minimization at step:    29 with Value:     0.0005Tol(Act/Req):0.5865E+00/0.1000E-04
# With parameters(tra.):    -0.2393E-02   -0.6601E-03    0.4102E-03
# With parameters(rot.):    -0.6120E-04    0.2527E-02    0.5009E-01
# Minimization at step:    30 with Value:     0.0005Tol(Act/Req):0.5686E+00/0.1000E-04
# With parameters(tra.):    -0.2047E-02   -0.4880E-03    0.4418E-03
# With parameters(rot.):    -0.2564E-03    0.3212E-02    0.4957E-01
# Minimization at step:    31 with Value:     0.0005Tol(Act/Req):0.5511E+00/0.1000E-04
# With parameters(tra.):    -0.1314E-02   -0.1538E-02    0.2389E-03
# With parameters(rot.):    -0.2601E-02    0.2324E-02    0.5145E-01
# Minimization at step:    32 with Value:     0.0005Tol(Act/Req):0.5477E+00/0.1000E-04
# With parameters(tra.):    -0.1354E-02   -0.1642E-02   -0.2004E-04
# With parameters(rot.):    -0.2377E-02    0.2011E-02    0.5169E-01
# Minimization at step:    33 with Value:     0.0004Tol(Act/Req):0.5321E+00/0.1000E-04
# With parameters(tra.):    -0.1368E-02   -0.6211E-03    0.3075E-03
# With parameters(rot.):    -0.3114E-02   -0.2692E-03    0.5253E-01
# Minimization at step:    34 with Value:     0.0004Tol(Act/Req):0.4604E+00/0.1000E-04
# With parameters(tra.):    -0.1555E-02   -0.2822E-03    0.3639E-03
# With parameters(rot.):    -0.2570E-02   -0.2633E-03    0.5215E-01
# Minimization at step:    35 with Value:     0.0004Tol(Act/Req):0.3917E+00/0.1000E-04
# With parameters(tra.):    -0.1568E-02   -0.5091E-03    0.2867E-03
# With parameters(rot.):    -0.2341E-02    0.3073E-03    0.5191E-01
# Minimization at step:    36 with Value:     0.0004Tol(Act/Req):0.3778E+00/0.1000E-04
# With parameters(tra.):    -0.8184E-03   -0.8254E-03    0.5671E-03
# With parameters(rot.):    -0.1777E-02   -0.4485E-03    0.5165E-01
# Minimization at step:    37 with Value:     0.0004Tol(Act/Req):0.3674E+00/0.1000E-04
# With parameters(tra.):    -0.5430E-03   -0.7674E-03    0.5933E-03
# With parameters(rot.):    -0.2001E-02   -0.4110E-03    0.5156E-01
# Minimization at step:    38 with Value:     0.0004Tol(Act/Req):0.3446E+00/0.1000E-04
# With parameters(tra.):    -0.3534E-03   -0.6834E-03    0.2798E-03
# With parameters(rot.):    -0.1428E-02   -0.1844E-02    0.5201E-01
# Minimization at step:    39 with Value:     0.0004Tol(Act/Req):0.3399E+00/0.1000E-04
# With parameters(tra.):    -0.3470E-03   -0.5474E-03    0.3010E-03
# With parameters(rot.):    -0.1061E-02   -0.1973E-02    0.5181E-01
# Minimization at step:    40 with Value:     0.0004Tol(Act/Req):0.6077E+00/0.1000E-04
# With parameters(tra.):    -0.5205E-03   -0.8210E-03    0.4515E-03
# With parameters(rot.):    -0.1592E-02   -0.2960E-02    0.7772E-01
# Minimization at step:    41 with Value:     0.0004Tol(Act/Req):0.5988E+00/0.1000E-04
# With parameters(tra.):    -0.1171E-02   -0.5033E-03    0.1326E-03
# With parameters(rot.):    -0.2094E-02   -0.3041E-02    0.8667E-01
# Minimization at step:    42 with Value:     0.0003Tol(Act/Req):0.5921E+00/0.1000E-04
# With parameters(tra.):    -0.1633E-02   -0.5274E-03    0.3971E-03
# With parameters(rot.):    -0.2889E-02   -0.2007E-02    0.9777E-01
# Minimization at step:    43 with Value:     0.0003Tol(Act/Req):0.7295E+00/0.1000E-04
# With parameters(tra.):    -0.1702E-02   -0.1217E-02    0.2207E-03
# With parameters(rot.):    -0.2476E-02   -0.1452E-02    0.1200E+00
# Minimization at step:    44 with Value:     0.0003Tol(Act/Req):0.8433E+00/0.1000E-04
# With parameters(tra.):    -0.1538E-02   -0.1251E-02    0.1489E-03
# With parameters(rot.):    -0.3082E-02   -0.1724E-02    0.1426E+00
# Minimization at step:    45 with Value:     0.0002Tol(Act/Req):0.6638E+00/0.1000E-04
# With parameters(tra.):    -0.1922E-02   -0.1214E-02    0.1407E-03
# With parameters(rot.):    -0.3022E-02   -0.1899E-02    0.1725E+00
# Minimization at step:    46 with Value:     0.0002Tol(Act/Req):0.5945E+00/0.1000E-04
# With parameters(tra.):    -0.1522E-02   -0.1769E-02    0.4622E-03
# With parameters(rot.):    -0.2829E-02   -0.1436E-02    0.1921E+00
# Minimization at step:    47 with Value:     0.0002Tol(Act/Req):0.5840E+00/0.1000E-04
# With parameters(tra.):    -0.1649E-02   -0.1916E-02    0.5007E-03
# With parameters(rot.):    -0.3065E-02   -0.1556E-02    0.1998E+00
# Minimization at step:    48 with Value:     0.0002Tol(Act/Req):0.3240E+00/0.1000E-04
# With parameters(tra.):    -0.1306E-02   -0.2245E-02    0.3283E-03
# With parameters(rot.):    -0.2513E-02   -0.2219E-02    0.2170E+00
# Minimization at step:    49 with Value:     0.0002Tol(Act/Req):0.2168E+00/0.1000E-04
# With parameters(tra.):    -0.1337E-02   -0.2355E-02    0.8655E-04
# With parameters(rot.):    -0.2112E-02   -0.6572E-03    0.2289E+00
# Minimization at step:    50 with Value:     0.0002Tol(Act/Req):0.2237E+00/0.1000E-04
# With parameters(tra.):    -0.1374E-02   -0.2465E-02    0.7129E-04
# With parameters(rot.):    -0.2150E-02   -0.6421E-03    0.2351E+00
# Minimization at step:    51 with Value:     0.0002Tol(Act/Req):0.2093E+00/0.1000E-04
# With parameters(tra.):    -0.1370E-02   -0.2447E-02    0.1305E-03
# With parameters(rot.):    -0.2254E-02   -0.1031E-02    0.2327E+00
# Minimization at step:    52 with Value:     0.0002Tol(Act/Req):0.2024E+00/0.1000E-04
# With parameters(tra.):    -0.1719E-02   -0.2118E-02   -0.3017E-03
# With parameters(rot.):    -0.2255E-02   -0.1359E-02    0.2265E+00
# Minimization at step:    53 with Value:     0.0002Tol(Act/Req):0.2021E+00/0.1000E-04
# With parameters(tra.):    -0.1632E-02   -0.1499E-02   -0.2406E-03
# With parameters(rot.):    -0.2733E-02   -0.2067E-02    0.2325E+00
# Minimization at step:    54 with Value:     0.0002Tol(Act/Req):0.1760E+00/0.1000E-04
# With parameters(tra.):    -0.1151E-02   -0.1631E-02   -0.3594E-03
# With parameters(rot.):    -0.2696E-02   -0.1949E-02    0.2226E+00
# Minimization at step:    55 with Value:     0.0002Tol(Act/Req):0.1227E+00/0.1000E-04
# With parameters(tra.):    -0.6131E-03   -0.1797E-02    0.5345E-04
# With parameters(rot.):    -0.2843E-02   -0.1818E-02    0.2274E+00
# Minimization at step:    56 with Value:     0.0002Tol(Act/Req):0.1105E+00/0.1000E-04
# With parameters(tra.):    -0.6104E-03   -0.1429E-02    0.7679E-04
# With parameters(rot.):    -0.3321E-02   -0.1242E-02    0.2194E+00
# Minimization at step:    57 with Value:     0.0002Tol(Act/Req):0.1346E+00/0.1000E-04
# With parameters(tra.):    -0.7447E-03   -0.1356E-02   -0.2448E-04
# With parameters(rot.):    -0.3324E-02   -0.1227E-02    0.2175E+00
# Minimization at step:    58 with Value:     0.0002Tol(Act/Req):0.1068E+00/0.1000E-04
# With parameters(tra.):    -0.6925E-03   -0.1499E-02   -0.2173E-04
# With parameters(rot.):    -0.3254E-02   -0.9797E-03    0.2148E+00
# Minimization at step:    59 with Value:     0.0002Tol(Act/Req):0.9789E-01/0.1000E-04
# With parameters(tra.):    -0.7744E-03   -0.1455E-02    0.3611E-04
# With parameters(rot.):    -0.3310E-02   -0.9285E-03    0.2166E+00
# Minimization at step:    60 with Value:     0.0002Tol(Act/Req):0.1131E+00/0.1000E-04
# With parameters(tra.):    -0.6394E-03   -0.1506E-02    0.8734E-04
# With parameters(rot.):    -0.2513E-02   -0.1226E-03    0.2197E+00
# Minimization at step:    61 with Value:     0.0002Tol(Act/Req):0.9414E-01/0.1000E-04
# With parameters(tra.):    -0.5763E-03   -0.1418E-02    0.1133E-03
# With parameters(rot.):    -0.2587E-02   -0.2415E-03    0.2174E+00
# Minimization at step:    62 with Value:     0.0002Tol(Act/Req):0.6311E-01/0.1000E-04
# With parameters(tra.):    -0.5741E-03   -0.1510E-02    0.1105E-03
# With parameters(rot.):    -0.2406E-02   -0.3021E-03    0.2192E+00
# Minimization at step:    63 with Value:     0.0002Tol(Act/Req):0.3643E-01/0.1000E-04
# With parameters(tra.):    -0.3823E-03   -0.1412E-02    0.9311E-04
# With parameters(rot.):    -0.2568E-02   -0.1587E-03    0.2265E+00
# Minimization at step:    64 with Value:     0.0001Tol(Act/Req):0.5532E-01/0.1000E-04
# With parameters(tra.):    -0.3905E-03   -0.1386E-02    0.1268E-03
# With parameters(rot.):    -0.2534E-02   -0.6894E-04    0.2282E+00
# Minimization at step:    65 with Value:     0.0001Tol(Act/Req):0.6993E-01/0.1000E-04
# With parameters(tra.):    -0.5411E-03   -0.1252E-02   -0.2535E-04
# With parameters(rot.):    -0.2277E-02    0.3478E-03    0.2280E+00
# Minimization at step:    66 with Value:     0.0001Tol(Act/Req):0.6197E-01/0.1000E-04
# With parameters(tra.):    -0.5024E-03   -0.1303E-02   -0.2428E-04
# With parameters(rot.):    -0.2160E-02    0.5819E-03    0.2277E+00
# Minimization at step:    67 with Value:     0.0001Tol(Act/Req):0.5151E-01/0.1000E-04
# With parameters(tra.):    -0.5603E-03   -0.1318E-02   -0.2970E-04
# With parameters(rot.):    -0.2086E-02    0.6078E-03    0.2260E+00
# Minimization at step:    68 with Value:     0.0001Tol(Act/Req):0.5653E-01/0.1000E-04
# With parameters(tra.):    -0.5987E-03   -0.1285E-02   -0.5653E-04
# With parameters(rot.):    -0.2316E-02    0.4000E-03    0.2256E+00
# Minimization at step:    69 with Value:     0.0001Tol(Act/Req):0.5739E-01/0.1000E-04
# With parameters(tra.):    -0.4206E-03   -0.9564E-03   -0.6349E-04
# With parameters(rot.):    -0.2400E-02    0.3641E-03    0.2227E+00
# Minimization at step:    70 with Value:     0.0001Tol(Act/Req):0.3570E-01/0.1000E-04
# With parameters(tra.):    -0.3651E-03   -0.9546E-03   -0.1271E-03
# With parameters(rot.):    -0.2037E-02    0.4649E-03    0.2275E+00
# Minimization at step:    71 with Value:     0.0001Tol(Act/Req):0.2465E-01/0.1000E-04
# With parameters(tra.):    -0.3732E-03   -0.7594E-03   -0.1444E-03
# With parameters(rot.):    -0.1803E-02    0.8223E-03    0.2308E+00
# Minimization at step:    72 with Value:     0.0001Tol(Act/Req):0.2392E-01/0.1000E-04
# With parameters(tra.):    -0.2527E-03   -0.6800E-03   -0.1823E-03
# With parameters(rot.):    -0.1451E-02    0.1371E-02    0.2312E+00
# Minimization at step:    73 with Value:     0.0001Tol(Act/Req):0.2529E-01/0.1000E-04
# With parameters(tra.):    -0.2661E-03   -0.4981E-03   -0.2440E-03
# With parameters(rot.):    -0.1091E-02    0.1677E-02    0.2296E+00
# Minimization at step:    74 with Value:     0.0001Tol(Act/Req):0.3403E-01/0.1000E-04
# With parameters(tra.):    -0.2383E-04   -0.3813E-03   -0.1647E-03
# With parameters(rot.):    -0.9522E-03    0.1703E-02    0.2303E+00
# Minimization at step:    75 with Value:     0.0001Tol(Act/Req):0.3401E-01/0.1000E-04
# With parameters(tra.):     0.4875E-05   -0.2897E-03   -0.1871E-03
# With parameters(rot.):    -0.9535E-03    0.1708E-02    0.2304E+00
# Minimization at step:    76 with Value:     0.0001Tol(Act/Req):0.5038E-01/0.1000E-04
# With parameters(tra.):    -0.2981E-04   -0.2389E-03   -0.1509E-03
# With parameters(rot.):    -0.1140E-02    0.1272E-02    0.2297E+00
# Minimization at step:    77 with Value:     0.0001Tol(Act/Req):0.4884E-01/0.1000E-04
# With parameters(tra.):    -0.5662E-04   -0.2888E-03   -0.1558E-03
# With parameters(rot.):    -0.1006E-02    0.1359E-02    0.2312E+00
# Minimization at step:    78 with Value:     0.0001Tol(Act/Req):0.4440E-01/0.1000E-04
# With parameters(tra.):    -0.9306E-05   -0.6874E-04   -0.1018E-03
# With parameters(rot.):    -0.1026E-02    0.1557E-02    0.2276E+00
# Minimization at step:    79 with Value:     0.0001Tol(Act/Req):0.3453E-01/0.1000E-04
# With parameters(tra.):     0.1201E-03   -0.3372E-04   -0.7033E-04
# With parameters(rot.):    -0.1001E-02    0.1444E-02    0.2233E+00
# Minimization at step:    80 with Value:     0.0001Tol(Act/Req):0.3060E-01/0.1000E-04
# With parameters(tra.):     0.1556E-03   -0.4051E-04   -0.4044E-04
# With parameters(rot.):    -0.1084E-02    0.1348E-02    0.2232E+00
# Minimization at step:    81 with Value:     0.0001Tol(Act/Req):0.2218E-01/0.1000E-04
# With parameters(tra.):     0.1633E-03   -0.2512E-03   -0.7400E-04
# With parameters(rot.):    -0.1083E-02    0.1081E-02    0.2253E+00
# Minimization at step:    82 with Value:     0.0001Tol(Act/Req):0.2047E-01/0.1000E-04
# With parameters(tra.):     0.2735E-03   -0.5508E-04   -0.8115E-04
# With parameters(rot.):    -0.1129E-02    0.8821E-03    0.2239E+00
# Minimization at step:    83 with Value:     0.0001Tol(Act/Req):0.1988E-01/0.1000E-04
# With parameters(tra.):     0.2539E-03   -0.6561E-04   -0.8992E-04
# With parameters(rot.):    -0.1146E-02    0.8634E-03    0.2251E+00
# Minimization at step:    84 with Value:     0.0001Tol(Act/Req):0.1331E-01/0.1000E-04
# With parameters(tra.):     0.2165E-03   -0.6849E-04   -0.1035E-03
# With parameters(rot.):    -0.1196E-02    0.7868E-03    0.2245E+00
# Minimization at step:    85 with Value:     0.0001Tol(Act/Req):0.1129E-01/0.1000E-04
# With parameters(tra.):     0.2190E-03   -0.5907E-06   -0.9757E-04
# With parameters(rot.):    -0.1206E-02    0.8289E-03    0.2239E+00
# Minimization at step:    86 with Value:     0.0001Tol(Act/Req):0.1062E-01/0.1000E-04
# With parameters(tra.):     0.2421E-03   -0.6581E-06   -0.8739E-04
# With parameters(rot.):    -0.1257E-02    0.7377E-03    0.2239E+00
# Minimization at step:    87 with Value:     0.0001Tol(Act/Req):0.9629E-02/0.1000E-04
# With parameters(tra.):     0.2119E-03   -0.4515E-04   -0.8612E-04
# With parameters(rot.):    -0.1257E-02    0.7755E-03    0.2242E+00
# Minimization at step:    88 with Value:     0.0001Tol(Act/Req):0.9231E-02/0.1000E-04
# With parameters(tra.):     0.2657E-03   -0.7303E-04   -0.6615E-04
# With parameters(rot.):    -0.9822E-03    0.7465E-03    0.2253E+00
# Minimization at step:    89 with Value:     0.0001Tol(Act/Req):0.1025E-01/0.1000E-04
# With parameters(tra.):     0.2073E-03   -0.8030E-04   -0.8087E-04
# With parameters(rot.):    -0.1012E-02    0.5799E-03    0.2243E+00
# Minimization at step:    90 with Value:     0.0001Tol(Act/Req):0.1003E-01/0.1000E-04
# With parameters(tra.):     0.1526E-03   -0.1063E-03   -0.9538E-04
# With parameters(rot.):    -0.1002E-02    0.4480E-03    0.2263E+00
# Minimization at step:    91 with Value:     0.0001Tol(Act/Req):0.7801E-02/0.1000E-04
# With parameters(tra.):     0.2481E-03   -0.1128E-03   -0.1132E-03
# With parameters(rot.):    -0.7695E-03    0.6095E-03    0.2260E+00
# Minimization at step:    92 with Value:     0.0001Tol(Act/Req):0.7591E-02/0.1000E-04
# With parameters(tra.):     0.2962E-03   -0.1503E-03   -0.1014E-03
# With parameters(rot.):    -0.7099E-03    0.3843E-03    0.2267E+00
# Minimization at step:    93 with Value:     0.0001Tol(Act/Req):0.7194E-02/0.1000E-04
# With parameters(tra.):     0.2881E-03   -0.1813E-03   -0.1020E-03
# With parameters(rot.):    -0.6640E-03    0.3706E-03    0.2271E+00
# Minimization at step:    94 with Value:     0.0001Tol(Act/Req):0.1126E-01/0.1000E-04
# With parameters(tra.):     0.3162E-03   -0.1058E-03   -0.9162E-04
# With parameters(rot.):    -0.5026E-03    0.3021E-03    0.2269E+00
# Minimization at step:    95 with Value:     0.0001Tol(Act/Req):0.1038E-01/0.1000E-04
# With parameters(tra.):     0.2435E-03   -0.9690E-04   -0.6668E-04
# With parameters(rot.):    -0.6459E-03    0.3809E-04    0.2276E+00
# Minimization at step:    96 with Value:     0.0001Tol(Act/Req):0.9538E-02/0.1000E-04
# With parameters(tra.):     0.3284E-03   -0.6782E-04   -0.4259E-04
# With parameters(rot.):    -0.5378E-03    0.3335E-04    0.2260E+00
# Minimization at step:    97 with Value:     0.0001Tol(Act/Req):0.6886E-02/0.1000E-04
# With parameters(tra.):     0.3537E-03   -0.6762E-04   -0.4682E-04
# With parameters(rot.):    -0.4930E-03    0.9895E-04    0.2257E+00
# Minimization at step:    98 with Value:     0.0001Tol(Act/Req):0.5933E-02/0.1000E-04
# With parameters(tra.):     0.3431E-03   -0.5787E-04   -0.5186E-04
# With parameters(rot.):    -0.5437E-03    0.5468E-04    0.2254E+00
# Minimization at step:    99 with Value:     0.0001Tol(Act/Req):0.5366E-02/0.1000E-04
# With parameters(tra.):     0.3106E-03    0.1046E-04   -0.4714E-04
# With parameters(rot.):    -0.5479E-03    0.1700E-03    0.2242E+00
# Minimization at step:   100 with Value:     0.0001Tol(Act/Req):0.7823E-02/0.1000E-04
# With parameters(tra.):     0.3020E-03    0.1237E-04   -0.3013E-04
# With parameters(rot.):    -0.4174E-03    0.7580E-04    0.2240E+00
# Minimization at step:   101 with Value:     0.0001Tol(Act/Req):0.6839E-02/0.1000E-04
# With parameters(tra.):     0.3245E-03    0.2191E-04   -0.2222E-04
# With parameters(rot.):    -0.3603E-03    0.7544E-04    0.2243E+00
# Minimization at step:   102 with Value:     0.0001Tol(Act/Req):0.5158E-02/0.1000E-04
# With parameters(tra.):     0.2382E-03    0.2273E-04   -0.3952E-04
# With parameters(rot.):    -0.4092E-03    0.9421E-04    0.2253E+00
# Minimization at step:   103 with Value:     0.0001Tol(Act/Req):0.4294E-02/0.1000E-04
# With parameters(tra.):     0.2403E-03    0.6672E-05   -0.4006E-04
# With parameters(rot.):    -0.3966E-03    0.5905E-04    0.2256E+00
# Minimization at step:   104 with Value:     0.0001Tol(Act/Req):0.3863E-02/0.1000E-04
# With parameters(tra.):     0.2530E-03    0.3184E-04   -0.4627E-04
# With parameters(rot.):    -0.2749E-03    0.1769E-03    0.2250E+00
# Minimization at step:   105 with Value:     0.0001Tol(Act/Req):0.2526E-02/0.1000E-04
# With parameters(tra.):     0.2018E-03    0.8123E-04   -0.5450E-04
# With parameters(rot.):    -0.2868E-03    0.1292E-03    0.2242E+00
# Minimization at step:   106 with Value:     0.0001Tol(Act/Req):0.2440E-02/0.1000E-04
# With parameters(tra.):     0.1355E-03    0.6802E-04   -0.5251E-04
# With parameters(rot.):    -0.3763E-03    0.1400E-03    0.2235E+00
# Minimization at step:   107 with Value:     0.0001Tol(Act/Req):0.2966E-02/0.1000E-04
# With parameters(tra.):     0.1176E-03    0.1025E-03   -0.4679E-04
# With parameters(rot.):    -0.2674E-03    0.1609E-03    0.2237E+00
# Minimization at step:   108 with Value:     0.0001Tol(Act/Req):0.2928E-02/0.1000E-04
# With parameters(tra.):     0.1031E-03    0.1021E-03   -0.4529E-04
# With parameters(rot.):    -0.2972E-03    0.1300E-03    0.2237E+00
# Minimization at step:   109 with Value:     0.0001Tol(Act/Req):0.2766E-02/0.1000E-04
# With parameters(tra.):     0.1134E-03    0.1085E-03   -0.4144E-04
# With parameters(rot.):    -0.2756E-03    0.1283E-03    0.2233E+00
# Minimization at step:   110 with Value:     0.0001Tol(Act/Req):0.2032E-02/0.1000E-04
# With parameters(tra.):     0.1281E-03    0.1151E-03   -0.4102E-04
# With parameters(rot.):    -0.2449E-03    0.1246E-03    0.2235E+00
# Minimization at step:   111 with Value:     0.0001Tol(Act/Req):0.2308E-02/0.1000E-04
# With parameters(tra.):     0.9491E-04    0.1192E-03   -0.4242E-04
# With parameters(rot.):    -0.1691E-03    0.7620E-04    0.2236E+00
# Minimization at step:   112 with Value:     0.0001Tol(Act/Req):0.1452E-02/0.1000E-04
# With parameters(tra.):     0.1105E-03    0.8244E-04   -0.3017E-04
# With parameters(rot.):    -0.1179E-03    0.1063E-03    0.2241E+00
# Minimization at step:   113 with Value:     0.0001Tol(Act/Req):0.1405E-02/0.1000E-04
# With parameters(tra.):     0.9673E-04    0.8780E-04   -0.3443E-04
# With parameters(rot.):    -0.1256E-03    0.1324E-03    0.2241E+00
# Minimization at step:   114 with Value:     0.0001Tol(Act/Req):0.1645E-02/0.1000E-04
# With parameters(tra.):     0.6566E-04    0.8223E-04   -0.2779E-04
# With parameters(rot.):    -0.1280E-03    0.7160E-04    0.2244E+00
# Minimization at step:   115 with Value:     0.0001Tol(Act/Req):0.1393E-02/0.1000E-04
# With parameters(tra.):     0.7426E-04    0.8461E-04   -0.2253E-04
# With parameters(rot.):    -0.2760E-04    0.4653E-04    0.2250E+00
# Minimization at step:   116 with Value:     0.0001Tol(Act/Req):0.1232E-02/0.1000E-04
# With parameters(tra.):     0.7615E-04    0.8582E-04   -0.1903E-04
# With parameters(rot.):     0.3858E-05    0.3886E-04    0.2249E+00
# Minimization at step:   117 with Value:     0.0001Tol(Act/Req):0.1057E-02/0.1000E-04
# With parameters(tra.):     0.7416E-04    0.8533E-04   -0.2006E-04
# With parameters(rot.):    -0.1863E-04    0.4449E-04    0.2248E+00
# Minimization at step:   118 with Value:     0.0001Tol(Act/Req):0.6543E-03/0.1000E-04
# With parameters(tra.):     0.7767E-04    0.4516E-04   -0.1686E-04
# With parameters(rot.):    -0.4456E-04   -0.1512E-04    0.2250E+00
# Minimization at step:   119 with Value:     0.0001Tol(Act/Req):0.5012E-03/0.1000E-04
# With parameters(tra.):     0.7103E-04    0.5124E-04   -0.1882E-04
# With parameters(rot.):    -0.5124E-04   -0.3278E-04    0.2249E+00
# Minimization at step:   120 with Value:     0.0001Tol(Act/Req):0.4264E-03/0.1000E-04
# With parameters(tra.):     0.3487E-04    0.4978E-04   -0.2213E-04
# With parameters(rot.):    -0.4181E-04   -0.3564E-04    0.2253E+00
# Minimization at step:   121 with Value:     0.0001Tol(Act/Req):0.3703E-03/0.1000E-04
# With parameters(tra.):     0.3043E-04    0.6021E-04   -0.2336E-04
# With parameters(rot.):    -0.3510E-04   -0.2245E-04    0.2252E+00
# Minimization at step:   122 with Value:     0.0001Tol(Act/Req):0.3659E-03/0.1000E-04
# With parameters(tra.):     0.1898E-04    0.5410E-04   -0.1781E-04
# With parameters(rot.):     0.1483E-04   -0.5822E-04    0.2252E+00
# Minimization at step:   123 with Value:     0.0001Tol(Act/Req):0.3404E-03/0.1000E-04
# With parameters(tra.):     0.4983E-04    0.5700E-04   -0.1306E-04
# With parameters(rot.):     0.2428E-04   -0.6289E-04    0.2249E+00
# Minimization at step:   124 with Value:     0.0001Tol(Act/Req):0.3435E-03/0.1000E-04
# With parameters(tra.):     0.3773E-04    0.4657E-04   -0.1278E-04
# With parameters(rot.):    -0.6398E-05   -0.8742E-04    0.2246E+00
# Minimization at step:   125 with Value:     0.0001Tol(Act/Req):0.3265E-03/0.1000E-04
# With parameters(tra.):     0.2846E-05    0.4019E-04   -0.1743E-04
# With parameters(rot.):    -0.2607E-04   -0.9094E-04    0.2248E+00
# Minimization at step:   126 with Value:     0.0001Tol(Act/Req):0.3576E-03/0.1000E-04
# With parameters(tra.):     0.3476E-05    0.3260E-04   -0.1500E-04
# With parameters(rot.):    -0.3310E-04   -0.9275E-04    0.2249E+00
# Minimization at step:   127 with Value:     0.0001Tol(Act/Req):0.2300E-03/0.1000E-04
# With parameters(tra.):     0.2980E-04    0.3549E-04   -0.1090E-04
# With parameters(rot.):    -0.2010E-04   -0.9057E-04    0.2248E+00
# Minimization at step:   128 with Value:     0.0001Tol(Act/Req):0.2155E-03/0.1000E-04
# With parameters(tra.):     0.3357E-04    0.3546E-04   -0.1171E-04
# With parameters(rot.):    -0.3549E-04   -0.8432E-04    0.2247E+00
# Minimization at step:   129 with Value:     0.0001Tol(Act/Req):0.1989E-03/0.1000E-04
# With parameters(tra.):     0.2712E-04    0.3719E-04   -0.1210E-04
# With parameters(rot.):    -0.3752E-04   -0.9745E-04    0.2247E+00
# Minimization at step:   130 with Value:     0.0001Tol(Act/Req):0.1404E-03/0.1000E-04
# With parameters(tra.):     0.4079E-04    0.3010E-04   -0.1315E-04
# With parameters(rot.):    -0.1307E-04   -0.9408E-04    0.2246E+00
# Minimization at step:   131 with Value:     0.0001Tol(Act/Req):0.1368E-03/0.1000E-04
# With parameters(tra.):     0.3536E-04    0.4092E-04   -0.1222E-04
# With parameters(rot.):     0.7693E-05   -0.9157E-04    0.2243E+00
# Minimization at step:   132 with Value:     0.0001Tol(Act/Req):0.1365E-03/0.1000E-04
# With parameters(tra.):     0.3819E-04    0.4306E-04   -0.1225E-04
# With parameters(rot.):     0.1654E-04   -0.8579E-04    0.2244E+00
# Minimization at step:   133 with Value:     0.0001Tol(Act/Req):0.8297E-04/0.1000E-04
# With parameters(tra.):     0.3978E-04    0.4053E-04   -0.1248E-04
# With parameters(rot.):     0.1208E-04   -0.8593E-04    0.2245E+00
# Minimization at step:   134 with Value:     0.0001Tol(Act/Req):0.9902E-04/0.1000E-04
# With parameters(tra.):     0.2556E-04    0.4029E-04   -0.1574E-04
# With parameters(rot.):     0.1414E-04   -0.8584E-04    0.2245E+00
# Minimization at step:   135 with Value:     0.0001Tol(Act/Req):0.5443E-04/0.1000E-04
# With parameters(tra.):     0.3418E-04    0.2767E-04   -0.1112E-04
# With parameters(rot.):     0.1584E-04   -0.8717E-04    0.2245E+00
# Minimization at step:   136 with Value:     0.0001Tol(Act/Req):0.4781E-04/0.1000E-04
# With parameters(tra.):     0.4192E-04    0.2502E-04   -0.1254E-04
# With parameters(rot.):     0.2161E-05   -0.7562E-04    0.2244E+00
# Minimization at step:   137 with Value:     0.0001Tol(Act/Req):0.4156E-04/0.1000E-04
# With parameters(tra.):     0.2881E-04    0.2956E-04   -0.1119E-04
# With parameters(rot.):    -0.1467E-04   -0.6975E-04    0.2243E+00
# Minimization at step:   138 with Value:     0.0001Tol(Act/Req):0.6123E-04/0.1000E-04
# With parameters(tra.):     0.2834E-04    0.2086E-04   -0.1123E-04
# With parameters(rot.):    -0.3249E-04   -0.6465E-04    0.2244E+00
# Minimization at step:   139 with Value:     0.0001Tol(Act/Req):0.5827E-04/0.1000E-04
# With parameters(tra.):     0.1608E-04    0.2212E-04   -0.9360E-05
# With parameters(rot.):    -0.3037E-04   -0.7254E-04    0.2246E+00
# Minimization at step:   140 with Value:     0.0001Tol(Act/Req):0.6786E-04/0.1000E-04
# With parameters(tra.):     0.1193E-04    0.2172E-04   -0.9324E-05
# With parameters(rot.):    -0.3079E-04   -0.7702E-04    0.2246E+00
# Minimization at step:   141 with Value:     0.0001Tol(Act/Req):0.6547E-04/0.1000E-04
# With parameters(tra.):     0.8837E-05    0.1888E-04   -0.8400E-05
# With parameters(rot.):    -0.2888E-04   -0.6253E-04    0.2248E+00
# Minimization at step:   142 with Value:     0.0001Tol(Act/Req):0.6676E-04/0.1000E-04
# With parameters(tra.):     0.1869E-04    0.1655E-04   -0.9946E-05
# With parameters(rot.):    -0.3050E-04   -0.5130E-04    0.2246E+00
# Minimization at step:   143 with Value:     0.0001Tol(Act/Req):0.6356E-04/0.1000E-04
# With parameters(tra.):     0.1524E-04    0.1878E-04   -0.1100E-04
# With parameters(rot.):    -0.3479E-04   -0.4798E-04    0.2246E+00
# Minimization at step:   144 with Value:     0.0001Tol(Act/Req):0.5928E-04/0.1000E-04
# With parameters(tra.):     0.1794E-04    0.1705E-04   -0.9794E-05
# With parameters(rot.):    -0.3938E-04   -0.4485E-04    0.2246E+00
# Minimization at step:   145 with Value:     0.0001Tol(Act/Req):0.4226E-04/0.1000E-04
# With parameters(tra.):     0.2140E-04    0.1449E-04   -0.1013E-04
# With parameters(rot.):    -0.3583E-04   -0.4473E-04    0.2247E+00
# Minimization at step:   146 with Value:     0.0001Tol(Act/Req):0.3843E-04/0.1000E-04
# With parameters(tra.):     0.1956E-04    0.2107E-04   -0.9726E-05
# With parameters(rot.):    -0.1911E-04   -0.4319E-04    0.2247E+00
# Minimization at step:   147 with Value:     0.0001Tol(Act/Req):0.3155E-04/0.1000E-04
# With parameters(tra.):     0.2122E-04    0.2196E-04   -0.1007E-04
# With parameters(rot.):    -0.1878E-04   -0.4520E-04    0.2246E+00
# Minimization at step:   148 with Value:     0.0001Tol(Act/Req):0.4578E-04/0.1000E-04
# With parameters(tra.):     0.1344E-04    0.2090E-04   -0.1033E-04
# With parameters(rot.):    -0.1403E-04   -0.4275E-04    0.2245E+00
# Minimization at step:   149 with Value:     0.0001Tol(Act/Req):0.3477E-04/0.1000E-04
# With parameters(tra.):     0.1054E-04    0.2185E-04   -0.9979E-05
# With parameters(rot.):    -0.1225E-04   -0.4484E-04    0.2245E+00
# Minimization at step:   150 with Value:     0.0001Tol(Act/Req):0.3288E-04/0.1000E-04
# With parameters(tra.):     0.8429E-05    0.2322E-04   -0.1042E-04
# With parameters(rot.):    -0.1251E-04   -0.4292E-04    0.2245E+00
# Minimization at step:   151 with Value:     0.0001Tol(Act/Req):0.3256E-04/0.1000E-04
# With parameters(tra.):     0.6563E-05    0.1735E-04   -0.1106E-04
# With parameters(rot.):    -0.2703E-04   -0.4437E-04    0.2245E+00
# Minimization at step:   152 with Value:     0.0001Tol(Act/Req):0.3690E-04/0.1000E-04
# With parameters(tra.):     0.8164E-05    0.1399E-04   -0.9060E-05
# With parameters(rot.):    -0.3209E-04   -0.3795E-04    0.2245E+00
# Minimization at step:   153 with Value:     0.0001Tol(Act/Req):0.3628E-04/0.1000E-04
# With parameters(tra.):     0.1068E-04    0.8706E-05   -0.9376E-05
# With parameters(rot.):    -0.2375E-04   -0.3545E-04    0.2245E+00
# Minimization at step:   154 with Value:     0.0001Tol(Act/Req):0.3099E-04/0.1000E-04
# With parameters(tra.):     0.1392E-04    0.1169E-04   -0.8180E-05
# With parameters(rot.):    -0.8143E-05   -0.3103E-04    0.2245E+00
# Minimization at step:   155 with Value:     0.0001Tol(Act/Req):0.2062E-04/0.1000E-04
# With parameters(tra.):     0.1482E-04    0.1005E-04   -0.8234E-05
# With parameters(rot.):    -0.3927E-05   -0.3032E-04    0.2244E+00
# Minimization at step:   156 with Value:     0.0001Tol(Act/Req):0.2726E-04/0.1000E-04
# With parameters(tra.):     0.1271E-04    0.8404E-05   -0.8392E-05
# With parameters(rot.):    -0.1594E-05   -0.2228E-04    0.2243E+00
# Minimization at step:   157 with Value:     0.0001Tol(Act/Req):0.2574E-04/0.1000E-04
# With parameters(tra.):     0.7640E-05    0.5816E-05   -0.7154E-05
# With parameters(rot.):     0.5516E-05   -0.1895E-04    0.2243E+00
# Minimization at step:   158 with Value:     0.0001Tol(Act/Req):0.2386E-04/0.1000E-04
# With parameters(tra.):     0.6307E-05    0.4579E-05   -0.7368E-05
# With parameters(rot.):     0.2753E-05   -0.1905E-04    0.2243E+00
# Minimization at step:   159 with Value:     0.0001Tol(Act/Req):0.2073E-04/0.1000E-04
# With parameters(tra.):     0.2572E-05    0.4395E-05   -0.7025E-05
# With parameters(rot.):     0.7638E-06   -0.1599E-04    0.2244E+00
# Minimization at step:   160 with Value:     0.0001Tol(Act/Req):0.1256E-04/0.1000E-04
# With parameters(tra.):     0.7635E-05    0.1330E-05   -0.5933E-05
# With parameters(rot.):    -0.2896E-06   -0.1176E-04    0.2244E+00
# Minimization at step:   161 with Value:     0.0001Tol(Act/Req):0.1299E-04/0.1000E-04
# With parameters(tra.):     0.4106E-05    0.4154E-05   -0.4469E-05
# With parameters(rot.):    -0.8149E-06   -0.6359E-05    0.2244E+00
# Minimization at step:   162 with Value:     0.0001Tol(Act/Req):0.8351E-05/0.1000E-04
# With parameters(tra.):     0.3367E-05    0.4175E-05   -0.4586E-05
# With parameters(rot.):     0.3059E-05   -0.5332E-05    0.2244E+00
# CSM Values after z minimization.
# Final Number of optim. Steps:   162
#      Before min is:      0.00013068539
# Final CSM Simplex Value is:      0.00013068678
# CSM Summary.
#    Inizial CSM Value is:      0.00043561796
#   After optimization is:      0.00013068678
#          Along x axe is:      0.00013068678
#          Along y axe is:      0.00013068678
#          Along z axe is:      0.00013068678
# The Lowest CSM Value is:      0.00013068678
#    Obtained CSM in % is:      0.01306867847
