# [csmmod_rdinput] messages reinitialized.
# MESLOG:[csmmod_rdinput] messages reinitialized.
# Input  file unit is: 5
# Input  file name is:stdin
# Output file unit is: 6
# Output file name is:stdout
# Error  file unit is: 6
# Error  file name is:stderr
# Log    file unit is: 6
# Log    file name is:stdlog
# MESLOG:[csm_rdinput] molecule_init called with debug.
[molecule] Nrec=  16 Format=nscxyz
  he               1    2    0.00000000D+00   0.10000000D+01   0.10000000D+01
  he               2    2    0.38268000D+00   0.92388000D+00   0.11000000D+01
  he               3    2    0.70711000D+00   0.70711000D+00   0.10000000D+01
  he               4    2    0.92388000D+00   0.38268000D+00   0.11000000D+01
  he               5    2    0.10000000D+01   0.00000000D+00   0.10000000D+01
  he               6    2    0.92388000D+00  -0.38268000D+00   0.11000000D+01
  he               7    2    0.70711000D+00  -0.70711000D+00   0.10000000D+01
  he               8    2    0.38268000D+00  -0.92388000D+00   0.11000000D+01
  he               9    2    0.00000000D+00  -0.10000000D+01   0.10000000D+01
  he              10    2   -0.38268000D+00  -0.92388000D+00   0.11000000D+01
  he              11    2   -0.70711000D+00  -0.70711000D+00   0.10000000D+01
  he              12    2   -0.92388000D+00  -0.38268000D+00   0.11000000D+01
  he              13    2   -0.10000000D+01   0.00000000D+00   0.10000000D+01
  he              14    2   -0.92388000D+00   0.38268000D+00   0.11000000D+01
  he              15    2   -0.70711000D+00   0.70711000D+00   0.10000000D+01
  he              16    2   -0.38268000D+00   0.92388000D+00   0.11000000D+01
# Molecule moved to the center of mass
# Shift Vector is:        0.00000000       0.00000000       0.55563591
# Inertia Tensor: (Before Diagonalization)
# Up Diagonal Columnwise
#    0.45028623D+01  -0.00000000D+00   0.45028623D+01  -0.00000000D+00  -0.00000000D+00   0.89609200D+01
# Inertia Tensor: (Full Matrix)
# 1,1 - 1,3           0.45028623D+01  -0.00000000D+00  -0.00000000D+00
# 2,1 - 2,3          -0.00000000D+00   0.45028623D+01  -0.00000000D+00
# 3,1 - 3,3          -0.00000000D+00  -0.00000000D+00   0.89609200D+01
# Inertia Tensor
# Inertia EigenValues:     0.45028623D+01   0.45028623D+01   0.89609200D+01
# Eigen Vectors:
# 1,1 - 1,3           0.10000000D+01   0.00000000D+00   0.00000000D+00
# 2,1 - 2,3           0.00000000D+00   0.10000000D+01   0.00000000D+00
# 3,1 - 3,3           0.00000000D+00   0.00000000D+00   0.10000000D+01
# Molecule Rotated to match inertia axes
[molecule] Nrec=  16 Format=nscxyz
  he               1    2    0.00000000D+00   0.10000000D+01  -0.50000000D-01
  he               2    2    0.38268000D+00   0.92388000D+00   0.50000000D-01
  he               3    2    0.70711000D+00   0.70711000D+00  -0.50000000D-01
  he               4    2    0.92388000D+00   0.38268000D+00   0.50000000D-01
  he               5    2    0.10000000D+01   0.00000000D+00  -0.50000000D-01
  he               6    2    0.92388000D+00  -0.38268000D+00   0.50000000D-01
  he               7    2    0.70711000D+00  -0.70711000D+00  -0.50000000D-01
  he               8    2    0.38268000D+00  -0.92388000D+00   0.50000000D-01
  he               9    2    0.00000000D+00  -0.10000000D+01  -0.50000000D-01
  he              10    2   -0.38268000D+00  -0.92388000D+00   0.50000000D-01
  he              11    2   -0.70711000D+00  -0.70711000D+00  -0.50000000D-01
  he              12    2   -0.92388000D+00  -0.38268000D+00   0.50000000D-01
  he              13    2   -0.10000000D+01   0.00000000D+00  -0.50000000D-01
  he              14    2   -0.92388000D+00   0.38268000D+00   0.50000000D-01
  he              15    2   -0.70711000D+00   0.70711000D+00  -0.50000000D-01
  he              16    2   -0.38268000D+00   0.92388000D+00   0.50000000D-01
# Initial Integrals follow ...
# INT: Number of electrons from integrated RHO:     31.99996732349
# INT: \int \rho \rho dr:      37.71913635349
# INT: \int \rho \tilde{\rho} dr/ng:      37.71913635349
# INT: \int \rho \tilde{\rho}m dr/ng:      36.84194713597
#  DEBUG     \int rr  =     37.71913635349
#  DEBUG     \int rr~ =     37.71913635349
#  DEBUG     \int rr~ =     37.71913635349
#  DEBUG     CSM value =      0.00000000000
#  DEBUG     CSM value =      0.00000000000
# Number of electrons =     31.99996732349
# Initial rho^2 value =     37.71913635349
#  Initial rrii value =      2.91540393864
#  Initial rrij value =     34.80373241485
#  Initial imj  value =     37.71913635349
#  Initial impj value =     36.84194713597
#  Initial CSM  value =      0.00000000000
#  Initial CSM% value =      0.00000000000
[molecule] Nrec=  16 Format=nscxyz
  he               1    2    0.00000000D+00   0.10000000D+01  -0.50000000D-01
  he               2    2    0.38268000D+00   0.92388000D+00   0.50000000D-01
  he               3    2    0.70711000D+00   0.70711000D+00  -0.50000000D-01
  he               4    2    0.92388000D+00   0.38268000D+00   0.50000000D-01
  he               5    2    0.10000000D+01   0.00000000D+00  -0.50000000D-01
  he               6    2    0.92388000D+00  -0.38268000D+00   0.50000000D-01
  he               7    2    0.70711000D+00  -0.70711000D+00  -0.50000000D-01
  he               8    2    0.38268000D+00  -0.92388000D+00   0.50000000D-01
  he               9    2    0.00000000D+00  -0.10000000D+01  -0.50000000D-01
  he              10    2   -0.38268000D+00  -0.92388000D+00   0.50000000D-01
  he              11    2   -0.70711000D+00  -0.70711000D+00  -0.50000000D-01
  he              12    2   -0.92388000D+00  -0.38268000D+00   0.50000000D-01
  he              13    2   -0.10000000D+01   0.00000000D+00  -0.50000000D-01
  he              14    2   -0.92388000D+00   0.38268000D+00   0.50000000D-01
  he              15    2   -0.70711000D+00   0.70711000D+00  -0.50000000D-01
  he              16    2   -0.38268000D+00   0.92388000D+00   0.50000000D-01
# Request Simplex: Run it with internal procedure. NOT IMPLEMENTED!
# Request for Simplex: Initial Coordinates.
[molecule] Nrec=  16 Format=nscxyz
  he               1    2    0.00000000D+00   0.10000000D+01  -0.50000000D-01
  he               2    2    0.38268000D+00   0.92388000D+00   0.50000000D-01
  he               3    2    0.70711000D+00   0.70711000D+00  -0.50000000D-01
  he               4    2    0.92388000D+00   0.38268000D+00   0.50000000D-01
  he               5    2    0.10000000D+01   0.00000000D+00  -0.50000000D-01
  he               6    2    0.92388000D+00  -0.38268000D+00   0.50000000D-01
  he               7    2    0.70711000D+00  -0.70711000D+00  -0.50000000D-01
  he               8    2    0.38268000D+00  -0.92388000D+00   0.50000000D-01
  he               9    2    0.00000000D+00  -0.10000000D+01  -0.50000000D-01
  he              10    2   -0.38268000D+00  -0.92388000D+00   0.50000000D-01
  he              11    2   -0.70711000D+00  -0.70711000D+00  -0.50000000D-01
  he              12    2   -0.92388000D+00  -0.38268000D+00   0.50000000D-01
  he              13    2   -0.10000000D+01   0.00000000D+00  -0.50000000D-01
  he              14    2   -0.92388000D+00   0.38268000D+00   0.50000000D-01
  he              15    2   -0.70711000D+00   0.70711000D+00  -0.50000000D-01
  he              16    2   -0.38268000D+00   0.92388000D+00   0.50000000D-01
# Minimization at step:     0 with Value:     0.0031Tol(Act/Req):0.2000E+01/0.1000E-04
# With parameters(tra.):     0.1429E-01    0.1429E-01    0.1429E-01
# With parameters(rot.):     0.1429E-01    0.1429E-01    0.1429E-01
# Minimization at step:     1 with Value:     0.0022Tol(Act/Req):0.2000E+01/0.1000E-04
# With parameters(tra.):     0.1548E-01    0.1548E-01    0.7143E-02
# With parameters(rot.):     0.1548E-01    0.1548E-01    0.1548E-01
# Minimization at step:     2 with Value:     0.0015Tol(Act/Req):0.2000E+01/0.1000E-04
# With parameters(tra.):     0.1677E-01    0.8433E-02    0.7738E-02
# With parameters(rot.):     0.1677E-01    0.1677E-01    0.1677E-01
# Minimization at step:     3 with Value:     0.0008Tol(Act/Req):0.2000E+01/0.1000E-04
# With parameters(tra.):    -0.4043E-02    0.1054E-01    0.9673E-02
# With parameters(rot.):     0.2096E-01    0.2096E-01    0.2096E-01
# Minimization at step:     4 with Value:     0.0006Tol(Act/Req):0.2000E+01/0.1000E-04
# With parameters(tra.):    -0.7137E-02    0.1109E-01   -0.4092E-03
# With parameters(rot.):     0.2411E-01    0.2411E-01    0.2411E-01
# Minimization at step:     5 with Value:     0.0004Tol(Act/Req):0.2000E+01/0.1000E-04
# With parameters(tra.):    -0.8484E-02    0.7792E-02   -0.7906E-03
# With parameters(rot.):     0.2537E-01    0.2537E-01    0.2537E-01
# Minimization at step:     6 with Value:     0.0003Tol(Act/Req):0.2000E+01/0.1000E-04
# With parameters(tra.):     0.8103E-03    0.6051E-02   -0.4374E-02
# With parameters(rot.):     0.2438E-01    0.2438E-01    0.2438E-01
# Minimization at step:     7 with Value:     0.0002Tol(Act/Req):0.2000E+01/0.1000E-04
# With parameters(tra.):     0.4344E-02    0.4515E-02   -0.3238E-03
# With parameters(rot.):     0.2287E-01    0.2287E-01    0.2287E-01
# Minimization at step:     8 with Value:     0.0001Tol(Act/Req):0.2000E+01/0.1000E-04
# With parameters(tra.):     0.4740E-02    0.2592E-02   -0.4755E-03
# With parameters(rot.):     0.2329E-01    0.2329E-01    0.2329E-01
# Minimization at step:     9 with Value:     0.0001Tol(Act/Req):0.2000E+01/0.1000E-04
# With parameters(tra.):     0.1075E-02    0.2597E-02    0.2291E-02
# With parameters(rot.):     0.2351E-01    0.2351E-01    0.2351E-01
# Minimization at step:    10 with Value:     0.0001Tol(Act/Req):0.2000E+01/0.1000E-04
# With parameters(tra.):     0.2134E-03    0.2694E-02    0.1833E-02
# With parameters(rot.):     0.2381E-01    0.2381E-01    0.2381E-01
# Minimization at step:    11 with Value:     0.0001Tol(Act/Req):0.2000E+01/0.1000E-04
# With parameters(tra.):    -0.3249E-03   -0.1656E-03    0.2183E-02
# With parameters(rot.):     0.2458E-01    0.2458E-01    0.2458E-01
# Minimization at step:    12 with Value:     0.0001Tol(Act/Req):0.2000E+01/0.1000E-04
# With parameters(tra.):    -0.3520E-03   -0.1794E-03    0.2365E-02
# With parameters(rot.):     0.1829E-01    0.2662E-01    0.2662E-01
# Minimization at step:    13 with Value:     0.0000Tol(Act/Req):0.2000E+01/0.1000E-04
# With parameters(tra.):    -0.4400E-03   -0.2242E-03    0.2956E-02
# With parameters(rot.):     0.2286E-01    0.8281E-02    0.3328E-01
# Minimization at step:    14 with Value:     0.0000Tol(Act/Req):0.2000E+01/0.1000E-04
# With parameters(tra.):     0.1014E-02   -0.9325E-03    0.1739E-02
# With parameters(rot.):     0.2259E-01    0.4363E-02    0.3561E-01
# Minimization at step:    15 with Value:     0.0000Tol(Act/Req):0.2000E+01/0.1000E-04
# With parameters(tra.):    -0.4424E-03   -0.1949E-02    0.7940E-03
# With parameters(rot.):     0.2280E-01   -0.1510E-02    0.4016E-01
# Minimization at step:    16 with Value:     0.0000Tol(Act/Req):0.2000E+01/0.1000E-04
# With parameters(tra.):    -0.1226E-03   -0.6369E-03    0.9790E-04
# With parameters(rot.):     0.2169E-01   -0.1071E-01    0.4484E-01
# Minimization at step:    17 with Value:     0.0000Tol(Act/Req):0.2000E+01/0.1000E-04
# With parameters(tra.):     0.2680E-03   -0.2736E-03    0.2763E-03
# With parameters(rot.):     0.2155E-01   -0.1001E-01    0.4410E-01
# Minimization at step:    18 with Value:     0.0000Tol(Act/Req):0.1999E+01/0.1000E-04
# With parameters(tra.):     0.4205E-03   -0.3325E-03   -0.5610E-04
# With parameters(rot.):     0.1007E-01   -0.1813E-01    0.5402E-01
# Minimization at step:    19 with Value:     0.0000Tol(Act/Req):0.1999E+01/0.1000E-04
# With parameters(tra.):     0.7660E-03   -0.3388E-03   -0.1454E-02
# With parameters(rot.):     0.2752E-02   -0.1470E-01    0.5649E-01
# Minimization at step:    20 with Value:     0.0000Tol(Act/Req):0.1999E+01/0.1000E-04
# With parameters(tra.):     0.7425E-03   -0.1551E-02   -0.1276E-02
# With parameters(rot.):    -0.2460E-02   -0.6830E-02    0.5569E-01
# Minimization at step:    21 with Value:     0.0000Tol(Act/Req):0.1999E+01/0.1000E-04
# With parameters(tra.):     0.3892E-03   -0.1949E-02    0.1821E-03
# With parameters(rot.):     0.3117E-02   -0.7631E-02    0.5295E-01
# Minimization at step:    22 with Value:     0.0000Tol(Act/Req):0.1999E+01/0.1000E-04
# With parameters(tra.):     0.3484E-03   -0.2069E-02    0.2851E-03
# With parameters(rot.):     0.5409E-02   -0.4727E-02    0.5038E-01
# Minimization at step:    23 with Value:     0.0000Tol(Act/Req):0.1999E+01/0.1000E-04
# With parameters(tra.):     0.6033E-03   -0.1801E-02   -0.7825E-03
# With parameters(rot.):     0.1799E-02   -0.3400E-02    0.5179E-01
# Minimization at step:    24 with Value:     0.0000Tol(Act/Req):0.1999E+01/0.1000E-04
# With parameters(tra.):     0.5975E-03   -0.1518E-02   -0.7861E-03
# With parameters(rot.):     0.3457E-02   -0.5083E-02    0.5167E-01
# Minimization at step:    25 with Value:     0.0000Tol(Act/Req):0.1999E+01/0.1000E-04
# With parameters(tra.):    -0.2333E-03   -0.1311E-02   -0.8092E-03
# With parameters(rot.):    -0.1190E-02   -0.5485E-02    0.5451E-01
# Minimization at step:    26 with Value:     0.0000Tol(Act/Req):0.1998E+01/0.1000E-04
# With parameters(tra.):    -0.7977E-04   -0.1215E-02   -0.8105E-03
# With parameters(rot.):    -0.3157E-02   -0.4757E-02    0.5501E-01
# Minimization at step:    27 with Value:     0.0000Tol(Act/Req):0.1998E+01/0.1000E-04
# With parameters(tra.):    -0.4773E-03   -0.1199E-02   -0.1080E-03
# With parameters(rot.):    -0.2402E-02   -0.6094E-02    0.5514E-01
# Minimization at step:    28 with Value:     0.0000Tol(Act/Req):0.1998E+01/0.1000E-04
# With parameters(tra.):    -0.8341E-03   -0.1149E-02   -0.3319E-04
# With parameters(rot.):    -0.4219E-03   -0.7411E-03    0.5159E-01
# Minimization at step:    29 with Value:     0.0000Tol(Act/Req):0.1997E+01/0.1000E-04
# With parameters(tra.):    -0.9562E-03   -0.9773E-03    0.2777E-04
# With parameters(rot.):     0.8388E-04   -0.1221E-02    0.5152E-01
# Minimization at step:    30 with Value:     0.0000Tol(Act/Req):0.1997E+01/0.1000E-04
# With parameters(tra.):    -0.8968E-03   -0.9628E-03   -0.1365E-03
# With parameters(rot.):     0.1023E-03   -0.4804E-03    0.5119E-01
# Minimization at step:    31 with Value:     0.0000Tol(Act/Req):0.1996E+01/0.1000E-04
# With parameters(tra.):    -0.8128E-03   -0.9598E-03   -0.1638E-03
# With parameters(rot.):    -0.3490E-03   -0.1797E-02    0.5204E-01
# Minimization at step:    32 with Value:     0.0000Tol(Act/Req):0.1996E+01/0.1000E-04
# With parameters(tra.):    -0.4520E-03   -0.9813E-03    0.6667E-04
# With parameters(rot.):     0.3030E-02   -0.2994E-03    0.4932E-01
# Minimization at step:    33 with Value:     0.0000Tol(Act/Req):0.1995E+01/0.1000E-04
# With parameters(tra.):    -0.2690E-03   -0.7128E-03    0.3565E-03
# With parameters(rot.):     0.1159E-02    0.2642E-02    0.4841E-01
# Minimization at step:    34 with Value:     0.0000Tol(Act/Req):0.1994E+01/0.1000E-04
# With parameters(tra.):    -0.3440E-03   -0.6850E-03    0.3230E-03
# With parameters(rot.):     0.1584E-03    0.2513E-02    0.4902E-01
# Minimization at step:    35 with Value:     0.0000Tol(Act/Req):0.1993E+01/0.1000E-04
# With parameters(tra.):    -0.3960E-03   -0.7498E-03    0.2478E-03
# With parameters(rot.):     0.5427E-03    0.1767E-02    0.4929E-01
# Minimization at step:    36 with Value:     0.0000Tol(Act/Req):0.1993E+01/0.1000E-04
# With parameters(tra.):    -0.4535E-03   -0.3302E-03    0.4430E-03
# With parameters(rot.):     0.1707E-02    0.1804E-02    0.4841E-01
# Minimization at step:    37 with Value:     0.0000Tol(Act/Req):0.1991E+01/0.1000E-04
# With parameters(tra.):    -0.1868E-03   -0.9036E-04    0.3077E-03
# With parameters(rot.):     0.2279E-02    0.4046E-02    0.4682E-01
# Minimization at step:    38 with Value:     0.0000Tol(Act/Req):0.1991E+01/0.1000E-04
# With parameters(tra.):    -0.9271E-04   -0.1640E-04    0.3333E-03
# With parameters(rot.):     0.2272E-02    0.3874E-02    0.4681E-01
# Minimization at step:    39 with Value:     0.0000Tol(Act/Req):0.1991E+01/0.1000E-04
# With parameters(tra.):    -0.1515E-03   -0.7018E-04    0.3693E-03
# With parameters(rot.):     0.2129E-02    0.3300E-02    0.4721E-01
# Minimization at step:    40 with Value:     0.0000Tol(Act/Req):0.1985E+01/0.1000E-04
# With parameters(tra.):    -0.3285E-04   -0.3199E-03    0.2044E-03
# With parameters(rot.):     0.1361E-02    0.3646E-02    0.4757E-01
# Minimization at step:    41 with Value:     0.0000Tol(Act/Req):0.1981E+01/0.1000E-04
# With parameters(tra.):    -0.7902E-04   -0.1427E-03    0.9788E-04
# With parameters(rot.):    -0.2394E-03    0.3765E-02    0.4830E-01
# Minimization at step:    42 with Value:     0.0000Tol(Act/Req):0.1976E+01/0.1000E-04
# With parameters(tra.):    -0.7736E-04   -0.7000E-04   -0.1026E-03
# With parameters(rot.):     0.2685E-03    0.2939E-02    0.4852E-01
# Minimization at step:    43 with Value:     0.0000Tol(Act/Req):0.1976E+01/0.1000E-04
# With parameters(tra.):     0.1160E-03    0.6007E-04   -0.1966E-03
# With parameters(rot.):    -0.4129E-03    0.2284E-02    0.4907E-01
# Minimization at step:    44 with Value:     0.0000Tol(Act/Req):0.1973E+01/0.1000E-04
# With parameters(tra.):     0.1089E-03    0.4403E-04   -0.2258E-03
# With parameters(rot.):    -0.6964E-03    0.1912E-02    0.4943E-01
# Minimization at step:    45 with Value:     0.0000Tol(Act/Req):0.1973E+01/0.1000E-04
# With parameters(tra.):     0.2177E-03   -0.7093E-04   -0.2272E-03
# With parameters(rot.):     0.7515E-03    0.1175E-02    0.4908E-01
# Minimization at step:    46 with Value:     0.0000Tol(Act/Req):0.1973E+01/0.1000E-04
# With parameters(tra.):     0.2188E-03   -0.8561E-05   -0.2357E-03
# With parameters(rot.):     0.8287E-03    0.9119E-03    0.4914E-01
# Minimization at step:    47 with Value:     0.0000Tol(Act/Req):0.1972E+01/0.1000E-04
# With parameters(tra.):     0.1791E-03   -0.4680E-04   -0.2154E-03
# With parameters(rot.):     0.1103E-02    0.9611E-03    0.4901E-01
# Minimization at step:    48 with Value:     0.0000Tol(Act/Req):0.1960E+01/0.1000E-04
# With parameters(tra.):     0.8778E-04    0.4546E-04   -0.2114E-03
# With parameters(rot.):     0.1043E-03    0.1460E-02    0.4926E-01
# Minimization at step:    49 with Value:     0.0000Tol(Act/Req):0.1929E+01/0.1000E-04
# With parameters(tra.):     0.1278E-03    0.1978E-04   -0.8828E-04
# With parameters(rot.):    -0.3176E-03    0.1710E-02    0.4927E-01
# Minimization at step:    50 with Value:     0.0000Tol(Act/Req):0.1921E+01/0.1000E-04
# With parameters(tra.):     0.1199E-03   -0.2038E-04   -0.1008E-03
# With parameters(rot.):    -0.7585E-03    0.8990E-03    0.4993E-01
# Minimization at step:    51 with Value:     0.0000Tol(Act/Req):0.1920E+01/0.1000E-04
# With parameters(tra.):     0.2059E-04   -0.8804E-04   -0.2205E-04
# With parameters(rot.):    -0.8312E-03    0.9768E-03    0.4997E-01
# Minimization at step:    52 with Value:     0.0000Tol(Act/Req):0.1906E+01/0.1000E-04
# With parameters(tra.):    -0.2732E-04   -0.1435E-04    0.1863E-04
# With parameters(rot.):    -0.1130E-02    0.5976E-03    0.5028E-01
# Minimization at step:    53 with Value:     0.0000Tol(Act/Req):0.1894E+01/0.1000E-04
# With parameters(tra.):    -0.2170E-04   -0.3471E-04    0.3714E-04
# With parameters(rot.):    -0.1067E-02    0.4425E-03    0.5032E-01
# Minimization at step:    54 with Value:     0.0000Tol(Act/Req):0.1860E+01/0.1000E-04
# With parameters(tra.):    -0.3970E-06   -0.1335E-04    0.2239E-04
# With parameters(rot.):    -0.1068E-02    0.3786E-03    0.5034E-01
# Minimization at step:    55 with Value:     0.0000Tol(Act/Req):0.1851E+01/0.1000E-04
# With parameters(tra.):    -0.1776E-04   -0.1184E-04    0.1109E-04
# With parameters(rot.):    -0.1061E-02    0.2259E-03    0.5043E-01
# Minimization at step:    56 with Value:     0.0000Tol(Act/Req):0.1750E+01/0.1000E-04
# With parameters(tra.):    -0.2724E-04   -0.1083E-05    0.2353E-04
# With parameters(rot.):    -0.9756E-03    0.3727E-03    0.5030E-01
# Minimization at step:    57 with Value:     0.0000Tol(Act/Req):0.1731E+01/0.1000E-04
# With parameters(tra.):     0.4724E-05   -0.4579E-04   -0.1954E-05
# With parameters(rot.):    -0.7246E-03    0.5505E-03    0.5011E-01
# Minimization at step:    58 with Value:     0.0000Tol(Act/Req):0.1702E+01/0.1000E-04
# With parameters(tra.):     0.2477E-04   -0.9020E-04    0.2203E-04
# With parameters(rot.):    -0.4835E-03    0.2763E-03    0.5013E-01
# Minimization at step:    59 with Value:     0.0000Tol(Act/Req):0.1665E+01/0.1000E-04
# With parameters(tra.):     0.7576E-04   -0.7309E-04   -0.7587E-05
# With parameters(rot.):    -0.2914E-03    0.1143E-03    0.5009E-01
# Minimization at step:    60 with Value:     0.0000Tol(Act/Req):0.1659E+01/0.1000E-04
# With parameters(tra.):     0.7500E-04   -0.6056E-04   -0.1605E-04
# With parameters(rot.):    -0.3357E-03    0.1693E-03    0.5008E-01
# Minimization at step:    61 with Value:     0.0000Tol(Act/Req):0.1640E+01/0.1000E-04
# With parameters(tra.):     0.6646E-04   -0.2079E-04    0.4736E-05
# With parameters(rot.):    -0.4571E-03   -0.1355E-03    0.5027E-01
# Minimization at step:    62 with Value:     0.0000Tol(Act/Req):0.1630E+01/0.1000E-04
# With parameters(tra.):     0.5294E-04   -0.2070E-04    0.1317E-04
# With parameters(rot.):    -0.5189E-03   -0.1158E-03    0.5029E-01
# Minimization at step:    63 with Value:     0.0000Tol(Act/Req):0.1586E+01/0.1000E-04
# With parameters(tra.):     0.5015E-04   -0.2068E-04    0.7690E-05
# With parameters(rot.):    -0.4699E-03   -0.2206E-03    0.5033E-01
# Minimization at step:    64 with Value:     0.0000Tol(Act/Req):0.1554E+01/0.1000E-04
# With parameters(tra.):     0.5697E-04   -0.5713E-05    0.2730E-04
# With parameters(rot.):    -0.1313E-03   -0.1249E-03    0.5009E-01
# Minimization at step:    65 with Value:     0.0000Tol(Act/Req):0.1375E+01/0.1000E-04
# With parameters(tra.):     0.5832E-04   -0.1440E-04    0.2398E-04
# With parameters(rot.):    -0.7375E-04   -0.4781E-04    0.5003E-01
# Minimization at step:    66 with Value:     0.0000Tol(Act/Req):0.1278E+01/0.1000E-04
# With parameters(tra.):     0.5672E-04   -0.1887E-04    0.1880E-04
# With parameters(rot.):    -0.1536E-03   -0.6532E-04    0.5008E-01
# Minimization at step:    67 with Value:     0.0000Tol(Act/Req):0.1186E+01/0.1000E-04
# With parameters(tra.):     0.4911E-04    0.2009E-04    0.1349E-04
# With parameters(rot.):    -0.1815E-03   -0.3347E-04    0.5007E-01
# Minimization at step:    68 with Value:     0.0000Tol(Act/Req):0.1177E+01/0.1000E-04
# With parameters(tra.):     0.4466E-04    0.3031E-04    0.6729E-05
# With parameters(rot.):    -0.3582E-04   -0.1439E-03    0.5005E-01
# Minimization at step:    69 with Value:     0.0000Tol(Act/Req):0.1158E+01/0.1000E-04
# With parameters(tra.):     0.2231E-04    0.4319E-04    0.1777E-04
# With parameters(rot.):    -0.7782E-05   -0.1214E-03    0.5002E-01
# Minimization at step:    70 with Value:     0.0000Tol(Act/Req):0.1001E+01/0.1000E-04
# With parameters(tra.):     0.2100E-04    0.1193E-04    0.2450E-04
# With parameters(rot.):     0.7796E-04   -0.1825E-03    0.5002E-01
# Minimization at step:    71 with Value:     0.0000Tol(Act/Req):0.9777E+00/0.1000E-04
# With parameters(tra.):     0.1125E-04    0.3333E-05    0.1804E-04
# With parameters(rot.):     0.2436E-03   -0.7326E-04    0.4990E-01
# Minimization at step:    72 with Value:     0.0000Tol(Act/Req):0.9286E+00/0.1000E-04
# With parameters(tra.):     0.1076E-04    0.1043E-04    0.1582E-04
# With parameters(rot.):     0.2359E-03   -0.4887E-04    0.4989E-01
# Minimization at step:    73 with Value:     0.0000Tol(Act/Req):0.7866E+00/0.1000E-04
# With parameters(tra.):     0.1316E-04    0.1317E-04    0.1725E-04
# With parameters(rot.):     0.1939E-03   -0.7415E-04    0.4992E-01
# Minimization at step:    74 with Value:     0.0000Tol(Act/Req):0.6841E+00/0.1000E-04
# With parameters(tra.):    -0.4551E-05    0.1492E-04    0.6371E-05
# With parameters(rot.):     0.1500E-03   -0.1121E-03    0.4997E-01
# Minimization at step:    75 with Value:     0.0000Tol(Act/Req):0.6593E+00/0.1000E-04
# With parameters(tra.):    -0.1799E-04    0.2972E-05    0.1076E-04
# With parameters(rot.):     0.1148E-03   -0.2789E-04    0.4996E-01
# Minimization at step:    76 with Value:     0.0000Tol(Act/Req):0.5819E+00/0.1000E-04
# With parameters(tra.):    -0.1763E-04   -0.2525E-05    0.8338E-05
# With parameters(rot.):     0.1204E-03   -0.2385E-04    0.4996E-01
# Minimization at step:    77 with Value:     0.0000Tol(Act/Req):0.5425E+00/0.1000E-04
# With parameters(tra.):    -0.1424E-04    0.3154E-08    0.7038E-05
# With parameters(rot.):     0.1296E-03   -0.4457E-04    0.4996E-01
# Minimization at step:    78 with Value:     0.0000Tol(Act/Req):0.4717E+00/0.1000E-04
# With parameters(tra.):    -0.1062E-04   -0.1676E-05    0.9813E-05
# With parameters(rot.):     0.1389E-03   -0.2945E-04    0.4995E-01
# Minimization at step:    79 with Value:     0.0000Tol(Act/Req):0.4362E+00/0.1000E-04
# With parameters(tra.):    -0.1669E-04    0.5943E-05    0.4980E-05
# With parameters(rot.):     0.1032E-03    0.1199E-04    0.4995E-01
# Minimization at step:    80 with Value:     0.0000Tol(Act/Req):0.2528E+00/0.1000E-04
# With parameters(tra.):    -0.1797E-04    0.6711E-05    0.4672E-05
# With parameters(rot.):     0.7461E-04    0.6525E-05    0.4996E-01
# Minimization at step:    81 with Value:     0.0000Tol(Act/Req):0.2273E+00/0.1000E-04
# With parameters(tra.):    -0.1736E-04   -0.1205E-05   -0.1396E-05
# With parameters(rot.):     0.7044E-04    0.2473E-04    0.4996E-01
# Minimization at step:    82 with Value:     0.0000Tol(Act/Req):0.1910E+00/0.1000E-04
# With parameters(tra.):    -0.1161E-04    0.3449E-05   -0.6807E-05
# With parameters(rot.):     0.6922E-04    0.6398E-05    0.4997E-01
# Minimization at step:    83 with Value:     0.0000Tol(Act/Req):0.1857E+00/0.1000E-04
# With parameters(tra.):    -0.4707E-05    0.1798E-05   -0.6797E-05
# With parameters(rot.):     0.6456E-04    0.4858E-04    0.4995E-01
# Minimization at step:    84 with Value:     0.0000Tol(Act/Req):0.1804E+00/0.1000E-04
# With parameters(tra.):    -0.3807E-05    0.4027E-05   -0.5730E-05
# With parameters(rot.):     0.6511E-04    0.4602E-04    0.4995E-01
# Minimization at step:    85 with Value:     0.0000Tol(Act/Req):0.1703E+00/0.1000E-04
# With parameters(tra.):    -0.1722E-05    0.2598E-05   -0.5817E-05
# With parameters(rot.):     0.6789E-04    0.4195E-04    0.4995E-01
# Minimization at step:    86 with Value:     0.0000Tol(Act/Req):0.1416E+00/0.1000E-04
# With parameters(tra.):     0.4088E-06    0.2722E-05   -0.8900E-05
# With parameters(rot.):     0.2334E-04    0.4260E-04    0.4997E-01
# Minimization at step:    87 with Value:     0.0000Tol(Act/Req):0.1228E+00/0.1000E-04
# With parameters(tra.):    -0.8920E-06   -0.9505E-06   -0.5366E-05
# With parameters(rot.):     0.1279E-04    0.6541E-04    0.4996E-01
# Minimization at step:    88 with Value:     0.0000Tol(Act/Req):0.6566E-01/0.1000E-04
# With parameters(tra.):    -0.5119E-05   -0.3996E-06   -0.5015E-05
# With parameters(rot.):     0.3343E-05    0.3797E-04    0.4998E-01
# Minimization at step:    89 with Value:     0.0000Tol(Act/Req):0.6427E-01/0.1000E-04
# With parameters(tra.):    -0.3757E-05    0.2583E-05   -0.2643E-05
# With parameters(rot.):    -0.1614E-04    0.3016E-04    0.4999E-01
# Minimization at step:    90 with Value:     0.0000Tol(Act/Req):0.5771E-01/0.1000E-04
# With parameters(tra.):    -0.2656E-06   -0.2803E-06   -0.1758E-05
# With parameters(rot.):    -0.3860E-04    0.1809E-04    0.5001E-01
# Minimization at step:    91 with Value:     0.0000Tol(Act/Req):0.5332E-01/0.1000E-04
# With parameters(tra.):    -0.1911E-05   -0.1364E-05    0.2678E-05
# With parameters(rot.):    -0.2955E-04    0.9485E-05    0.5001E-01
# Minimization at step:    92 with Value:     0.0000Tol(Act/Req):0.5210E-01/0.1000E-04
# With parameters(tra.):    -0.2921E-05   -0.7379E-06    0.2827E-05
# With parameters(rot.):    -0.2318E-04    0.1179E-04    0.5001E-01
# Minimization at step:    93 with Value:     0.0000Tol(Act/Req):0.4303E-01/0.1000E-04
# With parameters(tra.):    -0.2594E-05   -0.4149E-06    0.1730E-05
# With parameters(rot.):    -0.2491E-04    0.1413E-04    0.5001E-01
# Minimization at step:    94 with Value:     0.0000Tol(Act/Req):0.3516E-01/0.1000E-04
# With parameters(tra.):    -0.2519E-05    0.2417E-06    0.1732E-05
# With parameters(rot.):    -0.2629E-04    0.6056E-05    0.5001E-01
# Minimization at step:    95 with Value:     0.0000Tol(Act/Req):0.2842E-01/0.1000E-04
# With parameters(tra.):    -0.2756E-05   -0.6992E-06    0.1504E-05
# With parameters(rot.):    -0.2227E-04    0.5999E-05    0.5001E-01
# Minimization at step:    96 with Value:     0.0000Tol(Act/Req):0.1574E-01/0.1000E-04
# With parameters(tra.):    -0.1855E-05   -0.8160E-06    0.1988E-05
# With parameters(rot.):    -0.2283E-04    0.7907E-05    0.5001E-01
# Minimization at step:    97 with Value:     0.0000Tol(Act/Req):0.1448E-01/0.1000E-04
# With parameters(tra.):    -0.9539E-06   -0.3037E-06   -0.1188E-06
# With parameters(rot.):    -0.2560E-04    0.1052E-04    0.5001E-01
# Minimization at step:    98 with Value:     0.0000Tol(Act/Req):0.1212E-01/0.1000E-04
# With parameters(tra.):    -0.1977E-05    0.7433E-06   -0.6323E-06
# With parameters(rot.):    -0.1665E-04    0.1365E-04    0.5000E-01
# Minimization at step:    99 with Value:     0.0000Tol(Act/Req):0.1156E-01/0.1000E-04
# With parameters(tra.):    -0.1894E-05    0.1113E-05   -0.8282E-06
# With parameters(rot.):    -0.1654E-04    0.1025E-04    0.5000E-01
# Minimization at step:   100 with Value:     0.0000Tol(Act/Req):0.1063E-01/0.1000E-04
# With parameters(tra.):    -0.2198E-05    0.1103E-05   -0.3605E-06
# With parameters(rot.):    -0.1509E-04    0.9575E-05    0.5000E-01
# Minimization at step:   101 with Value:     0.0000Tol(Act/Req):0.8073E-02/0.1000E-04
# With parameters(tra.):    -0.2414E-05    0.1428E-06   -0.1169E-05
# With parameters(rot.):    -0.7257E-05    0.1038E-04    0.5000E-01
# Minimization at step:   102 with Value:     0.0000Tol(Act/Req):0.4693E-02/0.1000E-04
# With parameters(tra.):    -0.1202E-05    0.2073E-06   -0.1232E-05
# With parameters(rot.):    -0.4205E-05    0.1386E-04    0.5000E-01
# Minimization at step:   103 with Value:     0.0000Tol(Act/Req):0.4199E-02/0.1000E-04
# With parameters(tra.):    -0.2618E-06   -0.6694E-06   -0.1089E-05
# With parameters(rot.):    -0.6021E-05    0.1185E-04    0.5000E-01
# Minimization at step:   104 with Value:     0.0000Tol(Act/Req):0.3886E-02/0.1000E-04
# With parameters(tra.):     0.4477E-06   -0.5234E-06   -0.1568E-05
# With parameters(rot.):    -0.2290E-05    0.5570E-05    0.5000E-01
# Minimization at step:   105 with Value:     0.0000Tol(Act/Req):0.3364E-02/0.1000E-04
# With parameters(tra.):     0.7225E-06   -0.1086E-05   -0.1035E-05
# With parameters(rot.):     0.4870E-05    0.2883E-05    0.5000E-01
# Minimization at step:   106 with Value:     0.0000Tol(Act/Req):0.3284E-02/0.1000E-04
# With parameters(tra.):     0.1020E-05   -0.1028E-05   -0.8892E-06
# With parameters(rot.):     0.4576E-05    0.2123E-05    0.5000E-01
# Minimization at step:   107 with Value:     0.0000Tol(Act/Req):0.3078E-02/0.1000E-04
# With parameters(tra.):     0.9761E-06   -0.8826E-06   -0.1010E-05
# With parameters(rot.):     0.2761E-05    0.2731E-05    0.5000E-01
# Minimization at step:   108 with Value:     0.0000Tol(Act/Req):0.2793E-02/0.1000E-04
# With parameters(tra.):     0.4427E-06   -0.1148E-05   -0.3454E-06
# With parameters(rot.):     0.7140E-06    0.8061E-05    0.5000E-01
# Minimization at step:   109 with Value:     0.0000Tol(Act/Req):0.2749E-02/0.1000E-04
# With parameters(tra.):    -0.2629E-06   -0.4311E-06   -0.2400E-06
# With parameters(rot.):     0.4775E-05    0.8818E-05    0.4999E-01
# Minimization at step:   110 with Value:     0.0000Tol(Act/Req):0.2217E-02/0.1000E-04
# With parameters(tra.):    -0.1884E-06   -0.3050E-06   -0.3975E-06
# With parameters(rot.):     0.5625E-05    0.7549E-05    0.4999E-01
# Minimization at step:   111 with Value:     0.0000Tol(Act/Req):0.1676E-02/0.1000E-04
# With parameters(tra.):    -0.5757E-08   -0.4737E-06   -0.4369E-06
# With parameters(rot.):     0.4681E-05    0.7254E-05    0.4999E-01
# Minimization at step:   112 with Value:     0.0000Tol(Act/Req):0.1113E-02/0.1000E-04
# With parameters(tra.):    -0.3127E-06   -0.6762E-06   -0.2071E-06
# With parameters(rot.):     0.5376E-05    0.3861E-05    0.5000E-01
# Minimization at step:   113 with Value:     0.0000Tol(Act/Req):0.1077E-02/0.1000E-04
# With parameters(tra.):    -0.4421E-06   -0.5863E-06   -0.2007E-06
# With parameters(rot.):     0.4687E-05    0.4260E-05    0.5000E-01
# Minimization at step:   114 with Value:     0.0000Tol(Act/Req):0.8613E-03/0.1000E-04
# With parameters(tra.):    -0.3345E-06   -0.3237E-06    0.3208E-06
# With parameters(rot.):     0.4134E-05    0.3452E-05    0.5000E-01
# Minimization at step:   115 with Value:     0.0000Tol(Act/Req):0.7007E-03/0.1000E-04
# With parameters(tra.):    -0.2341E-06   -0.7755E-07    0.2454E-06
# With parameters(rot.):     0.5337E-05   -0.4521E-06    0.5000E-01
# Minimization at step:   116 with Value:     0.0000Tol(Act/Req):0.6592E-03/0.1000E-04
# With parameters(tra.):    -0.1618E-06   -0.1289E-06    0.2825E-06
# With parameters(rot.):     0.4920E-05   -0.1242E-05    0.5000E-01
# Minimization at step:   117 with Value:     0.0000Tol(Act/Req):0.6589E-03/0.1000E-04
# With parameters(tra.):    -0.1809E-06   -0.1947E-06    0.3045E-06
# With parameters(rot.):     0.4584E-05   -0.3317E-06    0.5000E-01
# Minimization at step:   118 with Value:     0.0000Tol(Act/Req):0.4211E-03/0.1000E-04
# With parameters(tra.):    -0.1950E-06   -0.2496E-06    0.1727E-06
# With parameters(rot.):     0.4760E-05   -0.4451E-06    0.5000E-01
# Minimization at step:   119 with Value:     0.0000Tol(Act/Req):0.4034E-03/0.1000E-04
# With parameters(tra.):     0.4890E-07    0.2755E-07    0.1461E-06
# With parameters(rot.):     0.4091E-05    0.3813E-06    0.5000E-01
# Minimization at step:   120 with Value:     0.0000Tol(Act/Req):0.2274E-03/0.1000E-04
# With parameters(tra.):     0.2514E-07    0.1236E-06    0.1782E-06
# With parameters(rot.):     0.3696E-05    0.2573E-06    0.5000E-01
# Minimization at step:   121 with Value:     0.0000Tol(Act/Req):0.2123E-03/0.1000E-04
# With parameters(tra.):     0.2320E-06    0.1051E-06    0.2177E-06
# With parameters(rot.):     0.2454E-05   -0.8225E-06    0.5000E-01
# Minimization at step:   122 with Value:     0.0000Tol(Act/Req):0.2093E-03/0.1000E-04
# With parameters(tra.):     0.3315E-06    0.7342E-07    0.2327E-06
# With parameters(rot.):     0.1072E-05    0.8343E-06    0.5000E-01
# Minimization at step:   123 with Value:     0.0000Tol(Act/Req):0.1991E-03/0.1000E-04
# With parameters(tra.):     0.1818E-06   -0.1885E-06    0.2882E-06
# With parameters(rot.):     0.7350E-06    0.1589E-06    0.5000E-01
# Minimization at step:   124 with Value:     0.0000Tol(Act/Req):0.1776E-03/0.1000E-04
# With parameters(tra.):     0.2792E-06   -0.2779E-06    0.6316E-07
# With parameters(rot.):    -0.2552E-06    0.1333E-06    0.5000E-01
# Minimization at step:   125 with Value:     0.0000Tol(Act/Req):0.1762E-03/0.1000E-04
# With parameters(tra.):     0.2500E-06   -0.2993E-06    0.4529E-07
# With parameters(rot.):    -0.2045E-07   -0.3393E-06    0.5000E-01
# Minimization at step:   126 with Value:     0.0000Tol(Act/Req):0.1702E-03/0.1000E-04
# With parameters(tra.):     0.2931E-06   -0.2431E-06    0.1119E-07
# With parameters(rot.):     0.8705E-09   -0.2119E-06    0.5000E-01
# Minimization at step:   127 with Value:     0.0000Tol(Act/Req):0.1612E-03/0.1000E-04
# With parameters(tra.):     0.2699E-06   -0.2178E-06    0.6310E-07
# With parameters(rot.):     0.2698E-06   -0.2343E-06    0.5000E-01
# Minimization at step:   128 with Value:     0.0000Tol(Act/Req):0.1291E-03/0.1000E-04
# With parameters(tra.):     0.2213E-06   -0.2401E-06    0.4035E-07
# With parameters(rot.):     0.3985E-06    0.8466E-07    0.5000E-01
# Minimization at step:   129 with Value:     0.0000Tol(Act/Req):0.5291E-04/0.1000E-04
# With parameters(tra.):     0.2258E-06   -0.2223E-06    0.4491E-07
# With parameters(rot.):    -0.7353E-07    0.8263E-08    0.5000E-01
# Minimization at step:   130 with Value:     0.0000Tol(Act/Req):0.5258E-04/0.1000E-04
# With parameters(tra.):     0.2896E-06   -0.1029E-06   -0.1206E-07
# With parameters(rot.):    -0.5570E-07    0.3364E-06    0.5000E-01
# Minimization at step:   131 with Value:     0.0000Tol(Act/Req):0.5165E-04/0.1000E-04
# With parameters(tra.):     0.2498E-06   -0.1410E-07    0.6671E-07
# With parameters(rot.):     0.3736E-06    0.4818E-06    0.5000E-01
# Minimization at step:   132 with Value:     0.0000Tol(Act/Req):0.4856E-04/0.1000E-04
# With parameters(tra.):     0.1912E-06    0.3825E-07    0.3812E-07
# With parameters(rot.):     0.9744E-06   -0.1897E-06    0.5000E-01
# Minimization at step:   133 with Value:     0.0000Tol(Act/Req):0.4632E-04/0.1000E-04
# With parameters(tra.):     0.8405E-07    0.8648E-07   -0.8140E-08
# With parameters(rot.):     0.1424E-05    0.3568E-06    0.5000E-01
# Minimization at step:   134 with Value:     0.0000Tol(Act/Req):0.4590E-04/0.1000E-04
# With parameters(tra.):     0.5097E-07    0.7241E-07    0.6430E-08
# With parameters(rot.):     0.1543E-05    0.2764E-06    0.5000E-01
# Minimization at step:   135 with Value:     0.0000Tol(Act/Req):0.3872E-04/0.1000E-04
# With parameters(tra.):     0.1231E-06    0.3273E-07    0.4476E-07
# With parameters(rot.):     0.1235E-05   -0.1535E-06    0.5000E-01
# Minimization at step:   136 with Value:     0.0000Tol(Act/Req):0.3588E-04/0.1000E-04
# With parameters(tra.):     0.1041E-06    0.1231E-06    0.5157E-07
# With parameters(rot.):     0.8545E-06   -0.3086E-06    0.5000E-01
# Minimization at step:   137 with Value:     0.0000Tol(Act/Req):0.3444E-04/0.1000E-04
# With parameters(tra.):     0.1336E-06    0.9903E-07    0.8465E-07
# With parameters(rot.):     0.2137E-06    0.3234E-06    0.5000E-01
# Minimization at step:   138 with Value:     0.0000Tol(Act/Req):0.3095E-04/0.1000E-04
# With parameters(tra.):     0.1347E-06    0.4791E-07    0.1185E-07
# With parameters(rot.):    -0.2689E-06    0.1251E-06    0.5000E-01
# Minimization at step:   139 with Value:     0.0000Tol(Act/Req):0.1481E-04/0.1000E-04
# With parameters(tra.):     0.1274E-06    0.4967E-07   -0.2483E-08
# With parameters(rot.):    -0.1489E-06   -0.4938E-07    0.5000E-01
# Minimization at step:   140 with Value:     0.0000Tol(Act/Req):0.1361E-04/0.1000E-04
# With parameters(tra.):     0.1265E-06    0.6259E-07    0.1452E-07
# With parameters(rot.):    -0.1826E-07   -0.1435E-07    0.5000E-01
# Minimization at step:   141 with Value:     0.0000Tol(Act/Req):0.1186E-04/0.1000E-04
# With parameters(tra.):     0.9136E-07    0.8990E-07   -0.1221E-07
# With parameters(rot.):    -0.1780E-06    0.2354E-06    0.5000E-01
# Minimization at step:   142 with Value:     0.0000Tol(Act/Req):0.1183E-04/0.1000E-04
# With parameters(tra.):     0.9346E-07    0.7208E-07   -0.1865E-07
# With parameters(rot.):    -0.2005E-06    0.3066E-06    0.5000E-01
# Minimization at step:   143 with Value:     0.0000Tol(Act/Req):0.7683E-05/0.1000E-04
# With parameters(tra.):     0.5448E-07    0.5090E-07   -0.3069E-08
# With parameters(rot.):    -0.4581E-06    0.1936E-06    0.5000E-01
# CSM Simplex Values from input minimization.
# Final Number of Simplex optim. Steps:   143
# Final CSM Simplex Value is:      0.00000000000
[molecule] Nrec=  16 Format=nscxyz
  he               1    2    0.49979622D-01   0.99875030D+00  -0.49998974D-01
  he               2    2    0.42837691D+00   0.90359912D+00   0.50000939D-01
  he               3    2    0.74156736D+00   0.67088523D+00  -0.49999282D-01
  he               4    2    0.94185154D+00   0.33602650D+00   0.50000395D-01
  he               5    2    0.99875019D+00  -0.49979598D-01  -0.49999980D-01
  he               6    2    0.90359911D+00  -0.42837698D+00   0.49999650D-01
  he               7    2    0.67088512D+00  -0.74156733D+00  -0.50000659D-01
  he               8    2    0.33602648D+00  -0.94185162D+00   0.49999141D-01
  he               9    2   -0.49979708D-01  -0.99875017D+00  -0.50000920D-01
  he              10    2   -0.42837700D+00  -0.90359918D+00   0.49999167D-01
  he              11    2   -0.74156744D+00  -0.67088509D+00  -0.50000611D-01
  he              12    2   -0.94185163D+00  -0.33602656D+00   0.49999711D-01
  he              13    2   -0.99875028D+00   0.49979732D-01  -0.49999914D-01
  he              14    2   -0.90359919D+00   0.42837692D+00   0.50000456D-01
  he              15    2   -0.67088520D+00   0.74156747D+00  -0.49999235D-01
  he              16    2   -0.33602657D+00   0.94185156D+00   0.50000965D-01
# Coordinates rotated along X. New coordinates:
[molecule] Nrec=  16 Format=nscxyz
  he               1    2    0.53191727D-16  -0.50000000D-01  -0.10000000D+01
  he               2    2    0.38268000D+00   0.50000000D-01  -0.92388000D+00
  he               3    2    0.70711000D+00  -0.50000000D-01  -0.70711000D+00
  he               4    2    0.92388000D+00   0.50000000D-01  -0.38268000D+00
  he               5    2    0.10000000D+01  -0.50000000D-01   0.58170723D-16
  he               6    2    0.92388000D+00   0.50000000D-01   0.38268000D+00
  he               7    2    0.70711000D+00  -0.50000000D-01   0.70711000D+00
  he               8    2    0.38268000D+00   0.50000000D-01   0.92388000D+00
  he               9    2   -0.69272953D-16  -0.50000000D-01   0.10000000D+01
  he              10    2   -0.38268000D+00   0.50000000D-01   0.92388000D+00
  he              11    2   -0.70711000D+00  -0.50000000D-01   0.70711000D+00
  he              12    2   -0.92388000D+00   0.50000000D-01   0.38268000D+00
  he              13    2   -0.10000000D+01  -0.50000000D-01  -0.64293957D-16
  he              14    2   -0.92388000D+00   0.50000000D-01  -0.38268000D+00
  he              15    2   -0.70711000D+00  -0.50000000D-01  -0.70711000D+00
  he              16    2   -0.38268000D+00   0.50000000D-01  -0.92388000D+00
# Minimization at step:     0 with Value:     0.0031Tol(Act/Req):0.2000E+01/0.1000E-04
# With parameters(tra.):     0.1429E-01    0.1429E-01    0.1429E-01
# With parameters(rot.):     0.1429E-01    0.1429E-01    0.1429E-01
# Minimization at step:     1 with Value:     0.0022Tol(Act/Req):0.2000E+01/0.1000E-04
# With parameters(tra.):     0.1548E-01    0.1548E-01    0.7143E-02
# With parameters(rot.):     0.1548E-01    0.1548E-01    0.1548E-01
# Minimization at step:     2 with Value:     0.0015Tol(Act/Req):0.2000E+01/0.1000E-04
# With parameters(tra.):     0.1677E-01    0.8433E-02    0.7738E-02
# With parameters(rot.):     0.1677E-01    0.1677E-01    0.1677E-01
# Minimization at step:     3 with Value:     0.0008Tol(Act/Req):0.2000E+01/0.1000E-04
# With parameters(tra.):    -0.4043E-02    0.1054E-01    0.9673E-02
# With parameters(rot.):     0.2096E-01    0.2096E-01    0.2096E-01
# Minimization at step:     4 with Value:     0.0006Tol(Act/Req):0.2000E+01/0.1000E-04
# With parameters(tra.):    -0.7137E-02    0.1109E-01   -0.4092E-03
# With parameters(rot.):     0.2411E-01    0.2411E-01    0.2411E-01
# Minimization at step:     5 with Value:     0.0004Tol(Act/Req):0.2000E+01/0.1000E-04
# With parameters(tra.):    -0.8484E-02    0.7792E-02   -0.7906E-03
# With parameters(rot.):     0.2537E-01    0.2537E-01    0.2537E-01
# Minimization at step:     6 with Value:     0.0003Tol(Act/Req):0.2000E+01/0.1000E-04
# With parameters(tra.):     0.8103E-03    0.6051E-02   -0.4374E-02
# With parameters(rot.):     0.2438E-01    0.2438E-01    0.2438E-01
# Minimization at step:     7 with Value:     0.0002Tol(Act/Req):0.2000E+01/0.1000E-04
# With parameters(tra.):     0.4344E-02    0.4515E-02   -0.3238E-03
# With parameters(rot.):     0.2287E-01    0.2287E-01    0.2287E-01
# Minimization at step:     8 with Value:     0.0001Tol(Act/Req):0.2000E+01/0.1000E-04
# With parameters(tra.):     0.4740E-02    0.2592E-02   -0.4755E-03
# With parameters(rot.):     0.2329E-01    0.2329E-01    0.2329E-01
# Minimization at step:     9 with Value:     0.0001Tol(Act/Req):0.2000E+01/0.1000E-04
# With parameters(tra.):     0.1075E-02    0.2597E-02    0.2291E-02
# With parameters(rot.):     0.2351E-01    0.2351E-01    0.2351E-01
# Minimization at step:    10 with Value:     0.0001Tol(Act/Req):0.2000E+01/0.1000E-04
# With parameters(tra.):     0.2134E-03    0.2694E-02    0.1833E-02
# With parameters(rot.):     0.2381E-01    0.2381E-01    0.2381E-01
# Minimization at step:    11 with Value:     0.0001Tol(Act/Req):0.2000E+01/0.1000E-04
# With parameters(tra.):    -0.3249E-03   -0.1656E-03    0.2183E-02
# With parameters(rot.):     0.2458E-01    0.2458E-01    0.2458E-01
# Minimization at step:    12 with Value:     0.0001Tol(Act/Req):0.2000E+01/0.1000E-04
# With parameters(tra.):    -0.3520E-03   -0.1794E-03    0.2365E-02
# With parameters(rot.):     0.1829E-01    0.2662E-01    0.2662E-01
# Minimization at step:    13 with Value:     0.0000Tol(Act/Req):0.2000E+01/0.1000E-04
# With parameters(tra.):    -0.4400E-03   -0.2242E-03    0.2956E-02
# With parameters(rot.):     0.2286E-01    0.8281E-02    0.3328E-01
# Minimization at step:    14 with Value:     0.0000Tol(Act/Req):0.2000E+01/0.1000E-04
# With parameters(tra.):     0.1014E-02   -0.9325E-03    0.1739E-02
# With parameters(rot.):     0.2259E-01    0.4363E-02    0.3561E-01
# Minimization at step:    15 with Value:     0.0000Tol(Act/Req):0.2000E+01/0.1000E-04
# With parameters(tra.):    -0.4424E-03   -0.1949E-02    0.7940E-03
# With parameters(rot.):     0.2280E-01   -0.1510E-02    0.4016E-01
# Minimization at step:    16 with Value:     0.0000Tol(Act/Req):0.2000E+01/0.1000E-04
# With parameters(tra.):    -0.1226E-03   -0.6369E-03    0.9790E-04
# With parameters(rot.):     0.2169E-01   -0.1071E-01    0.4484E-01
# Minimization at step:    17 with Value:     0.0000Tol(Act/Req):0.2000E+01/0.1000E-04
# With parameters(tra.):     0.2680E-03   -0.2736E-03    0.2763E-03
# With parameters(rot.):     0.2155E-01   -0.1001E-01    0.4410E-01
# Minimization at step:    18 with Value:     0.0000Tol(Act/Req):0.1999E+01/0.1000E-04
# With parameters(tra.):     0.4205E-03   -0.3325E-03   -0.5610E-04
# With parameters(rot.):     0.1007E-01   -0.1813E-01    0.5402E-01
# Minimization at step:    19 with Value:     0.0000Tol(Act/Req):0.1999E+01/0.1000E-04
# With parameters(tra.):     0.7660E-03   -0.3388E-03   -0.1454E-02
# With parameters(rot.):     0.2752E-02   -0.1470E-01    0.5649E-01
# Minimization at step:    20 with Value:     0.0000Tol(Act/Req):0.1999E+01/0.1000E-04
# With parameters(tra.):     0.7425E-03   -0.1551E-02   -0.1276E-02
# With parameters(rot.):    -0.2460E-02   -0.6830E-02    0.5569E-01
# Minimization at step:    21 with Value:     0.0000Tol(Act/Req):0.1999E+01/0.1000E-04
# With parameters(tra.):     0.3892E-03   -0.1949E-02    0.1821E-03
# With parameters(rot.):     0.3117E-02   -0.7631E-02    0.5295E-01
# Minimization at step:    22 with Value:     0.0000Tol(Act/Req):0.1999E+01/0.1000E-04
# With parameters(tra.):     0.3484E-03   -0.2069E-02    0.2851E-03
# With parameters(rot.):     0.5409E-02   -0.4727E-02    0.5038E-01
# Minimization at step:    23 with Value:     0.0000Tol(Act/Req):0.1999E+01/0.1000E-04
# With parameters(tra.):     0.6033E-03   -0.1801E-02   -0.7825E-03
# With parameters(rot.):     0.1799E-02   -0.3400E-02    0.5179E-01
# Minimization at step:    24 with Value:     0.0000Tol(Act/Req):0.1999E+01/0.1000E-04
# With parameters(tra.):     0.5975E-03   -0.1518E-02   -0.7861E-03
# With parameters(rot.):     0.3457E-02   -0.5083E-02    0.5167E-01
# Minimization at step:    25 with Value:     0.0000Tol(Act/Req):0.1999E+01/0.1000E-04
# With parameters(tra.):    -0.2333E-03   -0.1311E-02   -0.8092E-03
# With parameters(rot.):    -0.1190E-02   -0.5485E-02    0.5451E-01
# Minimization at step:    26 with Value:     0.0000Tol(Act/Req):0.1998E+01/0.1000E-04
# With parameters(tra.):    -0.7977E-04   -0.1215E-02   -0.8105E-03
# With parameters(rot.):    -0.3157E-02   -0.4757E-02    0.5501E-01
# Minimization at step:    27 with Value:     0.0000Tol(Act/Req):0.1998E+01/0.1000E-04
# With parameters(tra.):    -0.4773E-03   -0.1199E-02   -0.1080E-03
# With parameters(rot.):    -0.2402E-02   -0.6094E-02    0.5514E-01
# Minimization at step:    28 with Value:     0.0000Tol(Act/Req):0.1998E+01/0.1000E-04
# With parameters(tra.):    -0.8341E-03   -0.1149E-02   -0.3319E-04
# With parameters(rot.):    -0.4219E-03   -0.7411E-03    0.5159E-01
# Minimization at step:    29 with Value:     0.0000Tol(Act/Req):0.1997E+01/0.1000E-04
# With parameters(tra.):    -0.9562E-03   -0.9773E-03    0.2777E-04
# With parameters(rot.):     0.8388E-04   -0.1221E-02    0.5152E-01
# Minimization at step:    30 with Value:     0.0000Tol(Act/Req):0.1997E+01/0.1000E-04
# With parameters(tra.):    -0.8968E-03   -0.9628E-03   -0.1365E-03
# With parameters(rot.):     0.1023E-03   -0.4804E-03    0.5119E-01
# Minimization at step:    31 with Value:     0.0000Tol(Act/Req):0.1996E+01/0.1000E-04
# With parameters(tra.):    -0.8128E-03   -0.9598E-03   -0.1638E-03
# With parameters(rot.):    -0.3490E-03   -0.1797E-02    0.5204E-01
# Minimization at step:    32 with Value:     0.0000Tol(Act/Req):0.1996E+01/0.1000E-04
# With parameters(tra.):    -0.4520E-03   -0.9813E-03    0.6667E-04
# With parameters(rot.):     0.3030E-02   -0.2994E-03    0.4932E-01
# Minimization at step:    33 with Value:     0.0000Tol(Act/Req):0.1995E+01/0.1000E-04
# With parameters(tra.):    -0.2690E-03   -0.7128E-03    0.3565E-03
# With parameters(rot.):     0.1159E-02    0.2642E-02    0.4841E-01
# Minimization at step:    34 with Value:     0.0000Tol(Act/Req):0.1994E+01/0.1000E-04
# With parameters(tra.):    -0.3440E-03   -0.6850E-03    0.3230E-03
# With parameters(rot.):     0.1584E-03    0.2513E-02    0.4902E-01
# Minimization at step:    35 with Value:     0.0000Tol(Act/Req):0.1993E+01/0.1000E-04
# With parameters(tra.):    -0.3960E-03   -0.7498E-03    0.2478E-03
# With parameters(rot.):     0.5427E-03    0.1767E-02    0.4929E-01
# Minimization at step:    36 with Value:     0.0000Tol(Act/Req):0.1993E+01/0.1000E-04
# With parameters(tra.):    -0.4535E-03   -0.3302E-03    0.4430E-03
# With parameters(rot.):     0.1707E-02    0.1804E-02    0.4841E-01
# Minimization at step:    37 with Value:     0.0000Tol(Act/Req):0.1991E+01/0.1000E-04
# With parameters(tra.):    -0.1868E-03   -0.9036E-04    0.3077E-03
# With parameters(rot.):     0.2279E-02    0.4046E-02    0.4682E-01
# Minimization at step:    38 with Value:     0.0000Tol(Act/Req):0.1991E+01/0.1000E-04
# With parameters(tra.):    -0.9271E-04   -0.1640E-04    0.3333E-03
# With parameters(rot.):     0.2272E-02    0.3874E-02    0.4681E-01
# Minimization at step:    39 with Value:     0.0000Tol(Act/Req):0.1991E+01/0.1000E-04
# With parameters(tra.):    -0.1515E-03   -0.7018E-04    0.3693E-03
# With parameters(rot.):     0.2129E-02    0.3300E-02    0.4721E-01
# Minimization at step:    40 with Value:     0.0000Tol(Act/Req):0.1985E+01/0.1000E-04
# With parameters(tra.):    -0.3285E-04   -0.3199E-03    0.2044E-03
# With parameters(rot.):     0.1361E-02    0.3646E-02    0.4757E-01
# Minimization at step:    41 with Value:     0.0000Tol(Act/Req):0.1981E+01/0.1000E-04
# With parameters(tra.):    -0.7902E-04   -0.1427E-03    0.9788E-04
# With parameters(rot.):    -0.2394E-03    0.3765E-02    0.4830E-01
# Minimization at step:    42 with Value:     0.0000Tol(Act/Req):0.1976E+01/0.1000E-04
# With parameters(tra.):    -0.7736E-04   -0.7000E-04   -0.1026E-03
# With parameters(rot.):     0.2685E-03    0.2939E-02    0.4852E-01
# Minimization at step:    43 with Value:     0.0000Tol(Act/Req):0.1976E+01/0.1000E-04
# With parameters(tra.):     0.1160E-03    0.6007E-04   -0.1966E-03
# With parameters(rot.):    -0.4129E-03    0.2284E-02    0.4907E-01
# Minimization at step:    44 with Value:     0.0000Tol(Act/Req):0.1973E+01/0.1000E-04
# With parameters(tra.):     0.1089E-03    0.4403E-04   -0.2258E-03
# With parameters(rot.):    -0.6964E-03    0.1912E-02    0.4943E-01
# Minimization at step:    45 with Value:     0.0000Tol(Act/Req):0.1973E+01/0.1000E-04
# With parameters(tra.):     0.2177E-03   -0.7093E-04   -0.2272E-03
# With parameters(rot.):     0.7515E-03    0.1175E-02    0.4908E-01
# Minimization at step:    46 with Value:     0.0000Tol(Act/Req):0.1973E+01/0.1000E-04
# With parameters(tra.):     0.2188E-03   -0.8561E-05   -0.2357E-03
# With parameters(rot.):     0.8287E-03    0.9119E-03    0.4914E-01
# Minimization at step:    47 with Value:     0.0000Tol(Act/Req):0.1972E+01/0.1000E-04
# With parameters(tra.):     0.1791E-03   -0.4680E-04   -0.2154E-03
# With parameters(rot.):     0.1103E-02    0.9611E-03    0.4901E-01
# Minimization at step:    48 with Value:     0.0000Tol(Act/Req):0.1960E+01/0.1000E-04
# With parameters(tra.):     0.8778E-04    0.4546E-04   -0.2114E-03
# With parameters(rot.):     0.1043E-03    0.1460E-02    0.4926E-01
# Minimization at step:    49 with Value:     0.0000Tol(Act/Req):0.1929E+01/0.1000E-04
# With parameters(tra.):     0.1278E-03    0.1978E-04   -0.8828E-04
# With parameters(rot.):    -0.3176E-03    0.1710E-02    0.4927E-01
# Minimization at step:    50 with Value:     0.0000Tol(Act/Req):0.1921E+01/0.1000E-04
# With parameters(tra.):     0.1199E-03   -0.2038E-04   -0.1008E-03
# With parameters(rot.):    -0.7585E-03    0.8990E-03    0.4993E-01
# Minimization at step:    51 with Value:     0.0000Tol(Act/Req):0.1920E+01/0.1000E-04
# With parameters(tra.):     0.2059E-04   -0.8804E-04   -0.2205E-04
# With parameters(rot.):    -0.8312E-03    0.9768E-03    0.4997E-01
# Minimization at step:    52 with Value:     0.0000Tol(Act/Req):0.1906E+01/0.1000E-04
# With parameters(tra.):    -0.2732E-04   -0.1435E-04    0.1863E-04
# With parameters(rot.):    -0.1130E-02    0.5976E-03    0.5028E-01
# Minimization at step:    53 with Value:     0.0000Tol(Act/Req):0.1894E+01/0.1000E-04
# With parameters(tra.):    -0.2170E-04   -0.3471E-04    0.3714E-04
# With parameters(rot.):    -0.1067E-02    0.4425E-03    0.5032E-01
# Minimization at step:    54 with Value:     0.0000Tol(Act/Req):0.1860E+01/0.1000E-04
# With parameters(tra.):    -0.3970E-06   -0.1335E-04    0.2239E-04
# With parameters(rot.):    -0.1068E-02    0.3786E-03    0.5034E-01
# Minimization at step:    55 with Value:     0.0000Tol(Act/Req):0.1851E+01/0.1000E-04
# With parameters(tra.):    -0.1776E-04   -0.1184E-04    0.1109E-04
# With parameters(rot.):    -0.1061E-02    0.2259E-03    0.5043E-01
# Minimization at step:    56 with Value:     0.0000Tol(Act/Req):0.1750E+01/0.1000E-04
# With parameters(tra.):    -0.2724E-04   -0.1083E-05    0.2353E-04
# With parameters(rot.):    -0.9756E-03    0.3727E-03    0.5030E-01
# Minimization at step:    57 with Value:     0.0000Tol(Act/Req):0.1731E+01/0.1000E-04
# With parameters(tra.):     0.4724E-05   -0.4579E-04   -0.1954E-05
# With parameters(rot.):    -0.7246E-03    0.5505E-03    0.5011E-01
# Minimization at step:    58 with Value:     0.0000Tol(Act/Req):0.1702E+01/0.1000E-04
# With parameters(tra.):     0.2477E-04   -0.9020E-04    0.2203E-04
# With parameters(rot.):    -0.4835E-03    0.2763E-03    0.5013E-01
# Minimization at step:    59 with Value:     0.0000Tol(Act/Req):0.1665E+01/0.1000E-04
# With parameters(tra.):     0.7576E-04   -0.7309E-04   -0.7587E-05
# With parameters(rot.):    -0.2914E-03    0.1143E-03    0.5009E-01
# Minimization at step:    60 with Value:     0.0000Tol(Act/Req):0.1659E+01/0.1000E-04
# With parameters(tra.):     0.7500E-04   -0.6056E-04   -0.1605E-04
# With parameters(rot.):    -0.3357E-03    0.1693E-03    0.5008E-01
# Minimization at step:    61 with Value:     0.0000Tol(Act/Req):0.1640E+01/0.1000E-04
# With parameters(tra.):     0.6646E-04   -0.2079E-04    0.4736E-05
# With parameters(rot.):    -0.4571E-03   -0.1355E-03    0.5027E-01
# Minimization at step:    62 with Value:     0.0000Tol(Act/Req):0.1630E+01/0.1000E-04
# With parameters(tra.):     0.5294E-04   -0.2070E-04    0.1317E-04
# With parameters(rot.):    -0.5189E-03   -0.1158E-03    0.5029E-01
# Minimization at step:    63 with Value:     0.0000Tol(Act/Req):0.1586E+01/0.1000E-04
# With parameters(tra.):     0.5015E-04   -0.2068E-04    0.7690E-05
# With parameters(rot.):    -0.4699E-03   -0.2206E-03    0.5033E-01
# Minimization at step:    64 with Value:     0.0000Tol(Act/Req):0.1554E+01/0.1000E-04
# With parameters(tra.):     0.5697E-04   -0.5713E-05    0.2730E-04
# With parameters(rot.):    -0.1313E-03   -0.1249E-03    0.5009E-01
# Minimization at step:    65 with Value:     0.0000Tol(Act/Req):0.1375E+01/0.1000E-04
# With parameters(tra.):     0.5832E-04   -0.1440E-04    0.2398E-04
# With parameters(rot.):    -0.7375E-04   -0.4781E-04    0.5003E-01
# Minimization at step:    66 with Value:     0.0000Tol(Act/Req):0.1278E+01/0.1000E-04
# With parameters(tra.):     0.5672E-04   -0.1887E-04    0.1880E-04
# With parameters(rot.):    -0.1536E-03   -0.6532E-04    0.5008E-01
# Minimization at step:    67 with Value:     0.0000Tol(Act/Req):0.1186E+01/0.1000E-04
# With parameters(tra.):     0.4911E-04    0.2009E-04    0.1349E-04
# With parameters(rot.):    -0.1815E-03   -0.3347E-04    0.5007E-01
# Minimization at step:    68 with Value:     0.0000Tol(Act/Req):0.1177E+01/0.1000E-04
# With parameters(tra.):     0.4466E-04    0.3031E-04    0.6729E-05
# With parameters(rot.):    -0.3582E-04   -0.1439E-03    0.5005E-01
# Minimization at step:    69 with Value:     0.0000Tol(Act/Req):0.1158E+01/0.1000E-04
# With parameters(tra.):     0.2231E-04    0.4319E-04    0.1777E-04
# With parameters(rot.):    -0.7782E-05   -0.1214E-03    0.5002E-01
# Minimization at step:    70 with Value:     0.0000Tol(Act/Req):0.1001E+01/0.1000E-04
# With parameters(tra.):     0.2100E-04    0.1193E-04    0.2450E-04
# With parameters(rot.):     0.7796E-04   -0.1825E-03    0.5002E-01
# Minimization at step:    71 with Value:     0.0000Tol(Act/Req):0.9777E+00/0.1000E-04
# With parameters(tra.):     0.1125E-04    0.3333E-05    0.1804E-04
# With parameters(rot.):     0.2436E-03   -0.7326E-04    0.4990E-01
# Minimization at step:    72 with Value:     0.0000Tol(Act/Req):0.9286E+00/0.1000E-04
# With parameters(tra.):     0.1076E-04    0.1043E-04    0.1582E-04
# With parameters(rot.):     0.2359E-03   -0.4887E-04    0.4989E-01
# Minimization at step:    73 with Value:     0.0000Tol(Act/Req):0.7866E+00/0.1000E-04
# With parameters(tra.):     0.1316E-04    0.1317E-04    0.1725E-04
# With parameters(rot.):     0.1939E-03   -0.7415E-04    0.4992E-01
# Minimization at step:    74 with Value:     0.0000Tol(Act/Req):0.6841E+00/0.1000E-04
# With parameters(tra.):    -0.4551E-05    0.1492E-04    0.6371E-05
# With parameters(rot.):     0.1500E-03   -0.1121E-03    0.4997E-01
# Minimization at step:    75 with Value:     0.0000Tol(Act/Req):0.6593E+00/0.1000E-04
# With parameters(tra.):    -0.1799E-04    0.2972E-05    0.1076E-04
# With parameters(rot.):     0.1148E-03   -0.2789E-04    0.4996E-01
# Minimization at step:    76 with Value:     0.0000Tol(Act/Req):0.5819E+00/0.1000E-04
# With parameters(tra.):    -0.1763E-04   -0.2525E-05    0.8338E-05
# With parameters(rot.):     0.1204E-03   -0.2385E-04    0.4996E-01
# Minimization at step:    77 with Value:     0.0000Tol(Act/Req):0.5425E+00/0.1000E-04
# With parameters(tra.):    -0.1424E-04    0.3154E-08    0.7038E-05
# With parameters(rot.):     0.1296E-03   -0.4457E-04    0.4996E-01
# Minimization at step:    78 with Value:     0.0000Tol(Act/Req):0.4717E+00/0.1000E-04
# With parameters(tra.):    -0.1062E-04   -0.1676E-05    0.9813E-05
# With parameters(rot.):     0.1389E-03   -0.2945E-04    0.4995E-01
# Minimization at step:    79 with Value:     0.0000Tol(Act/Req):0.4362E+00/0.1000E-04
# With parameters(tra.):    -0.1669E-04    0.5943E-05    0.4980E-05
# With parameters(rot.):     0.1032E-03    0.1199E-04    0.4995E-01
# Minimization at step:    80 with Value:     0.0000Tol(Act/Req):0.2528E+00/0.1000E-04
# With parameters(tra.):    -0.1797E-04    0.6711E-05    0.4672E-05
# With parameters(rot.):     0.7461E-04    0.6525E-05    0.4996E-01
# Minimization at step:    81 with Value:     0.0000Tol(Act/Req):0.2273E+00/0.1000E-04
# With parameters(tra.):    -0.1736E-04   -0.1205E-05   -0.1396E-05
# With parameters(rot.):     0.7044E-04    0.2473E-04    0.4996E-01
# Minimization at step:    82 with Value:     0.0000Tol(Act/Req):0.1910E+00/0.1000E-04
# With parameters(tra.):    -0.1161E-04    0.3449E-05   -0.6807E-05
# With parameters(rot.):     0.6922E-04    0.6398E-05    0.4997E-01
# Minimization at step:    83 with Value:     0.0000Tol(Act/Req):0.1857E+00/0.1000E-04
# With parameters(tra.):    -0.4707E-05    0.1798E-05   -0.6797E-05
# With parameters(rot.):     0.6456E-04    0.4858E-04    0.4995E-01
# Minimization at step:    84 with Value:     0.0000Tol(Act/Req):0.1804E+00/0.1000E-04
# With parameters(tra.):    -0.3807E-05    0.4027E-05   -0.5730E-05
# With parameters(rot.):     0.6511E-04    0.4602E-04    0.4995E-01
# Minimization at step:    85 with Value:     0.0000Tol(Act/Req):0.1703E+00/0.1000E-04
# With parameters(tra.):    -0.1722E-05    0.2598E-05   -0.5817E-05
# With parameters(rot.):     0.6789E-04    0.4195E-04    0.4995E-01
# Minimization at step:    86 with Value:     0.0000Tol(Act/Req):0.1416E+00/0.1000E-04
# With parameters(tra.):     0.4088E-06    0.2722E-05   -0.8900E-05
# With parameters(rot.):     0.2334E-04    0.4260E-04    0.4997E-01
# Minimization at step:    87 with Value:     0.0000Tol(Act/Req):0.1228E+00/0.1000E-04
# With parameters(tra.):    -0.8920E-06   -0.9505E-06   -0.5366E-05
# With parameters(rot.):     0.1279E-04    0.6541E-04    0.4996E-01
# Minimization at step:    88 with Value:     0.0000Tol(Act/Req):0.6566E-01/0.1000E-04
# With parameters(tra.):    -0.5119E-05   -0.3996E-06   -0.5015E-05
# With parameters(rot.):     0.3343E-05    0.3797E-04    0.4998E-01
# Minimization at step:    89 with Value:     0.0000Tol(Act/Req):0.6427E-01/0.1000E-04
# With parameters(tra.):    -0.3757E-05    0.2583E-05   -0.2643E-05
# With parameters(rot.):    -0.1614E-04    0.3016E-04    0.4999E-01
# Minimization at step:    90 with Value:     0.0000Tol(Act/Req):0.5771E-01/0.1000E-04
# With parameters(tra.):    -0.2656E-06   -0.2803E-06   -0.1758E-05
# With parameters(rot.):    -0.3860E-04    0.1809E-04    0.5001E-01
# Minimization at step:    91 with Value:     0.0000Tol(Act/Req):0.5332E-01/0.1000E-04
# With parameters(tra.):    -0.1911E-05   -0.1364E-05    0.2678E-05
# With parameters(rot.):    -0.2955E-04    0.9485E-05    0.5001E-01
# Minimization at step:    92 with Value:     0.0000Tol(Act/Req):0.5210E-01/0.1000E-04
# With parameters(tra.):    -0.2921E-05   -0.7379E-06    0.2827E-05
# With parameters(rot.):    -0.2318E-04    0.1179E-04    0.5001E-01
# Minimization at step:    93 with Value:     0.0000Tol(Act/Req):0.4303E-01/0.1000E-04
# With parameters(tra.):    -0.2594E-05   -0.4149E-06    0.1730E-05
# With parameters(rot.):    -0.2491E-04    0.1413E-04    0.5001E-01
# Minimization at step:    94 with Value:     0.0000Tol(Act/Req):0.3516E-01/0.1000E-04
# With parameters(tra.):    -0.2519E-05    0.2417E-06    0.1732E-05
# With parameters(rot.):    -0.2629E-04    0.6056E-05    0.5001E-01
# Minimization at step:    95 with Value:     0.0000Tol(Act/Req):0.2842E-01/0.1000E-04
# With parameters(tra.):    -0.2756E-05   -0.6992E-06    0.1504E-05
# With parameters(rot.):    -0.2227E-04    0.5999E-05    0.5001E-01
# Minimization at step:    96 with Value:     0.0000Tol(Act/Req):0.1574E-01/0.1000E-04
# With parameters(tra.):    -0.1855E-05   -0.8160E-06    0.1988E-05
# With parameters(rot.):    -0.2283E-04    0.7907E-05    0.5001E-01
# Minimization at step:    97 with Value:     0.0000Tol(Act/Req):0.1448E-01/0.1000E-04
# With parameters(tra.):    -0.9539E-06   -0.3037E-06   -0.1188E-06
# With parameters(rot.):    -0.2560E-04    0.1052E-04    0.5001E-01
# Minimization at step:    98 with Value:     0.0000Tol(Act/Req):0.1212E-01/0.1000E-04
# With parameters(tra.):    -0.1977E-05    0.7433E-06   -0.6323E-06
# With parameters(rot.):    -0.1665E-04    0.1365E-04    0.5000E-01
# Minimization at step:    99 with Value:     0.0000Tol(Act/Req):0.1156E-01/0.1000E-04
# With parameters(tra.):    -0.1894E-05    0.1113E-05   -0.8282E-06
# With parameters(rot.):    -0.1654E-04    0.1025E-04    0.5000E-01
# Minimization at step:   100 with Value:     0.0000Tol(Act/Req):0.1063E-01/0.1000E-04
# With parameters(tra.):    -0.2198E-05    0.1103E-05   -0.3605E-06
# With parameters(rot.):    -0.1509E-04    0.9575E-05    0.5000E-01
# Minimization at step:   101 with Value:     0.0000Tol(Act/Req):0.8073E-02/0.1000E-04
# With parameters(tra.):    -0.2414E-05    0.1428E-06   -0.1169E-05
# With parameters(rot.):    -0.7257E-05    0.1038E-04    0.5000E-01
# Minimization at step:   102 with Value:     0.0000Tol(Act/Req):0.4693E-02/0.1000E-04
# With parameters(tra.):    -0.1202E-05    0.2073E-06   -0.1232E-05
# With parameters(rot.):    -0.4205E-05    0.1386E-04    0.5000E-01
# Minimization at step:   103 with Value:     0.0000Tol(Act/Req):0.4199E-02/0.1000E-04
# With parameters(tra.):    -0.2618E-06   -0.6694E-06   -0.1089E-05
# With parameters(rot.):    -0.6021E-05    0.1185E-04    0.5000E-01
# Minimization at step:   104 with Value:     0.0000Tol(Act/Req):0.3886E-02/0.1000E-04
# With parameters(tra.):     0.4477E-06   -0.5234E-06   -0.1568E-05
# With parameters(rot.):    -0.2290E-05    0.5570E-05    0.5000E-01
# Minimization at step:   105 with Value:     0.0000Tol(Act/Req):0.3364E-02/0.1000E-04
# With parameters(tra.):     0.7225E-06   -0.1086E-05   -0.1035E-05
# With parameters(rot.):     0.4870E-05    0.2883E-05    0.5000E-01
# Minimization at step:   106 with Value:     0.0000Tol(Act/Req):0.3284E-02/0.1000E-04
# With parameters(tra.):     0.1020E-05   -0.1028E-05   -0.8892E-06
# With parameters(rot.):     0.4576E-05    0.2123E-05    0.5000E-01
# Minimization at step:   107 with Value:     0.0000Tol(Act/Req):0.3078E-02/0.1000E-04
# With parameters(tra.):     0.9761E-06   -0.8826E-06   -0.1010E-05
# With parameters(rot.):     0.2761E-05    0.2731E-05    0.5000E-01
# Minimization at step:   108 with Value:     0.0000Tol(Act/Req):0.2793E-02/0.1000E-04
# With parameters(tra.):     0.4427E-06   -0.1148E-05   -0.3454E-06
# With parameters(rot.):     0.7140E-06    0.8061E-05    0.5000E-01
# Minimization at step:   109 with Value:     0.0000Tol(Act/Req):0.2749E-02/0.1000E-04
# With parameters(tra.):    -0.2629E-06   -0.4311E-06   -0.2400E-06
# With parameters(rot.):     0.4775E-05    0.8818E-05    0.4999E-01
# Minimization at step:   110 with Value:     0.0000Tol(Act/Req):0.2217E-02/0.1000E-04
# With parameters(tra.):    -0.1884E-06   -0.3050E-06   -0.3975E-06
# With parameters(rot.):     0.5625E-05    0.7549E-05    0.4999E-01
# Minimization at step:   111 with Value:     0.0000Tol(Act/Req):0.1676E-02/0.1000E-04
# With parameters(tra.):    -0.5757E-08   -0.4737E-06   -0.4369E-06
# With parameters(rot.):     0.4681E-05    0.7254E-05    0.4999E-01
# Minimization at step:   112 with Value:     0.0000Tol(Act/Req):0.1113E-02/0.1000E-04
# With parameters(tra.):    -0.3127E-06   -0.6762E-06   -0.2071E-06
# With parameters(rot.):     0.5376E-05    0.3861E-05    0.5000E-01
# Minimization at step:   113 with Value:     0.0000Tol(Act/Req):0.1077E-02/0.1000E-04
# With parameters(tra.):    -0.4421E-06   -0.5863E-06   -0.2007E-06
# With parameters(rot.):     0.4687E-05    0.4260E-05    0.5000E-01
# Minimization at step:   114 with Value:     0.0000Tol(Act/Req):0.8613E-03/0.1000E-04
# With parameters(tra.):    -0.3345E-06   -0.3237E-06    0.3208E-06
# With parameters(rot.):     0.4134E-05    0.3452E-05    0.5000E-01
# Minimization at step:   115 with Value:     0.0000Tol(Act/Req):0.7007E-03/0.1000E-04
# With parameters(tra.):    -0.2341E-06   -0.7755E-07    0.2454E-06
# With parameters(rot.):     0.5337E-05   -0.4521E-06    0.5000E-01
# Minimization at step:   116 with Value:     0.0000Tol(Act/Req):0.6592E-03/0.1000E-04
# With parameters(tra.):    -0.1618E-06   -0.1289E-06    0.2825E-06
# With parameters(rot.):     0.4920E-05   -0.1242E-05    0.5000E-01
# Minimization at step:   117 with Value:     0.0000Tol(Act/Req):0.6589E-03/0.1000E-04
# With parameters(tra.):    -0.1809E-06   -0.1947E-06    0.3045E-06
# With parameters(rot.):     0.4584E-05   -0.3317E-06    0.5000E-01
# Minimization at step:   118 with Value:     0.0000Tol(Act/Req):0.4211E-03/0.1000E-04
# With parameters(tra.):    -0.1950E-06   -0.2496E-06    0.1727E-06
# With parameters(rot.):     0.4760E-05   -0.4451E-06    0.5000E-01
# Minimization at step:   119 with Value:     0.0000Tol(Act/Req):0.4034E-03/0.1000E-04
# With parameters(tra.):     0.4890E-07    0.2755E-07    0.1461E-06
# With parameters(rot.):     0.4091E-05    0.3813E-06    0.5000E-01
# Minimization at step:   120 with Value:     0.0000Tol(Act/Req):0.2274E-03/0.1000E-04
# With parameters(tra.):     0.2514E-07    0.1236E-06    0.1782E-06
# With parameters(rot.):     0.3696E-05    0.2573E-06    0.5000E-01
# Minimization at step:   121 with Value:     0.0000Tol(Act/Req):0.2123E-03/0.1000E-04
# With parameters(tra.):     0.2320E-06    0.1051E-06    0.2177E-06
# With parameters(rot.):     0.2454E-05   -0.8225E-06    0.5000E-01
# Minimization at step:   122 with Value:     0.0000Tol(Act/Req):0.2093E-03/0.1000E-04
# With parameters(tra.):     0.3315E-06    0.7342E-07    0.2327E-06
# With parameters(rot.):     0.1072E-05    0.8343E-06    0.5000E-01
# Minimization at step:   123 with Value:     0.0000Tol(Act/Req):0.1991E-03/0.1000E-04
# With parameters(tra.):     0.1818E-06   -0.1885E-06    0.2882E-06
# With parameters(rot.):     0.7350E-06    0.1589E-06    0.5000E-01
# Minimization at step:   124 with Value:     0.0000Tol(Act/Req):0.1776E-03/0.1000E-04
# With parameters(tra.):     0.2792E-06   -0.2779E-06    0.6316E-07
# With parameters(rot.):    -0.2552E-06    0.1333E-06    0.5000E-01
# Minimization at step:   125 with Value:     0.0000Tol(Act/Req):0.1762E-03/0.1000E-04
# With parameters(tra.):     0.2500E-06   -0.2993E-06    0.4529E-07
# With parameters(rot.):    -0.2045E-07   -0.3393E-06    0.5000E-01
# Minimization at step:   126 with Value:     0.0000Tol(Act/Req):0.1702E-03/0.1000E-04
# With parameters(tra.):     0.2931E-06   -0.2431E-06    0.1119E-07
# With parameters(rot.):     0.8705E-09   -0.2119E-06    0.5000E-01
# Minimization at step:   127 with Value:     0.0000Tol(Act/Req):0.1612E-03/0.1000E-04
# With parameters(tra.):     0.2699E-06   -0.2178E-06    0.6310E-07
# With parameters(rot.):     0.2698E-06   -0.2343E-06    0.5000E-01
# Minimization at step:   128 with Value:     0.0000Tol(Act/Req):0.1291E-03/0.1000E-04
# With parameters(tra.):     0.2213E-06   -0.2401E-06    0.4035E-07
# With parameters(rot.):     0.3985E-06    0.8466E-07    0.5000E-01
# Minimization at step:   129 with Value:     0.0000Tol(Act/Req):0.5291E-04/0.1000E-04
# With parameters(tra.):     0.2258E-06   -0.2223E-06    0.4491E-07
# With parameters(rot.):    -0.7353E-07    0.8263E-08    0.5000E-01
# Minimization at step:   130 with Value:     0.0000Tol(Act/Req):0.5258E-04/0.1000E-04
# With parameters(tra.):     0.2896E-06   -0.1029E-06   -0.1206E-07
# With parameters(rot.):    -0.5570E-07    0.3364E-06    0.5000E-01
# Minimization at step:   131 with Value:     0.0000Tol(Act/Req):0.5165E-04/0.1000E-04
# With parameters(tra.):     0.2498E-06   -0.1410E-07    0.6671E-07
# With parameters(rot.):     0.3736E-06    0.4818E-06    0.5000E-01
# Minimization at step:   132 with Value:     0.0000Tol(Act/Req):0.4856E-04/0.1000E-04
# With parameters(tra.):     0.1912E-06    0.3825E-07    0.3812E-07
# With parameters(rot.):     0.9744E-06   -0.1897E-06    0.5000E-01
# Minimization at step:   133 with Value:     0.0000Tol(Act/Req):0.4632E-04/0.1000E-04
# With parameters(tra.):     0.8405E-07    0.8648E-07   -0.8140E-08
# With parameters(rot.):     0.1424E-05    0.3568E-06    0.5000E-01
# Minimization at step:   134 with Value:     0.0000Tol(Act/Req):0.4590E-04/0.1000E-04
# With parameters(tra.):     0.5097E-07    0.7241E-07    0.6430E-08
# With parameters(rot.):     0.1543E-05    0.2764E-06    0.5000E-01
# Minimization at step:   135 with Value:     0.0000Tol(Act/Req):0.3872E-04/0.1000E-04
# With parameters(tra.):     0.1231E-06    0.3273E-07    0.4476E-07
# With parameters(rot.):     0.1235E-05   -0.1535E-06    0.5000E-01
# Minimization at step:   136 with Value:     0.0000Tol(Act/Req):0.3588E-04/0.1000E-04
# With parameters(tra.):     0.1041E-06    0.1231E-06    0.5157E-07
# With parameters(rot.):     0.8545E-06   -0.3086E-06    0.5000E-01
# Minimization at step:   137 with Value:     0.0000Tol(Act/Req):0.3444E-04/0.1000E-04
# With parameters(tra.):     0.1336E-06    0.9903E-07    0.8465E-07
# With parameters(rot.):     0.2137E-06    0.3234E-06    0.5000E-01
# Minimization at step:   138 with Value:     0.0000Tol(Act/Req):0.3095E-04/0.1000E-04
# With parameters(tra.):     0.1347E-06    0.4791E-07    0.1185E-07
# With parameters(rot.):    -0.2689E-06    0.1251E-06    0.5000E-01
# Minimization at step:   139 with Value:     0.0000Tol(Act/Req):0.1481E-04/0.1000E-04
# With parameters(tra.):     0.1274E-06    0.4967E-07   -0.2483E-08
# With parameters(rot.):    -0.1489E-06   -0.4938E-07    0.5000E-01
# Minimization at step:   140 with Value:     0.0000Tol(Act/Req):0.1361E-04/0.1000E-04
# With parameters(tra.):     0.1265E-06    0.6259E-07    0.1452E-07
# With parameters(rot.):    -0.1826E-07   -0.1435E-07    0.5000E-01
# Minimization at step:   141 with Value:     0.0000Tol(Act/Req):0.1186E-04/0.1000E-04
# With parameters(tra.):     0.9136E-07    0.8990E-07   -0.1221E-07
# With parameters(rot.):    -0.1780E-06    0.2354E-06    0.5000E-01
# Minimization at step:   142 with Value:     0.0000Tol(Act/Req):0.1183E-04/0.1000E-04
# With parameters(tra.):     0.9346E-07    0.7208E-07   -0.1865E-07
# With parameters(rot.):    -0.2005E-06    0.3066E-06    0.5000E-01
# Minimization at step:   143 with Value:     0.0000Tol(Act/Req):0.7683E-05/0.1000E-04
# With parameters(tra.):     0.5448E-07    0.5090E-07   -0.3069E-08
# With parameters(rot.):    -0.4581E-06    0.1936E-06    0.5000E-01
# CSM Values after x minimization.
# Final Number of optim. Steps:   143
#      Before min is:      0.00316314914
# Final CSM Value is:      0.00000000000
# Coordinates rotated along Y.
[molecule] Nrec=  16 Format=nscxyz
  he               1    2    0.50000000D-01   0.10000000D+01  -0.30616170D-17
  he               2    2   -0.50000000D-01   0.92388000D+00   0.38268000D+00
  he               3    2    0.50000000D-01   0.70711000D+00   0.70711000D+00
  he               4    2   -0.50000000D-01   0.38268000D+00   0.92388000D+00
  he               5    2    0.50000000D-01  -0.61232340D-17   0.10000000D+01
  he               6    2   -0.50000000D-01  -0.38268000D+00   0.92388000D+00
  he               7    2    0.50000000D-01  -0.70711000D+00   0.70711000D+00
  he               8    2   -0.50000000D-01  -0.92388000D+00   0.38268000D+00
  he               9    2    0.50000000D-01  -0.10000000D+01  -0.30616170D-17
  he              10    2   -0.50000000D-01  -0.92388000D+00  -0.38268000D+00
  he              11    2    0.50000000D-01  -0.70711000D+00  -0.70711000D+00
  he              12    2   -0.50000000D-01  -0.38268000D+00  -0.92388000D+00
  he              13    2    0.50000000D-01  -0.61232340D-17  -0.10000000D+01
  he              14    2   -0.50000000D-01   0.38268000D+00  -0.92388000D+00
  he              15    2    0.50000000D-01   0.70711000D+00  -0.70711000D+00
  he              16    2   -0.50000000D-01   0.92388000D+00  -0.38268000D+00
# Minimization at step:     0 with Value:     0.0031Tol(Act/Req):0.2000E+01/0.1000E-04
# With parameters(tra.):     0.1429E-01    0.1429E-01    0.1429E-01
# With parameters(rot.):     0.1429E-01    0.1429E-01    0.1429E-01
# Minimization at step:     1 with Value:     0.0022Tol(Act/Req):0.2000E+01/0.1000E-04
# With parameters(tra.):     0.1548E-01    0.1548E-01    0.7143E-02
# With parameters(rot.):     0.1548E-01    0.1548E-01    0.1548E-01
# Minimization at step:     2 with Value:     0.0015Tol(Act/Req):0.2000E+01/0.1000E-04
# With parameters(tra.):     0.1677E-01    0.8433E-02    0.7738E-02
# With parameters(rot.):     0.1677E-01    0.1677E-01    0.1677E-01
# Minimization at step:     3 with Value:     0.0008Tol(Act/Req):0.2000E+01/0.1000E-04
# With parameters(tra.):    -0.4043E-02    0.1054E-01    0.9673E-02
# With parameters(rot.):     0.2096E-01    0.2096E-01    0.2096E-01
# Minimization at step:     4 with Value:     0.0006Tol(Act/Req):0.2000E+01/0.1000E-04
# With parameters(tra.):    -0.7137E-02    0.1109E-01   -0.4092E-03
# With parameters(rot.):     0.2411E-01    0.2411E-01    0.2411E-01
# Minimization at step:     5 with Value:     0.0004Tol(Act/Req):0.2000E+01/0.1000E-04
# With parameters(tra.):    -0.8484E-02    0.7792E-02   -0.7906E-03
# With parameters(rot.):     0.2537E-01    0.2537E-01    0.2537E-01
# Minimization at step:     6 with Value:     0.0003Tol(Act/Req):0.2000E+01/0.1000E-04
# With parameters(tra.):     0.8103E-03    0.6051E-02   -0.4374E-02
# With parameters(rot.):     0.2438E-01    0.2438E-01    0.2438E-01
# Minimization at step:     7 with Value:     0.0002Tol(Act/Req):0.2000E+01/0.1000E-04
# With parameters(tra.):     0.4344E-02    0.4515E-02   -0.3238E-03
# With parameters(rot.):     0.2287E-01    0.2287E-01    0.2287E-01
# Minimization at step:     8 with Value:     0.0001Tol(Act/Req):0.2000E+01/0.1000E-04
# With parameters(tra.):     0.4740E-02    0.2592E-02   -0.4755E-03
# With parameters(rot.):     0.2329E-01    0.2329E-01    0.2329E-01
# Minimization at step:     9 with Value:     0.0001Tol(Act/Req):0.2000E+01/0.1000E-04
# With parameters(tra.):     0.1075E-02    0.2597E-02    0.2291E-02
# With parameters(rot.):     0.2351E-01    0.2351E-01    0.2351E-01
# Minimization at step:    10 with Value:     0.0001Tol(Act/Req):0.2000E+01/0.1000E-04
# With parameters(tra.):     0.2134E-03    0.2694E-02    0.1833E-02
# With parameters(rot.):     0.2381E-01    0.2381E-01    0.2381E-01
# Minimization at step:    11 with Value:     0.0001Tol(Act/Req):0.2000E+01/0.1000E-04
# With parameters(tra.):    -0.3249E-03   -0.1656E-03    0.2183E-02
# With parameters(rot.):     0.2458E-01    0.2458E-01    0.2458E-01
# Minimization at step:    12 with Value:     0.0001Tol(Act/Req):0.2000E+01/0.1000E-04
# With parameters(tra.):    -0.3520E-03   -0.1794E-03    0.2365E-02
# With parameters(rot.):     0.1829E-01    0.2662E-01    0.2662E-01
# Minimization at step:    13 with Value:     0.0000Tol(Act/Req):0.2000E+01/0.1000E-04
# With parameters(tra.):    -0.4400E-03   -0.2242E-03    0.2956E-02
# With parameters(rot.):     0.2286E-01    0.8281E-02    0.3328E-01
# Minimization at step:    14 with Value:     0.0000Tol(Act/Req):0.2000E+01/0.1000E-04
# With parameters(tra.):     0.1014E-02   -0.9325E-03    0.1739E-02
# With parameters(rot.):     0.2259E-01    0.4363E-02    0.3561E-01
# Minimization at step:    15 with Value:     0.0000Tol(Act/Req):0.2000E+01/0.1000E-04
# With parameters(tra.):    -0.4424E-03   -0.1949E-02    0.7940E-03
# With parameters(rot.):     0.2280E-01   -0.1510E-02    0.4016E-01
# Minimization at step:    16 with Value:     0.0000Tol(Act/Req):0.2000E+01/0.1000E-04
# With parameters(tra.):    -0.1226E-03   -0.6369E-03    0.9790E-04
# With parameters(rot.):     0.2169E-01   -0.1071E-01    0.4484E-01
# Minimization at step:    17 with Value:     0.0000Tol(Act/Req):0.2000E+01/0.1000E-04
# With parameters(tra.):     0.2680E-03   -0.2736E-03    0.2763E-03
# With parameters(rot.):     0.2155E-01   -0.1001E-01    0.4410E-01
# Minimization at step:    18 with Value:     0.0000Tol(Act/Req):0.1999E+01/0.1000E-04
# With parameters(tra.):     0.4205E-03   -0.3325E-03   -0.5610E-04
# With parameters(rot.):     0.1007E-01   -0.1813E-01    0.5402E-01
# Minimization at step:    19 with Value:     0.0000Tol(Act/Req):0.1999E+01/0.1000E-04
# With parameters(tra.):     0.7660E-03   -0.3388E-03   -0.1454E-02
# With parameters(rot.):     0.2752E-02   -0.1470E-01    0.5649E-01
# Minimization at step:    20 with Value:     0.0000Tol(Act/Req):0.1999E+01/0.1000E-04
# With parameters(tra.):     0.7425E-03   -0.1551E-02   -0.1276E-02
# With parameters(rot.):    -0.2460E-02   -0.6830E-02    0.5569E-01
# Minimization at step:    21 with Value:     0.0000Tol(Act/Req):0.1999E+01/0.1000E-04
# With parameters(tra.):     0.3892E-03   -0.1949E-02    0.1821E-03
# With parameters(rot.):     0.3117E-02   -0.7631E-02    0.5295E-01
# Minimization at step:    22 with Value:     0.0000Tol(Act/Req):0.1999E+01/0.1000E-04
# With parameters(tra.):     0.3484E-03   -0.2069E-02    0.2851E-03
# With parameters(rot.):     0.5409E-02   -0.4727E-02    0.5038E-01
# Minimization at step:    23 with Value:     0.0000Tol(Act/Req):0.1999E+01/0.1000E-04
# With parameters(tra.):     0.6033E-03   -0.1801E-02   -0.7825E-03
# With parameters(rot.):     0.1799E-02   -0.3400E-02    0.5179E-01
# Minimization at step:    24 with Value:     0.0000Tol(Act/Req):0.1999E+01/0.1000E-04
# With parameters(tra.):     0.5975E-03   -0.1518E-02   -0.7861E-03
# With parameters(rot.):     0.3457E-02   -0.5083E-02    0.5167E-01
# Minimization at step:    25 with Value:     0.0000Tol(Act/Req):0.1999E+01/0.1000E-04
# With parameters(tra.):    -0.2333E-03   -0.1311E-02   -0.8092E-03
# With parameters(rot.):    -0.1190E-02   -0.5485E-02    0.5451E-01
# Minimization at step:    26 with Value:     0.0000Tol(Act/Req):0.1998E+01/0.1000E-04
# With parameters(tra.):    -0.7977E-04   -0.1215E-02   -0.8105E-03
# With parameters(rot.):    -0.3157E-02   -0.4757E-02    0.5501E-01
# Minimization at step:    27 with Value:     0.0000Tol(Act/Req):0.1998E+01/0.1000E-04
# With parameters(tra.):    -0.4773E-03   -0.1199E-02   -0.1080E-03
# With parameters(rot.):    -0.2402E-02   -0.6094E-02    0.5514E-01
# Minimization at step:    28 with Value:     0.0000Tol(Act/Req):0.1998E+01/0.1000E-04
# With parameters(tra.):    -0.8341E-03   -0.1149E-02   -0.3319E-04
# With parameters(rot.):    -0.4219E-03   -0.7411E-03    0.5159E-01
# Minimization at step:    29 with Value:     0.0000Tol(Act/Req):0.1997E+01/0.1000E-04
# With parameters(tra.):    -0.9562E-03   -0.9773E-03    0.2777E-04
# With parameters(rot.):     0.8388E-04   -0.1221E-02    0.5152E-01
# Minimization at step:    30 with Value:     0.0000Tol(Act/Req):0.1997E+01/0.1000E-04
# With parameters(tra.):    -0.8968E-03   -0.9628E-03   -0.1365E-03
# With parameters(rot.):     0.1023E-03   -0.4804E-03    0.5119E-01
# Minimization at step:    31 with Value:     0.0000Tol(Act/Req):0.1996E+01/0.1000E-04
# With parameters(tra.):    -0.8128E-03   -0.9598E-03   -0.1638E-03
# With parameters(rot.):    -0.3490E-03   -0.1797E-02    0.5204E-01
# Minimization at step:    32 with Value:     0.0000Tol(Act/Req):0.1996E+01/0.1000E-04
# With parameters(tra.):    -0.4520E-03   -0.9813E-03    0.6667E-04
# With parameters(rot.):     0.3030E-02   -0.2994E-03    0.4932E-01
# Minimization at step:    33 with Value:     0.0000Tol(Act/Req):0.1995E+01/0.1000E-04
# With parameters(tra.):    -0.2690E-03   -0.7128E-03    0.3565E-03
# With parameters(rot.):     0.1159E-02    0.2642E-02    0.4841E-01
# Minimization at step:    34 with Value:     0.0000Tol(Act/Req):0.1994E+01/0.1000E-04
# With parameters(tra.):    -0.3440E-03   -0.6850E-03    0.3230E-03
# With parameters(rot.):     0.1584E-03    0.2513E-02    0.4902E-01
# Minimization at step:    35 with Value:     0.0000Tol(Act/Req):0.1993E+01/0.1000E-04
# With parameters(tra.):    -0.3960E-03   -0.7498E-03    0.2478E-03
# With parameters(rot.):     0.5427E-03    0.1767E-02    0.4929E-01
# Minimization at step:    36 with Value:     0.0000Tol(Act/Req):0.1993E+01/0.1000E-04
# With parameters(tra.):    -0.4535E-03   -0.3302E-03    0.4430E-03
# With parameters(rot.):     0.1707E-02    0.1804E-02    0.4841E-01
# Minimization at step:    37 with Value:     0.0000Tol(Act/Req):0.1991E+01/0.1000E-04
# With parameters(tra.):    -0.1868E-03   -0.9036E-04    0.3077E-03
# With parameters(rot.):     0.2279E-02    0.4046E-02    0.4682E-01
# Minimization at step:    38 with Value:     0.0000Tol(Act/Req):0.1991E+01/0.1000E-04
# With parameters(tra.):    -0.9271E-04   -0.1640E-04    0.3333E-03
# With parameters(rot.):     0.2272E-02    0.3874E-02    0.4681E-01
# Minimization at step:    39 with Value:     0.0000Tol(Act/Req):0.1991E+01/0.1000E-04
# With parameters(tra.):    -0.1515E-03   -0.7018E-04    0.3693E-03
# With parameters(rot.):     0.2129E-02    0.3300E-02    0.4721E-01
# Minimization at step:    40 with Value:     0.0000Tol(Act/Req):0.1985E+01/0.1000E-04
# With parameters(tra.):    -0.3285E-04   -0.3199E-03    0.2044E-03
# With parameters(rot.):     0.1361E-02    0.3646E-02    0.4757E-01
# Minimization at step:    41 with Value:     0.0000Tol(Act/Req):0.1981E+01/0.1000E-04
# With parameters(tra.):    -0.7902E-04   -0.1427E-03    0.9788E-04
# With parameters(rot.):    -0.2394E-03    0.3765E-02    0.4830E-01
# Minimization at step:    42 with Value:     0.0000Tol(Act/Req):0.1976E+01/0.1000E-04
# With parameters(tra.):    -0.7736E-04   -0.7000E-04   -0.1026E-03
# With parameters(rot.):     0.2685E-03    0.2939E-02    0.4852E-01
# Minimization at step:    43 with Value:     0.0000Tol(Act/Req):0.1976E+01/0.1000E-04
# With parameters(tra.):     0.1160E-03    0.6007E-04   -0.1966E-03
# With parameters(rot.):    -0.4129E-03    0.2284E-02    0.4907E-01
# Minimization at step:    44 with Value:     0.0000Tol(Act/Req):0.1973E+01/0.1000E-04
# With parameters(tra.):     0.1089E-03    0.4403E-04   -0.2258E-03
# With parameters(rot.):    -0.6964E-03    0.1912E-02    0.4943E-01
# Minimization at step:    45 with Value:     0.0000Tol(Act/Req):0.1973E+01/0.1000E-04
# With parameters(tra.):     0.2177E-03   -0.7093E-04   -0.2272E-03
# With parameters(rot.):     0.7515E-03    0.1175E-02    0.4908E-01
# Minimization at step:    46 with Value:     0.0000Tol(Act/Req):0.1973E+01/0.1000E-04
# With parameters(tra.):     0.2188E-03   -0.8561E-05   -0.2357E-03
# With parameters(rot.):     0.8287E-03    0.9119E-03    0.4914E-01
# Minimization at step:    47 with Value:     0.0000Tol(Act/Req):0.1972E+01/0.1000E-04
# With parameters(tra.):     0.1791E-03   -0.4680E-04   -0.2154E-03
# With parameters(rot.):     0.1103E-02    0.9611E-03    0.4901E-01
# Minimization at step:    48 with Value:     0.0000Tol(Act/Req):0.1960E+01/0.1000E-04
# With parameters(tra.):     0.8778E-04    0.4546E-04   -0.2114E-03
# With parameters(rot.):     0.1043E-03    0.1460E-02    0.4926E-01
# Minimization at step:    49 with Value:     0.0000Tol(Act/Req):0.1929E+01/0.1000E-04
# With parameters(tra.):     0.1278E-03    0.1978E-04   -0.8828E-04
# With parameters(rot.):    -0.3176E-03    0.1710E-02    0.4927E-01
# Minimization at step:    50 with Value:     0.0000Tol(Act/Req):0.1921E+01/0.1000E-04
# With parameters(tra.):     0.1199E-03   -0.2038E-04   -0.1008E-03
# With parameters(rot.):    -0.7585E-03    0.8990E-03    0.4993E-01
# Minimization at step:    51 with Value:     0.0000Tol(Act/Req):0.1920E+01/0.1000E-04
# With parameters(tra.):     0.2059E-04   -0.8804E-04   -0.2205E-04
# With parameters(rot.):    -0.8312E-03    0.9768E-03    0.4997E-01
# Minimization at step:    52 with Value:     0.0000Tol(Act/Req):0.1906E+01/0.1000E-04
# With parameters(tra.):    -0.2732E-04   -0.1435E-04    0.1863E-04
# With parameters(rot.):    -0.1130E-02    0.5976E-03    0.5028E-01
# Minimization at step:    53 with Value:     0.0000Tol(Act/Req):0.1894E+01/0.1000E-04
# With parameters(tra.):    -0.2170E-04   -0.3471E-04    0.3714E-04
# With parameters(rot.):    -0.1067E-02    0.4425E-03    0.5032E-01
# Minimization at step:    54 with Value:     0.0000Tol(Act/Req):0.1860E+01/0.1000E-04
# With parameters(tra.):    -0.3970E-06   -0.1335E-04    0.2239E-04
# With parameters(rot.):    -0.1068E-02    0.3786E-03    0.5034E-01
# Minimization at step:    55 with Value:     0.0000Tol(Act/Req):0.1851E+01/0.1000E-04
# With parameters(tra.):    -0.1776E-04   -0.1184E-04    0.1109E-04
# With parameters(rot.):    -0.1061E-02    0.2259E-03    0.5043E-01
# Minimization at step:    56 with Value:     0.0000Tol(Act/Req):0.1750E+01/0.1000E-04
# With parameters(tra.):    -0.2724E-04   -0.1083E-05    0.2353E-04
# With parameters(rot.):    -0.9756E-03    0.3727E-03    0.5030E-01
# Minimization at step:    57 with Value:     0.0000Tol(Act/Req):0.1731E+01/0.1000E-04
# With parameters(tra.):     0.4724E-05   -0.4579E-04   -0.1954E-05
# With parameters(rot.):    -0.7246E-03    0.5505E-03    0.5011E-01
# Minimization at step:    58 with Value:     0.0000Tol(Act/Req):0.1702E+01/0.1000E-04
# With parameters(tra.):     0.2477E-04   -0.9020E-04    0.2203E-04
# With parameters(rot.):    -0.4835E-03    0.2763E-03    0.5013E-01
# Minimization at step:    59 with Value:     0.0000Tol(Act/Req):0.1665E+01/0.1000E-04
# With parameters(tra.):     0.7576E-04   -0.7309E-04   -0.7587E-05
# With parameters(rot.):    -0.2914E-03    0.1143E-03    0.5009E-01
# Minimization at step:    60 with Value:     0.0000Tol(Act/Req):0.1659E+01/0.1000E-04
# With parameters(tra.):     0.7500E-04   -0.6056E-04   -0.1605E-04
# With parameters(rot.):    -0.3357E-03    0.1693E-03    0.5008E-01
# Minimization at step:    61 with Value:     0.0000Tol(Act/Req):0.1640E+01/0.1000E-04
# With parameters(tra.):     0.6646E-04   -0.2079E-04    0.4736E-05
# With parameters(rot.):    -0.4571E-03   -0.1355E-03    0.5027E-01
# Minimization at step:    62 with Value:     0.0000Tol(Act/Req):0.1630E+01/0.1000E-04
# With parameters(tra.):     0.5294E-04   -0.2070E-04    0.1317E-04
# With parameters(rot.):    -0.5189E-03   -0.1158E-03    0.5029E-01
# Minimization at step:    63 with Value:     0.0000Tol(Act/Req):0.1586E+01/0.1000E-04
# With parameters(tra.):     0.5015E-04   -0.2068E-04    0.7690E-05
# With parameters(rot.):    -0.4699E-03   -0.2206E-03    0.5033E-01
# Minimization at step:    64 with Value:     0.0000Tol(Act/Req):0.1554E+01/0.1000E-04
# With parameters(tra.):     0.5697E-04   -0.5713E-05    0.2730E-04
# With parameters(rot.):    -0.1313E-03   -0.1249E-03    0.5009E-01
# Minimization at step:    65 with Value:     0.0000Tol(Act/Req):0.1375E+01/0.1000E-04
# With parameters(tra.):     0.5832E-04   -0.1440E-04    0.2398E-04
# With parameters(rot.):    -0.7375E-04   -0.4781E-04    0.5003E-01
# Minimization at step:    66 with Value:     0.0000Tol(Act/Req):0.1278E+01/0.1000E-04
# With parameters(tra.):     0.5672E-04   -0.1887E-04    0.1880E-04
# With parameters(rot.):    -0.1536E-03   -0.6532E-04    0.5008E-01
# Minimization at step:    67 with Value:     0.0000Tol(Act/Req):0.1186E+01/0.1000E-04
# With parameters(tra.):     0.4911E-04    0.2009E-04    0.1349E-04
# With parameters(rot.):    -0.1815E-03   -0.3347E-04    0.5007E-01
# Minimization at step:    68 with Value:     0.0000Tol(Act/Req):0.1177E+01/0.1000E-04
# With parameters(tra.):     0.4466E-04    0.3031E-04    0.6729E-05
# With parameters(rot.):    -0.3582E-04   -0.1439E-03    0.5005E-01
# Minimization at step:    69 with Value:     0.0000Tol(Act/Req):0.1158E+01/0.1000E-04
# With parameters(tra.):     0.2231E-04    0.4319E-04    0.1777E-04
# With parameters(rot.):    -0.7782E-05   -0.1214E-03    0.5002E-01
# Minimization at step:    70 with Value:     0.0000Tol(Act/Req):0.1001E+01/0.1000E-04
# With parameters(tra.):     0.2100E-04    0.1193E-04    0.2450E-04
# With parameters(rot.):     0.7796E-04   -0.1825E-03    0.5002E-01
# Minimization at step:    71 with Value:     0.0000Tol(Act/Req):0.9777E+00/0.1000E-04
# With parameters(tra.):     0.1125E-04    0.3333E-05    0.1804E-04
# With parameters(rot.):     0.2436E-03   -0.7326E-04    0.4990E-01
# Minimization at step:    72 with Value:     0.0000Tol(Act/Req):0.9286E+00/0.1000E-04
# With parameters(tra.):     0.1076E-04    0.1043E-04    0.1582E-04
# With parameters(rot.):     0.2359E-03   -0.4887E-04    0.4989E-01
# Minimization at step:    73 with Value:     0.0000Tol(Act/Req):0.7866E+00/0.1000E-04
# With parameters(tra.):     0.1316E-04    0.1317E-04    0.1725E-04
# With parameters(rot.):     0.1939E-03   -0.7415E-04    0.4992E-01
# Minimization at step:    74 with Value:     0.0000Tol(Act/Req):0.6841E+00/0.1000E-04
# With parameters(tra.):    -0.4551E-05    0.1492E-04    0.6371E-05
# With parameters(rot.):     0.1500E-03   -0.1121E-03    0.4997E-01
# Minimization at step:    75 with Value:     0.0000Tol(Act/Req):0.6593E+00/0.1000E-04
# With parameters(tra.):    -0.1799E-04    0.2972E-05    0.1076E-04
# With parameters(rot.):     0.1148E-03   -0.2789E-04    0.4996E-01
# Minimization at step:    76 with Value:     0.0000Tol(Act/Req):0.5819E+00/0.1000E-04
# With parameters(tra.):    -0.1763E-04   -0.2525E-05    0.8338E-05
# With parameters(rot.):     0.1204E-03   -0.2385E-04    0.4996E-01
# Minimization at step:    77 with Value:     0.0000Tol(Act/Req):0.5425E+00/0.1000E-04
# With parameters(tra.):    -0.1424E-04    0.3154E-08    0.7038E-05
# With parameters(rot.):     0.1296E-03   -0.4457E-04    0.4996E-01
# Minimization at step:    78 with Value:     0.0000Tol(Act/Req):0.4717E+00/0.1000E-04
# With parameters(tra.):    -0.1062E-04   -0.1676E-05    0.9813E-05
# With parameters(rot.):     0.1389E-03   -0.2945E-04    0.4995E-01
# Minimization at step:    79 with Value:     0.0000Tol(Act/Req):0.4362E+00/0.1000E-04
# With parameters(tra.):    -0.1669E-04    0.5943E-05    0.4980E-05
# With parameters(rot.):     0.1032E-03    0.1199E-04    0.4995E-01
# Minimization at step:    80 with Value:     0.0000Tol(Act/Req):0.2528E+00/0.1000E-04
# With parameters(tra.):    -0.1797E-04    0.6711E-05    0.4672E-05
# With parameters(rot.):     0.7461E-04    0.6525E-05    0.4996E-01
# Minimization at step:    81 with Value:     0.0000Tol(Act/Req):0.2273E+00/0.1000E-04
# With parameters(tra.):    -0.1736E-04   -0.1205E-05   -0.1396E-05
# With parameters(rot.):     0.7044E-04    0.2473E-04    0.4996E-01
# Minimization at step:    82 with Value:     0.0000Tol(Act/Req):0.1910E+00/0.1000E-04
# With parameters(tra.):    -0.1161E-04    0.3449E-05   -0.6807E-05
# With parameters(rot.):     0.6922E-04    0.6398E-05    0.4997E-01
# Minimization at step:    83 with Value:     0.0000Tol(Act/Req):0.1857E+00/0.1000E-04
# With parameters(tra.):    -0.4707E-05    0.1798E-05   -0.6797E-05
# With parameters(rot.):     0.6456E-04    0.4858E-04    0.4995E-01
# Minimization at step:    84 with Value:     0.0000Tol(Act/Req):0.1804E+00/0.1000E-04
# With parameters(tra.):    -0.3807E-05    0.4027E-05   -0.5730E-05
# With parameters(rot.):     0.6511E-04    0.4602E-04    0.4995E-01
# Minimization at step:    85 with Value:     0.0000Tol(Act/Req):0.1703E+00/0.1000E-04
# With parameters(tra.):    -0.1722E-05    0.2598E-05   -0.5817E-05
# With parameters(rot.):     0.6789E-04    0.4195E-04    0.4995E-01
# Minimization at step:    86 with Value:     0.0000Tol(Act/Req):0.1416E+00/0.1000E-04
# With parameters(tra.):     0.4088E-06    0.2722E-05   -0.8900E-05
# With parameters(rot.):     0.2334E-04    0.4260E-04    0.4997E-01
# Minimization at step:    87 with Value:     0.0000Tol(Act/Req):0.1228E+00/0.1000E-04
# With parameters(tra.):    -0.8920E-06   -0.9505E-06   -0.5366E-05
# With parameters(rot.):     0.1279E-04    0.6541E-04    0.4996E-01
# Minimization at step:    88 with Value:     0.0000Tol(Act/Req):0.6566E-01/0.1000E-04
# With parameters(tra.):    -0.5119E-05   -0.3996E-06   -0.5015E-05
# With parameters(rot.):     0.3343E-05    0.3797E-04    0.4998E-01
# Minimization at step:    89 with Value:     0.0000Tol(Act/Req):0.6427E-01/0.1000E-04
# With parameters(tra.):    -0.3757E-05    0.2583E-05   -0.2643E-05
# With parameters(rot.):    -0.1614E-04    0.3016E-04    0.4999E-01
# Minimization at step:    90 with Value:     0.0000Tol(Act/Req):0.5771E-01/0.1000E-04
# With parameters(tra.):    -0.2656E-06   -0.2803E-06   -0.1758E-05
# With parameters(rot.):    -0.3860E-04    0.1809E-04    0.5001E-01
# Minimization at step:    91 with Value:     0.0000Tol(Act/Req):0.5332E-01/0.1000E-04
# With parameters(tra.):    -0.1911E-05   -0.1364E-05    0.2678E-05
# With parameters(rot.):    -0.2955E-04    0.9485E-05    0.5001E-01
# Minimization at step:    92 with Value:     0.0000Tol(Act/Req):0.5210E-01/0.1000E-04
# With parameters(tra.):    -0.2921E-05   -0.7379E-06    0.2827E-05
# With parameters(rot.):    -0.2318E-04    0.1179E-04    0.5001E-01
# Minimization at step:    93 with Value:     0.0000Tol(Act/Req):0.4303E-01/0.1000E-04
# With parameters(tra.):    -0.2594E-05   -0.4149E-06    0.1730E-05
# With parameters(rot.):    -0.2491E-04    0.1413E-04    0.5001E-01
# Minimization at step:    94 with Value:     0.0000Tol(Act/Req):0.3516E-01/0.1000E-04
# With parameters(tra.):    -0.2519E-05    0.2417E-06    0.1732E-05
# With parameters(rot.):    -0.2629E-04    0.6056E-05    0.5001E-01
# Minimization at step:    95 with Value:     0.0000Tol(Act/Req):0.2842E-01/0.1000E-04
# With parameters(tra.):    -0.2756E-05   -0.6992E-06    0.1504E-05
# With parameters(rot.):    -0.2227E-04    0.5999E-05    0.5001E-01
# Minimization at step:    96 with Value:     0.0000Tol(Act/Req):0.1574E-01/0.1000E-04
# With parameters(tra.):    -0.1855E-05   -0.8160E-06    0.1988E-05
# With parameters(rot.):    -0.2283E-04    0.7907E-05    0.5001E-01
# Minimization at step:    97 with Value:     0.0000Tol(Act/Req):0.1448E-01/0.1000E-04
# With parameters(tra.):    -0.9539E-06   -0.3037E-06   -0.1188E-06
# With parameters(rot.):    -0.2560E-04    0.1052E-04    0.5001E-01
# Minimization at step:    98 with Value:     0.0000Tol(Act/Req):0.1212E-01/0.1000E-04
# With parameters(tra.):    -0.1977E-05    0.7433E-06   -0.6323E-06
# With parameters(rot.):    -0.1665E-04    0.1365E-04    0.5000E-01
# Minimization at step:    99 with Value:     0.0000Tol(Act/Req):0.1156E-01/0.1000E-04
# With parameters(tra.):    -0.1894E-05    0.1113E-05   -0.8282E-06
# With parameters(rot.):    -0.1654E-04    0.1025E-04    0.5000E-01
# Minimization at step:   100 with Value:     0.0000Tol(Act/Req):0.1063E-01/0.1000E-04
# With parameters(tra.):    -0.2198E-05    0.1103E-05   -0.3605E-06
# With parameters(rot.):    -0.1509E-04    0.9575E-05    0.5000E-01
# Minimization at step:   101 with Value:     0.0000Tol(Act/Req):0.8073E-02/0.1000E-04
# With parameters(tra.):    -0.2414E-05    0.1428E-06   -0.1169E-05
# With parameters(rot.):    -0.7257E-05    0.1038E-04    0.5000E-01
# Minimization at step:   102 with Value:     0.0000Tol(Act/Req):0.4693E-02/0.1000E-04
# With parameters(tra.):    -0.1202E-05    0.2073E-06   -0.1232E-05
# With parameters(rot.):    -0.4205E-05    0.1386E-04    0.5000E-01
# Minimization at step:   103 with Value:     0.0000Tol(Act/Req):0.4199E-02/0.1000E-04
# With parameters(tra.):    -0.2618E-06   -0.6694E-06   -0.1089E-05
# With parameters(rot.):    -0.6021E-05    0.1185E-04    0.5000E-01
# Minimization at step:   104 with Value:     0.0000Tol(Act/Req):0.3886E-02/0.1000E-04
# With parameters(tra.):     0.4477E-06   -0.5234E-06   -0.1568E-05
# With parameters(rot.):    -0.2290E-05    0.5570E-05    0.5000E-01
# Minimization at step:   105 with Value:     0.0000Tol(Act/Req):0.3364E-02/0.1000E-04
# With parameters(tra.):     0.7225E-06   -0.1086E-05   -0.1035E-05
# With parameters(rot.):     0.4870E-05    0.2883E-05    0.5000E-01
# Minimization at step:   106 with Value:     0.0000Tol(Act/Req):0.3284E-02/0.1000E-04
# With parameters(tra.):     0.1020E-05   -0.1028E-05   -0.8892E-06
# With parameters(rot.):     0.4576E-05    0.2123E-05    0.5000E-01
# Minimization at step:   107 with Value:     0.0000Tol(Act/Req):0.3078E-02/0.1000E-04
# With parameters(tra.):     0.9761E-06   -0.8826E-06   -0.1010E-05
# With parameters(rot.):     0.2761E-05    0.2731E-05    0.5000E-01
# Minimization at step:   108 with Value:     0.0000Tol(Act/Req):0.2793E-02/0.1000E-04
# With parameters(tra.):     0.4427E-06   -0.1148E-05   -0.3454E-06
# With parameters(rot.):     0.7140E-06    0.8061E-05    0.5000E-01
# Minimization at step:   109 with Value:     0.0000Tol(Act/Req):0.2749E-02/0.1000E-04
# With parameters(tra.):    -0.2629E-06   -0.4311E-06   -0.2400E-06
# With parameters(rot.):     0.4775E-05    0.8818E-05    0.4999E-01
# Minimization at step:   110 with Value:     0.0000Tol(Act/Req):0.2217E-02/0.1000E-04
# With parameters(tra.):    -0.1884E-06   -0.3050E-06   -0.3975E-06
# With parameters(rot.):     0.5625E-05    0.7549E-05    0.4999E-01
# Minimization at step:   111 with Value:     0.0000Tol(Act/Req):0.1676E-02/0.1000E-04
# With parameters(tra.):    -0.5757E-08   -0.4737E-06   -0.4369E-06
# With parameters(rot.):     0.4681E-05    0.7254E-05    0.4999E-01
# Minimization at step:   112 with Value:     0.0000Tol(Act/Req):0.1113E-02/0.1000E-04
# With parameters(tra.):    -0.3127E-06   -0.6762E-06   -0.2071E-06
# With parameters(rot.):     0.5376E-05    0.3861E-05    0.5000E-01
# Minimization at step:   113 with Value:     0.0000Tol(Act/Req):0.1077E-02/0.1000E-04
# With parameters(tra.):    -0.4421E-06   -0.5863E-06   -0.2007E-06
# With parameters(rot.):     0.4687E-05    0.4260E-05    0.5000E-01
# Minimization at step:   114 with Value:     0.0000Tol(Act/Req):0.8613E-03/0.1000E-04
# With parameters(tra.):    -0.3345E-06   -0.3237E-06    0.3208E-06
# With parameters(rot.):     0.4134E-05    0.3452E-05    0.5000E-01
# Minimization at step:   115 with Value:     0.0000Tol(Act/Req):0.7007E-03/0.1000E-04
# With parameters(tra.):    -0.2341E-06   -0.7755E-07    0.2454E-06
# With parameters(rot.):     0.5337E-05   -0.4521E-06    0.5000E-01
# Minimization at step:   116 with Value:     0.0000Tol(Act/Req):0.6592E-03/0.1000E-04
# With parameters(tra.):    -0.1618E-06   -0.1289E-06    0.2825E-06
# With parameters(rot.):     0.4920E-05   -0.1242E-05    0.5000E-01
# Minimization at step:   117 with Value:     0.0000Tol(Act/Req):0.6589E-03/0.1000E-04
# With parameters(tra.):    -0.1809E-06   -0.1947E-06    0.3045E-06
# With parameters(rot.):     0.4584E-05   -0.3317E-06    0.5000E-01
# Minimization at step:   118 with Value:     0.0000Tol(Act/Req):0.4211E-03/0.1000E-04
# With parameters(tra.):    -0.1950E-06   -0.2496E-06    0.1727E-06
# With parameters(rot.):     0.4760E-05   -0.4451E-06    0.5000E-01
# Minimization at step:   119 with Value:     0.0000Tol(Act/Req):0.4034E-03/0.1000E-04
# With parameters(tra.):     0.4890E-07    0.2755E-07    0.1461E-06
# With parameters(rot.):     0.4091E-05    0.3813E-06    0.5000E-01
# Minimization at step:   120 with Value:     0.0000Tol(Act/Req):0.2274E-03/0.1000E-04
# With parameters(tra.):     0.2514E-07    0.1236E-06    0.1782E-06
# With parameters(rot.):     0.3696E-05    0.2573E-06    0.5000E-01
# Minimization at step:   121 with Value:     0.0000Tol(Act/Req):0.2123E-03/0.1000E-04
# With parameters(tra.):     0.2320E-06    0.1051E-06    0.2177E-06
# With parameters(rot.):     0.2454E-05   -0.8225E-06    0.5000E-01
# Minimization at step:   122 with Value:     0.0000Tol(Act/Req):0.2093E-03/0.1000E-04
# With parameters(tra.):     0.3315E-06    0.7342E-07    0.2327E-06
# With parameters(rot.):     0.1072E-05    0.8343E-06    0.5000E-01
# Minimization at step:   123 with Value:     0.0000Tol(Act/Req):0.1991E-03/0.1000E-04
# With parameters(tra.):     0.1818E-06   -0.1885E-06    0.2882E-06
# With parameters(rot.):     0.7350E-06    0.1589E-06    0.5000E-01
# Minimization at step:   124 with Value:     0.0000Tol(Act/Req):0.1776E-03/0.1000E-04
# With parameters(tra.):     0.2792E-06   -0.2779E-06    0.6316E-07
# With parameters(rot.):    -0.2552E-06    0.1333E-06    0.5000E-01
# Minimization at step:   125 with Value:     0.0000Tol(Act/Req):0.1762E-03/0.1000E-04
# With parameters(tra.):     0.2500E-06   -0.2993E-06    0.4529E-07
# With parameters(rot.):    -0.2045E-07   -0.3393E-06    0.5000E-01
# Minimization at step:   126 with Value:     0.0000Tol(Act/Req):0.1702E-03/0.1000E-04
# With parameters(tra.):     0.2931E-06   -0.2431E-06    0.1119E-07
# With parameters(rot.):     0.8705E-09   -0.2119E-06    0.5000E-01
# Minimization at step:   127 with Value:     0.0000Tol(Act/Req):0.1612E-03/0.1000E-04
# With parameters(tra.):     0.2699E-06   -0.2178E-06    0.6310E-07
# With parameters(rot.):     0.2698E-06   -0.2343E-06    0.5000E-01
# Minimization at step:   128 with Value:     0.0000Tol(Act/Req):0.1291E-03/0.1000E-04
# With parameters(tra.):     0.2213E-06   -0.2401E-06    0.4035E-07
# With parameters(rot.):     0.3985E-06    0.8466E-07    0.5000E-01
# Minimization at step:   129 with Value:     0.0000Tol(Act/Req):0.5291E-04/0.1000E-04
# With parameters(tra.):     0.2258E-06   -0.2223E-06    0.4491E-07
# With parameters(rot.):    -0.7353E-07    0.8263E-08    0.5000E-01
# Minimization at step:   130 with Value:     0.0000Tol(Act/Req):0.5258E-04/0.1000E-04
# With parameters(tra.):     0.2896E-06   -0.1029E-06   -0.1206E-07
# With parameters(rot.):    -0.5570E-07    0.3364E-06    0.5000E-01
# Minimization at step:   131 with Value:     0.0000Tol(Act/Req):0.5165E-04/0.1000E-04
# With parameters(tra.):     0.2498E-06   -0.1410E-07    0.6671E-07
# With parameters(rot.):     0.3736E-06    0.4818E-06    0.5000E-01
# Minimization at step:   132 with Value:     0.0000Tol(Act/Req):0.4856E-04/0.1000E-04
# With parameters(tra.):     0.1912E-06    0.3825E-07    0.3812E-07
# With parameters(rot.):     0.9744E-06   -0.1897E-06    0.5000E-01
# Minimization at step:   133 with Value:     0.0000Tol(Act/Req):0.4632E-04/0.1000E-04
# With parameters(tra.):     0.8405E-07    0.8648E-07   -0.8140E-08
# With parameters(rot.):     0.1424E-05    0.3568E-06    0.5000E-01
# Minimization at step:   134 with Value:     0.0000Tol(Act/Req):0.4590E-04/0.1000E-04
# With parameters(tra.):     0.5097E-07    0.7241E-07    0.6430E-08
# With parameters(rot.):     0.1543E-05    0.2764E-06    0.5000E-01
# Minimization at step:   135 with Value:     0.0000Tol(Act/Req):0.3872E-04/0.1000E-04
# With parameters(tra.):     0.1231E-06    0.3273E-07    0.4476E-07
# With parameters(rot.):     0.1235E-05   -0.1535E-06    0.5000E-01
# Minimization at step:   136 with Value:     0.0000Tol(Act/Req):0.3588E-04/0.1000E-04
# With parameters(tra.):     0.1041E-06    0.1231E-06    0.5157E-07
# With parameters(rot.):     0.8545E-06   -0.3086E-06    0.5000E-01
# Minimization at step:   137 with Value:     0.0000Tol(Act/Req):0.3444E-04/0.1000E-04
# With parameters(tra.):     0.1336E-06    0.9903E-07    0.8465E-07
# With parameters(rot.):     0.2137E-06    0.3234E-06    0.5000E-01
# Minimization at step:   138 with Value:     0.0000Tol(Act/Req):0.3095E-04/0.1000E-04
# With parameters(tra.):     0.1347E-06    0.4791E-07    0.1185E-07
# With parameters(rot.):    -0.2689E-06    0.1251E-06    0.5000E-01
# Minimization at step:   139 with Value:     0.0000Tol(Act/Req):0.1481E-04/0.1000E-04
# With parameters(tra.):     0.1274E-06    0.4967E-07   -0.2483E-08
# With parameters(rot.):    -0.1489E-06   -0.4938E-07    0.5000E-01
# Minimization at step:   140 with Value:     0.0000Tol(Act/Req):0.1361E-04/0.1000E-04
# With parameters(tra.):     0.1265E-06    0.6259E-07    0.1452E-07
# With parameters(rot.):    -0.1826E-07   -0.1435E-07    0.5000E-01
# Minimization at step:   141 with Value:     0.0000Tol(Act/Req):0.1186E-04/0.1000E-04
# With parameters(tra.):     0.9136E-07    0.8990E-07   -0.1221E-07
# With parameters(rot.):    -0.1780E-06    0.2354E-06    0.5000E-01
# Minimization at step:   142 with Value:     0.0000Tol(Act/Req):0.1183E-04/0.1000E-04
# With parameters(tra.):     0.9346E-07    0.7208E-07   -0.1865E-07
# With parameters(rot.):    -0.2005E-06    0.3066E-06    0.5000E-01
# Minimization at step:   143 with Value:     0.0000Tol(Act/Req):0.7683E-05/0.1000E-04
# With parameters(tra.):     0.5448E-07    0.5090E-07   -0.3069E-08
# With parameters(rot.):    -0.4581E-06    0.1936E-06    0.5000E-01
# CSM Values after y minimization.
# Final Number of optim. Steps:   143
#      Before min is:      0.00316314914
# Final CSM Value is:      0.00000000000
# Coordinates rotated along Z.
[molecule] Nrec=  16 Format=nscxyz
  he               1    2    0.10000000D+01   0.61232340D-16  -0.50000000D-01
  he               2    2    0.92388000D+00  -0.38268000D+00   0.50000000D-01
  he               3    2    0.70711000D+00  -0.70711000D+00  -0.50000000D-01
  he               4    2    0.38268000D+00  -0.92388000D+00   0.50000000D-01
  he               5    2    0.61232340D-16  -0.10000000D+01  -0.50000000D-01
  he               6    2   -0.38268000D+00  -0.92388000D+00   0.50000000D-01
  he               7    2   -0.70711000D+00  -0.70711000D+00  -0.50000000D-01
  he               8    2   -0.92388000D+00  -0.38268000D+00   0.50000000D-01
  he               9    2   -0.10000000D+01  -0.61232340D-16  -0.50000000D-01
  he              10    2   -0.92388000D+00   0.38268000D+00   0.50000000D-01
  he              11    2   -0.70711000D+00   0.70711000D+00  -0.50000000D-01
  he              12    2   -0.38268000D+00   0.92388000D+00   0.50000000D-01
  he              13    2   -0.61232340D-16   0.10000000D+01  -0.50000000D-01
  he              14    2    0.38268000D+00   0.92388000D+00   0.50000000D-01
  he              15    2    0.70711000D+00   0.70711000D+00  -0.50000000D-01
  he              16    2    0.92388000D+00   0.38268000D+00   0.50000000D-01
# Minimization at step:     0 with Value:     0.0031Tol(Act/Req):0.2000E+01/0.1000E-04
# With parameters(tra.):     0.1429E-01    0.1429E-01    0.1429E-01
# With parameters(rot.):     0.1429E-01    0.1429E-01    0.1429E-01
# Minimization at step:     1 with Value:     0.0022Tol(Act/Req):0.2000E+01/0.1000E-04
# With parameters(tra.):     0.1548E-01    0.1548E-01    0.7143E-02
# With parameters(rot.):     0.1548E-01    0.1548E-01    0.1548E-01
# Minimization at step:     2 with Value:     0.0015Tol(Act/Req):0.2000E+01/0.1000E-04
# With parameters(tra.):     0.1677E-01    0.8433E-02    0.7738E-02
# With parameters(rot.):     0.1677E-01    0.1677E-01    0.1677E-01
# Minimization at step:     3 with Value:     0.0008Tol(Act/Req):0.2000E+01/0.1000E-04
# With parameters(tra.):    -0.4043E-02    0.1054E-01    0.9673E-02
# With parameters(rot.):     0.2096E-01    0.2096E-01    0.2096E-01
# Minimization at step:     4 with Value:     0.0006Tol(Act/Req):0.2000E+01/0.1000E-04
# With parameters(tra.):    -0.7137E-02    0.1109E-01   -0.4092E-03
# With parameters(rot.):     0.2411E-01    0.2411E-01    0.2411E-01
# Minimization at step:     5 with Value:     0.0004Tol(Act/Req):0.2000E+01/0.1000E-04
# With parameters(tra.):    -0.8484E-02    0.7792E-02   -0.7906E-03
# With parameters(rot.):     0.2537E-01    0.2537E-01    0.2537E-01
# Minimization at step:     6 with Value:     0.0003Tol(Act/Req):0.2000E+01/0.1000E-04
# With parameters(tra.):     0.8103E-03    0.6051E-02   -0.4374E-02
# With parameters(rot.):     0.2438E-01    0.2438E-01    0.2438E-01
# Minimization at step:     7 with Value:     0.0002Tol(Act/Req):0.2000E+01/0.1000E-04
# With parameters(tra.):     0.4344E-02    0.4515E-02   -0.3238E-03
# With parameters(rot.):     0.2287E-01    0.2287E-01    0.2287E-01
# Minimization at step:     8 with Value:     0.0001Tol(Act/Req):0.2000E+01/0.1000E-04
# With parameters(tra.):     0.4740E-02    0.2592E-02   -0.4755E-03
# With parameters(rot.):     0.2329E-01    0.2329E-01    0.2329E-01
# Minimization at step:     9 with Value:     0.0001Tol(Act/Req):0.2000E+01/0.1000E-04
# With parameters(tra.):     0.1075E-02    0.2597E-02    0.2291E-02
# With parameters(rot.):     0.2351E-01    0.2351E-01    0.2351E-01
# Minimization at step:    10 with Value:     0.0001Tol(Act/Req):0.2000E+01/0.1000E-04
# With parameters(tra.):     0.2134E-03    0.2694E-02    0.1833E-02
# With parameters(rot.):     0.2381E-01    0.2381E-01    0.2381E-01
# Minimization at step:    11 with Value:     0.0001Tol(Act/Req):0.2000E+01/0.1000E-04
# With parameters(tra.):    -0.3249E-03   -0.1656E-03    0.2183E-02
# With parameters(rot.):     0.2458E-01    0.2458E-01    0.2458E-01
# Minimization at step:    12 with Value:     0.0001Tol(Act/Req):0.2000E+01/0.1000E-04
# With parameters(tra.):    -0.3520E-03   -0.1794E-03    0.2365E-02
# With parameters(rot.):     0.1829E-01    0.2662E-01    0.2662E-01
# Minimization at step:    13 with Value:     0.0000Tol(Act/Req):0.2000E+01/0.1000E-04
# With parameters(tra.):    -0.4400E-03   -0.2242E-03    0.2956E-02
# With parameters(rot.):     0.2286E-01    0.8281E-02    0.3328E-01
# Minimization at step:    14 with Value:     0.0000Tol(Act/Req):0.2000E+01/0.1000E-04
# With parameters(tra.):     0.1014E-02   -0.9325E-03    0.1739E-02
# With parameters(rot.):     0.2259E-01    0.4363E-02    0.3561E-01
# Minimization at step:    15 with Value:     0.0000Tol(Act/Req):0.2000E+01/0.1000E-04
# With parameters(tra.):    -0.4424E-03   -0.1949E-02    0.7940E-03
# With parameters(rot.):     0.2280E-01   -0.1510E-02    0.4016E-01
# Minimization at step:    16 with Value:     0.0000Tol(Act/Req):0.2000E+01/0.1000E-04
# With parameters(tra.):    -0.1226E-03   -0.6369E-03    0.9790E-04
# With parameters(rot.):     0.2169E-01   -0.1071E-01    0.4484E-01
# Minimization at step:    17 with Value:     0.0000Tol(Act/Req):0.2000E+01/0.1000E-04
# With parameters(tra.):     0.2680E-03   -0.2736E-03    0.2763E-03
# With parameters(rot.):     0.2155E-01   -0.1001E-01    0.4410E-01
# Minimization at step:    18 with Value:     0.0000Tol(Act/Req):0.1999E+01/0.1000E-04
# With parameters(tra.):     0.4205E-03   -0.3325E-03   -0.5610E-04
# With parameters(rot.):     0.1007E-01   -0.1813E-01    0.5402E-01
# Minimization at step:    19 with Value:     0.0000Tol(Act/Req):0.1999E+01/0.1000E-04
# With parameters(tra.):     0.7660E-03   -0.3388E-03   -0.1454E-02
# With parameters(rot.):     0.2752E-02   -0.1470E-01    0.5649E-01
# Minimization at step:    20 with Value:     0.0000Tol(Act/Req):0.1999E+01/0.1000E-04
# With parameters(tra.):     0.7425E-03   -0.1551E-02   -0.1276E-02
# With parameters(rot.):    -0.2460E-02   -0.6830E-02    0.5569E-01
# Minimization at step:    21 with Value:     0.0000Tol(Act/Req):0.1999E+01/0.1000E-04
# With parameters(tra.):     0.3892E-03   -0.1949E-02    0.1821E-03
# With parameters(rot.):     0.3117E-02   -0.7631E-02    0.5295E-01
# Minimization at step:    22 with Value:     0.0000Tol(Act/Req):0.1999E+01/0.1000E-04
# With parameters(tra.):     0.3484E-03   -0.2069E-02    0.2851E-03
# With parameters(rot.):     0.5409E-02   -0.4727E-02    0.5038E-01
# Minimization at step:    23 with Value:     0.0000Tol(Act/Req):0.1999E+01/0.1000E-04
# With parameters(tra.):     0.6033E-03   -0.1801E-02   -0.7825E-03
# With parameters(rot.):     0.1799E-02   -0.3400E-02    0.5179E-01
# Minimization at step:    24 with Value:     0.0000Tol(Act/Req):0.1999E+01/0.1000E-04
# With parameters(tra.):     0.5975E-03   -0.1518E-02   -0.7861E-03
# With parameters(rot.):     0.3457E-02   -0.5083E-02    0.5167E-01
# Minimization at step:    25 with Value:     0.0000Tol(Act/Req):0.1999E+01/0.1000E-04
# With parameters(tra.):    -0.2333E-03   -0.1311E-02   -0.8092E-03
# With parameters(rot.):    -0.1190E-02   -0.5485E-02    0.5451E-01
# Minimization at step:    26 with Value:     0.0000Tol(Act/Req):0.1998E+01/0.1000E-04
# With parameters(tra.):    -0.7977E-04   -0.1215E-02   -0.8105E-03
# With parameters(rot.):    -0.3157E-02   -0.4757E-02    0.5501E-01
# Minimization at step:    27 with Value:     0.0000Tol(Act/Req):0.1998E+01/0.1000E-04
# With parameters(tra.):    -0.4773E-03   -0.1199E-02   -0.1080E-03
# With parameters(rot.):    -0.2402E-02   -0.6094E-02    0.5514E-01
# Minimization at step:    28 with Value:     0.0000Tol(Act/Req):0.1998E+01/0.1000E-04
# With parameters(tra.):    -0.8341E-03   -0.1149E-02   -0.3319E-04
# With parameters(rot.):    -0.4219E-03   -0.7411E-03    0.5159E-01
# Minimization at step:    29 with Value:     0.0000Tol(Act/Req):0.1997E+01/0.1000E-04
# With parameters(tra.):    -0.9562E-03   -0.9773E-03    0.2777E-04
# With parameters(rot.):     0.8388E-04   -0.1221E-02    0.5152E-01
# Minimization at step:    30 with Value:     0.0000Tol(Act/Req):0.1997E+01/0.1000E-04
# With parameters(tra.):    -0.8968E-03   -0.9628E-03   -0.1365E-03
# With parameters(rot.):     0.1023E-03   -0.4804E-03    0.5119E-01
# Minimization at step:    31 with Value:     0.0000Tol(Act/Req):0.1996E+01/0.1000E-04
# With parameters(tra.):    -0.8128E-03   -0.9598E-03   -0.1638E-03
# With parameters(rot.):    -0.3490E-03   -0.1797E-02    0.5204E-01
# Minimization at step:    32 with Value:     0.0000Tol(Act/Req):0.1996E+01/0.1000E-04
# With parameters(tra.):    -0.4520E-03   -0.9813E-03    0.6667E-04
# With parameters(rot.):     0.3030E-02   -0.2994E-03    0.4932E-01
# Minimization at step:    33 with Value:     0.0000Tol(Act/Req):0.1995E+01/0.1000E-04
# With parameters(tra.):    -0.2690E-03   -0.7128E-03    0.3565E-03
# With parameters(rot.):     0.1159E-02    0.2642E-02    0.4841E-01
# Minimization at step:    34 with Value:     0.0000Tol(Act/Req):0.1994E+01/0.1000E-04
# With parameters(tra.):    -0.3440E-03   -0.6850E-03    0.3230E-03
# With parameters(rot.):     0.1584E-03    0.2513E-02    0.4902E-01
# Minimization at step:    35 with Value:     0.0000Tol(Act/Req):0.1993E+01/0.1000E-04
# With parameters(tra.):    -0.3960E-03   -0.7498E-03    0.2478E-03
# With parameters(rot.):     0.5427E-03    0.1767E-02    0.4929E-01
# Minimization at step:    36 with Value:     0.0000Tol(Act/Req):0.1993E+01/0.1000E-04
# With parameters(tra.):    -0.4535E-03   -0.3302E-03    0.4430E-03
# With parameters(rot.):     0.1707E-02    0.1804E-02    0.4841E-01
# Minimization at step:    37 with Value:     0.0000Tol(Act/Req):0.1991E+01/0.1000E-04
# With parameters(tra.):    -0.1868E-03   -0.9036E-04    0.3077E-03
# With parameters(rot.):     0.2279E-02    0.4046E-02    0.4682E-01
# Minimization at step:    38 with Value:     0.0000Tol(Act/Req):0.1991E+01/0.1000E-04
# With parameters(tra.):    -0.9271E-04   -0.1640E-04    0.3333E-03
# With parameters(rot.):     0.2272E-02    0.3874E-02    0.4681E-01
# Minimization at step:    39 with Value:     0.0000Tol(Act/Req):0.1991E+01/0.1000E-04
# With parameters(tra.):    -0.1515E-03   -0.7018E-04    0.3693E-03
# With parameters(rot.):     0.2129E-02    0.3300E-02    0.4721E-01
# Minimization at step:    40 with Value:     0.0000Tol(Act/Req):0.1985E+01/0.1000E-04
# With parameters(tra.):    -0.3285E-04   -0.3199E-03    0.2044E-03
# With parameters(rot.):     0.1361E-02    0.3646E-02    0.4757E-01
# Minimization at step:    41 with Value:     0.0000Tol(Act/Req):0.1981E+01/0.1000E-04
# With parameters(tra.):    -0.7902E-04   -0.1427E-03    0.9788E-04
# With parameters(rot.):    -0.2394E-03    0.3765E-02    0.4830E-01
# Minimization at step:    42 with Value:     0.0000Tol(Act/Req):0.1976E+01/0.1000E-04
# With parameters(tra.):    -0.7736E-04   -0.7000E-04   -0.1026E-03
# With parameters(rot.):     0.2685E-03    0.2939E-02    0.4852E-01
# Minimization at step:    43 with Value:     0.0000Tol(Act/Req):0.1976E+01/0.1000E-04
# With parameters(tra.):     0.1160E-03    0.6007E-04   -0.1966E-03
# With parameters(rot.):    -0.4129E-03    0.2284E-02    0.4907E-01
# Minimization at step:    44 with Value:     0.0000Tol(Act/Req):0.1973E+01/0.1000E-04
# With parameters(tra.):     0.1089E-03    0.4403E-04   -0.2258E-03
# With parameters(rot.):    -0.6964E-03    0.1912E-02    0.4943E-01
# Minimization at step:    45 with Value:     0.0000Tol(Act/Req):0.1973E+01/0.1000E-04
# With parameters(tra.):     0.2177E-03   -0.7093E-04   -0.2272E-03
# With parameters(rot.):     0.7515E-03    0.1175E-02    0.4908E-01
# Minimization at step:    46 with Value:     0.0000Tol(Act/Req):0.1973E+01/0.1000E-04
# With parameters(tra.):     0.2188E-03   -0.8561E-05   -0.2357E-03
# With parameters(rot.):     0.8287E-03    0.9119E-03    0.4914E-01
# Minimization at step:    47 with Value:     0.0000Tol(Act/Req):0.1972E+01/0.1000E-04
# With parameters(tra.):     0.1791E-03   -0.4680E-04   -0.2154E-03
# With parameters(rot.):     0.1103E-02    0.9611E-03    0.4901E-01
# Minimization at step:    48 with Value:     0.0000Tol(Act/Req):0.1960E+01/0.1000E-04
# With parameters(tra.):     0.8778E-04    0.4546E-04   -0.2114E-03
# With parameters(rot.):     0.1043E-03    0.1460E-02    0.4926E-01
# Minimization at step:    49 with Value:     0.0000Tol(Act/Req):0.1929E+01/0.1000E-04
# With parameters(tra.):     0.1278E-03    0.1978E-04   -0.8828E-04
# With parameters(rot.):    -0.3176E-03    0.1710E-02    0.4927E-01
# Minimization at step:    50 with Value:     0.0000Tol(Act/Req):0.1921E+01/0.1000E-04
# With parameters(tra.):     0.1199E-03   -0.2038E-04   -0.1008E-03
# With parameters(rot.):    -0.7585E-03    0.8990E-03    0.4993E-01
# Minimization at step:    51 with Value:     0.0000Tol(Act/Req):0.1920E+01/0.1000E-04
# With parameters(tra.):     0.2059E-04   -0.8804E-04   -0.2205E-04
# With parameters(rot.):    -0.8312E-03    0.9768E-03    0.4997E-01
# Minimization at step:    52 with Value:     0.0000Tol(Act/Req):0.1906E+01/0.1000E-04
# With parameters(tra.):    -0.2732E-04   -0.1435E-04    0.1863E-04
# With parameters(rot.):    -0.1130E-02    0.5976E-03    0.5028E-01
# Minimization at step:    53 with Value:     0.0000Tol(Act/Req):0.1894E+01/0.1000E-04
# With parameters(tra.):    -0.2170E-04   -0.3471E-04    0.3714E-04
# With parameters(rot.):    -0.1067E-02    0.4425E-03    0.5032E-01
# Minimization at step:    54 with Value:     0.0000Tol(Act/Req):0.1860E+01/0.1000E-04
# With parameters(tra.):    -0.3970E-06   -0.1335E-04    0.2239E-04
# With parameters(rot.):    -0.1068E-02    0.3786E-03    0.5034E-01
# Minimization at step:    55 with Value:     0.0000Tol(Act/Req):0.1851E+01/0.1000E-04
# With parameters(tra.):    -0.1776E-04   -0.1184E-04    0.1109E-04
# With parameters(rot.):    -0.1061E-02    0.2259E-03    0.5043E-01
# Minimization at step:    56 with Value:     0.0000Tol(Act/Req):0.1750E+01/0.1000E-04
# With parameters(tra.):    -0.2724E-04   -0.1083E-05    0.2353E-04
# With parameters(rot.):    -0.9756E-03    0.3727E-03    0.5030E-01
# Minimization at step:    57 with Value:     0.0000Tol(Act/Req):0.1731E+01/0.1000E-04
# With parameters(tra.):     0.4724E-05   -0.4579E-04   -0.1954E-05
# With parameters(rot.):    -0.7246E-03    0.5505E-03    0.5011E-01
# Minimization at step:    58 with Value:     0.0000Tol(Act/Req):0.1702E+01/0.1000E-04
# With parameters(tra.):     0.2477E-04   -0.9020E-04    0.2203E-04
# With parameters(rot.):    -0.4835E-03    0.2763E-03    0.5013E-01
# Minimization at step:    59 with Value:     0.0000Tol(Act/Req):0.1665E+01/0.1000E-04
# With parameters(tra.):     0.7576E-04   -0.7309E-04   -0.7587E-05
# With parameters(rot.):    -0.2914E-03    0.1143E-03    0.5009E-01
# Minimization at step:    60 with Value:     0.0000Tol(Act/Req):0.1659E+01/0.1000E-04
# With parameters(tra.):     0.7500E-04   -0.6056E-04   -0.1605E-04
# With parameters(rot.):    -0.3357E-03    0.1693E-03    0.5008E-01
# Minimization at step:    61 with Value:     0.0000Tol(Act/Req):0.1640E+01/0.1000E-04
# With parameters(tra.):     0.6646E-04   -0.2079E-04    0.4736E-05
# With parameters(rot.):    -0.4571E-03   -0.1355E-03    0.5027E-01
# Minimization at step:    62 with Value:     0.0000Tol(Act/Req):0.1630E+01/0.1000E-04
# With parameters(tra.):     0.5294E-04   -0.2070E-04    0.1317E-04
# With parameters(rot.):    -0.5189E-03   -0.1158E-03    0.5029E-01
# Minimization at step:    63 with Value:     0.0000Tol(Act/Req):0.1586E+01/0.1000E-04
# With parameters(tra.):     0.5015E-04   -0.2068E-04    0.7690E-05
# With parameters(rot.):    -0.4699E-03   -0.2206E-03    0.5033E-01
# Minimization at step:    64 with Value:     0.0000Tol(Act/Req):0.1554E+01/0.1000E-04
# With parameters(tra.):     0.5697E-04   -0.5713E-05    0.2730E-04
# With parameters(rot.):    -0.1313E-03   -0.1249E-03    0.5009E-01
# Minimization at step:    65 with Value:     0.0000Tol(Act/Req):0.1375E+01/0.1000E-04
# With parameters(tra.):     0.5832E-04   -0.1440E-04    0.2398E-04
# With parameters(rot.):    -0.7375E-04   -0.4781E-04    0.5003E-01
# Minimization at step:    66 with Value:     0.0000Tol(Act/Req):0.1278E+01/0.1000E-04
# With parameters(tra.):     0.5672E-04   -0.1887E-04    0.1880E-04
# With parameters(rot.):    -0.1536E-03   -0.6532E-04    0.5008E-01
# Minimization at step:    67 with Value:     0.0000Tol(Act/Req):0.1186E+01/0.1000E-04
# With parameters(tra.):     0.4911E-04    0.2009E-04    0.1349E-04
# With parameters(rot.):    -0.1815E-03   -0.3347E-04    0.5007E-01
# Minimization at step:    68 with Value:     0.0000Tol(Act/Req):0.1177E+01/0.1000E-04
# With parameters(tra.):     0.4466E-04    0.3031E-04    0.6729E-05
# With parameters(rot.):    -0.3582E-04   -0.1439E-03    0.5005E-01
# Minimization at step:    69 with Value:     0.0000Tol(Act/Req):0.1158E+01/0.1000E-04
# With parameters(tra.):     0.2231E-04    0.4319E-04    0.1777E-04
# With parameters(rot.):    -0.7782E-05   -0.1214E-03    0.5002E-01
# Minimization at step:    70 with Value:     0.0000Tol(Act/Req):0.1001E+01/0.1000E-04
# With parameters(tra.):     0.2100E-04    0.1193E-04    0.2450E-04
# With parameters(rot.):     0.7796E-04   -0.1825E-03    0.5002E-01
# Minimization at step:    71 with Value:     0.0000Tol(Act/Req):0.9777E+00/0.1000E-04
# With parameters(tra.):     0.1125E-04    0.3333E-05    0.1804E-04
# With parameters(rot.):     0.2436E-03   -0.7326E-04    0.4990E-01
# Minimization at step:    72 with Value:     0.0000Tol(Act/Req):0.9286E+00/0.1000E-04
# With parameters(tra.):     0.1076E-04    0.1043E-04    0.1582E-04
# With parameters(rot.):     0.2359E-03   -0.4887E-04    0.4989E-01
# Minimization at step:    73 with Value:     0.0000Tol(Act/Req):0.7866E+00/0.1000E-04
# With parameters(tra.):     0.1316E-04    0.1317E-04    0.1725E-04
# With parameters(rot.):     0.1939E-03   -0.7415E-04    0.4992E-01
# Minimization at step:    74 with Value:     0.0000Tol(Act/Req):0.6841E+00/0.1000E-04
# With parameters(tra.):    -0.4551E-05    0.1492E-04    0.6371E-05
# With parameters(rot.):     0.1500E-03   -0.1121E-03    0.4997E-01
# Minimization at step:    75 with Value:     0.0000Tol(Act/Req):0.6593E+00/0.1000E-04
# With parameters(tra.):    -0.1799E-04    0.2972E-05    0.1076E-04
# With parameters(rot.):     0.1148E-03   -0.2789E-04    0.4996E-01
# Minimization at step:    76 with Value:     0.0000Tol(Act/Req):0.5819E+00/0.1000E-04
# With parameters(tra.):    -0.1763E-04   -0.2525E-05    0.8338E-05
# With parameters(rot.):     0.1204E-03   -0.2385E-04    0.4996E-01
# Minimization at step:    77 with Value:     0.0000Tol(Act/Req):0.5425E+00/0.1000E-04
# With parameters(tra.):    -0.1424E-04    0.3154E-08    0.7038E-05
# With parameters(rot.):     0.1296E-03   -0.4457E-04    0.4996E-01
# Minimization at step:    78 with Value:     0.0000Tol(Act/Req):0.4717E+00/0.1000E-04
# With parameters(tra.):    -0.1062E-04   -0.1676E-05    0.9813E-05
# With parameters(rot.):     0.1389E-03   -0.2945E-04    0.4995E-01
# Minimization at step:    79 with Value:     0.0000Tol(Act/Req):0.4362E+00/0.1000E-04
# With parameters(tra.):    -0.1669E-04    0.5943E-05    0.4980E-05
# With parameters(rot.):     0.1032E-03    0.1199E-04    0.4995E-01
# Minimization at step:    80 with Value:     0.0000Tol(Act/Req):0.2528E+00/0.1000E-04
# With parameters(tra.):    -0.1797E-04    0.6711E-05    0.4672E-05
# With parameters(rot.):     0.7461E-04    0.6525E-05    0.4996E-01
# Minimization at step:    81 with Value:     0.0000Tol(Act/Req):0.2273E+00/0.1000E-04
# With parameters(tra.):    -0.1736E-04   -0.1205E-05   -0.1396E-05
# With parameters(rot.):     0.7044E-04    0.2473E-04    0.4996E-01
# Minimization at step:    82 with Value:     0.0000Tol(Act/Req):0.1910E+00/0.1000E-04
# With parameters(tra.):    -0.1161E-04    0.3449E-05   -0.6807E-05
# With parameters(rot.):     0.6922E-04    0.6398E-05    0.4997E-01
# Minimization at step:    83 with Value:     0.0000Tol(Act/Req):0.1857E+00/0.1000E-04
# With parameters(tra.):    -0.4707E-05    0.1798E-05   -0.6797E-05
# With parameters(rot.):     0.6456E-04    0.4858E-04    0.4995E-01
# Minimization at step:    84 with Value:     0.0000Tol(Act/Req):0.1804E+00/0.1000E-04
# With parameters(tra.):    -0.3807E-05    0.4027E-05   -0.5730E-05
# With parameters(rot.):     0.6511E-04    0.4602E-04    0.4995E-01
# Minimization at step:    85 with Value:     0.0000Tol(Act/Req):0.1703E+00/0.1000E-04
# With parameters(tra.):    -0.1722E-05    0.2598E-05   -0.5817E-05
# With parameters(rot.):     0.6789E-04    0.4195E-04    0.4995E-01
# Minimization at step:    86 with Value:     0.0000Tol(Act/Req):0.1416E+00/0.1000E-04
# With parameters(tra.):     0.4088E-06    0.2722E-05   -0.8900E-05
# With parameters(rot.):     0.2334E-04    0.4260E-04    0.4997E-01
# Minimization at step:    87 with Value:     0.0000Tol(Act/Req):0.1228E+00/0.1000E-04
# With parameters(tra.):    -0.8920E-06   -0.9505E-06   -0.5366E-05
# With parameters(rot.):     0.1279E-04    0.6541E-04    0.4996E-01
# Minimization at step:    88 with Value:     0.0000Tol(Act/Req):0.6566E-01/0.1000E-04
# With parameters(tra.):    -0.5119E-05   -0.3996E-06   -0.5015E-05
# With parameters(rot.):     0.3343E-05    0.3797E-04    0.4998E-01
# Minimization at step:    89 with Value:     0.0000Tol(Act/Req):0.6427E-01/0.1000E-04
# With parameters(tra.):    -0.3757E-05    0.2583E-05   -0.2643E-05
# With parameters(rot.):    -0.1614E-04    0.3016E-04    0.4999E-01
# Minimization at step:    90 with Value:     0.0000Tol(Act/Req):0.5771E-01/0.1000E-04
# With parameters(tra.):    -0.2656E-06   -0.2803E-06   -0.1758E-05
# With parameters(rot.):    -0.3860E-04    0.1809E-04    0.5001E-01
# Minimization at step:    91 with Value:     0.0000Tol(Act/Req):0.5332E-01/0.1000E-04
# With parameters(tra.):    -0.1911E-05   -0.1364E-05    0.2678E-05
# With parameters(rot.):    -0.2955E-04    0.9485E-05    0.5001E-01
# Minimization at step:    92 with Value:     0.0000Tol(Act/Req):0.5210E-01/0.1000E-04
# With parameters(tra.):    -0.2921E-05   -0.7379E-06    0.2827E-05
# With parameters(rot.):    -0.2318E-04    0.1179E-04    0.5001E-01
# Minimization at step:    93 with Value:     0.0000Tol(Act/Req):0.4303E-01/0.1000E-04
# With parameters(tra.):    -0.2594E-05   -0.4149E-06    0.1730E-05
# With parameters(rot.):    -0.2491E-04    0.1413E-04    0.5001E-01
# Minimization at step:    94 with Value:     0.0000Tol(Act/Req):0.3516E-01/0.1000E-04
# With parameters(tra.):    -0.2519E-05    0.2417E-06    0.1732E-05
# With parameters(rot.):    -0.2629E-04    0.6056E-05    0.5001E-01
# Minimization at step:    95 with Value:     0.0000Tol(Act/Req):0.2842E-01/0.1000E-04
# With parameters(tra.):    -0.2756E-05   -0.6992E-06    0.1504E-05
# With parameters(rot.):    -0.2227E-04    0.5999E-05    0.5001E-01
# Minimization at step:    96 with Value:     0.0000Tol(Act/Req):0.1574E-01/0.1000E-04
# With parameters(tra.):    -0.1855E-05   -0.8160E-06    0.1988E-05
# With parameters(rot.):    -0.2283E-04    0.7907E-05    0.5001E-01
# Minimization at step:    97 with Value:     0.0000Tol(Act/Req):0.1448E-01/0.1000E-04
# With parameters(tra.):    -0.9539E-06   -0.3037E-06   -0.1188E-06
# With parameters(rot.):    -0.2560E-04    0.1052E-04    0.5001E-01
# Minimization at step:    98 with Value:     0.0000Tol(Act/Req):0.1212E-01/0.1000E-04
# With parameters(tra.):    -0.1977E-05    0.7433E-06   -0.6323E-06
# With parameters(rot.):    -0.1665E-04    0.1365E-04    0.5000E-01
# Minimization at step:    99 with Value:     0.0000Tol(Act/Req):0.1156E-01/0.1000E-04
# With parameters(tra.):    -0.1894E-05    0.1113E-05   -0.8282E-06
# With parameters(rot.):    -0.1654E-04    0.1025E-04    0.5000E-01
# Minimization at step:   100 with Value:     0.0000Tol(Act/Req):0.1063E-01/0.1000E-04
# With parameters(tra.):    -0.2198E-05    0.1103E-05   -0.3605E-06
# With parameters(rot.):    -0.1509E-04    0.9575E-05    0.5000E-01
# Minimization at step:   101 with Value:     0.0000Tol(Act/Req):0.8073E-02/0.1000E-04
# With parameters(tra.):    -0.2414E-05    0.1428E-06   -0.1169E-05
# With parameters(rot.):    -0.7257E-05    0.1038E-04    0.5000E-01
# Minimization at step:   102 with Value:     0.0000Tol(Act/Req):0.4693E-02/0.1000E-04
# With parameters(tra.):    -0.1202E-05    0.2073E-06   -0.1232E-05
# With parameters(rot.):    -0.4205E-05    0.1386E-04    0.5000E-01
# Minimization at step:   103 with Value:     0.0000Tol(Act/Req):0.4199E-02/0.1000E-04
# With parameters(tra.):    -0.2618E-06   -0.6694E-06   -0.1089E-05
# With parameters(rot.):    -0.6021E-05    0.1185E-04    0.5000E-01
# Minimization at step:   104 with Value:     0.0000Tol(Act/Req):0.3886E-02/0.1000E-04
# With parameters(tra.):     0.4477E-06   -0.5234E-06   -0.1568E-05
# With parameters(rot.):    -0.2290E-05    0.5570E-05    0.5000E-01
# Minimization at step:   105 with Value:     0.0000Tol(Act/Req):0.3364E-02/0.1000E-04
# With parameters(tra.):     0.7225E-06   -0.1086E-05   -0.1035E-05
# With parameters(rot.):     0.4870E-05    0.2883E-05    0.5000E-01
# Minimization at step:   106 with Value:     0.0000Tol(Act/Req):0.3284E-02/0.1000E-04
# With parameters(tra.):     0.1020E-05   -0.1028E-05   -0.8892E-06
# With parameters(rot.):     0.4576E-05    0.2123E-05    0.5000E-01
# Minimization at step:   107 with Value:     0.0000Tol(Act/Req):0.3078E-02/0.1000E-04
# With parameters(tra.):     0.9761E-06   -0.8826E-06   -0.1010E-05
# With parameters(rot.):     0.2761E-05    0.2731E-05    0.5000E-01
# Minimization at step:   108 with Value:     0.0000Tol(Act/Req):0.2793E-02/0.1000E-04
# With parameters(tra.):     0.4427E-06   -0.1148E-05   -0.3454E-06
# With parameters(rot.):     0.7140E-06    0.8061E-05    0.5000E-01
# Minimization at step:   109 with Value:     0.0000Tol(Act/Req):0.2749E-02/0.1000E-04
# With parameters(tra.):    -0.2629E-06   -0.4311E-06   -0.2400E-06
# With parameters(rot.):     0.4775E-05    0.8818E-05    0.4999E-01
# Minimization at step:   110 with Value:     0.0000Tol(Act/Req):0.2217E-02/0.1000E-04
# With parameters(tra.):    -0.1884E-06   -0.3050E-06   -0.3975E-06
# With parameters(rot.):     0.5625E-05    0.7549E-05    0.4999E-01
# Minimization at step:   111 with Value:     0.0000Tol(Act/Req):0.1676E-02/0.1000E-04
# With parameters(tra.):    -0.5757E-08   -0.4737E-06   -0.4369E-06
# With parameters(rot.):     0.4681E-05    0.7254E-05    0.4999E-01
# Minimization at step:   112 with Value:     0.0000Tol(Act/Req):0.1113E-02/0.1000E-04
# With parameters(tra.):    -0.3127E-06   -0.6762E-06   -0.2071E-06
# With parameters(rot.):     0.5376E-05    0.3861E-05    0.5000E-01
# Minimization at step:   113 with Value:     0.0000Tol(Act/Req):0.1077E-02/0.1000E-04
# With parameters(tra.):    -0.4421E-06   -0.5863E-06   -0.2007E-06
# With parameters(rot.):     0.4687E-05    0.4260E-05    0.5000E-01
# Minimization at step:   114 with Value:     0.0000Tol(Act/Req):0.8613E-03/0.1000E-04
# With parameters(tra.):    -0.3345E-06   -0.3237E-06    0.3208E-06
# With parameters(rot.):     0.4134E-05    0.3452E-05    0.5000E-01
# Minimization at step:   115 with Value:     0.0000Tol(Act/Req):0.7007E-03/0.1000E-04
# With parameters(tra.):    -0.2341E-06   -0.7755E-07    0.2454E-06
# With parameters(rot.):     0.5337E-05   -0.4521E-06    0.5000E-01
# Minimization at step:   116 with Value:     0.0000Tol(Act/Req):0.6592E-03/0.1000E-04
# With parameters(tra.):    -0.1618E-06   -0.1289E-06    0.2825E-06
# With parameters(rot.):     0.4920E-05   -0.1242E-05    0.5000E-01
# Minimization at step:   117 with Value:     0.0000Tol(Act/Req):0.6589E-03/0.1000E-04
# With parameters(tra.):    -0.1809E-06   -0.1947E-06    0.3045E-06
# With parameters(rot.):     0.4584E-05   -0.3317E-06    0.5000E-01
# Minimization at step:   118 with Value:     0.0000Tol(Act/Req):0.4211E-03/0.1000E-04
# With parameters(tra.):    -0.1950E-06   -0.2496E-06    0.1727E-06
# With parameters(rot.):     0.4760E-05   -0.4451E-06    0.5000E-01
# Minimization at step:   119 with Value:     0.0000Tol(Act/Req):0.4034E-03/0.1000E-04
# With parameters(tra.):     0.4890E-07    0.2755E-07    0.1461E-06
# With parameters(rot.):     0.4091E-05    0.3813E-06    0.5000E-01
# Minimization at step:   120 with Value:     0.0000Tol(Act/Req):0.2274E-03/0.1000E-04
# With parameters(tra.):     0.2514E-07    0.1236E-06    0.1782E-06
# With parameters(rot.):     0.3696E-05    0.2573E-06    0.5000E-01
# Minimization at step:   121 with Value:     0.0000Tol(Act/Req):0.2123E-03/0.1000E-04
# With parameters(tra.):     0.2320E-06    0.1051E-06    0.2177E-06
# With parameters(rot.):     0.2454E-05   -0.8225E-06    0.5000E-01
# Minimization at step:   122 with Value:     0.0000Tol(Act/Req):0.2093E-03/0.1000E-04
# With parameters(tra.):     0.3315E-06    0.7342E-07    0.2327E-06
# With parameters(rot.):     0.1072E-05    0.8343E-06    0.5000E-01
# Minimization at step:   123 with Value:     0.0000Tol(Act/Req):0.1991E-03/0.1000E-04
# With parameters(tra.):     0.1818E-06   -0.1885E-06    0.2882E-06
# With parameters(rot.):     0.7350E-06    0.1589E-06    0.5000E-01
# Minimization at step:   124 with Value:     0.0000Tol(Act/Req):0.1776E-03/0.1000E-04
# With parameters(tra.):     0.2792E-06   -0.2779E-06    0.6316E-07
# With parameters(rot.):    -0.2552E-06    0.1333E-06    0.5000E-01
# Minimization at step:   125 with Value:     0.0000Tol(Act/Req):0.1762E-03/0.1000E-04
# With parameters(tra.):     0.2500E-06   -0.2993E-06    0.4529E-07
# With parameters(rot.):    -0.2045E-07   -0.3393E-06    0.5000E-01
# Minimization at step:   126 with Value:     0.0000Tol(Act/Req):0.1702E-03/0.1000E-04
# With parameters(tra.):     0.2931E-06   -0.2431E-06    0.1119E-07
# With parameters(rot.):     0.8705E-09   -0.2119E-06    0.5000E-01
# Minimization at step:   127 with Value:     0.0000Tol(Act/Req):0.1612E-03/0.1000E-04
# With parameters(tra.):     0.2699E-06   -0.2178E-06    0.6310E-07
# With parameters(rot.):     0.2698E-06   -0.2343E-06    0.5000E-01
# Minimization at step:   128 with Value:     0.0000Tol(Act/Req):0.1291E-03/0.1000E-04
# With parameters(tra.):     0.2213E-06   -0.2401E-06    0.4035E-07
# With parameters(rot.):     0.3985E-06    0.8466E-07    0.5000E-01
# Minimization at step:   129 with Value:     0.0000Tol(Act/Req):0.5291E-04/0.1000E-04
# With parameters(tra.):     0.2258E-06   -0.2223E-06    0.4491E-07
# With parameters(rot.):    -0.7353E-07    0.8263E-08    0.5000E-01
# Minimization at step:   130 with Value:     0.0000Tol(Act/Req):0.5258E-04/0.1000E-04
# With parameters(tra.):     0.2896E-06   -0.1029E-06   -0.1206E-07
# With parameters(rot.):    -0.5570E-07    0.3364E-06    0.5000E-01
# Minimization at step:   131 with Value:     0.0000Tol(Act/Req):0.5165E-04/0.1000E-04
# With parameters(tra.):     0.2498E-06   -0.1410E-07    0.6671E-07
# With parameters(rot.):     0.3736E-06    0.4818E-06    0.5000E-01
# Minimization at step:   132 with Value:     0.0000Tol(Act/Req):0.4856E-04/0.1000E-04
# With parameters(tra.):     0.1912E-06    0.3825E-07    0.3812E-07
# With parameters(rot.):     0.9744E-06   -0.1897E-06    0.5000E-01
# Minimization at step:   133 with Value:     0.0000Tol(Act/Req):0.4632E-04/0.1000E-04
# With parameters(tra.):     0.8405E-07    0.8648E-07   -0.8140E-08
# With parameters(rot.):     0.1424E-05    0.3568E-06    0.5000E-01
# Minimization at step:   134 with Value:     0.0000Tol(Act/Req):0.4590E-04/0.1000E-04
# With parameters(tra.):     0.5097E-07    0.7241E-07    0.6430E-08
# With parameters(rot.):     0.1543E-05    0.2764E-06    0.5000E-01
# Minimization at step:   135 with Value:     0.0000Tol(Act/Req):0.3872E-04/0.1000E-04
# With parameters(tra.):     0.1231E-06    0.3273E-07    0.4476E-07
# With parameters(rot.):     0.1235E-05   -0.1535E-06    0.5000E-01
# Minimization at step:   136 with Value:     0.0000Tol(Act/Req):0.3588E-04/0.1000E-04
# With parameters(tra.):     0.1041E-06    0.1231E-06    0.5157E-07
# With parameters(rot.):     0.8545E-06   -0.3086E-06    0.5000E-01
# Minimization at step:   137 with Value:     0.0000Tol(Act/Req):0.3444E-04/0.1000E-04
# With parameters(tra.):     0.1336E-06    0.9903E-07    0.8465E-07
# With parameters(rot.):     0.2137E-06    0.3234E-06    0.5000E-01
# Minimization at step:   138 with Value:     0.0000Tol(Act/Req):0.3095E-04/0.1000E-04
# With parameters(tra.):     0.1347E-06    0.4791E-07    0.1185E-07
# With parameters(rot.):    -0.2689E-06    0.1251E-06    0.5000E-01
# Minimization at step:   139 with Value:     0.0000Tol(Act/Req):0.1481E-04/0.1000E-04
# With parameters(tra.):     0.1274E-06    0.4967E-07   -0.2483E-08
# With parameters(rot.):    -0.1489E-06   -0.4938E-07    0.5000E-01
# Minimization at step:   140 with Value:     0.0000Tol(Act/Req):0.1361E-04/0.1000E-04
# With parameters(tra.):     0.1265E-06    0.6259E-07    0.1452E-07
# With parameters(rot.):    -0.1826E-07   -0.1435E-07    0.5000E-01
# Minimization at step:   141 with Value:     0.0000Tol(Act/Req):0.1186E-04/0.1000E-04
# With parameters(tra.):     0.9136E-07    0.8990E-07   -0.1221E-07
# With parameters(rot.):    -0.1780E-06    0.2354E-06    0.5000E-01
# Minimization at step:   142 with Value:     0.0000Tol(Act/Req):0.1183E-04/0.1000E-04
# With parameters(tra.):     0.9346E-07    0.7208E-07   -0.1865E-07
# With parameters(rot.):    -0.2005E-06    0.3066E-06    0.5000E-01
# Minimization at step:   143 with Value:     0.0000Tol(Act/Req):0.7683E-05/0.1000E-04
# With parameters(tra.):     0.5448E-07    0.5090E-07   -0.3069E-08
# With parameters(rot.):    -0.4581E-06    0.1936E-06    0.5000E-01
# CSM Values after z minimization.
# Final Number of optim. Steps:   143
#      Before min is:      0.00000000000
# Final CSM Simplex Value is:      0.00000000000
# CSM Summary.
#    Inizial CSM Value is:      0.00000000000
#   After optimization is:      0.00000000000
#          Along x axe is:      0.00000000000
#          Along y axe is:      0.00000000000
#          Along z axe is:      0.00000000000
# The Lowest CSM Value is:      0.00000000000
#    Obtained CSM in % is:      0.00000000000
