# [csmmod_rdinput] messages reinitialized.
# MESLOG:[csmmod_rdinput] messages reinitialized.
# Input  file unit is: 5
# Input  file name is:stdin
# Output file unit is: 6
# Output file name is:stdout
# Error  file unit is: 6
# Error  file name is:stderr
# Log    file unit is: 6
# Log    file name is:stdlog
# MESLOG:[csm_rdinput] molecule_init called with debug.
[molecule] Nrec=  16 Format=nscxyz
  he               1    2    0.99500000D-01   0.99504000D+00   0.11000000D+01
  he               2    2   -0.99500000D-01   0.99504000D+00   0.90000000D+00
  he               3    2    0.77396000D+00   0.63324000D+00   0.11000000D+01
  he               4    2    0.63324000D+00   0.77396000D+00   0.90000000D+00
  he               5    2    0.99504000D+00  -0.99500000D-01   0.11000000D+01
  he               6    2    0.99504000D+00   0.99500000D-01   0.90000000D+00
  he               7    2    0.63324000D+00  -0.77396000D+00   0.11000000D+01
  he               8    2    0.77396000D+00  -0.63324000D+00   0.90000000D+00
  he               9    2   -0.99500000D-01  -0.99504000D+00   0.11000000D+01
  he              10    2    0.99500000D-01  -0.99504000D+00   0.90000000D+00
  he              11    2   -0.77396000D+00  -0.63324000D+00   0.11000000D+01
  he              12    2   -0.63324000D+00  -0.77396000D+00   0.90000000D+00
  he              13    2   -0.99504000D+00   0.99500000D-01   0.11000000D+01
  he              14    2   -0.99504000D+00  -0.99500000D-01   0.90000000D+00
  he              15    2   -0.63324000D+00   0.77396000D+00   0.11000000D+01
  he              16    2   -0.77396000D+00   0.63324000D+00   0.90000000D+00
# Molecule moved to the center of mass
# Shift Vector is:        0.00000000       0.00000000       0.52917706
# Inertia Tensor: (Before Diagonalization)
# Up Diagonal Columnwise
#    0.45700894D+01  -0.00000000D+00   0.45700894D+01   0.13877788D-16  -0.00000000D+00   0.89609606D+01
# Inertia Tensor: (Full Matrix)
# 1,1 - 1,3           0.45700894D+01  -0.00000000D+00   0.13877788D-16
# 2,1 - 2,3          -0.00000000D+00   0.45700894D+01  -0.00000000D+00
# 3,1 - 3,3           0.13877788D-16  -0.00000000D+00   0.89609606D+01
# Inertia Tensor
# Inertia EigenValues:     0.45700894D+01   0.45700894D+01   0.89609606D+01
# Eigen Vectors:
# 1,1 - 1,3          -0.52573111D+00   0.85065081D+00   0.00000000D+00
# 2,1 - 2,3          -0.85065081D+00  -0.52573111D+00   0.00000000D+00
# 3,1 - 3,3          -0.00000000D+00   0.00000000D+00   0.10000000D+01
# Molecule Rotated to match inertia axes
[molecule] Nrec=  16 Format=nscxyz
  he               1    2   -0.89874183D+00  -0.43848373D+00   0.10000000D+00
  he               2    2   -0.79412133D+00  -0.60776324D+00  -0.10000000D+00
  he               3    2   -0.94556097D+00   0.32545573D+00   0.10000000D+00
  he               4    2   -0.99128367D+00   0.13177127D+00  -0.10000000D+00
  he               5    2   -0.43848373D+00   0.89874183D+00   0.10000000D+00
  he               6    2   -0.60776324D+00   0.79412133D+00  -0.10000000D+00
  he               7    2    0.32545573D+00   0.94556097D+00   0.10000000D+00
  he               8    2    0.13177127D+00   0.99128367D+00  -0.10000000D+00
  he               9    2    0.89874183D+00   0.43848373D+00   0.10000000D+00
  he              10    2    0.79412133D+00   0.60776324D+00  -0.10000000D+00
  he              11    2    0.94556097D+00  -0.32545573D+00   0.10000000D+00
  he              12    2    0.99128367D+00  -0.13177127D+00  -0.10000000D+00
  he              13    2    0.43848373D+00  -0.89874183D+00   0.10000000D+00
  he              14    2    0.60776324D+00  -0.79412133D+00  -0.10000000D+00
  he              15    2   -0.32545573D+00  -0.94556097D+00   0.10000000D+00
  he              16    2   -0.13177127D+00  -0.99128367D+00  -0.10000000D+00
# Initial Integrals follow ...
# INT: Number of electrons from integrated RHO:     31.99996732349
# INT: \int \rho \rho dr:      37.65575772816
# INT: \int \rho \tilde{\rho} dr/ng:      37.65575772814
# INT: \int \rho \tilde{\rho}m dr/ng:      35.77296984173
#  DEBUG     \int rr  =     37.65575772816
#  DEBUG     \int rr~ =     37.65575772814
#  DEBUG     \int rr~ =     37.65575772814
#  DEBUG     CSM value =      0.00000000000
#  DEBUG     CSM value =      0.00000000000
# Number of electrons =     31.99996732349
# Initial rho^2 value =     37.65575772816
#  Initial rrii value =      2.91540393864
#  Initial rrij value =     34.74035378951
#  Initial imj  value =     37.65575772814
#  Initial impj value =     35.77296984173
#  Initial CSM  value =      0.00000000000
#  Initial CSM% value =      0.00000000004
[molecule] Nrec=  16 Format=nscxyz
  he               1    2   -0.89874183D+00  -0.43848373D+00   0.10000000D+00
  he               2    2   -0.79412133D+00  -0.60776324D+00  -0.10000000D+00
  he               3    2   -0.94556097D+00   0.32545573D+00   0.10000000D+00
  he               4    2   -0.99128367D+00   0.13177127D+00  -0.10000000D+00
  he               5    2   -0.43848373D+00   0.89874183D+00   0.10000000D+00
  he               6    2   -0.60776324D+00   0.79412133D+00  -0.10000000D+00
  he               7    2    0.32545573D+00   0.94556097D+00   0.10000000D+00
  he               8    2    0.13177127D+00   0.99128367D+00  -0.10000000D+00
  he               9    2    0.89874183D+00   0.43848373D+00   0.10000000D+00
  he              10    2    0.79412133D+00   0.60776324D+00  -0.10000000D+00
  he              11    2    0.94556097D+00  -0.32545573D+00   0.10000000D+00
  he              12    2    0.99128367D+00  -0.13177127D+00  -0.10000000D+00
  he              13    2    0.43848373D+00  -0.89874183D+00   0.10000000D+00
  he              14    2    0.60776324D+00  -0.79412133D+00  -0.10000000D+00
  he              15    2   -0.32545573D+00  -0.94556097D+00   0.10000000D+00
  he              16    2   -0.13177127D+00  -0.99128367D+00  -0.10000000D+00
# Request Simplex: Run it with internal procedure. NOT IMPLEMENTED!
# Request for Simplex: Initial Coordinates.
[molecule] Nrec=  16 Format=nscxyz
  he               1    2   -0.89874183D+00  -0.43848373D+00   0.10000000D+00
  he               2    2   -0.79412133D+00  -0.60776324D+00  -0.10000000D+00
  he               3    2   -0.94556097D+00   0.32545573D+00   0.10000000D+00
  he               4    2   -0.99128367D+00   0.13177127D+00  -0.10000000D+00
  he               5    2   -0.43848373D+00   0.89874183D+00   0.10000000D+00
  he               6    2   -0.60776324D+00   0.79412133D+00  -0.10000000D+00
  he               7    2    0.32545573D+00   0.94556097D+00   0.10000000D+00
  he               8    2    0.13177127D+00   0.99128367D+00  -0.10000000D+00
  he               9    2    0.89874183D+00   0.43848373D+00   0.10000000D+00
  he              10    2    0.79412133D+00   0.60776324D+00  -0.10000000D+00
  he              11    2    0.94556097D+00  -0.32545573D+00   0.10000000D+00
  he              12    2    0.99128367D+00  -0.13177127D+00  -0.10000000D+00
  he              13    2    0.43848373D+00  -0.89874183D+00   0.10000000D+00
  he              14    2    0.60776324D+00  -0.79412133D+00  -0.10000000D+00
  he              15    2   -0.32545573D+00  -0.94556097D+00   0.10000000D+00
  he              16    2   -0.13177127D+00  -0.99128367D+00  -0.10000000D+00
# Minimization at step:     0 with Value:     0.0029Tol(Act/Req):0.2000E+01/0.1000E-04
# With parameters(tra.):     0.1429E-01    0.1429E-01    0.1429E-01
# With parameters(rot.):     0.1429E-01    0.1429E-01    0.1429E-01
# Minimization at step:     1 with Value:     0.0022Tol(Act/Req):0.2000E+01/0.1000E-04
# With parameters(tra.):     0.1548E-01    0.7143E-02    0.1548E-01
# With parameters(rot.):     0.1548E-01    0.1548E-01    0.1548E-01
# Minimization at step:     2 with Value:     0.0015Tol(Act/Req):0.2000E+01/0.1000E-04
# With parameters(tra.):     0.8433E-02    0.7738E-02    0.1677E-01
# With parameters(rot.):     0.1677E-01    0.1677E-01    0.1677E-01
# Minimization at step:     3 with Value:     0.0008Tol(Act/Req):0.2000E+01/0.1000E-04
# With parameters(tra.):     0.1054E-01    0.9673E-02   -0.4043E-02
# With parameters(rot.):     0.2096E-01    0.2096E-01    0.2096E-01
# Minimization at step:     4 with Value:     0.0008Tol(Act/Req):0.2000E+01/0.1000E-04
# With parameters(tra.):    -0.2844E-02    0.1151E-01   -0.8399E-02
# With parameters(rot.):     0.2493E-01    0.2493E-01    0.2493E-01
# Minimization at step:     5 with Value:     0.0006Tol(Act/Req):0.2000E+01/0.1000E-04
# With parameters(tra.):    -0.3775E-02    0.8300E-02   -0.9794E-02
# With parameters(rot.):     0.2632E-01    0.2632E-01    0.2632E-01
# Minimization at step:     6 with Value:     0.0004Tol(Act/Req):0.2000E+01/0.1000E-04
# With parameters(tra.):     0.6030E-02    0.6122E-02   -0.6875E-02
# With parameters(rot.):     0.2368E-01    0.2368E-01    0.2368E-01
# Minimization at step:     7 with Value:     0.0002Tol(Act/Req):0.2000E+01/0.1000E-04
# With parameters(tra.):     0.3849E-02    0.4267E-02    0.2821E-02
# With parameters(rot.):     0.2227E-01    0.2227E-01    0.2227E-01
# Minimization at step:     8 with Value:     0.0002Tol(Act/Req):0.2000E+01/0.1000E-04
# With parameters(tra.):     0.4018E-02    0.2327E-02    0.3175E-02
# With parameters(rot.):     0.2262E-01    0.2262E-01    0.2262E-01
# Minimization at step:     9 with Value:     0.0001Tol(Act/Req):0.2000E+01/0.1000E-04
# With parameters(tra.):     0.2216E-02    0.2374E-02    0.3526E-02
# With parameters(rot.):     0.2297E-01    0.2297E-01    0.2297E-01
# Minimization at step:    10 with Value:     0.0001Tol(Act/Req):0.2000E+01/0.1000E-04
# With parameters(tra.):     0.2444E-02    0.2525E-02    0.1969E-02
# With parameters(rot.):     0.2327E-01    0.2327E-01    0.2327E-01
# Minimization at step:    11 with Value:     0.0001Tol(Act/Req):0.2000E+01/0.1000E-04
# With parameters(tra.):     0.2305E-02   -0.3352E-03    0.2199E-02
# With parameters(rot.):     0.2396E-01    0.2396E-01    0.2396E-01
# Minimization at step:    12 with Value:     0.0001Tol(Act/Req):0.2000E+01/0.1000E-04
# With parameters(tra.):     0.1411E-02   -0.5375E-03    0.2264E-02
# With parameters(rot.):     0.2422E-01    0.2422E-01    0.2422E-01
# Minimization at step:    13 with Value:     0.0001Tol(Act/Req):0.2000E+01/0.1000E-04
# With parameters(tra.):     0.1529E-02   -0.5823E-03    0.2452E-02
# With parameters(rot.):     0.2623E-01    0.1790E-01    0.2623E-01
# Minimization at step:    14 with Value:     0.0000Tol(Act/Req):0.2000E+01/0.1000E-04
# With parameters(tra.):     0.1911E-02   -0.7279E-03    0.3065E-02
# With parameters(rot.):     0.7792E-02    0.2238E-01    0.3279E-01
# Minimization at step:    15 with Value:     0.0000Tol(Act/Req):0.2000E+01/0.1000E-04
# With parameters(tra.):     0.2119E-02   -0.1314E-02    0.1003E-02
# With parameters(rot.):     0.4366E-02    0.2259E-01    0.3562E-01
# Minimization at step:    16 with Value:     0.0000Tol(Act/Req):0.2000E+01/0.1000E-04
# With parameters(tra.):     0.2150E-02    0.2666E-03    0.4519E-03
# With parameters(rot.):    -0.2627E-02    0.2168E-01    0.3904E-01
# Minimization at step:    17 with Value:     0.0000Tol(Act/Req):0.2000E+01/0.1000E-04
# With parameters(tra.):     0.6088E-03    0.1299E-03   -0.2229E-04
# With parameters(rot.):    -0.1106E-01    0.2135E-01    0.4450E-01
# Minimization at step:    18 with Value:     0.0000Tol(Act/Req):0.2000E+01/0.1000E-04
# With parameters(tra.):     0.5374E-03    0.2777E-03   -0.4699E-03
# With parameters(rot.):    -0.1945E-01    0.9867E-02    0.5462E-01
# Minimization at step:    19 with Value:     0.0000Tol(Act/Req):0.1999E+01/0.1000E-04
# With parameters(tra.):     0.3592E-03    0.3858E-03   -0.8666E-03
# With parameters(rot.):    -0.1865E-01    0.8079E-02    0.5535E-01
# Minimization at step:    20 with Value:     0.0000Tol(Act/Req):0.1999E+01/0.1000E-04
# With parameters(tra.):     0.3622E-03    0.3578E-03   -0.7878E-03
# With parameters(rot.):    -0.1648E-01    0.1080E-01    0.5288E-01
# Minimization at step:    21 with Value:     0.0000Tol(Act/Req):0.1999E+01/0.1000E-04
# With parameters(tra.):     0.1821E-02    0.5705E-03   -0.5688E-03
# With parameters(rot.):    -0.9862E-02    0.7615E-02    0.5021E-01
# Minimization at step:    22 with Value:     0.0000Tol(Act/Req):0.1999E+01/0.1000E-04
# With parameters(tra.):     0.1681E-02   -0.9088E-03   -0.3575E-03
# With parameters(rot.):    -0.5281E-02    0.3843E-02    0.5051E-01
# Minimization at step:    23 with Value:     0.0000Tol(Act/Req):0.1999E+01/0.1000E-04
# With parameters(tra.):     0.1304E-02   -0.1085E-02   -0.3947E-03
# With parameters(rot.):    -0.6555E-02    0.4325E-02    0.5120E-01
# Minimization at step:    24 with Value:     0.0000Tol(Act/Req):0.1999E+01/0.1000E-04
# With parameters(tra.):     0.1308E-02   -0.7301E-03   -0.4506E-03
# With parameters(rot.):    -0.7806E-02    0.5308E-02    0.5119E-01
# Minimization at step:    25 with Value:     0.0000Tol(Act/Req):0.1999E+01/0.1000E-04
# With parameters(tra.):     0.1001E-02   -0.2911E-03    0.2169E-03
# With parameters(rot.):    -0.9136E-02    0.8765E-03    0.5367E-01
# Minimization at step:    26 with Value:     0.0000Tol(Act/Req):0.1998E+01/0.1000E-04
# With parameters(tra.):     0.8588E-03   -0.3006E-03   -0.2155E-03
# With parameters(rot.):    -0.4358E-02   -0.5101E-02    0.5456E-01
# Minimization at step:    27 with Value:     0.0000Tol(Act/Req):0.1998E+01/0.1000E-04
# With parameters(tra.):     0.9017E-03   -0.3694E-03   -0.1284E-03
# With parameters(rot.):    -0.2265E-02   -0.5065E-02    0.5346E-01
# Minimization at step:    28 with Value:     0.0000Tol(Act/Req):0.1998E+01/0.1000E-04
# With parameters(tra.):     0.9408E-03   -0.3728E-03   -0.1306E-04
# With parameters(rot.):    -0.3285E-02   -0.3568E-02    0.5315E-01
# Minimization at step:    29 with Value:     0.0000Tol(Act/Req):0.1997E+01/0.1000E-04
# With parameters(tra.):     0.2854E-03   -0.4593E-03    0.2664E-04
# With parameters(rot.):    -0.4378E-02   -0.4818E-02    0.5467E-01
# Minimization at step:    30 with Value:     0.0000Tol(Act/Req):0.1996E+01/0.1000E-04
# With parameters(tra.):     0.2020E-03   -0.2592E-03    0.3845E-04
# With parameters(rot.):    -0.4718E-02   -0.5170E-02    0.5495E-01
# Minimization at step:    31 with Value:     0.0000Tol(Act/Req):0.1995E+01/0.1000E-04
# With parameters(tra.):     0.1557E-03   -0.4707E-03   -0.3399E-03
# With parameters(rot.):    -0.2949E-02   -0.4466E-02    0.5404E-01
# Minimization at step:    32 with Value:     0.0000Tol(Act/Req):0.1993E+01/0.1000E-04
# With parameters(tra.):     0.3351E-04   -0.5993E-03   -0.2621E-03
# With parameters(rot.):     0.1975E-04   -0.4263E-02    0.5254E-01
# Minimization at step:    33 with Value:     0.0000Tol(Act/Req):0.1991E+01/0.1000E-04
# With parameters(tra.):    -0.1906E-03   -0.6816E-03   -0.1144E-03
# With parameters(rot.):    -0.9187E-03   -0.1500E-02    0.5170E-01
# Minimization at step:    34 with Value:     0.0000Tol(Act/Req):0.1990E+01/0.1000E-04
# With parameters(tra.):     0.1811E-04   -0.6939E-03   -0.1695E-03
# With parameters(rot.):     0.4930E-03   -0.4572E-04    0.5020E-01
# Minimization at step:    35 with Value:     0.0000Tol(Act/Req):0.1990E+01/0.1000E-04
# With parameters(tra.):    -0.2099E-03   -0.4385E-03   -0.2152E-03
# With parameters(rot.):     0.1550E-02    0.9580E-03    0.4918E-01
# Minimization at step:    36 with Value:     0.0000Tol(Act/Req):0.1986E+01/0.1000E-04
# With parameters(tra.):    -0.1554E-03   -0.3977E-03   -0.2605E-03
# With parameters(rot.):     0.1990E-02    0.4721E-03    0.4918E-01
# Minimization at step:    37 with Value:     0.0000Tol(Act/Req):0.1984E+01/0.1000E-04
# With parameters(tra.):    -0.2283E-03   -0.2323E-03    0.1816E-04
# With parameters(rot.):     0.2457E-02    0.1649E-02    0.4817E-01
# Minimization at step:    38 with Value:     0.0000Tol(Act/Req):0.1984E+01/0.1000E-04
# With parameters(tra.):    -0.2297E-03   -0.1803E-03    0.2855E-04
# With parameters(rot.):     0.2166E-02    0.2108E-02    0.4805E-01
# Minimization at step:    39 with Value:     0.0000Tol(Act/Req):0.1984E+01/0.1000E-04
# With parameters(tra.):    -0.8328E-05   -0.3496E-03    0.1555E-03
# With parameters(rot.):     0.1314E-02    0.1487E-02    0.4870E-01
# Minimization at step:    40 with Value:     0.0000Tol(Act/Req):0.1981E+01/0.1000E-04
# With parameters(tra.):     0.2820E-04   -0.4007E-03    0.9726E-04
# With parameters(rot.):     0.1102E-02    0.1179E-02    0.4900E-01
# Minimization at step:    41 with Value:     0.0000Tol(Act/Req):0.1975E+01/0.1000E-04
# With parameters(tra.):    -0.1287E-03   -0.2865E-03   -0.1250E-04
# With parameters(rot.):     0.1688E-02    0.1568E-02    0.4859E-01
# Minimization at step:    42 with Value:     0.0000Tol(Act/Req):0.1968E+01/0.1000E-04
# With parameters(tra.):    -0.2698E-03   -0.1785E-03    0.5430E-04
# With parameters(rot.):     0.1281E-02    0.1244E-02    0.4893E-01
# Minimization at step:    43 with Value:     0.0000Tol(Act/Req):0.1953E+01/0.1000E-04
# With parameters(tra.):    -0.1990E-03   -0.2383E-04    0.6860E-04
# With parameters(rot.):     0.1925E-02    0.5297E-03    0.4885E-01
# Minimization at step:    44 with Value:     0.0000Tol(Act/Req):0.1948E+01/0.1000E-04
# With parameters(tra.):    -0.1917E-03    0.1324E-03    0.1027E-03
# With parameters(rot.):     0.1261E-02    0.9214E-03    0.4889E-01
# Minimization at step:    45 with Value:     0.0000Tol(Act/Req):0.1947E+01/0.1000E-04
# With parameters(tra.):    -0.2088E-03    0.1067E-03    0.1020E-03
# With parameters(rot.):     0.1045E-02    0.1133E-02    0.4891E-01
# Minimization at step:    46 with Value:     0.0000Tol(Act/Req):0.1945E+01/0.1000E-04
# With parameters(tra.):    -0.2120E-03    0.6552E-04    0.9341E-04
# With parameters(rot.):     0.1193E-02    0.1052E-02    0.4890E-01
# Minimization at step:    47 with Value:     0.0000Tol(Act/Req):0.1945E+01/0.1000E-04
# With parameters(tra.):    -0.1352E-03    0.1067E-03    0.2019E-03
# With parameters(rot.):     0.6369E-03    0.6214E-03    0.4928E-01
# Minimization at step:    48 with Value:     0.0000Tol(Act/Req):0.1922E+01/0.1000E-04
# With parameters(tra.):    -0.1166E-03    0.1736E-03    0.1203E-03
# With parameters(rot.):     0.5776E-04   -0.1799E-03    0.4997E-01
# Minimization at step:    49 with Value:     0.0000Tol(Act/Req):0.1920E+01/0.1000E-04
# With parameters(tra.):    -0.8034E-04    0.1850E-03    0.1147E-03
# With parameters(rot.):     0.2372E-04   -0.2446E-03    0.5000E-01
# Minimization at step:    50 with Value:     0.0000Tol(Act/Req):0.1919E+01/0.1000E-04
# With parameters(tra.):    -0.1389E-03    0.1699E-03   -0.2287E-04
# With parameters(rot.):     0.3750E-03   -0.1024E-03    0.4986E-01
# Minimization at step:    51 with Value:     0.0000Tol(Act/Req):0.1917E+01/0.1000E-04
# With parameters(tra.):    -0.1454E-03    0.1528E-03   -0.1441E-04
# With parameters(rot.):     0.5462E-03    0.1044E-03    0.4968E-01
# Minimization at step:    52 with Value:     0.0000Tol(Act/Req):0.1867E+01/0.1000E-04
# With parameters(tra.):    -0.1031E-03    0.1599E-03    0.9086E-04
# With parameters(rot.):     0.3256E-03    0.4946E-04    0.4974E-01
# Minimization at step:    53 with Value:     0.0000Tol(Act/Req):0.1863E+01/0.1000E-04
# With parameters(tra.):    -0.7330E-04    0.1090E-03    0.7283E-04
# With parameters(rot.):     0.3324E-03   -0.4454E-03    0.5000E-01
# Minimization at step:    54 with Value:     0.0000Tol(Act/Req):0.1795E+01/0.1000E-04
# With parameters(tra.):    -0.6505E-04    0.7108E-04    0.6444E-04
# With parameters(rot.):    -0.1702E-03   -0.5231E-03    0.5031E-01
# Minimization at step:    55 with Value:     0.0000Tol(Act/Req):0.1777E+01/0.1000E-04
# With parameters(tra.):     0.1260E-04    0.5581E-04    0.3643E-04
# With parameters(rot.):    -0.3029E-03   -0.7453E-03    0.5047E-01
# Minimization at step:    56 with Value:     0.0000Tol(Act/Req):0.1770E+01/0.1000E-04
# With parameters(tra.):     0.1519E-04    0.4595E-04    0.1435E-04
# With parameters(rot.):    -0.3185E-03   -0.8024E-03    0.5052E-01
# Minimization at step:    57 with Value:     0.0000Tol(Act/Req):0.1769E+01/0.1000E-04
# With parameters(tra.):    -0.6158E-04    0.5794E-04    0.3500E-04
# With parameters(rot.):    -0.1910E-03   -0.5992E-03    0.5038E-01
# Minimization at step:    58 with Value:     0.0000Tol(Act/Req):0.1759E+01/0.1000E-04
# With parameters(tra.):    -0.4666E-04   -0.7769E-05    0.6840E-04
# With parameters(rot.):    -0.9429E-04   -0.4201E-03    0.5025E-01
# Minimization at step:    59 with Value:     0.0000Tol(Act/Req):0.1681E+01/0.1000E-04
# With parameters(tra.):    -0.2622E-04   -0.1624E-04    0.6602E-04
# With parameters(rot.):    -0.1181E-03   -0.4560E-03    0.5028E-01
# Minimization at step:    60 with Value:     0.0000Tol(Act/Req):0.1658E+01/0.1000E-04
# With parameters(tra.):    -0.2975E-04   -0.1395E-04    0.6996E-04
# With parameters(rot.):    -0.1574E-03   -0.3332E-03    0.5023E-01
# Minimization at step:    61 with Value:     0.0000Tol(Act/Req):0.1466E+01/0.1000E-04
# With parameters(tra.):    -0.3207E-04    0.1961E-05    0.6174E-04
# With parameters(rot.):    -0.1868E-03   -0.3707E-03    0.5026E-01
# Minimization at step:    62 with Value:     0.0000Tol(Act/Req):0.1429E+01/0.1000E-04
# With parameters(tra.):    -0.2658E-04    0.4197E-05    0.6643E-04
# With parameters(rot.):     0.1427E-03   -0.2681E-03    0.5004E-01
# Minimization at step:    63 with Value:     0.0000Tol(Act/Req):0.1362E+01/0.1000E-04
# With parameters(tra.):    -0.3532E-04   -0.2943E-04    0.3962E-04
# With parameters(rot.):     0.2653E-03   -0.2042E-03    0.4998E-01
# Minimization at step:    64 with Value:     0.0000Tol(Act/Req):0.1359E+01/0.1000E-04
# With parameters(tra.):    -0.2585E-04   -0.3477E-04    0.3623E-04
# With parameters(rot.):     0.2853E-03   -0.2012E-03    0.4997E-01
# Minimization at step:    65 with Value:     0.0000Tol(Act/Req):0.1355E+01/0.1000E-04
# With parameters(tra.):    -0.2717E-04   -0.3857E-04    0.3255E-04
# With parameters(rot.):     0.2148E-03   -0.2212E-03    0.5002E-01
# Minimization at step:    66 with Value:     0.0000Tol(Act/Req):0.1264E+01/0.1000E-04
# With parameters(tra.):    -0.1858E-04   -0.1564E-04    0.5088E-04
# With parameters(rot.):     0.1103E-03   -0.2734E-03    0.5007E-01
# Minimization at step:    67 with Value:     0.0000Tol(Act/Req):0.1186E+01/0.1000E-04
# With parameters(tra.):    -0.2191E-04   -0.1162E-04    0.5240E-04
# With parameters(rot.):     0.1210E-03   -0.7822E-05    0.4993E-01
# Minimization at step:    68 with Value:     0.0000Tol(Act/Req):0.1062E+01/0.1000E-04
# With parameters(tra.):    -0.2316E-04    0.1568E-04    0.3285E-04
# With parameters(rot.):     0.1648E-03    0.3811E-04    0.4989E-01
# Minimization at step:    69 with Value:     0.0000Tol(Act/Req):0.9595E+00/0.1000E-04
# With parameters(tra.):    -0.2244E-04    0.1695E-04    0.3084E-04
# With parameters(rot.):     0.1657E-03   -0.2446E-04    0.4992E-01
# Minimization at step:    70 with Value:     0.0000Tol(Act/Req):0.8803E+00/0.1000E-04
# With parameters(tra.):    -0.2206E-04    0.1023E-04    0.3556E-04
# With parameters(rot.):     0.1549E-03   -0.4116E-04    0.4993E-01
# Minimization at step:    71 with Value:     0.0000Tol(Act/Req):0.8799E+00/0.1000E-04
# With parameters(tra.):    -0.1875E-05    0.1456E-04    0.2856E-04
# With parameters(rot.):     0.1515E-03    0.1826E-04    0.4989E-01
# Minimization at step:    72 with Value:     0.0000Tol(Act/Req):0.8607E+00/0.1000E-04
# With parameters(tra.):     0.3932E-05    0.2466E-04    0.1985E-04
# With parameters(rot.):    -0.1066E-04    0.5797E-04    0.4995E-01
# Minimization at step:    73 with Value:     0.0000Tol(Act/Req):0.7622E+00/0.1000E-04
# With parameters(tra.):     0.4376E-05    0.2419E-04    0.1421E-04
# With parameters(rot.):    -0.3314E-05    0.9428E-04    0.4993E-01
# Minimization at step:    74 with Value:     0.0000Tol(Act/Req):0.5483E+00/0.1000E-04
# With parameters(tra.):     0.2961E-05    0.2163E-04    0.1592E-04
# With parameters(rot.):     0.3783E-04    0.8738E-04    0.4992E-01
# Minimization at step:    75 with Value:     0.0000Tol(Act/Req):0.5412E+00/0.1000E-04
# With parameters(tra.):    -0.1682E-05    0.2114E-04    0.1662E-04
# With parameters(rot.):     0.2921E-04    0.7829E-04    0.4993E-01
# Minimization at step:    76 with Value:     0.0000Tol(Act/Req):0.4543E+00/0.1000E-04
# With parameters(tra.):     0.4598E-05    0.2409E-04    0.1005E-04
# With parameters(rot.):    -0.3474E-05    0.1012E-04    0.4998E-01
# Minimization at step:    77 with Value:     0.0000Tol(Act/Req):0.3636E+00/0.1000E-04
# With parameters(tra.):     0.1183E-04    0.1748E-04    0.1075E-04
# With parameters(rot.):    -0.5934E-04   -0.2108E-05    0.5001E-01
# Minimization at step:    78 with Value:     0.0000Tol(Act/Req):0.3160E+00/0.1000E-04
# With parameters(tra.):     0.1520E-04    0.1431E-04   -0.1691E-05
# With parameters(rot.):    -0.6333E-04    0.3840E-04    0.5000E-01
# Minimization at step:    79 with Value:     0.0000Tol(Act/Req):0.3126E+00/0.1000E-04
# With parameters(tra.):     0.1645E-04    0.6739E-05   -0.4148E-05
# With parameters(rot.):    -0.1477E-04    0.8264E-05    0.4999E-01
# Minimization at step:    80 with Value:     0.0000Tol(Act/Req):0.2320E+00/0.1000E-04
# With parameters(tra.):     0.1423E-04    0.7223E-05    0.4566E-05
# With parameters(rot.):     0.3637E-06   -0.2965E-04    0.5000E-01
# Minimization at step:    81 with Value:     0.0000Tol(Act/Req):0.2018E+00/0.1000E-04
# With parameters(tra.):     0.1124E-04    0.3006E-05    0.2598E-05
# With parameters(rot.):    -0.1977E-04   -0.7027E-04    0.5004E-01
# Minimization at step:    82 with Value:     0.0000Tol(Act/Req):0.1803E+00/0.1000E-04
# With parameters(tra.):     0.9270E-05   -0.5990E-05    0.4496E-05
# With parameters(rot.):    -0.3418E-05   -0.5162E-04    0.5002E-01
# Minimization at step:    83 with Value:     0.0000Tol(Act/Req):0.1600E+00/0.1000E-04
# With parameters(tra.):     0.7853E-05   -0.6843E-05    0.3859E-05
# With parameters(rot.):     0.1055E-04   -0.5371E-04    0.5002E-01
# Minimization at step:    84 with Value:     0.0000Tol(Act/Req):0.1598E+00/0.1000E-04
# With parameters(tra.):     0.8228E-05   -0.4666E-05    0.3331E-05
# With parameters(rot.):     0.7628E-05   -0.5855E-04    0.5002E-01
# Minimization at step:    85 with Value:     0.0000Tol(Act/Req):0.1103E+00/0.1000E-04
# With parameters(tra.):     0.5236E-05   -0.1841E-05    0.7044E-05
# With parameters(rot.):    -0.2319E-04   -0.5265E-04    0.5003E-01
# Minimization at step:    86 with Value:     0.0000Tol(Act/Req):0.7559E-01/0.1000E-04
# With parameters(tra.):     0.4096E-05   -0.4349E-05    0.3307E-05
# With parameters(rot.):    -0.3665E-04   -0.3945E-04    0.5004E-01
# Minimization at step:    87 with Value:     0.0000Tol(Act/Req):0.6242E-01/0.1000E-04
# With parameters(tra.):     0.3705E-05   -0.3988E-05    0.4855E-05
# With parameters(rot.):    -0.2885E-04   -0.2088E-05    0.5001E-01
# Minimization at step:    88 with Value:     0.0000Tol(Act/Req):0.5715E-01/0.1000E-04
# With parameters(tra.):    -0.5119E-06   -0.4743E-05    0.3911E-05
# With parameters(rot.):    -0.1404E-04    0.1094E-04    0.5000E-01
# Minimization at step:    89 with Value:     0.0000Tol(Act/Req):0.5099E-01/0.1000E-04
# With parameters(tra.):    -0.2134E-05   -0.1496E-05    0.3265E-05
# With parameters(rot.):    -0.2385E-04    0.2106E-04    0.5000E-01
# Minimization at step:    90 with Value:     0.0000Tol(Act/Req):0.4468E-01/0.1000E-04
# With parameters(tra.):    -0.2250E-05   -0.1938E-05    0.2331E-05
# With parameters(rot.):    -0.1876E-04    0.2622E-04    0.5000E-01
# Minimization at step:    91 with Value:     0.0000Tol(Act/Req):0.3983E-01/0.1000E-04
# With parameters(tra.):    -0.3845E-05   -0.1615E-05   -0.5791E-07
# With parameters(rot.):    -0.2320E-04   -0.1703E-05    0.5002E-01
# Minimization at step:    92 with Value:     0.0000Tol(Act/Req):0.3931E-01/0.1000E-04
# With parameters(tra.):    -0.3068E-05   -0.1166E-05   -0.1528E-06
# With parameters(rot.):    -0.2767E-04   -0.6015E-05    0.5002E-01
# Minimization at step:    93 with Value:     0.0000Tol(Act/Req):0.2589E-01/0.1000E-04
# With parameters(tra.):    -0.2605E-05   -0.1209E-05    0.4365E-06
# With parameters(rot.):    -0.2693E-04    0.6069E-06    0.5001E-01
# Minimization at step:    94 with Value:     0.0000Tol(Act/Req):0.1749E-01/0.1000E-04
# With parameters(tra.):    -0.2973E-05   -0.5295E-06    0.8201E-06
# With parameters(rot.):    -0.2388E-04    0.1744E-05    0.5001E-01
# Minimization at step:    95 with Value:     0.0000Tol(Act/Req):0.1485E-01/0.1000E-04
# With parameters(tra.):    -0.2371E-05   -0.1911E-05    0.5322E-06
# With parameters(rot.):    -0.1898E-04   -0.8144E-05    0.5002E-01
# Minimization at step:    96 with Value:     0.0000Tol(Act/Req):0.1205E-01/0.1000E-04
# With parameters(tra.):    -0.2439E-05   -0.2130E-05   -0.8455E-07
# With parameters(rot.):    -0.1646E-04   -0.8427E-05    0.5001E-01
# Minimization at step:    97 with Value:     0.0000Tol(Act/Req):0.1157E-01/0.1000E-04
# With parameters(tra.):    -0.1457E-05   -0.2524E-05    0.9203E-06
# With parameters(rot.):    -0.1149E-04    0.1804E-05    0.5001E-01
# Minimization at step:    98 with Value:     0.0000Tol(Act/Req):0.8136E-02/0.1000E-04
# With parameters(tra.):     0.1101E-06   -0.2189E-05    0.1046E-05
# With parameters(rot.):    -0.1415E-04   -0.2708E-05    0.5001E-01
# Minimization at step:    99 with Value:     0.0000Tol(Act/Req):0.7061E-02/0.1000E-04
# With parameters(tra.):     0.4010E-06   -0.1383E-05    0.1889E-05
# With parameters(rot.):    -0.4800E-05   -0.1918E-05    0.5000E-01
# Minimization at step:   100 with Value:     0.0000Tol(Act/Req):0.5584E-02/0.1000E-04
# With parameters(tra.):     0.3104E-06   -0.1190E-05    0.1718E-05
# With parameters(rot.):    -0.5484E-05   -0.4786E-05    0.5000E-01
# Minimization at step:   101 with Value:     0.0000Tol(Act/Req):0.5128E-02/0.1000E-04
# With parameters(tra.):     0.4336E-06   -0.8993E-06    0.1865E-05
# With parameters(rot.):    -0.5175E-05   -0.2858E-05    0.5000E-01
# Minimization at step:   102 with Value:     0.0000Tol(Act/Req):0.4327E-02/0.1000E-04
# With parameters(tra.):     0.1050E-05   -0.9198E-06    0.1428E-05
# With parameters(rot.):     0.1431E-05   -0.1891E-05    0.5000E-01
# Minimization at step:   103 with Value:     0.0000Tol(Act/Req):0.3424E-02/0.1000E-04
# With parameters(tra.):     0.1031E-05   -0.1083E-05    0.1178E-05
# With parameters(rot.):    -0.3872E-06   -0.2087E-05    0.5000E-01
# Minimization at step:   104 with Value:     0.0000Tol(Act/Req):0.2289E-02/0.1000E-04
# With parameters(tra.):     0.4779E-06   -0.9733E-06    0.1149E-05
# With parameters(rot.):     0.4381E-05    0.3248E-06    0.5000E-01
# Minimization at step:   105 with Value:     0.0000Tol(Act/Req):0.1838E-02/0.1000E-04
# With parameters(tra.):     0.3526E-06   -0.5143E-06    0.6176E-06
# With parameters(rot.):     0.6302E-05   -0.3708E-05    0.5000E-01
# Minimization at step:   106 with Value:     0.0000Tol(Act/Req):0.1507E-02/0.1000E-04
# With parameters(tra.):     0.4074E-06   -0.3369E-06    0.5870E-06
# With parameters(rot.):     0.7413E-05   -0.2815E-05    0.5000E-01
# Minimization at step:   107 with Value:     0.0000Tol(Act/Req):0.1429E-02/0.1000E-04
# With parameters(tra.):    -0.2177E-06   -0.1290E-06    0.5986E-06
# With parameters(rot.):     0.5003E-05   -0.3767E-05    0.5000E-01
# Minimization at step:   108 with Value:     0.0000Tol(Act/Req):0.1308E-02/0.1000E-04
# With parameters(tra.):    -0.5580E-06   -0.1349E-06    0.7999E-07
# With parameters(rot.):     0.3624E-05   -0.4480E-05    0.5000E-01
# Minimization at step:   109 with Value:     0.0000Tol(Act/Req):0.9064E-03/0.1000E-04
# With parameters(tra.):    -0.6916E-06   -0.3844E-06    0.3438E-06
# With parameters(rot.):     0.1514E-05   -0.1649E-05    0.5000E-01
# Minimization at step:   110 with Value:     0.0000Tol(Act/Req):0.8695E-03/0.1000E-04
# With parameters(tra.):    -0.6968E-06   -0.3535E-06    0.2818E-06
# With parameters(rot.):     0.4805E-06   -0.2215E-05    0.5000E-01
# Minimization at step:   111 with Value:     0.0000Tol(Act/Req):0.5699E-03/0.1000E-04
# With parameters(tra.):    -0.3477E-06   -0.5656E-06    0.1938E-06
# With parameters(rot.):     0.1157E-05   -0.1113E-05    0.5000E-01
# Minimization at step:   112 with Value:     0.0000Tol(Act/Req):0.4675E-03/0.1000E-04
# With parameters(tra.):    -0.4897E-06   -0.2872E-06    0.1632E-08
# With parameters(rot.):     0.1293E-05    0.1240E-05    0.5000E-01
# Minimization at step:   113 with Value:     0.0000Tol(Act/Req):0.4354E-03/0.1000E-04
# With parameters(tra.):    -0.4273E-06   -0.2989E-06    0.8154E-07
# With parameters(rot.):     0.1329E-05    0.1836E-05    0.5000E-01
# Minimization at step:   114 with Value:     0.0000Tol(Act/Req):0.4301E-03/0.1000E-04
# With parameters(tra.):    -0.2502E-06   -0.1041E-06   -0.1818E-06
# With parameters(rot.):     0.2674E-05    0.1110E-05    0.5000E-01
# Minimization at step:   115 with Value:     0.0000Tol(Act/Req):0.3221E-03/0.1000E-04
# With parameters(tra.):    -0.1947E-06   -0.1585E-06   -0.1490E-06
# With parameters(rot.):     0.2755E-05    0.5107E-06    0.5000E-01
# Minimization at step:   116 with Value:     0.0000Tol(Act/Req):0.3159E-03/0.1000E-04
# With parameters(tra.):    -0.2344E-06   -0.2117E-06   -0.8045E-07
# With parameters(rot.):     0.2426E-05    0.6423E-06    0.5000E-01
# Minimization at step:   117 with Value:     0.0000Tol(Act/Req):0.2124E-03/0.1000E-04
# With parameters(tra.):    -0.1266E-06   -0.1300E-06   -0.2641E-06
# With parameters(rot.):     0.1362E-05    0.5070E-06    0.5000E-01
# Minimization at step:   118 with Value:     0.0000Tol(Act/Req):0.1666E-03/0.1000E-04
# With parameters(tra.):    -0.1664E-06   -0.5832E-07   -0.2876E-06
# With parameters(rot.):     0.1266E-05    0.4584E-06    0.5000E-01
# Minimization at step:   119 with Value:     0.0000Tol(Act/Req):0.1542E-03/0.1000E-04
# With parameters(tra.):     0.4543E-07   -0.1519E-08   -0.2509E-06
# With parameters(rot.):     0.1316E-05    0.1190E-05    0.5000E-01
# Minimization at step:   120 with Value:     0.0000Tol(Act/Req):0.1460E-03/0.1000E-04
# With parameters(tra.):     0.9317E-07   -0.1561E-07   -0.2430E-06
# With parameters(rot.):     0.1237E-05    0.9473E-06    0.5000E-01
# Minimization at step:   121 with Value:     0.0000Tol(Act/Req):0.1215E-03/0.1000E-04
# With parameters(tra.):     0.4421E-07   -0.3098E-07   -0.2515E-06
# With parameters(rot.):     0.1218E-05    0.7441E-06    0.5000E-01
# Minimization at step:   122 with Value:     0.0000Tol(Act/Req):0.8990E-04/0.1000E-04
# With parameters(tra.):     0.5774E-07   -0.7720E-07   -0.1714E-06
# With parameters(rot.):     0.1557E-06    0.1041E-05    0.5000E-01
# Minimization at step:   123 with Value:     0.0000Tol(Act/Req):0.8433E-04/0.1000E-04
# With parameters(tra.):     0.4993E-07   -0.1049E-06   -0.5637E-07
# With parameters(rot.):     0.3862E-06    0.1242E-05    0.5000E-01
# Minimization at step:   124 with Value:     0.0000Tol(Act/Req):0.7962E-04/0.1000E-04
# With parameters(tra.):     0.4252E-07    0.2292E-07   -0.2630E-07
# With parameters(rot.):    -0.9845E-07    0.1406E-05    0.5000E-01
# Minimization at step:   125 with Value:     0.0000Tol(Act/Req):0.7740E-04/0.1000E-04
# With parameters(tra.):     0.3787E-07    0.4281E-07   -0.3424E-07
# With parameters(rot.):     0.1458E-06    0.1362E-05    0.5000E-01
# Minimization at step:   126 with Value:     0.0000Tol(Act/Req):0.7720E-04/0.1000E-04
# With parameters(tra.):     0.1149E-06    0.3411E-07    0.5112E-07
# With parameters(rot.):    -0.3767E-06    0.1015E-05    0.5000E-01
# Minimization at step:   127 with Value:     0.0000Tol(Act/Req):0.7565E-04/0.1000E-04
# With parameters(tra.):     0.1228E-06    0.3090E-08    0.5006E-07
# With parameters(rot.):    -0.2787E-06    0.9412E-06    0.5000E-01
# Minimization at step:   128 with Value:     0.0000Tol(Act/Req):0.7260E-04/0.1000E-04
# With parameters(tra.):     0.1042E-06    0.2683E-08    0.2863E-07
# With parameters(rot.):    -0.1399E-06    0.1022E-05    0.5000E-01
# Minimization at step:   129 with Value:     0.0000Tol(Act/Req):0.6699E-04/0.1000E-04
# With parameters(tra.):     0.4576E-07   -0.1196E-07    0.8586E-07
# With parameters(rot.):    -0.5080E-06    0.7866E-06    0.5000E-01
# Minimization at step:   130 with Value:     0.0000Tol(Act/Req):0.5289E-04/0.1000E-04
# With parameters(tra.):     0.6101E-07   -0.1595E-07    0.1145E-06
# With parameters(rot.):    -0.6774E-06    0.1049E-05    0.6667E-01
# Minimization at step:   131 with Value:     0.0000Tol(Act/Req):0.4960E-04/0.1000E-04
# With parameters(tra.):     0.6990E-07    0.3214E-07    0.9475E-07
# With parameters(rot.):    -0.1186E-05    0.8502E-06    0.7222E-01
# Minimization at step:   132 with Value:     0.0000Tol(Act/Req):0.4958E-04/0.1000E-04
# With parameters(tra.):     0.7128E-07    0.6838E-07    0.1219E-06
# With parameters(rot.):    -0.1141E-05    0.5917E-06    0.7963E-01
# Minimization at step:   133 with Value:     0.0000Tol(Act/Req):0.4951E-04/0.1000E-04
# With parameters(tra.):     0.6987E-07    0.2811E-07    0.1437E-06
# With parameters(rot.):    -0.1232E-05    0.3280E-06    0.8951E-01
# Minimization at step:   134 with Value:     0.0000Tol(Act/Req):0.5433E-04/0.1000E-04
# With parameters(tra.):     0.2122E-07    0.3577E-07    0.1392E-06
# With parameters(rot.):    -0.1319E-05    0.2583E-06    0.1027E+00
# Minimization at step:   135 with Value:     0.0000Tol(Act/Req):0.4197E-04/0.1000E-04
# With parameters(tra.):     0.5201E-07    0.6145E-07    0.1188E-06
# With parameters(rot.):    -0.1343E-05    0.2391E-06    0.1202E+00
# Minimization at step:   136 with Value:     0.0000Tol(Act/Req):0.2434E-04/0.1000E-04
# With parameters(tra.):     0.3714E-07    0.2313E-07    0.1465E-06
# With parameters(rot.):    -0.8879E-06    0.2340E-06    0.1307E+00
# Minimization at step:   137 with Value:     0.0000Tol(Act/Req):0.2320E-04/0.1000E-04
# With parameters(tra.):     0.2439E-07   -0.2820E-07    0.1276E-06
# With parameters(rot.):    -0.8484E-06    0.3732E-06    0.1403E+00
# Minimization at step:   138 with Value:     0.0000Tol(Act/Req):0.1610E-04/0.1000E-04
# With parameters(tra.):    -0.3071E-08   -0.2829E-07    0.1034E-06
# With parameters(rot.):    -0.7361E-06   -0.1142E-06    0.1482E+00
# Minimization at step:   139 with Value:     0.0000Tol(Act/Req):0.1343E-04/0.1000E-04
# With parameters(tra.):    -0.2598E-07   -0.6826E-08    0.6817E-07
# With parameters(rot.):    -0.4794E-06    0.2056E-08    0.1578E+00
# Minimization at step:   140 with Value:     0.0000Tol(Act/Req):0.8637E-05/0.1000E-04
# With parameters(tra.):    -0.2814E-07   -0.7395E-08    0.7385E-07
# With parameters(rot.):    -0.5193E-06    0.2228E-08    0.1627E+00
# CSM Simplex Values from input minimization.
# Final Number of Simplex optim. Steps:   140
# Final CSM Simplex Value is:      0.00000000000
[molecule] Nrec=  16 Format=nscxyz
  he               1    2   -0.94918489D+00  -0.31472684D+00   0.99999953D-01
  he               2    2   -0.86807095D+00  -0.49644506D+00  -0.10000009D+00
  he               3    2   -0.89371971D+00   0.44863359D+00   0.10000017D+00
  he               4    2   -0.96486062D+00   0.26277562D+00  -0.99999888D-01
  he               5    2   -0.31472684D+00   0.94918482D+00   0.10000033D+00
  he               6    2   -0.49644511D+00   0.86807095D+00  -0.99999703D-01
  he               7    2    0.44863359D+00   0.89371964D+00   0.10000034D+00
  he               8    2    0.26277557D+00   0.96486062D+00  -0.99999648D-01
  he               9    2    0.94918482D+00   0.31472678D+00   0.10000020D+00
  he              10    2    0.86807090D+00   0.49644510D+00  -0.99999755D-01
  he              11    2    0.89371964D+00  -0.44863365D+00   0.99999984D-01
  he              12    2    0.96486057D+00  -0.26277557D+00  -0.99999962D-01
  he              13    2    0.31472677D+00  -0.94918489D+00   0.99999824D-01
  he              14    2    0.49644505D+00  -0.86807090D+00  -0.10000015D+00
  he              15    2   -0.44863366D+00  -0.89371970D+00   0.99999811D-01
  he              16    2   -0.26277562D+00  -0.96486057D+00  -0.10000020D+00
# Coordinates rotated along X. New coordinates:
[molecule] Nrec=  16 Format=nscxyz
  he               1    2   -0.89874183D+00   0.10000000D+00   0.43848373D+00
  he               2    2   -0.79412133D+00  -0.10000000D+00   0.60776324D+00
  he               3    2   -0.94556097D+00   0.10000000D+00  -0.32545573D+00
  he               4    2   -0.99128367D+00  -0.10000000D+00  -0.13177127D+00
  he               5    2   -0.43848373D+00   0.10000000D+00  -0.89874183D+00
  he               6    2   -0.60776324D+00  -0.10000000D+00  -0.79412133D+00
  he               7    2    0.32545573D+00   0.10000000D+00  -0.94556097D+00
  he               8    2    0.13177127D+00  -0.10000000D+00  -0.99128367D+00
  he               9    2    0.89874183D+00   0.10000000D+00  -0.43848373D+00
  he              10    2    0.79412133D+00  -0.10000000D+00  -0.60776324D+00
  he              11    2    0.94556097D+00   0.10000000D+00   0.32545573D+00
  he              12    2    0.99128367D+00  -0.10000000D+00   0.13177127D+00
  he              13    2    0.43848373D+00   0.10000000D+00   0.89874183D+00
  he              14    2    0.60776324D+00  -0.10000000D+00   0.79412133D+00
  he              15    2   -0.32545573D+00   0.10000000D+00   0.94556097D+00
  he              16    2   -0.13177127D+00  -0.10000000D+00   0.99128367D+00
# Minimization at step:     0 with Value:     0.0029Tol(Act/Req):0.2000E+01/0.1000E-04
# With parameters(tra.):     0.1429E-01    0.1429E-01    0.1429E-01
# With parameters(rot.):     0.1429E-01    0.1429E-01    0.1429E-01
# Minimization at step:     1 with Value:     0.0022Tol(Act/Req):0.2000E+01/0.1000E-04
# With parameters(tra.):     0.1548E-01    0.7143E-02    0.1548E-01
# With parameters(rot.):     0.1548E-01    0.1548E-01    0.1548E-01
# Minimization at step:     2 with Value:     0.0015Tol(Act/Req):0.2000E+01/0.1000E-04
# With parameters(tra.):     0.8433E-02    0.7738E-02    0.1677E-01
# With parameters(rot.):     0.1677E-01    0.1677E-01    0.1677E-01
# Minimization at step:     3 with Value:     0.0008Tol(Act/Req):0.2000E+01/0.1000E-04
# With parameters(tra.):     0.1054E-01    0.9673E-02   -0.4043E-02
# With parameters(rot.):     0.2096E-01    0.2096E-01    0.2096E-01
# Minimization at step:     4 with Value:     0.0008Tol(Act/Req):0.2000E+01/0.1000E-04
# With parameters(tra.):    -0.2844E-02    0.1151E-01   -0.8399E-02
# With parameters(rot.):     0.2493E-01    0.2493E-01    0.2493E-01
# Minimization at step:     5 with Value:     0.0006Tol(Act/Req):0.2000E+01/0.1000E-04
# With parameters(tra.):    -0.3775E-02    0.8300E-02   -0.9794E-02
# With parameters(rot.):     0.2632E-01    0.2632E-01    0.2632E-01
# Minimization at step:     6 with Value:     0.0004Tol(Act/Req):0.2000E+01/0.1000E-04
# With parameters(tra.):     0.6030E-02    0.6122E-02   -0.6875E-02
# With parameters(rot.):     0.2368E-01    0.2368E-01    0.2368E-01
# Minimization at step:     7 with Value:     0.0002Tol(Act/Req):0.2000E+01/0.1000E-04
# With parameters(tra.):     0.3849E-02    0.4267E-02    0.2821E-02
# With parameters(rot.):     0.2227E-01    0.2227E-01    0.2227E-01
# Minimization at step:     8 with Value:     0.0002Tol(Act/Req):0.2000E+01/0.1000E-04
# With parameters(tra.):     0.4018E-02    0.2327E-02    0.3175E-02
# With parameters(rot.):     0.2262E-01    0.2262E-01    0.2262E-01
# Minimization at step:     9 with Value:     0.0001Tol(Act/Req):0.2000E+01/0.1000E-04
# With parameters(tra.):     0.2216E-02    0.2374E-02    0.3526E-02
# With parameters(rot.):     0.2297E-01    0.2297E-01    0.2297E-01
# Minimization at step:    10 with Value:     0.0001Tol(Act/Req):0.2000E+01/0.1000E-04
# With parameters(tra.):     0.2444E-02    0.2525E-02    0.1969E-02
# With parameters(rot.):     0.2327E-01    0.2327E-01    0.2327E-01
# Minimization at step:    11 with Value:     0.0001Tol(Act/Req):0.2000E+01/0.1000E-04
# With parameters(tra.):     0.2305E-02   -0.3352E-03    0.2199E-02
# With parameters(rot.):     0.2396E-01    0.2396E-01    0.2396E-01
# Minimization at step:    12 with Value:     0.0001Tol(Act/Req):0.2000E+01/0.1000E-04
# With parameters(tra.):     0.1411E-02   -0.5375E-03    0.2264E-02
# With parameters(rot.):     0.2422E-01    0.2422E-01    0.2422E-01
# Minimization at step:    13 with Value:     0.0001Tol(Act/Req):0.2000E+01/0.1000E-04
# With parameters(tra.):     0.1529E-02   -0.5823E-03    0.2452E-02
# With parameters(rot.):     0.2623E-01    0.1790E-01    0.2623E-01
# Minimization at step:    14 with Value:     0.0000Tol(Act/Req):0.2000E+01/0.1000E-04
# With parameters(tra.):     0.1911E-02   -0.7279E-03    0.3065E-02
# With parameters(rot.):     0.7792E-02    0.2238E-01    0.3279E-01
# Minimization at step:    15 with Value:     0.0000Tol(Act/Req):0.2000E+01/0.1000E-04
# With parameters(tra.):     0.2119E-02   -0.1314E-02    0.1003E-02
# With parameters(rot.):     0.4366E-02    0.2259E-01    0.3562E-01
# Minimization at step:    16 with Value:     0.0000Tol(Act/Req):0.2000E+01/0.1000E-04
# With parameters(tra.):     0.2150E-02    0.2666E-03    0.4519E-03
# With parameters(rot.):    -0.2627E-02    0.2168E-01    0.3904E-01
# Minimization at step:    17 with Value:     0.0000Tol(Act/Req):0.2000E+01/0.1000E-04
# With parameters(tra.):     0.6088E-03    0.1299E-03   -0.2229E-04
# With parameters(rot.):    -0.1106E-01    0.2135E-01    0.4450E-01
# Minimization at step:    18 with Value:     0.0000Tol(Act/Req):0.2000E+01/0.1000E-04
# With parameters(tra.):     0.5374E-03    0.2777E-03   -0.4699E-03
# With parameters(rot.):    -0.1945E-01    0.9867E-02    0.5462E-01
# Minimization at step:    19 with Value:     0.0000Tol(Act/Req):0.1999E+01/0.1000E-04
# With parameters(tra.):     0.3592E-03    0.3858E-03   -0.8666E-03
# With parameters(rot.):    -0.1865E-01    0.8079E-02    0.5535E-01
# Minimization at step:    20 with Value:     0.0000Tol(Act/Req):0.1999E+01/0.1000E-04
# With parameters(tra.):     0.3622E-03    0.3578E-03   -0.7878E-03
# With parameters(rot.):    -0.1648E-01    0.1080E-01    0.5288E-01
# Minimization at step:    21 with Value:     0.0000Tol(Act/Req):0.1999E+01/0.1000E-04
# With parameters(tra.):     0.1821E-02    0.5705E-03   -0.5688E-03
# With parameters(rot.):    -0.9862E-02    0.7615E-02    0.5021E-01
# Minimization at step:    22 with Value:     0.0000Tol(Act/Req):0.1999E+01/0.1000E-04
# With parameters(tra.):     0.1681E-02   -0.9088E-03   -0.3575E-03
# With parameters(rot.):    -0.5281E-02    0.3843E-02    0.5051E-01
# Minimization at step:    23 with Value:     0.0000Tol(Act/Req):0.1999E+01/0.1000E-04
# With parameters(tra.):     0.1304E-02   -0.1085E-02   -0.3947E-03
# With parameters(rot.):    -0.6555E-02    0.4325E-02    0.5120E-01
# Minimization at step:    24 with Value:     0.0000Tol(Act/Req):0.1999E+01/0.1000E-04
# With parameters(tra.):     0.1308E-02   -0.7301E-03   -0.4506E-03
# With parameters(rot.):    -0.7806E-02    0.5308E-02    0.5119E-01
# Minimization at step:    25 with Value:     0.0000Tol(Act/Req):0.1999E+01/0.1000E-04
# With parameters(tra.):     0.1001E-02   -0.2911E-03    0.2169E-03
# With parameters(rot.):    -0.9136E-02    0.8765E-03    0.5367E-01
# Minimization at step:    26 with Value:     0.0000Tol(Act/Req):0.1998E+01/0.1000E-04
# With parameters(tra.):     0.8588E-03   -0.3006E-03   -0.2155E-03
# With parameters(rot.):    -0.4358E-02   -0.5101E-02    0.5456E-01
# Minimization at step:    27 with Value:     0.0000Tol(Act/Req):0.1998E+01/0.1000E-04
# With parameters(tra.):     0.9017E-03   -0.3694E-03   -0.1284E-03
# With parameters(rot.):    -0.2265E-02   -0.5065E-02    0.5346E-01
# Minimization at step:    28 with Value:     0.0000Tol(Act/Req):0.1998E+01/0.1000E-04
# With parameters(tra.):     0.9408E-03   -0.3728E-03   -0.1306E-04
# With parameters(rot.):    -0.3285E-02   -0.3568E-02    0.5315E-01
# Minimization at step:    29 with Value:     0.0000Tol(Act/Req):0.1997E+01/0.1000E-04
# With parameters(tra.):     0.2854E-03   -0.4593E-03    0.2664E-04
# With parameters(rot.):    -0.4378E-02   -0.4818E-02    0.5467E-01
# Minimization at step:    30 with Value:     0.0000Tol(Act/Req):0.1996E+01/0.1000E-04
# With parameters(tra.):     0.2020E-03   -0.2592E-03    0.3845E-04
# With parameters(rot.):    -0.4718E-02   -0.5170E-02    0.5495E-01
# Minimization at step:    31 with Value:     0.0000Tol(Act/Req):0.1995E+01/0.1000E-04
# With parameters(tra.):     0.1557E-03   -0.4707E-03   -0.3399E-03
# With parameters(rot.):    -0.2949E-02   -0.4466E-02    0.5404E-01
# Minimization at step:    32 with Value:     0.0000Tol(Act/Req):0.1993E+01/0.1000E-04
# With parameters(tra.):     0.3351E-04   -0.5993E-03   -0.2621E-03
# With parameters(rot.):     0.1975E-04   -0.4263E-02    0.5254E-01
# Minimization at step:    33 with Value:     0.0000Tol(Act/Req):0.1991E+01/0.1000E-04
# With parameters(tra.):    -0.1906E-03   -0.6816E-03   -0.1144E-03
# With parameters(rot.):    -0.9187E-03   -0.1500E-02    0.5170E-01
# Minimization at step:    34 with Value:     0.0000Tol(Act/Req):0.1990E+01/0.1000E-04
# With parameters(tra.):     0.1811E-04   -0.6939E-03   -0.1695E-03
# With parameters(rot.):     0.4930E-03   -0.4572E-04    0.5020E-01
# Minimization at step:    35 with Value:     0.0000Tol(Act/Req):0.1990E+01/0.1000E-04
# With parameters(tra.):    -0.2099E-03   -0.4385E-03   -0.2152E-03
# With parameters(rot.):     0.1550E-02    0.9580E-03    0.4918E-01
# Minimization at step:    36 with Value:     0.0000Tol(Act/Req):0.1986E+01/0.1000E-04
# With parameters(tra.):    -0.1554E-03   -0.3977E-03   -0.2605E-03
# With parameters(rot.):     0.1990E-02    0.4721E-03    0.4918E-01
# Minimization at step:    37 with Value:     0.0000Tol(Act/Req):0.1984E+01/0.1000E-04
# With parameters(tra.):    -0.2283E-03   -0.2323E-03    0.1816E-04
# With parameters(rot.):     0.2457E-02    0.1649E-02    0.4817E-01
# Minimization at step:    38 with Value:     0.0000Tol(Act/Req):0.1984E+01/0.1000E-04
# With parameters(tra.):    -0.2297E-03   -0.1803E-03    0.2855E-04
# With parameters(rot.):     0.2166E-02    0.2108E-02    0.4805E-01
# Minimization at step:    39 with Value:     0.0000Tol(Act/Req):0.1984E+01/0.1000E-04
# With parameters(tra.):    -0.8328E-05   -0.3496E-03    0.1555E-03
# With parameters(rot.):     0.1314E-02    0.1487E-02    0.4870E-01
# Minimization at step:    40 with Value:     0.0000Tol(Act/Req):0.1981E+01/0.1000E-04
# With parameters(tra.):     0.2820E-04   -0.4007E-03    0.9726E-04
# With parameters(rot.):     0.1102E-02    0.1179E-02    0.4900E-01
# Minimization at step:    41 with Value:     0.0000Tol(Act/Req):0.1975E+01/0.1000E-04
# With parameters(tra.):    -0.1287E-03   -0.2865E-03   -0.1250E-04
# With parameters(rot.):     0.1688E-02    0.1568E-02    0.4859E-01
# Minimization at step:    42 with Value:     0.0000Tol(Act/Req):0.1968E+01/0.1000E-04
# With parameters(tra.):    -0.2698E-03   -0.1785E-03    0.5430E-04
# With parameters(rot.):     0.1281E-02    0.1244E-02    0.4893E-01
# Minimization at step:    43 with Value:     0.0000Tol(Act/Req):0.1953E+01/0.1000E-04
# With parameters(tra.):    -0.1990E-03   -0.2383E-04    0.6860E-04
# With parameters(rot.):     0.1925E-02    0.5297E-03    0.4885E-01
# Minimization at step:    44 with Value:     0.0000Tol(Act/Req):0.1948E+01/0.1000E-04
# With parameters(tra.):    -0.1917E-03    0.1324E-03    0.1027E-03
# With parameters(rot.):     0.1261E-02    0.9214E-03    0.4889E-01
# Minimization at step:    45 with Value:     0.0000Tol(Act/Req):0.1947E+01/0.1000E-04
# With parameters(tra.):    -0.2088E-03    0.1067E-03    0.1020E-03
# With parameters(rot.):     0.1045E-02    0.1133E-02    0.4891E-01
# Minimization at step:    46 with Value:     0.0000Tol(Act/Req):0.1945E+01/0.1000E-04
# With parameters(tra.):    -0.2120E-03    0.6552E-04    0.9341E-04
# With parameters(rot.):     0.1193E-02    0.1052E-02    0.4890E-01
# Minimization at step:    47 with Value:     0.0000Tol(Act/Req):0.1945E+01/0.1000E-04
# With parameters(tra.):    -0.1352E-03    0.1067E-03    0.2019E-03
# With parameters(rot.):     0.6369E-03    0.6214E-03    0.4928E-01
# Minimization at step:    48 with Value:     0.0000Tol(Act/Req):0.1922E+01/0.1000E-04
# With parameters(tra.):    -0.1166E-03    0.1736E-03    0.1203E-03
# With parameters(rot.):     0.5776E-04   -0.1799E-03    0.4997E-01
# Minimization at step:    49 with Value:     0.0000Tol(Act/Req):0.1920E+01/0.1000E-04
# With parameters(tra.):    -0.8034E-04    0.1850E-03    0.1147E-03
# With parameters(rot.):     0.2372E-04   -0.2446E-03    0.5000E-01
# Minimization at step:    50 with Value:     0.0000Tol(Act/Req):0.1919E+01/0.1000E-04
# With parameters(tra.):    -0.1389E-03    0.1699E-03   -0.2287E-04
# With parameters(rot.):     0.3750E-03   -0.1024E-03    0.4986E-01
# Minimization at step:    51 with Value:     0.0000Tol(Act/Req):0.1917E+01/0.1000E-04
# With parameters(tra.):    -0.1454E-03    0.1528E-03   -0.1441E-04
# With parameters(rot.):     0.5462E-03    0.1044E-03    0.4968E-01
# Minimization at step:    52 with Value:     0.0000Tol(Act/Req):0.1867E+01/0.1000E-04
# With parameters(tra.):    -0.1031E-03    0.1599E-03    0.9086E-04
# With parameters(rot.):     0.3256E-03    0.4946E-04    0.4974E-01
# Minimization at step:    53 with Value:     0.0000Tol(Act/Req):0.1863E+01/0.1000E-04
# With parameters(tra.):    -0.7330E-04    0.1090E-03    0.7283E-04
# With parameters(rot.):     0.3324E-03   -0.4454E-03    0.5000E-01
# Minimization at step:    54 with Value:     0.0000Tol(Act/Req):0.1795E+01/0.1000E-04
# With parameters(tra.):    -0.6505E-04    0.7108E-04    0.6444E-04
# With parameters(rot.):    -0.1702E-03   -0.5231E-03    0.5031E-01
# Minimization at step:    55 with Value:     0.0000Tol(Act/Req):0.1777E+01/0.1000E-04
# With parameters(tra.):     0.1260E-04    0.5581E-04    0.3643E-04
# With parameters(rot.):    -0.3029E-03   -0.7453E-03    0.5047E-01
# Minimization at step:    56 with Value:     0.0000Tol(Act/Req):0.1770E+01/0.1000E-04
# With parameters(tra.):     0.1519E-04    0.4595E-04    0.1435E-04
# With parameters(rot.):    -0.3185E-03   -0.8024E-03    0.5052E-01
# Minimization at step:    57 with Value:     0.0000Tol(Act/Req):0.1769E+01/0.1000E-04
# With parameters(tra.):    -0.6158E-04    0.5794E-04    0.3500E-04
# With parameters(rot.):    -0.1910E-03   -0.5992E-03    0.5038E-01
# Minimization at step:    58 with Value:     0.0000Tol(Act/Req):0.1759E+01/0.1000E-04
# With parameters(tra.):    -0.4666E-04   -0.7769E-05    0.6840E-04
# With parameters(rot.):    -0.9429E-04   -0.4201E-03    0.5025E-01
# Minimization at step:    59 with Value:     0.0000Tol(Act/Req):0.1681E+01/0.1000E-04
# With parameters(tra.):    -0.2622E-04   -0.1624E-04    0.6602E-04
# With parameters(rot.):    -0.1181E-03   -0.4560E-03    0.5028E-01
# Minimization at step:    60 with Value:     0.0000Tol(Act/Req):0.1658E+01/0.1000E-04
# With parameters(tra.):    -0.2975E-04   -0.1395E-04    0.6996E-04
# With parameters(rot.):    -0.1574E-03   -0.3332E-03    0.5023E-01
# Minimization at step:    61 with Value:     0.0000Tol(Act/Req):0.1466E+01/0.1000E-04
# With parameters(tra.):    -0.3207E-04    0.1961E-05    0.6174E-04
# With parameters(rot.):    -0.1868E-03   -0.3707E-03    0.5026E-01
# Minimization at step:    62 with Value:     0.0000Tol(Act/Req):0.1429E+01/0.1000E-04
# With parameters(tra.):    -0.2658E-04    0.4197E-05    0.6643E-04
# With parameters(rot.):     0.1427E-03   -0.2681E-03    0.5004E-01
# Minimization at step:    63 with Value:     0.0000Tol(Act/Req):0.1362E+01/0.1000E-04
# With parameters(tra.):    -0.3532E-04   -0.2943E-04    0.3962E-04
# With parameters(rot.):     0.2653E-03   -0.2042E-03    0.4998E-01
# Minimization at step:    64 with Value:     0.0000Tol(Act/Req):0.1359E+01/0.1000E-04
# With parameters(tra.):    -0.2585E-04   -0.3477E-04    0.3623E-04
# With parameters(rot.):     0.2853E-03   -0.2012E-03    0.4997E-01
# Minimization at step:    65 with Value:     0.0000Tol(Act/Req):0.1355E+01/0.1000E-04
# With parameters(tra.):    -0.2717E-04   -0.3857E-04    0.3255E-04
# With parameters(rot.):     0.2148E-03   -0.2212E-03    0.5002E-01
# Minimization at step:    66 with Value:     0.0000Tol(Act/Req):0.1264E+01/0.1000E-04
# With parameters(tra.):    -0.1858E-04   -0.1564E-04    0.5088E-04
# With parameters(rot.):     0.1103E-03   -0.2734E-03    0.5007E-01
# Minimization at step:    67 with Value:     0.0000Tol(Act/Req):0.1186E+01/0.1000E-04
# With parameters(tra.):    -0.2191E-04   -0.1162E-04    0.5240E-04
# With parameters(rot.):     0.1210E-03   -0.7822E-05    0.4993E-01
# Minimization at step:    68 with Value:     0.0000Tol(Act/Req):0.1062E+01/0.1000E-04
# With parameters(tra.):    -0.2316E-04    0.1568E-04    0.3285E-04
# With parameters(rot.):     0.1648E-03    0.3811E-04    0.4989E-01
# Minimization at step:    69 with Value:     0.0000Tol(Act/Req):0.9595E+00/0.1000E-04
# With parameters(tra.):    -0.2244E-04    0.1695E-04    0.3084E-04
# With parameters(rot.):     0.1657E-03   -0.2446E-04    0.4992E-01
# Minimization at step:    70 with Value:     0.0000Tol(Act/Req):0.8803E+00/0.1000E-04
# With parameters(tra.):    -0.2206E-04    0.1023E-04    0.3556E-04
# With parameters(rot.):     0.1549E-03   -0.4116E-04    0.4993E-01
# Minimization at step:    71 with Value:     0.0000Tol(Act/Req):0.8799E+00/0.1000E-04
# With parameters(tra.):    -0.1875E-05    0.1456E-04    0.2856E-04
# With parameters(rot.):     0.1515E-03    0.1826E-04    0.4989E-01
# Minimization at step:    72 with Value:     0.0000Tol(Act/Req):0.8607E+00/0.1000E-04
# With parameters(tra.):     0.3932E-05    0.2466E-04    0.1985E-04
# With parameters(rot.):    -0.1066E-04    0.5797E-04    0.4995E-01
# Minimization at step:    73 with Value:     0.0000Tol(Act/Req):0.7622E+00/0.1000E-04
# With parameters(tra.):     0.4376E-05    0.2419E-04    0.1421E-04
# With parameters(rot.):    -0.3314E-05    0.9428E-04    0.4993E-01
# Minimization at step:    74 with Value:     0.0000Tol(Act/Req):0.5483E+00/0.1000E-04
# With parameters(tra.):     0.2961E-05    0.2163E-04    0.1592E-04
# With parameters(rot.):     0.3783E-04    0.8738E-04    0.4992E-01
# Minimization at step:    75 with Value:     0.0000Tol(Act/Req):0.5412E+00/0.1000E-04
# With parameters(tra.):    -0.1682E-05    0.2114E-04    0.1662E-04
# With parameters(rot.):     0.2921E-04    0.7829E-04    0.4993E-01
# Minimization at step:    76 with Value:     0.0000Tol(Act/Req):0.4543E+00/0.1000E-04
# With parameters(tra.):     0.4598E-05    0.2409E-04    0.1005E-04
# With parameters(rot.):    -0.3474E-05    0.1012E-04    0.4998E-01
# Minimization at step:    77 with Value:     0.0000Tol(Act/Req):0.3636E+00/0.1000E-04
# With parameters(tra.):     0.1183E-04    0.1748E-04    0.1075E-04
# With parameters(rot.):    -0.5934E-04   -0.2108E-05    0.5001E-01
# Minimization at step:    78 with Value:     0.0000Tol(Act/Req):0.3160E+00/0.1000E-04
# With parameters(tra.):     0.1520E-04    0.1431E-04   -0.1691E-05
# With parameters(rot.):    -0.6333E-04    0.3840E-04    0.5000E-01
# Minimization at step:    79 with Value:     0.0000Tol(Act/Req):0.3126E+00/0.1000E-04
# With parameters(tra.):     0.1645E-04    0.6739E-05   -0.4148E-05
# With parameters(rot.):    -0.1477E-04    0.8264E-05    0.4999E-01
# Minimization at step:    80 with Value:     0.0000Tol(Act/Req):0.2320E+00/0.1000E-04
# With parameters(tra.):     0.1423E-04    0.7223E-05    0.4566E-05
# With parameters(rot.):     0.3637E-06   -0.2965E-04    0.5000E-01
# Minimization at step:    81 with Value:     0.0000Tol(Act/Req):0.2018E+00/0.1000E-04
# With parameters(tra.):     0.1124E-04    0.3006E-05    0.2598E-05
# With parameters(rot.):    -0.1977E-04   -0.7027E-04    0.5004E-01
# Minimization at step:    82 with Value:     0.0000Tol(Act/Req):0.1803E+00/0.1000E-04
# With parameters(tra.):     0.9270E-05   -0.5990E-05    0.4496E-05
# With parameters(rot.):    -0.3418E-05   -0.5162E-04    0.5002E-01
# Minimization at step:    83 with Value:     0.0000Tol(Act/Req):0.1600E+00/0.1000E-04
# With parameters(tra.):     0.7853E-05   -0.6843E-05    0.3859E-05
# With parameters(rot.):     0.1055E-04   -0.5371E-04    0.5002E-01
# Minimization at step:    84 with Value:     0.0000Tol(Act/Req):0.1598E+00/0.1000E-04
# With parameters(tra.):     0.8228E-05   -0.4666E-05    0.3331E-05
# With parameters(rot.):     0.7628E-05   -0.5855E-04    0.5002E-01
# Minimization at step:    85 with Value:     0.0000Tol(Act/Req):0.1103E+00/0.1000E-04
# With parameters(tra.):     0.5236E-05   -0.1841E-05    0.7044E-05
# With parameters(rot.):    -0.2319E-04   -0.5265E-04    0.5003E-01
# Minimization at step:    86 with Value:     0.0000Tol(Act/Req):0.7559E-01/0.1000E-04
# With parameters(tra.):     0.4096E-05   -0.4349E-05    0.3307E-05
# With parameters(rot.):    -0.3665E-04   -0.3945E-04    0.5004E-01
# Minimization at step:    87 with Value:     0.0000Tol(Act/Req):0.6242E-01/0.1000E-04
# With parameters(tra.):     0.3705E-05   -0.3988E-05    0.4855E-05
# With parameters(rot.):    -0.2885E-04   -0.2088E-05    0.5001E-01
# Minimization at step:    88 with Value:     0.0000Tol(Act/Req):0.5715E-01/0.1000E-04
# With parameters(tra.):    -0.5119E-06   -0.4743E-05    0.3911E-05
# With parameters(rot.):    -0.1404E-04    0.1094E-04    0.5000E-01
# Minimization at step:    89 with Value:     0.0000Tol(Act/Req):0.5099E-01/0.1000E-04
# With parameters(tra.):    -0.2134E-05   -0.1496E-05    0.3265E-05
# With parameters(rot.):    -0.2385E-04    0.2106E-04    0.5000E-01
# Minimization at step:    90 with Value:     0.0000Tol(Act/Req):0.4468E-01/0.1000E-04
# With parameters(tra.):    -0.2250E-05   -0.1938E-05    0.2331E-05
# With parameters(rot.):    -0.1876E-04    0.2622E-04    0.5000E-01
# Minimization at step:    91 with Value:     0.0000Tol(Act/Req):0.3983E-01/0.1000E-04
# With parameters(tra.):    -0.3845E-05   -0.1615E-05   -0.5791E-07
# With parameters(rot.):    -0.2320E-04   -0.1703E-05    0.5002E-01
# Minimization at step:    92 with Value:     0.0000Tol(Act/Req):0.3931E-01/0.1000E-04
# With parameters(tra.):    -0.3068E-05   -0.1166E-05   -0.1528E-06
# With parameters(rot.):    -0.2767E-04   -0.6015E-05    0.5002E-01
# Minimization at step:    93 with Value:     0.0000Tol(Act/Req):0.2589E-01/0.1000E-04
# With parameters(tra.):    -0.2605E-05   -0.1209E-05    0.4365E-06
# With parameters(rot.):    -0.2693E-04    0.6069E-06    0.5001E-01
# Minimization at step:    94 with Value:     0.0000Tol(Act/Req):0.1749E-01/0.1000E-04
# With parameters(tra.):    -0.2973E-05   -0.5295E-06    0.8201E-06
# With parameters(rot.):    -0.2388E-04    0.1744E-05    0.5001E-01
# Minimization at step:    95 with Value:     0.0000Tol(Act/Req):0.1485E-01/0.1000E-04
# With parameters(tra.):    -0.2371E-05   -0.1911E-05    0.5322E-06
# With parameters(rot.):    -0.1898E-04   -0.8144E-05    0.5002E-01
# Minimization at step:    96 with Value:     0.0000Tol(Act/Req):0.1205E-01/0.1000E-04
# With parameters(tra.):    -0.2439E-05   -0.2130E-05   -0.8455E-07
# With parameters(rot.):    -0.1646E-04   -0.8427E-05    0.5001E-01
# Minimization at step:    97 with Value:     0.0000Tol(Act/Req):0.1157E-01/0.1000E-04
# With parameters(tra.):    -0.1457E-05   -0.2524E-05    0.9203E-06
# With parameters(rot.):    -0.1149E-04    0.1804E-05    0.5001E-01
# Minimization at step:    98 with Value:     0.0000Tol(Act/Req):0.8136E-02/0.1000E-04
# With parameters(tra.):     0.1101E-06   -0.2189E-05    0.1046E-05
# With parameters(rot.):    -0.1415E-04   -0.2708E-05    0.5001E-01
# Minimization at step:    99 with Value:     0.0000Tol(Act/Req):0.7061E-02/0.1000E-04
# With parameters(tra.):     0.4010E-06   -0.1383E-05    0.1889E-05
# With parameters(rot.):    -0.4800E-05   -0.1918E-05    0.5000E-01
# Minimization at step:   100 with Value:     0.0000Tol(Act/Req):0.5584E-02/0.1000E-04
# With parameters(tra.):     0.3104E-06   -0.1190E-05    0.1718E-05
# With parameters(rot.):    -0.5484E-05   -0.4786E-05    0.5000E-01
# Minimization at step:   101 with Value:     0.0000Tol(Act/Req):0.5128E-02/0.1000E-04
# With parameters(tra.):     0.4336E-06   -0.8993E-06    0.1865E-05
# With parameters(rot.):    -0.5175E-05   -0.2858E-05    0.5000E-01
# Minimization at step:   102 with Value:     0.0000Tol(Act/Req):0.4327E-02/0.1000E-04
# With parameters(tra.):     0.1050E-05   -0.9198E-06    0.1428E-05
# With parameters(rot.):     0.1431E-05   -0.1891E-05    0.5000E-01
# Minimization at step:   103 with Value:     0.0000Tol(Act/Req):0.3424E-02/0.1000E-04
# With parameters(tra.):     0.1031E-05   -0.1083E-05    0.1178E-05
# With parameters(rot.):    -0.3872E-06   -0.2087E-05    0.5000E-01
# Minimization at step:   104 with Value:     0.0000Tol(Act/Req):0.2289E-02/0.1000E-04
# With parameters(tra.):     0.4779E-06   -0.9733E-06    0.1149E-05
# With parameters(rot.):     0.4381E-05    0.3248E-06    0.5000E-01
# Minimization at step:   105 with Value:     0.0000Tol(Act/Req):0.1838E-02/0.1000E-04
# With parameters(tra.):     0.3526E-06   -0.5143E-06    0.6176E-06
# With parameters(rot.):     0.6302E-05   -0.3708E-05    0.5000E-01
# Minimization at step:   106 with Value:     0.0000Tol(Act/Req):0.1507E-02/0.1000E-04
# With parameters(tra.):     0.4074E-06   -0.3369E-06    0.5870E-06
# With parameters(rot.):     0.7413E-05   -0.2815E-05    0.5000E-01
# Minimization at step:   107 with Value:     0.0000Tol(Act/Req):0.1429E-02/0.1000E-04
# With parameters(tra.):    -0.2177E-06   -0.1290E-06    0.5986E-06
# With parameters(rot.):     0.5003E-05   -0.3767E-05    0.5000E-01
# Minimization at step:   108 with Value:     0.0000Tol(Act/Req):0.1308E-02/0.1000E-04
# With parameters(tra.):    -0.5580E-06   -0.1349E-06    0.7999E-07
# With parameters(rot.):     0.3624E-05   -0.4480E-05    0.5000E-01
# Minimization at step:   109 with Value:     0.0000Tol(Act/Req):0.9064E-03/0.1000E-04
# With parameters(tra.):    -0.6916E-06   -0.3844E-06    0.3438E-06
# With parameters(rot.):     0.1514E-05   -0.1649E-05    0.5000E-01
# Minimization at step:   110 with Value:     0.0000Tol(Act/Req):0.8695E-03/0.1000E-04
# With parameters(tra.):    -0.6968E-06   -0.3535E-06    0.2818E-06
# With parameters(rot.):     0.4805E-06   -0.2215E-05    0.5000E-01
# Minimization at step:   111 with Value:     0.0000Tol(Act/Req):0.5699E-03/0.1000E-04
# With parameters(tra.):    -0.3477E-06   -0.5656E-06    0.1938E-06
# With parameters(rot.):     0.1157E-05   -0.1113E-05    0.5000E-01
# Minimization at step:   112 with Value:     0.0000Tol(Act/Req):0.4675E-03/0.1000E-04
# With parameters(tra.):    -0.4897E-06   -0.2872E-06    0.1632E-08
# With parameters(rot.):     0.1293E-05    0.1240E-05    0.5000E-01
# Minimization at step:   113 with Value:     0.0000Tol(Act/Req):0.4354E-03/0.1000E-04
# With parameters(tra.):    -0.4273E-06   -0.2989E-06    0.8154E-07
# With parameters(rot.):     0.1329E-05    0.1836E-05    0.5000E-01
# Minimization at step:   114 with Value:     0.0000Tol(Act/Req):0.4301E-03/0.1000E-04
# With parameters(tra.):    -0.2502E-06   -0.1041E-06   -0.1818E-06
# With parameters(rot.):     0.2674E-05    0.1110E-05    0.5000E-01
# Minimization at step:   115 with Value:     0.0000Tol(Act/Req):0.3221E-03/0.1000E-04
# With parameters(tra.):    -0.1947E-06   -0.1585E-06   -0.1490E-06
# With parameters(rot.):     0.2755E-05    0.5107E-06    0.5000E-01
# Minimization at step:   116 with Value:     0.0000Tol(Act/Req):0.3159E-03/0.1000E-04
# With parameters(tra.):    -0.2344E-06   -0.2117E-06   -0.8045E-07
# With parameters(rot.):     0.2426E-05    0.6423E-06    0.5000E-01
# Minimization at step:   117 with Value:     0.0000Tol(Act/Req):0.2124E-03/0.1000E-04
# With parameters(tra.):    -0.1266E-06   -0.1300E-06   -0.2641E-06
# With parameters(rot.):     0.1362E-05    0.5070E-06    0.5000E-01
# Minimization at step:   118 with Value:     0.0000Tol(Act/Req):0.1666E-03/0.1000E-04
# With parameters(tra.):    -0.1664E-06   -0.5832E-07   -0.2876E-06
# With parameters(rot.):     0.1266E-05    0.4584E-06    0.5000E-01
# Minimization at step:   119 with Value:     0.0000Tol(Act/Req):0.1542E-03/0.1000E-04
# With parameters(tra.):     0.4543E-07   -0.1519E-08   -0.2509E-06
# With parameters(rot.):     0.1316E-05    0.1190E-05    0.5000E-01
# Minimization at step:   120 with Value:     0.0000Tol(Act/Req):0.1460E-03/0.1000E-04
# With parameters(tra.):     0.9317E-07   -0.1561E-07   -0.2430E-06
# With parameters(rot.):     0.1237E-05    0.9473E-06    0.5000E-01
# Minimization at step:   121 with Value:     0.0000Tol(Act/Req):0.1215E-03/0.1000E-04
# With parameters(tra.):     0.4421E-07   -0.3098E-07   -0.2515E-06
# With parameters(rot.):     0.1218E-05    0.7441E-06    0.5000E-01
# Minimization at step:   122 with Value:     0.0000Tol(Act/Req):0.8990E-04/0.1000E-04
# With parameters(tra.):     0.5774E-07   -0.7720E-07   -0.1714E-06
# With parameters(rot.):     0.1557E-06    0.1041E-05    0.5000E-01
# Minimization at step:   123 with Value:     0.0000Tol(Act/Req):0.8433E-04/0.1000E-04
# With parameters(tra.):     0.4993E-07   -0.1049E-06   -0.5637E-07
# With parameters(rot.):     0.3862E-06    0.1242E-05    0.5000E-01
# Minimization at step:   124 with Value:     0.0000Tol(Act/Req):0.7962E-04/0.1000E-04
# With parameters(tra.):     0.4252E-07    0.2292E-07   -0.2630E-07
# With parameters(rot.):    -0.9845E-07    0.1406E-05    0.5000E-01
# Minimization at step:   125 with Value:     0.0000Tol(Act/Req):0.7740E-04/0.1000E-04
# With parameters(tra.):     0.3787E-07    0.4281E-07   -0.3424E-07
# With parameters(rot.):     0.1458E-06    0.1362E-05    0.5000E-01
# Minimization at step:   126 with Value:     0.0000Tol(Act/Req):0.7720E-04/0.1000E-04
# With parameters(tra.):     0.1149E-06    0.3411E-07    0.5112E-07
# With parameters(rot.):    -0.3767E-06    0.1015E-05    0.5000E-01
# Minimization at step:   127 with Value:     0.0000Tol(Act/Req):0.7565E-04/0.1000E-04
# With parameters(tra.):     0.1228E-06    0.3090E-08    0.5006E-07
# With parameters(rot.):    -0.2787E-06    0.9412E-06    0.5000E-01
# Minimization at step:   128 with Value:     0.0000Tol(Act/Req):0.7260E-04/0.1000E-04
# With parameters(tra.):     0.1042E-06    0.2683E-08    0.2863E-07
# With parameters(rot.):    -0.1399E-06    0.1022E-05    0.5000E-01
# Minimization at step:   129 with Value:     0.0000Tol(Act/Req):0.6699E-04/0.1000E-04
# With parameters(tra.):     0.4576E-07   -0.1196E-07    0.8586E-07
# With parameters(rot.):    -0.5080E-06    0.7866E-06    0.5000E-01
# Minimization at step:   130 with Value:     0.0000Tol(Act/Req):0.5289E-04/0.1000E-04
# With parameters(tra.):     0.6101E-07   -0.1595E-07    0.1145E-06
# With parameters(rot.):    -0.6774E-06    0.1049E-05    0.6667E-01
# Minimization at step:   131 with Value:     0.0000Tol(Act/Req):0.4960E-04/0.1000E-04
# With parameters(tra.):     0.6990E-07    0.3214E-07    0.9475E-07
# With parameters(rot.):    -0.1186E-05    0.8502E-06    0.7222E-01
# Minimization at step:   132 with Value:     0.0000Tol(Act/Req):0.4958E-04/0.1000E-04
# With parameters(tra.):     0.7128E-07    0.6838E-07    0.1219E-06
# With parameters(rot.):    -0.1141E-05    0.5917E-06    0.7963E-01
# Minimization at step:   133 with Value:     0.0000Tol(Act/Req):0.4951E-04/0.1000E-04
# With parameters(tra.):     0.6987E-07    0.2811E-07    0.1437E-06
# With parameters(rot.):    -0.1232E-05    0.3280E-06    0.8951E-01
# Minimization at step:   134 with Value:     0.0000Tol(Act/Req):0.5433E-04/0.1000E-04
# With parameters(tra.):     0.2122E-07    0.3577E-07    0.1392E-06
# With parameters(rot.):    -0.1319E-05    0.2583E-06    0.1027E+00
# Minimization at step:   135 with Value:     0.0000Tol(Act/Req):0.4197E-04/0.1000E-04
# With parameters(tra.):     0.5201E-07    0.6145E-07    0.1188E-06
# With parameters(rot.):    -0.1343E-05    0.2391E-06    0.1202E+00
# Minimization at step:   136 with Value:     0.0000Tol(Act/Req):0.2434E-04/0.1000E-04
# With parameters(tra.):     0.3714E-07    0.2313E-07    0.1465E-06
# With parameters(rot.):    -0.8879E-06    0.2340E-06    0.1307E+00
# Minimization at step:   137 with Value:     0.0000Tol(Act/Req):0.2320E-04/0.1000E-04
# With parameters(tra.):     0.2439E-07   -0.2820E-07    0.1276E-06
# With parameters(rot.):    -0.8484E-06    0.3732E-06    0.1403E+00
# Minimization at step:   138 with Value:     0.0000Tol(Act/Req):0.1610E-04/0.1000E-04
# With parameters(tra.):    -0.3071E-08   -0.2829E-07    0.1034E-06
# With parameters(rot.):    -0.7361E-06   -0.1142E-06    0.1482E+00
# Minimization at step:   139 with Value:     0.0000Tol(Act/Req):0.1343E-04/0.1000E-04
# With parameters(tra.):    -0.2598E-07   -0.6826E-08    0.6817E-07
# With parameters(rot.):    -0.4794E-06    0.2056E-08    0.1578E+00
# Minimization at step:   140 with Value:     0.0000Tol(Act/Req):0.8637E-05/0.1000E-04
# With parameters(tra.):    -0.2814E-07   -0.7395E-08    0.7385E-07
# With parameters(rot.):    -0.5193E-06    0.2228E-08    0.1627E+00
# CSM Values after x minimization.
# Final Number of optim. Steps:   140
#      Before min is:      0.00299855501
# Final CSM Value is:      0.00000000000
# Coordinates rotated along Y.
[molecule] Nrec=  16 Format=nscxyz
  he               1    2   -0.10000000D+00  -0.43848373D+00  -0.89874183D+00
  he               2    2    0.10000000D+00  -0.60776324D+00  -0.79412133D+00
  he               3    2   -0.10000000D+00   0.32545573D+00  -0.94556097D+00
  he               4    2    0.10000000D+00   0.13177127D+00  -0.99128367D+00
  he               5    2   -0.10000000D+00   0.89874183D+00  -0.43848373D+00
  he               6    2    0.10000000D+00   0.79412133D+00  -0.60776324D+00
  he               7    2   -0.10000000D+00   0.94556097D+00   0.32545573D+00
  he               8    2    0.10000000D+00   0.99128367D+00   0.13177127D+00
  he               9    2   -0.10000000D+00   0.43848373D+00   0.89874183D+00
  he              10    2    0.10000000D+00   0.60776324D+00   0.79412133D+00
  he              11    2   -0.10000000D+00  -0.32545573D+00   0.94556097D+00
  he              12    2    0.10000000D+00  -0.13177127D+00   0.99128367D+00
  he              13    2   -0.10000000D+00  -0.89874183D+00   0.43848373D+00
  he              14    2    0.10000000D+00  -0.79412133D+00   0.60776324D+00
  he              15    2   -0.10000000D+00  -0.94556097D+00  -0.32545573D+00
  he              16    2    0.10000000D+00  -0.99128367D+00  -0.13177127D+00
# Minimization at step:     0 with Value:     0.0029Tol(Act/Req):0.2000E+01/0.1000E-04
# With parameters(tra.):     0.1429E-01    0.1429E-01    0.1429E-01
# With parameters(rot.):     0.1429E-01    0.1429E-01    0.1429E-01
# Minimization at step:     1 with Value:     0.0022Tol(Act/Req):0.2000E+01/0.1000E-04
# With parameters(tra.):     0.1548E-01    0.7143E-02    0.1548E-01
# With parameters(rot.):     0.1548E-01    0.1548E-01    0.1548E-01
# Minimization at step:     2 with Value:     0.0015Tol(Act/Req):0.2000E+01/0.1000E-04
# With parameters(tra.):     0.8433E-02    0.7738E-02    0.1677E-01
# With parameters(rot.):     0.1677E-01    0.1677E-01    0.1677E-01
# Minimization at step:     3 with Value:     0.0008Tol(Act/Req):0.2000E+01/0.1000E-04
# With parameters(tra.):     0.1054E-01    0.9673E-02   -0.4043E-02
# With parameters(rot.):     0.2096E-01    0.2096E-01    0.2096E-01
# Minimization at step:     4 with Value:     0.0008Tol(Act/Req):0.2000E+01/0.1000E-04
# With parameters(tra.):    -0.2844E-02    0.1151E-01   -0.8399E-02
# With parameters(rot.):     0.2493E-01    0.2493E-01    0.2493E-01
# Minimization at step:     5 with Value:     0.0006Tol(Act/Req):0.2000E+01/0.1000E-04
# With parameters(tra.):    -0.3775E-02    0.8300E-02   -0.9794E-02
# With parameters(rot.):     0.2632E-01    0.2632E-01    0.2632E-01
# Minimization at step:     6 with Value:     0.0004Tol(Act/Req):0.2000E+01/0.1000E-04
# With parameters(tra.):     0.6030E-02    0.6122E-02   -0.6875E-02
# With parameters(rot.):     0.2368E-01    0.2368E-01    0.2368E-01
# Minimization at step:     7 with Value:     0.0002Tol(Act/Req):0.2000E+01/0.1000E-04
# With parameters(tra.):     0.3849E-02    0.4267E-02    0.2821E-02
# With parameters(rot.):     0.2227E-01    0.2227E-01    0.2227E-01
# Minimization at step:     8 with Value:     0.0002Tol(Act/Req):0.2000E+01/0.1000E-04
# With parameters(tra.):     0.4018E-02    0.2327E-02    0.3175E-02
# With parameters(rot.):     0.2262E-01    0.2262E-01    0.2262E-01
# Minimization at step:     9 with Value:     0.0001Tol(Act/Req):0.2000E+01/0.1000E-04
# With parameters(tra.):     0.2216E-02    0.2374E-02    0.3526E-02
# With parameters(rot.):     0.2297E-01    0.2297E-01    0.2297E-01
# Minimization at step:    10 with Value:     0.0001Tol(Act/Req):0.2000E+01/0.1000E-04
# With parameters(tra.):     0.2444E-02    0.2525E-02    0.1969E-02
# With parameters(rot.):     0.2327E-01    0.2327E-01    0.2327E-01
# Minimization at step:    11 with Value:     0.0001Tol(Act/Req):0.2000E+01/0.1000E-04
# With parameters(tra.):     0.2305E-02   -0.3352E-03    0.2199E-02
# With parameters(rot.):     0.2396E-01    0.2396E-01    0.2396E-01
# Minimization at step:    12 with Value:     0.0001Tol(Act/Req):0.2000E+01/0.1000E-04
# With parameters(tra.):     0.1411E-02   -0.5375E-03    0.2264E-02
# With parameters(rot.):     0.2422E-01    0.2422E-01    0.2422E-01
# Minimization at step:    13 with Value:     0.0001Tol(Act/Req):0.2000E+01/0.1000E-04
# With parameters(tra.):     0.1529E-02   -0.5823E-03    0.2452E-02
# With parameters(rot.):     0.2623E-01    0.1790E-01    0.2623E-01
# Minimization at step:    14 with Value:     0.0000Tol(Act/Req):0.2000E+01/0.1000E-04
# With parameters(tra.):     0.1911E-02   -0.7279E-03    0.3065E-02
# With parameters(rot.):     0.7792E-02    0.2238E-01    0.3279E-01
# Minimization at step:    15 with Value:     0.0000Tol(Act/Req):0.2000E+01/0.1000E-04
# With parameters(tra.):     0.2119E-02   -0.1314E-02    0.1003E-02
# With parameters(rot.):     0.4366E-02    0.2259E-01    0.3562E-01
# Minimization at step:    16 with Value:     0.0000Tol(Act/Req):0.2000E+01/0.1000E-04
# With parameters(tra.):     0.2150E-02    0.2666E-03    0.4519E-03
# With parameters(rot.):    -0.2627E-02    0.2168E-01    0.3904E-01
# Minimization at step:    17 with Value:     0.0000Tol(Act/Req):0.2000E+01/0.1000E-04
# With parameters(tra.):     0.6088E-03    0.1299E-03   -0.2229E-04
# With parameters(rot.):    -0.1106E-01    0.2135E-01    0.4450E-01
# Minimization at step:    18 with Value:     0.0000Tol(Act/Req):0.2000E+01/0.1000E-04
# With parameters(tra.):     0.5374E-03    0.2777E-03   -0.4699E-03
# With parameters(rot.):    -0.1945E-01    0.9867E-02    0.5462E-01
# Minimization at step:    19 with Value:     0.0000Tol(Act/Req):0.1999E+01/0.1000E-04
# With parameters(tra.):     0.3592E-03    0.3858E-03   -0.8666E-03
# With parameters(rot.):    -0.1865E-01    0.8079E-02    0.5535E-01
# Minimization at step:    20 with Value:     0.0000Tol(Act/Req):0.1999E+01/0.1000E-04
# With parameters(tra.):     0.3622E-03    0.3578E-03   -0.7878E-03
# With parameters(rot.):    -0.1648E-01    0.1080E-01    0.5288E-01
# Minimization at step:    21 with Value:     0.0000Tol(Act/Req):0.1999E+01/0.1000E-04
# With parameters(tra.):     0.1821E-02    0.5705E-03   -0.5688E-03
# With parameters(rot.):    -0.9862E-02    0.7615E-02    0.5021E-01
# Minimization at step:    22 with Value:     0.0000Tol(Act/Req):0.1999E+01/0.1000E-04
# With parameters(tra.):     0.1681E-02   -0.9088E-03   -0.3575E-03
# With parameters(rot.):    -0.5281E-02    0.3843E-02    0.5051E-01
# Minimization at step:    23 with Value:     0.0000Tol(Act/Req):0.1999E+01/0.1000E-04
# With parameters(tra.):     0.1304E-02   -0.1085E-02   -0.3947E-03
# With parameters(rot.):    -0.6555E-02    0.4325E-02    0.5120E-01
# Minimization at step:    24 with Value:     0.0000Tol(Act/Req):0.1999E+01/0.1000E-04
# With parameters(tra.):     0.1308E-02   -0.7301E-03   -0.4506E-03
# With parameters(rot.):    -0.7806E-02    0.5308E-02    0.5119E-01
# Minimization at step:    25 with Value:     0.0000Tol(Act/Req):0.1999E+01/0.1000E-04
# With parameters(tra.):     0.1001E-02   -0.2911E-03    0.2169E-03
# With parameters(rot.):    -0.9136E-02    0.8765E-03    0.5367E-01
# Minimization at step:    26 with Value:     0.0000Tol(Act/Req):0.1998E+01/0.1000E-04
# With parameters(tra.):     0.8588E-03   -0.3006E-03   -0.2155E-03
# With parameters(rot.):    -0.4358E-02   -0.5101E-02    0.5456E-01
# Minimization at step:    27 with Value:     0.0000Tol(Act/Req):0.1998E+01/0.1000E-04
# With parameters(tra.):     0.9017E-03   -0.3694E-03   -0.1284E-03
# With parameters(rot.):    -0.2265E-02   -0.5065E-02    0.5346E-01
# Minimization at step:    28 with Value:     0.0000Tol(Act/Req):0.1998E+01/0.1000E-04
# With parameters(tra.):     0.9408E-03   -0.3728E-03   -0.1306E-04
# With parameters(rot.):    -0.3285E-02   -0.3568E-02    0.5315E-01
# Minimization at step:    29 with Value:     0.0000Tol(Act/Req):0.1997E+01/0.1000E-04
# With parameters(tra.):     0.2854E-03   -0.4593E-03    0.2664E-04
# With parameters(rot.):    -0.4378E-02   -0.4818E-02    0.5467E-01
# Minimization at step:    30 with Value:     0.0000Tol(Act/Req):0.1996E+01/0.1000E-04
# With parameters(tra.):     0.2020E-03   -0.2592E-03    0.3845E-04
# With parameters(rot.):    -0.4718E-02   -0.5170E-02    0.5495E-01
# Minimization at step:    31 with Value:     0.0000Tol(Act/Req):0.1995E+01/0.1000E-04
# With parameters(tra.):     0.1557E-03   -0.4707E-03   -0.3399E-03
# With parameters(rot.):    -0.2949E-02   -0.4466E-02    0.5404E-01
# Minimization at step:    32 with Value:     0.0000Tol(Act/Req):0.1993E+01/0.1000E-04
# With parameters(tra.):     0.3351E-04   -0.5993E-03   -0.2621E-03
# With parameters(rot.):     0.1975E-04   -0.4263E-02    0.5254E-01
# Minimization at step:    33 with Value:     0.0000Tol(Act/Req):0.1991E+01/0.1000E-04
# With parameters(tra.):    -0.1906E-03   -0.6816E-03   -0.1144E-03
# With parameters(rot.):    -0.9187E-03   -0.1500E-02    0.5170E-01
# Minimization at step:    34 with Value:     0.0000Tol(Act/Req):0.1990E+01/0.1000E-04
# With parameters(tra.):     0.1811E-04   -0.6939E-03   -0.1695E-03
# With parameters(rot.):     0.4930E-03   -0.4572E-04    0.5020E-01
# Minimization at step:    35 with Value:     0.0000Tol(Act/Req):0.1990E+01/0.1000E-04
# With parameters(tra.):    -0.2099E-03   -0.4385E-03   -0.2152E-03
# With parameters(rot.):     0.1550E-02    0.9580E-03    0.4918E-01
# Minimization at step:    36 with Value:     0.0000Tol(Act/Req):0.1986E+01/0.1000E-04
# With parameters(tra.):    -0.1554E-03   -0.3977E-03   -0.2605E-03
# With parameters(rot.):     0.1990E-02    0.4721E-03    0.4918E-01
# Minimization at step:    37 with Value:     0.0000Tol(Act/Req):0.1984E+01/0.1000E-04
# With parameters(tra.):    -0.2283E-03   -0.2323E-03    0.1816E-04
# With parameters(rot.):     0.2457E-02    0.1649E-02    0.4817E-01
# Minimization at step:    38 with Value:     0.0000Tol(Act/Req):0.1984E+01/0.1000E-04
# With parameters(tra.):    -0.2297E-03   -0.1803E-03    0.2855E-04
# With parameters(rot.):     0.2166E-02    0.2108E-02    0.4805E-01
# Minimization at step:    39 with Value:     0.0000Tol(Act/Req):0.1984E+01/0.1000E-04
# With parameters(tra.):    -0.8328E-05   -0.3496E-03    0.1555E-03
# With parameters(rot.):     0.1314E-02    0.1487E-02    0.4870E-01
# Minimization at step:    40 with Value:     0.0000Tol(Act/Req):0.1981E+01/0.1000E-04
# With parameters(tra.):     0.2820E-04   -0.4007E-03    0.9726E-04
# With parameters(rot.):     0.1102E-02    0.1179E-02    0.4900E-01
# Minimization at step:    41 with Value:     0.0000Tol(Act/Req):0.1975E+01/0.1000E-04
# With parameters(tra.):    -0.1287E-03   -0.2865E-03   -0.1250E-04
# With parameters(rot.):     0.1688E-02    0.1568E-02    0.4859E-01
# Minimization at step:    42 with Value:     0.0000Tol(Act/Req):0.1968E+01/0.1000E-04
# With parameters(tra.):    -0.2698E-03   -0.1785E-03    0.5430E-04
# With parameters(rot.):     0.1281E-02    0.1244E-02    0.4893E-01
# Minimization at step:    43 with Value:     0.0000Tol(Act/Req):0.1953E+01/0.1000E-04
# With parameters(tra.):    -0.1990E-03   -0.2383E-04    0.6860E-04
# With parameters(rot.):     0.1925E-02    0.5297E-03    0.4885E-01
# Minimization at step:    44 with Value:     0.0000Tol(Act/Req):0.1948E+01/0.1000E-04
# With parameters(tra.):    -0.1917E-03    0.1324E-03    0.1027E-03
# With parameters(rot.):     0.1261E-02    0.9214E-03    0.4889E-01
# Minimization at step:    45 with Value:     0.0000Tol(Act/Req):0.1947E+01/0.1000E-04
# With parameters(tra.):    -0.2088E-03    0.1067E-03    0.1020E-03
# With parameters(rot.):     0.1045E-02    0.1133E-02    0.4891E-01
# Minimization at step:    46 with Value:     0.0000Tol(Act/Req):0.1945E+01/0.1000E-04
# With parameters(tra.):    -0.2120E-03    0.6552E-04    0.9341E-04
# With parameters(rot.):     0.1193E-02    0.1052E-02    0.4890E-01
# Minimization at step:    47 with Value:     0.0000Tol(Act/Req):0.1945E+01/0.1000E-04
# With parameters(tra.):    -0.1352E-03    0.1067E-03    0.2019E-03
# With parameters(rot.):     0.6369E-03    0.6214E-03    0.4928E-01
# Minimization at step:    48 with Value:     0.0000Tol(Act/Req):0.1922E+01/0.1000E-04
# With parameters(tra.):    -0.1166E-03    0.1736E-03    0.1203E-03
# With parameters(rot.):     0.5776E-04   -0.1799E-03    0.4997E-01
# Minimization at step:    49 with Value:     0.0000Tol(Act/Req):0.1920E+01/0.1000E-04
# With parameters(tra.):    -0.8034E-04    0.1850E-03    0.1147E-03
# With parameters(rot.):     0.2372E-04   -0.2446E-03    0.5000E-01
# Minimization at step:    50 with Value:     0.0000Tol(Act/Req):0.1919E+01/0.1000E-04
# With parameters(tra.):    -0.1389E-03    0.1699E-03   -0.2287E-04
# With parameters(rot.):     0.3750E-03   -0.1024E-03    0.4986E-01
# Minimization at step:    51 with Value:     0.0000Tol(Act/Req):0.1917E+01/0.1000E-04
# With parameters(tra.):    -0.1454E-03    0.1528E-03   -0.1441E-04
# With parameters(rot.):     0.5462E-03    0.1044E-03    0.4968E-01
# Minimization at step:    52 with Value:     0.0000Tol(Act/Req):0.1867E+01/0.1000E-04
# With parameters(tra.):    -0.1031E-03    0.1599E-03    0.9086E-04
# With parameters(rot.):     0.3256E-03    0.4946E-04    0.4974E-01
# Minimization at step:    53 with Value:     0.0000Tol(Act/Req):0.1863E+01/0.1000E-04
# With parameters(tra.):    -0.7330E-04    0.1090E-03    0.7283E-04
# With parameters(rot.):     0.3324E-03   -0.4454E-03    0.5000E-01
# Minimization at step:    54 with Value:     0.0000Tol(Act/Req):0.1795E+01/0.1000E-04
# With parameters(tra.):    -0.6505E-04    0.7108E-04    0.6444E-04
# With parameters(rot.):    -0.1702E-03   -0.5231E-03    0.5031E-01
# Minimization at step:    55 with Value:     0.0000Tol(Act/Req):0.1777E+01/0.1000E-04
# With parameters(tra.):     0.1260E-04    0.5581E-04    0.3643E-04
# With parameters(rot.):    -0.3029E-03   -0.7453E-03    0.5047E-01
# Minimization at step:    56 with Value:     0.0000Tol(Act/Req):0.1770E+01/0.1000E-04
# With parameters(tra.):     0.1519E-04    0.4595E-04    0.1435E-04
# With parameters(rot.):    -0.3185E-03   -0.8024E-03    0.5052E-01
# Minimization at step:    57 with Value:     0.0000Tol(Act/Req):0.1769E+01/0.1000E-04
# With parameters(tra.):    -0.6158E-04    0.5794E-04    0.3500E-04
# With parameters(rot.):    -0.1910E-03   -0.5992E-03    0.5038E-01
# Minimization at step:    58 with Value:     0.0000Tol(Act/Req):0.1759E+01/0.1000E-04
# With parameters(tra.):    -0.4666E-04   -0.7769E-05    0.6840E-04
# With parameters(rot.):    -0.9429E-04   -0.4201E-03    0.5025E-01
# Minimization at step:    59 with Value:     0.0000Tol(Act/Req):0.1681E+01/0.1000E-04
# With parameters(tra.):    -0.2622E-04   -0.1624E-04    0.6602E-04
# With parameters(rot.):    -0.1181E-03   -0.4560E-03    0.5028E-01
# Minimization at step:    60 with Value:     0.0000Tol(Act/Req):0.1658E+01/0.1000E-04
# With parameters(tra.):    -0.2975E-04   -0.1395E-04    0.6996E-04
# With parameters(rot.):    -0.1574E-03   -0.3332E-03    0.5023E-01
# Minimization at step:    61 with Value:     0.0000Tol(Act/Req):0.1466E+01/0.1000E-04
# With parameters(tra.):    -0.3207E-04    0.1961E-05    0.6174E-04
# With parameters(rot.):    -0.1868E-03   -0.3707E-03    0.5026E-01
# Minimization at step:    62 with Value:     0.0000Tol(Act/Req):0.1429E+01/0.1000E-04
# With parameters(tra.):    -0.2658E-04    0.4197E-05    0.6643E-04
# With parameters(rot.):     0.1427E-03   -0.2681E-03    0.5004E-01
# Minimization at step:    63 with Value:     0.0000Tol(Act/Req):0.1362E+01/0.1000E-04
# With parameters(tra.):    -0.3532E-04   -0.2943E-04    0.3962E-04
# With parameters(rot.):     0.2653E-03   -0.2042E-03    0.4998E-01
# Minimization at step:    64 with Value:     0.0000Tol(Act/Req):0.1359E+01/0.1000E-04
# With parameters(tra.):    -0.2585E-04   -0.3477E-04    0.3623E-04
# With parameters(rot.):     0.2853E-03   -0.2012E-03    0.4997E-01
# Minimization at step:    65 with Value:     0.0000Tol(Act/Req):0.1355E+01/0.1000E-04
# With parameters(tra.):    -0.2717E-04   -0.3857E-04    0.3255E-04
# With parameters(rot.):     0.2148E-03   -0.2212E-03    0.5002E-01
# Minimization at step:    66 with Value:     0.0000Tol(Act/Req):0.1264E+01/0.1000E-04
# With parameters(tra.):    -0.1858E-04   -0.1564E-04    0.5088E-04
# With parameters(rot.):     0.1103E-03   -0.2734E-03    0.5007E-01
# Minimization at step:    67 with Value:     0.0000Tol(Act/Req):0.1186E+01/0.1000E-04
# With parameters(tra.):    -0.2191E-04   -0.1162E-04    0.5240E-04
# With parameters(rot.):     0.1210E-03   -0.7822E-05    0.4993E-01
# Minimization at step:    68 with Value:     0.0000Tol(Act/Req):0.1062E+01/0.1000E-04
# With parameters(tra.):    -0.2316E-04    0.1568E-04    0.3285E-04
# With parameters(rot.):     0.1648E-03    0.3811E-04    0.4989E-01
# Minimization at step:    69 with Value:     0.0000Tol(Act/Req):0.9595E+00/0.1000E-04
# With parameters(tra.):    -0.2244E-04    0.1695E-04    0.3084E-04
# With parameters(rot.):     0.1657E-03   -0.2446E-04    0.4992E-01
# Minimization at step:    70 with Value:     0.0000Tol(Act/Req):0.8803E+00/0.1000E-04
# With parameters(tra.):    -0.2206E-04    0.1023E-04    0.3556E-04
# With parameters(rot.):     0.1549E-03   -0.4116E-04    0.4993E-01
# Minimization at step:    71 with Value:     0.0000Tol(Act/Req):0.8799E+00/0.1000E-04
# With parameters(tra.):    -0.1875E-05    0.1456E-04    0.2856E-04
# With parameters(rot.):     0.1515E-03    0.1826E-04    0.4989E-01
# Minimization at step:    72 with Value:     0.0000Tol(Act/Req):0.8607E+00/0.1000E-04
# With parameters(tra.):     0.3932E-05    0.2466E-04    0.1985E-04
# With parameters(rot.):    -0.1066E-04    0.5797E-04    0.4995E-01
# Minimization at step:    73 with Value:     0.0000Tol(Act/Req):0.7622E+00/0.1000E-04
# With parameters(tra.):     0.4376E-05    0.2419E-04    0.1421E-04
# With parameters(rot.):    -0.3314E-05    0.9428E-04    0.4993E-01
# Minimization at step:    74 with Value:     0.0000Tol(Act/Req):0.5483E+00/0.1000E-04
# With parameters(tra.):     0.2961E-05    0.2163E-04    0.1592E-04
# With parameters(rot.):     0.3783E-04    0.8738E-04    0.4992E-01
# Minimization at step:    75 with Value:     0.0000Tol(Act/Req):0.5412E+00/0.1000E-04
# With parameters(tra.):    -0.1682E-05    0.2114E-04    0.1662E-04
# With parameters(rot.):     0.2921E-04    0.7829E-04    0.4993E-01
# Minimization at step:    76 with Value:     0.0000Tol(Act/Req):0.4543E+00/0.1000E-04
# With parameters(tra.):     0.4598E-05    0.2409E-04    0.1005E-04
# With parameters(rot.):    -0.3474E-05    0.1012E-04    0.4998E-01
# Minimization at step:    77 with Value:     0.0000Tol(Act/Req):0.3636E+00/0.1000E-04
# With parameters(tra.):     0.1183E-04    0.1748E-04    0.1075E-04
# With parameters(rot.):    -0.5934E-04   -0.2108E-05    0.5001E-01
# Minimization at step:    78 with Value:     0.0000Tol(Act/Req):0.3160E+00/0.1000E-04
# With parameters(tra.):     0.1520E-04    0.1431E-04   -0.1691E-05
# With parameters(rot.):    -0.6333E-04    0.3840E-04    0.5000E-01
# Minimization at step:    79 with Value:     0.0000Tol(Act/Req):0.3126E+00/0.1000E-04
# With parameters(tra.):     0.1645E-04    0.6739E-05   -0.4148E-05
# With parameters(rot.):    -0.1477E-04    0.8264E-05    0.4999E-01
# Minimization at step:    80 with Value:     0.0000Tol(Act/Req):0.2320E+00/0.1000E-04
# With parameters(tra.):     0.1423E-04    0.7223E-05    0.4566E-05
# With parameters(rot.):     0.3637E-06   -0.2965E-04    0.5000E-01
# Minimization at step:    81 with Value:     0.0000Tol(Act/Req):0.2018E+00/0.1000E-04
# With parameters(tra.):     0.1124E-04    0.3006E-05    0.2598E-05
# With parameters(rot.):    -0.1977E-04   -0.7027E-04    0.5004E-01
# Minimization at step:    82 with Value:     0.0000Tol(Act/Req):0.1803E+00/0.1000E-04
# With parameters(tra.):     0.9270E-05   -0.5990E-05    0.4496E-05
# With parameters(rot.):    -0.3418E-05   -0.5162E-04    0.5002E-01
# Minimization at step:    83 with Value:     0.0000Tol(Act/Req):0.1600E+00/0.1000E-04
# With parameters(tra.):     0.7853E-05   -0.6843E-05    0.3859E-05
# With parameters(rot.):     0.1055E-04   -0.5371E-04    0.5002E-01
# Minimization at step:    84 with Value:     0.0000Tol(Act/Req):0.1598E+00/0.1000E-04
# With parameters(tra.):     0.8228E-05   -0.4666E-05    0.3331E-05
# With parameters(rot.):     0.7628E-05   -0.5855E-04    0.5002E-01
# Minimization at step:    85 with Value:     0.0000Tol(Act/Req):0.1103E+00/0.1000E-04
# With parameters(tra.):     0.5236E-05   -0.1841E-05    0.7044E-05
# With parameters(rot.):    -0.2319E-04   -0.5265E-04    0.5003E-01
# Minimization at step:    86 with Value:     0.0000Tol(Act/Req):0.7559E-01/0.1000E-04
# With parameters(tra.):     0.4096E-05   -0.4349E-05    0.3307E-05
# With parameters(rot.):    -0.3665E-04   -0.3945E-04    0.5004E-01
# Minimization at step:    87 with Value:     0.0000Tol(Act/Req):0.6242E-01/0.1000E-04
# With parameters(tra.):     0.3705E-05   -0.3988E-05    0.4855E-05
# With parameters(rot.):    -0.2885E-04   -0.2088E-05    0.5001E-01
# Minimization at step:    88 with Value:     0.0000Tol(Act/Req):0.5715E-01/0.1000E-04
# With parameters(tra.):    -0.5119E-06   -0.4743E-05    0.3911E-05
# With parameters(rot.):    -0.1404E-04    0.1094E-04    0.5000E-01
# Minimization at step:    89 with Value:     0.0000Tol(Act/Req):0.5099E-01/0.1000E-04
# With parameters(tra.):    -0.2134E-05   -0.1496E-05    0.3265E-05
# With parameters(rot.):    -0.2385E-04    0.2106E-04    0.5000E-01
# Minimization at step:    90 with Value:     0.0000Tol(Act/Req):0.4468E-01/0.1000E-04
# With parameters(tra.):    -0.2250E-05   -0.1938E-05    0.2331E-05
# With parameters(rot.):    -0.1876E-04    0.2622E-04    0.5000E-01
# Minimization at step:    91 with Value:     0.0000Tol(Act/Req):0.3983E-01/0.1000E-04
# With parameters(tra.):    -0.3845E-05   -0.1615E-05   -0.5791E-07
# With parameters(rot.):    -0.2320E-04   -0.1703E-05    0.5002E-01
# Minimization at step:    92 with Value:     0.0000Tol(Act/Req):0.3931E-01/0.1000E-04
# With parameters(tra.):    -0.3068E-05   -0.1166E-05   -0.1528E-06
# With parameters(rot.):    -0.2767E-04   -0.6015E-05    0.5002E-01
# Minimization at step:    93 with Value:     0.0000Tol(Act/Req):0.2589E-01/0.1000E-04
# With parameters(tra.):    -0.2605E-05   -0.1209E-05    0.4365E-06
# With parameters(rot.):    -0.2693E-04    0.6069E-06    0.5001E-01
# Minimization at step:    94 with Value:     0.0000Tol(Act/Req):0.1749E-01/0.1000E-04
# With parameters(tra.):    -0.2973E-05   -0.5295E-06    0.8201E-06
# With parameters(rot.):    -0.2388E-04    0.1744E-05    0.5001E-01
# Minimization at step:    95 with Value:     0.0000Tol(Act/Req):0.1485E-01/0.1000E-04
# With parameters(tra.):    -0.2371E-05   -0.1911E-05    0.5322E-06
# With parameters(rot.):    -0.1898E-04   -0.8144E-05    0.5002E-01
# Minimization at step:    96 with Value:     0.0000Tol(Act/Req):0.1205E-01/0.1000E-04
# With parameters(tra.):    -0.2439E-05   -0.2130E-05   -0.8455E-07
# With parameters(rot.):    -0.1646E-04   -0.8427E-05    0.5001E-01
# Minimization at step:    97 with Value:     0.0000Tol(Act/Req):0.1157E-01/0.1000E-04
# With parameters(tra.):    -0.1457E-05   -0.2524E-05    0.9203E-06
# With parameters(rot.):    -0.1149E-04    0.1804E-05    0.5001E-01
# Minimization at step:    98 with Value:     0.0000Tol(Act/Req):0.8136E-02/0.1000E-04
# With parameters(tra.):     0.1101E-06   -0.2189E-05    0.1046E-05
# With parameters(rot.):    -0.1415E-04   -0.2708E-05    0.5001E-01
# Minimization at step:    99 with Value:     0.0000Tol(Act/Req):0.7061E-02/0.1000E-04
# With parameters(tra.):     0.4010E-06   -0.1383E-05    0.1889E-05
# With parameters(rot.):    -0.4800E-05   -0.1918E-05    0.5000E-01
# Minimization at step:   100 with Value:     0.0000Tol(Act/Req):0.5584E-02/0.1000E-04
# With parameters(tra.):     0.3104E-06   -0.1190E-05    0.1718E-05
# With parameters(rot.):    -0.5484E-05   -0.4786E-05    0.5000E-01
# Minimization at step:   101 with Value:     0.0000Tol(Act/Req):0.5128E-02/0.1000E-04
# With parameters(tra.):     0.4336E-06   -0.8993E-06    0.1865E-05
# With parameters(rot.):    -0.5175E-05   -0.2858E-05    0.5000E-01
# Minimization at step:   102 with Value:     0.0000Tol(Act/Req):0.4327E-02/0.1000E-04
# With parameters(tra.):     0.1050E-05   -0.9198E-06    0.1428E-05
# With parameters(rot.):     0.1431E-05   -0.1891E-05    0.5000E-01
# Minimization at step:   103 with Value:     0.0000Tol(Act/Req):0.3424E-02/0.1000E-04
# With parameters(tra.):     0.1031E-05   -0.1083E-05    0.1178E-05
# With parameters(rot.):    -0.3872E-06   -0.2087E-05    0.5000E-01
# Minimization at step:   104 with Value:     0.0000Tol(Act/Req):0.2289E-02/0.1000E-04
# With parameters(tra.):     0.4779E-06   -0.9733E-06    0.1149E-05
# With parameters(rot.):     0.4381E-05    0.3248E-06    0.5000E-01
# Minimization at step:   105 with Value:     0.0000Tol(Act/Req):0.1838E-02/0.1000E-04
# With parameters(tra.):     0.3526E-06   -0.5143E-06    0.6176E-06
# With parameters(rot.):     0.6302E-05   -0.3708E-05    0.5000E-01
# Minimization at step:   106 with Value:     0.0000Tol(Act/Req):0.1507E-02/0.1000E-04
# With parameters(tra.):     0.4074E-06   -0.3369E-06    0.5870E-06
# With parameters(rot.):     0.7413E-05   -0.2815E-05    0.5000E-01
# Minimization at step:   107 with Value:     0.0000Tol(Act/Req):0.1429E-02/0.1000E-04
# With parameters(tra.):    -0.2177E-06   -0.1290E-06    0.5986E-06
# With parameters(rot.):     0.5003E-05   -0.3767E-05    0.5000E-01
# Minimization at step:   108 with Value:     0.0000Tol(Act/Req):0.1308E-02/0.1000E-04
# With parameters(tra.):    -0.5580E-06   -0.1349E-06    0.7999E-07
# With parameters(rot.):     0.3624E-05   -0.4480E-05    0.5000E-01
# Minimization at step:   109 with Value:     0.0000Tol(Act/Req):0.9064E-03/0.1000E-04
# With parameters(tra.):    -0.6916E-06   -0.3844E-06    0.3438E-06
# With parameters(rot.):     0.1514E-05   -0.1649E-05    0.5000E-01
# Minimization at step:   110 with Value:     0.0000Tol(Act/Req):0.8695E-03/0.1000E-04
# With parameters(tra.):    -0.6968E-06   -0.3535E-06    0.2818E-06
# With parameters(rot.):     0.4805E-06   -0.2215E-05    0.5000E-01
# Minimization at step:   111 with Value:     0.0000Tol(Act/Req):0.5699E-03/0.1000E-04
# With parameters(tra.):    -0.3477E-06   -0.5656E-06    0.1938E-06
# With parameters(rot.):     0.1157E-05   -0.1113E-05    0.5000E-01
# Minimization at step:   112 with Value:     0.0000Tol(Act/Req):0.4675E-03/0.1000E-04
# With parameters(tra.):    -0.4897E-06   -0.2872E-06    0.1632E-08
# With parameters(rot.):     0.1293E-05    0.1240E-05    0.5000E-01
# Minimization at step:   113 with Value:     0.0000Tol(Act/Req):0.4354E-03/0.1000E-04
# With parameters(tra.):    -0.4273E-06   -0.2989E-06    0.8154E-07
# With parameters(rot.):     0.1329E-05    0.1836E-05    0.5000E-01
# Minimization at step:   114 with Value:     0.0000Tol(Act/Req):0.4301E-03/0.1000E-04
# With parameters(tra.):    -0.2502E-06   -0.1041E-06   -0.1818E-06
# With parameters(rot.):     0.2674E-05    0.1110E-05    0.5000E-01
# Minimization at step:   115 with Value:     0.0000Tol(Act/Req):0.3221E-03/0.1000E-04
# With parameters(tra.):    -0.1947E-06   -0.1585E-06   -0.1490E-06
# With parameters(rot.):     0.2755E-05    0.5107E-06    0.5000E-01
# Minimization at step:   116 with Value:     0.0000Tol(Act/Req):0.3159E-03/0.1000E-04
# With parameters(tra.):    -0.2344E-06   -0.2117E-06   -0.8045E-07
# With parameters(rot.):     0.2426E-05    0.6423E-06    0.5000E-01
# Minimization at step:   117 with Value:     0.0000Tol(Act/Req):0.2124E-03/0.1000E-04
# With parameters(tra.):    -0.1266E-06   -0.1300E-06   -0.2641E-06
# With parameters(rot.):     0.1362E-05    0.5070E-06    0.5000E-01
# Minimization at step:   118 with Value:     0.0000Tol(Act/Req):0.1666E-03/0.1000E-04
# With parameters(tra.):    -0.1664E-06   -0.5832E-07   -0.2876E-06
# With parameters(rot.):     0.1266E-05    0.4584E-06    0.5000E-01
# Minimization at step:   119 with Value:     0.0000Tol(Act/Req):0.1542E-03/0.1000E-04
# With parameters(tra.):     0.4543E-07   -0.1519E-08   -0.2509E-06
# With parameters(rot.):     0.1316E-05    0.1190E-05    0.5000E-01
# Minimization at step:   120 with Value:     0.0000Tol(Act/Req):0.1460E-03/0.1000E-04
# With parameters(tra.):     0.9317E-07   -0.1561E-07   -0.2430E-06
# With parameters(rot.):     0.1237E-05    0.9473E-06    0.5000E-01
# Minimization at step:   121 with Value:     0.0000Tol(Act/Req):0.1215E-03/0.1000E-04
# With parameters(tra.):     0.4421E-07   -0.3098E-07   -0.2515E-06
# With parameters(rot.):     0.1218E-05    0.7441E-06    0.5000E-01
# Minimization at step:   122 with Value:     0.0000Tol(Act/Req):0.8990E-04/0.1000E-04
# With parameters(tra.):     0.5774E-07   -0.7720E-07   -0.1714E-06
# With parameters(rot.):     0.1557E-06    0.1041E-05    0.5000E-01
# Minimization at step:   123 with Value:     0.0000Tol(Act/Req):0.8433E-04/0.1000E-04
# With parameters(tra.):     0.4993E-07   -0.1049E-06   -0.5637E-07
# With parameters(rot.):     0.3862E-06    0.1242E-05    0.5000E-01
# Minimization at step:   124 with Value:     0.0000Tol(Act/Req):0.7962E-04/0.1000E-04
# With parameters(tra.):     0.4252E-07    0.2292E-07   -0.2630E-07
# With parameters(rot.):    -0.9845E-07    0.1406E-05    0.5000E-01
# Minimization at step:   125 with Value:     0.0000Tol(Act/Req):0.7740E-04/0.1000E-04
# With parameters(tra.):     0.3787E-07    0.4281E-07   -0.3424E-07
# With parameters(rot.):     0.1458E-06    0.1362E-05    0.5000E-01
# Minimization at step:   126 with Value:     0.0000Tol(Act/Req):0.7720E-04/0.1000E-04
# With parameters(tra.):     0.1149E-06    0.3411E-07    0.5112E-07
# With parameters(rot.):    -0.3767E-06    0.1015E-05    0.5000E-01
# Minimization at step:   127 with Value:     0.0000Tol(Act/Req):0.7565E-04/0.1000E-04
# With parameters(tra.):     0.1228E-06    0.3090E-08    0.5006E-07
# With parameters(rot.):    -0.2787E-06    0.9412E-06    0.5000E-01
# Minimization at step:   128 with Value:     0.0000Tol(Act/Req):0.7260E-04/0.1000E-04
# With parameters(tra.):     0.1042E-06    0.2683E-08    0.2863E-07
# With parameters(rot.):    -0.1399E-06    0.1022E-05    0.5000E-01
# Minimization at step:   129 with Value:     0.0000Tol(Act/Req):0.6699E-04/0.1000E-04
# With parameters(tra.):     0.4576E-07   -0.1196E-07    0.8586E-07
# With parameters(rot.):    -0.5080E-06    0.7866E-06    0.5000E-01
# Minimization at step:   130 with Value:     0.0000Tol(Act/Req):0.5289E-04/0.1000E-04
# With parameters(tra.):     0.6101E-07   -0.1595E-07    0.1145E-06
# With parameters(rot.):    -0.6774E-06    0.1049E-05    0.6667E-01
# Minimization at step:   131 with Value:     0.0000Tol(Act/Req):0.4960E-04/0.1000E-04
# With parameters(tra.):     0.6990E-07    0.3214E-07    0.9475E-07
# With parameters(rot.):    -0.1186E-05    0.8502E-06    0.7222E-01
# Minimization at step:   132 with Value:     0.0000Tol(Act/Req):0.4958E-04/0.1000E-04
# With parameters(tra.):     0.7128E-07    0.6838E-07    0.1219E-06
# With parameters(rot.):    -0.1141E-05    0.5917E-06    0.7963E-01
# Minimization at step:   133 with Value:     0.0000Tol(Act/Req):0.4951E-04/0.1000E-04
# With parameters(tra.):     0.6987E-07    0.2811E-07    0.1437E-06
# With parameters(rot.):    -0.1232E-05    0.3280E-06    0.8951E-01
# Minimization at step:   134 with Value:     0.0000Tol(Act/Req):0.5433E-04/0.1000E-04
# With parameters(tra.):     0.2122E-07    0.3577E-07    0.1392E-06
# With parameters(rot.):    -0.1319E-05    0.2583E-06    0.1027E+00
# Minimization at step:   135 with Value:     0.0000Tol(Act/Req):0.4197E-04/0.1000E-04
# With parameters(tra.):     0.5201E-07    0.6145E-07    0.1188E-06
# With parameters(rot.):    -0.1343E-05    0.2391E-06    0.1202E+00
# Minimization at step:   136 with Value:     0.0000Tol(Act/Req):0.2434E-04/0.1000E-04
# With parameters(tra.):     0.3714E-07    0.2313E-07    0.1465E-06
# With parameters(rot.):    -0.8879E-06    0.2340E-06    0.1307E+00
# Minimization at step:   137 with Value:     0.0000Tol(Act/Req):0.2320E-04/0.1000E-04
# With parameters(tra.):     0.2439E-07   -0.2820E-07    0.1276E-06
# With parameters(rot.):    -0.8484E-06    0.3732E-06    0.1403E+00
# Minimization at step:   138 with Value:     0.0000Tol(Act/Req):0.1610E-04/0.1000E-04
# With parameters(tra.):    -0.3071E-08   -0.2829E-07    0.1034E-06
# With parameters(rot.):    -0.7361E-06   -0.1142E-06    0.1482E+00
# Minimization at step:   139 with Value:     0.0000Tol(Act/Req):0.1343E-04/0.1000E-04
# With parameters(tra.):    -0.2598E-07   -0.6826E-08    0.6817E-07
# With parameters(rot.):    -0.4794E-06    0.2056E-08    0.1578E+00
# Minimization at step:   140 with Value:     0.0000Tol(Act/Req):0.8637E-05/0.1000E-04
# With parameters(tra.):    -0.2814E-07   -0.7395E-08    0.7385E-07
# With parameters(rot.):    -0.5193E-06    0.2228E-08    0.1627E+00
# CSM Values after y minimization.
# Final Number of optim. Steps:   140
#      Before min is:      0.00299855501
# Final CSM Value is:      0.00000000000
# Coordinates rotated along Z.
[molecule] Nrec=  16 Format=nscxyz
  he               1    2   -0.43848373D+00   0.89874183D+00   0.10000000D+00
  he               2    2   -0.60776324D+00   0.79412133D+00  -0.10000000D+00
  he               3    2    0.32545573D+00   0.94556097D+00   0.10000000D+00
  he               4    2    0.13177127D+00   0.99128367D+00  -0.10000000D+00
  he               5    2    0.89874183D+00   0.43848373D+00   0.10000000D+00
  he               6    2    0.79412133D+00   0.60776324D+00  -0.10000000D+00
  he               7    2    0.94556097D+00  -0.32545573D+00   0.10000000D+00
  he               8    2    0.99128367D+00  -0.13177127D+00  -0.10000000D+00
  he               9    2    0.43848373D+00  -0.89874183D+00   0.10000000D+00
  he              10    2    0.60776324D+00  -0.79412133D+00  -0.10000000D+00
  he              11    2   -0.32545573D+00  -0.94556097D+00   0.10000000D+00
  he              12    2   -0.13177127D+00  -0.99128367D+00  -0.10000000D+00
  he              13    2   -0.89874183D+00  -0.43848373D+00   0.10000000D+00
  he              14    2   -0.79412133D+00  -0.60776324D+00  -0.10000000D+00
  he              15    2   -0.94556097D+00   0.32545573D+00   0.10000000D+00
  he              16    2   -0.99128367D+00   0.13177127D+00  -0.10000000D+00
# Minimization at step:     0 with Value:     0.0029Tol(Act/Req):0.2000E+01/0.1000E-04
# With parameters(tra.):     0.1429E-01    0.1429E-01    0.1429E-01
# With parameters(rot.):     0.1429E-01    0.1429E-01    0.1429E-01
# Minimization at step:     1 with Value:     0.0022Tol(Act/Req):0.2000E+01/0.1000E-04
# With parameters(tra.):     0.1548E-01    0.7143E-02    0.1548E-01
# With parameters(rot.):     0.1548E-01    0.1548E-01    0.1548E-01
# Minimization at step:     2 with Value:     0.0015Tol(Act/Req):0.2000E+01/0.1000E-04
# With parameters(tra.):     0.8433E-02    0.7738E-02    0.1677E-01
# With parameters(rot.):     0.1677E-01    0.1677E-01    0.1677E-01
# Minimization at step:     3 with Value:     0.0008Tol(Act/Req):0.2000E+01/0.1000E-04
# With parameters(tra.):     0.1054E-01    0.9673E-02   -0.4043E-02
# With parameters(rot.):     0.2096E-01    0.2096E-01    0.2096E-01
# Minimization at step:     4 with Value:     0.0008Tol(Act/Req):0.2000E+01/0.1000E-04
# With parameters(tra.):    -0.2844E-02    0.1151E-01   -0.8399E-02
# With parameters(rot.):     0.2493E-01    0.2493E-01    0.2493E-01
# Minimization at step:     5 with Value:     0.0006Tol(Act/Req):0.2000E+01/0.1000E-04
# With parameters(tra.):    -0.3775E-02    0.8300E-02   -0.9794E-02
# With parameters(rot.):     0.2632E-01    0.2632E-01    0.2632E-01
# Minimization at step:     6 with Value:     0.0004Tol(Act/Req):0.2000E+01/0.1000E-04
# With parameters(tra.):     0.6030E-02    0.6122E-02   -0.6875E-02
# With parameters(rot.):     0.2368E-01    0.2368E-01    0.2368E-01
# Minimization at step:     7 with Value:     0.0002Tol(Act/Req):0.2000E+01/0.1000E-04
# With parameters(tra.):     0.3849E-02    0.4267E-02    0.2821E-02
# With parameters(rot.):     0.2227E-01    0.2227E-01    0.2227E-01
# Minimization at step:     8 with Value:     0.0002Tol(Act/Req):0.2000E+01/0.1000E-04
# With parameters(tra.):     0.4018E-02    0.2327E-02    0.3175E-02
# With parameters(rot.):     0.2262E-01    0.2262E-01    0.2262E-01
# Minimization at step:     9 with Value:     0.0001Tol(Act/Req):0.2000E+01/0.1000E-04
# With parameters(tra.):     0.2216E-02    0.2374E-02    0.3526E-02
# With parameters(rot.):     0.2297E-01    0.2297E-01    0.2297E-01
# Minimization at step:    10 with Value:     0.0001Tol(Act/Req):0.2000E+01/0.1000E-04
# With parameters(tra.):     0.2444E-02    0.2525E-02    0.1969E-02
# With parameters(rot.):     0.2327E-01    0.2327E-01    0.2327E-01
# Minimization at step:    11 with Value:     0.0001Tol(Act/Req):0.2000E+01/0.1000E-04
# With parameters(tra.):     0.2305E-02   -0.3352E-03    0.2199E-02
# With parameters(rot.):     0.2396E-01    0.2396E-01    0.2396E-01
# Minimization at step:    12 with Value:     0.0001Tol(Act/Req):0.2000E+01/0.1000E-04
# With parameters(tra.):     0.1411E-02   -0.5375E-03    0.2264E-02
# With parameters(rot.):     0.2422E-01    0.2422E-01    0.2422E-01
# Minimization at step:    13 with Value:     0.0001Tol(Act/Req):0.2000E+01/0.1000E-04
# With parameters(tra.):     0.1529E-02   -0.5823E-03    0.2452E-02
# With parameters(rot.):     0.2623E-01    0.1790E-01    0.2623E-01
# Minimization at step:    14 with Value:     0.0000Tol(Act/Req):0.2000E+01/0.1000E-04
# With parameters(tra.):     0.1911E-02   -0.7279E-03    0.3065E-02
# With parameters(rot.):     0.7792E-02    0.2238E-01    0.3279E-01
# Minimization at step:    15 with Value:     0.0000Tol(Act/Req):0.2000E+01/0.1000E-04
# With parameters(tra.):     0.2119E-02   -0.1314E-02    0.1003E-02
# With parameters(rot.):     0.4366E-02    0.2259E-01    0.3562E-01
# Minimization at step:    16 with Value:     0.0000Tol(Act/Req):0.2000E+01/0.1000E-04
# With parameters(tra.):     0.2150E-02    0.2666E-03    0.4519E-03
# With parameters(rot.):    -0.2627E-02    0.2168E-01    0.3904E-01
# Minimization at step:    17 with Value:     0.0000Tol(Act/Req):0.2000E+01/0.1000E-04
# With parameters(tra.):     0.6088E-03    0.1299E-03   -0.2229E-04
# With parameters(rot.):    -0.1106E-01    0.2135E-01    0.4450E-01
# Minimization at step:    18 with Value:     0.0000Tol(Act/Req):0.2000E+01/0.1000E-04
# With parameters(tra.):     0.5374E-03    0.2777E-03   -0.4699E-03
# With parameters(rot.):    -0.1945E-01    0.9867E-02    0.5462E-01
# Minimization at step:    19 with Value:     0.0000Tol(Act/Req):0.1999E+01/0.1000E-04
# With parameters(tra.):     0.3592E-03    0.3858E-03   -0.8666E-03
# With parameters(rot.):    -0.1865E-01    0.8079E-02    0.5535E-01
# Minimization at step:    20 with Value:     0.0000Tol(Act/Req):0.1999E+01/0.1000E-04
# With parameters(tra.):     0.3622E-03    0.3578E-03   -0.7878E-03
# With parameters(rot.):    -0.1648E-01    0.1080E-01    0.5288E-01
# Minimization at step:    21 with Value:     0.0000Tol(Act/Req):0.1999E+01/0.1000E-04
# With parameters(tra.):     0.1821E-02    0.5705E-03   -0.5688E-03
# With parameters(rot.):    -0.9862E-02    0.7615E-02    0.5021E-01
# Minimization at step:    22 with Value:     0.0000Tol(Act/Req):0.1999E+01/0.1000E-04
# With parameters(tra.):     0.1681E-02   -0.9088E-03   -0.3575E-03
# With parameters(rot.):    -0.5281E-02    0.3843E-02    0.5051E-01
# Minimization at step:    23 with Value:     0.0000Tol(Act/Req):0.1999E+01/0.1000E-04
# With parameters(tra.):     0.1304E-02   -0.1085E-02   -0.3947E-03
# With parameters(rot.):    -0.6555E-02    0.4325E-02    0.5120E-01
# Minimization at step:    24 with Value:     0.0000Tol(Act/Req):0.1999E+01/0.1000E-04
# With parameters(tra.):     0.1308E-02   -0.7301E-03   -0.4506E-03
# With parameters(rot.):    -0.7806E-02    0.5308E-02    0.5119E-01
# Minimization at step:    25 with Value:     0.0000Tol(Act/Req):0.1999E+01/0.1000E-04
# With parameters(tra.):     0.1001E-02   -0.2911E-03    0.2169E-03
# With parameters(rot.):    -0.9136E-02    0.8765E-03    0.5367E-01
# Minimization at step:    26 with Value:     0.0000Tol(Act/Req):0.1998E+01/0.1000E-04
# With parameters(tra.):     0.8588E-03   -0.3006E-03   -0.2155E-03
# With parameters(rot.):    -0.4358E-02   -0.5101E-02    0.5456E-01
# Minimization at step:    27 with Value:     0.0000Tol(Act/Req):0.1998E+01/0.1000E-04
# With parameters(tra.):     0.9017E-03   -0.3694E-03   -0.1284E-03
# With parameters(rot.):    -0.2265E-02   -0.5065E-02    0.5346E-01
# Minimization at step:    28 with Value:     0.0000Tol(Act/Req):0.1998E+01/0.1000E-04
# With parameters(tra.):     0.9408E-03   -0.3728E-03   -0.1306E-04
# With parameters(rot.):    -0.3285E-02   -0.3568E-02    0.5315E-01
# Minimization at step:    29 with Value:     0.0000Tol(Act/Req):0.1997E+01/0.1000E-04
# With parameters(tra.):     0.2854E-03   -0.4593E-03    0.2664E-04
# With parameters(rot.):    -0.4378E-02   -0.4818E-02    0.5467E-01
# Minimization at step:    30 with Value:     0.0000Tol(Act/Req):0.1996E+01/0.1000E-04
# With parameters(tra.):     0.2020E-03   -0.2592E-03    0.3845E-04
# With parameters(rot.):    -0.4718E-02   -0.5170E-02    0.5495E-01
# Minimization at step:    31 with Value:     0.0000Tol(Act/Req):0.1995E+01/0.1000E-04
# With parameters(tra.):     0.1557E-03   -0.4707E-03   -0.3399E-03
# With parameters(rot.):    -0.2949E-02   -0.4466E-02    0.5404E-01
# Minimization at step:    32 with Value:     0.0000Tol(Act/Req):0.1993E+01/0.1000E-04
# With parameters(tra.):     0.3351E-04   -0.5993E-03   -0.2621E-03
# With parameters(rot.):     0.1975E-04   -0.4263E-02    0.5254E-01
# Minimization at step:    33 with Value:     0.0000Tol(Act/Req):0.1991E+01/0.1000E-04
# With parameters(tra.):    -0.1906E-03   -0.6816E-03   -0.1144E-03
# With parameters(rot.):    -0.9187E-03   -0.1500E-02    0.5170E-01
# Minimization at step:    34 with Value:     0.0000Tol(Act/Req):0.1990E+01/0.1000E-04
# With parameters(tra.):     0.1811E-04   -0.6939E-03   -0.1695E-03
# With parameters(rot.):     0.4930E-03   -0.4572E-04    0.5020E-01
# Minimization at step:    35 with Value:     0.0000Tol(Act/Req):0.1990E+01/0.1000E-04
# With parameters(tra.):    -0.2099E-03   -0.4385E-03   -0.2152E-03
# With parameters(rot.):     0.1550E-02    0.9580E-03    0.4918E-01
# Minimization at step:    36 with Value:     0.0000Tol(Act/Req):0.1986E+01/0.1000E-04
# With parameters(tra.):    -0.1554E-03   -0.3977E-03   -0.2605E-03
# With parameters(rot.):     0.1990E-02    0.4721E-03    0.4918E-01
# Minimization at step:    37 with Value:     0.0000Tol(Act/Req):0.1984E+01/0.1000E-04
# With parameters(tra.):    -0.2283E-03   -0.2323E-03    0.1816E-04
# With parameters(rot.):     0.2457E-02    0.1649E-02    0.4817E-01
# Minimization at step:    38 with Value:     0.0000Tol(Act/Req):0.1984E+01/0.1000E-04
# With parameters(tra.):    -0.2297E-03   -0.1803E-03    0.2855E-04
# With parameters(rot.):     0.2166E-02    0.2108E-02    0.4805E-01
# Minimization at step:    39 with Value:     0.0000Tol(Act/Req):0.1984E+01/0.1000E-04
# With parameters(tra.):    -0.8328E-05   -0.3496E-03    0.1555E-03
# With parameters(rot.):     0.1314E-02    0.1487E-02    0.4870E-01
# Minimization at step:    40 with Value:     0.0000Tol(Act/Req):0.1981E+01/0.1000E-04
# With parameters(tra.):     0.2820E-04   -0.4007E-03    0.9726E-04
# With parameters(rot.):     0.1102E-02    0.1179E-02    0.4900E-01
# Minimization at step:    41 with Value:     0.0000Tol(Act/Req):0.1975E+01/0.1000E-04
# With parameters(tra.):    -0.1287E-03   -0.2865E-03   -0.1250E-04
# With parameters(rot.):     0.1688E-02    0.1568E-02    0.4859E-01
# Minimization at step:    42 with Value:     0.0000Tol(Act/Req):0.1968E+01/0.1000E-04
# With parameters(tra.):    -0.2698E-03   -0.1785E-03    0.5430E-04
# With parameters(rot.):     0.1281E-02    0.1244E-02    0.4893E-01
# Minimization at step:    43 with Value:     0.0000Tol(Act/Req):0.1953E+01/0.1000E-04
# With parameters(tra.):    -0.1990E-03   -0.2383E-04    0.6860E-04
# With parameters(rot.):     0.1925E-02    0.5297E-03    0.4885E-01
# Minimization at step:    44 with Value:     0.0000Tol(Act/Req):0.1948E+01/0.1000E-04
# With parameters(tra.):    -0.1917E-03    0.1324E-03    0.1027E-03
# With parameters(rot.):     0.1261E-02    0.9214E-03    0.4889E-01
# Minimization at step:    45 with Value:     0.0000Tol(Act/Req):0.1947E+01/0.1000E-04
# With parameters(tra.):    -0.2088E-03    0.1067E-03    0.1020E-03
# With parameters(rot.):     0.1045E-02    0.1133E-02    0.4891E-01
# Minimization at step:    46 with Value:     0.0000Tol(Act/Req):0.1945E+01/0.1000E-04
# With parameters(tra.):    -0.2120E-03    0.6552E-04    0.9341E-04
# With parameters(rot.):     0.1193E-02    0.1052E-02    0.4890E-01
# Minimization at step:    47 with Value:     0.0000Tol(Act/Req):0.1945E+01/0.1000E-04
# With parameters(tra.):    -0.1352E-03    0.1067E-03    0.2019E-03
# With parameters(rot.):     0.6369E-03    0.6214E-03    0.4928E-01
# Minimization at step:    48 with Value:     0.0000Tol(Act/Req):0.1922E+01/0.1000E-04
# With parameters(tra.):    -0.1166E-03    0.1736E-03    0.1203E-03
# With parameters(rot.):     0.5776E-04   -0.1799E-03    0.4997E-01
# Minimization at step:    49 with Value:     0.0000Tol(Act/Req):0.1920E+01/0.1000E-04
# With parameters(tra.):    -0.8034E-04    0.1850E-03    0.1147E-03
# With parameters(rot.):     0.2372E-04   -0.2446E-03    0.5000E-01
# Minimization at step:    50 with Value:     0.0000Tol(Act/Req):0.1919E+01/0.1000E-04
# With parameters(tra.):    -0.1389E-03    0.1699E-03   -0.2287E-04
# With parameters(rot.):     0.3750E-03   -0.1024E-03    0.4986E-01
# Minimization at step:    51 with Value:     0.0000Tol(Act/Req):0.1917E+01/0.1000E-04
# With parameters(tra.):    -0.1454E-03    0.1528E-03   -0.1441E-04
# With parameters(rot.):     0.5462E-03    0.1044E-03    0.4968E-01
# Minimization at step:    52 with Value:     0.0000Tol(Act/Req):0.1867E+01/0.1000E-04
# With parameters(tra.):    -0.1031E-03    0.1599E-03    0.9086E-04
# With parameters(rot.):     0.3256E-03    0.4946E-04    0.4974E-01
# Minimization at step:    53 with Value:     0.0000Tol(Act/Req):0.1863E+01/0.1000E-04
# With parameters(tra.):    -0.7330E-04    0.1090E-03    0.7283E-04
# With parameters(rot.):     0.3324E-03   -0.4454E-03    0.5000E-01
# Minimization at step:    54 with Value:     0.0000Tol(Act/Req):0.1795E+01/0.1000E-04
# With parameters(tra.):    -0.6505E-04    0.7108E-04    0.6444E-04
# With parameters(rot.):    -0.1702E-03   -0.5231E-03    0.5031E-01
# Minimization at step:    55 with Value:     0.0000Tol(Act/Req):0.1777E+01/0.1000E-04
# With parameters(tra.):     0.1260E-04    0.5581E-04    0.3643E-04
# With parameters(rot.):    -0.3029E-03   -0.7453E-03    0.5047E-01
# Minimization at step:    56 with Value:     0.0000Tol(Act/Req):0.1770E+01/0.1000E-04
# With parameters(tra.):     0.1519E-04    0.4595E-04    0.1435E-04
# With parameters(rot.):    -0.3185E-03   -0.8024E-03    0.5052E-01
# Minimization at step:    57 with Value:     0.0000Tol(Act/Req):0.1769E+01/0.1000E-04
# With parameters(tra.):    -0.6158E-04    0.5794E-04    0.3500E-04
# With parameters(rot.):    -0.1910E-03   -0.5992E-03    0.5038E-01
# Minimization at step:    58 with Value:     0.0000Tol(Act/Req):0.1759E+01/0.1000E-04
# With parameters(tra.):    -0.4666E-04   -0.7769E-05    0.6840E-04
# With parameters(rot.):    -0.9429E-04   -0.4201E-03    0.5025E-01
# Minimization at step:    59 with Value:     0.0000Tol(Act/Req):0.1681E+01/0.1000E-04
# With parameters(tra.):    -0.2622E-04   -0.1624E-04    0.6602E-04
# With parameters(rot.):    -0.1181E-03   -0.4560E-03    0.5028E-01
# Minimization at step:    60 with Value:     0.0000Tol(Act/Req):0.1658E+01/0.1000E-04
# With parameters(tra.):    -0.2975E-04   -0.1395E-04    0.6996E-04
# With parameters(rot.):    -0.1574E-03   -0.3332E-03    0.5023E-01
# Minimization at step:    61 with Value:     0.0000Tol(Act/Req):0.1466E+01/0.1000E-04
# With parameters(tra.):    -0.3207E-04    0.1961E-05    0.6174E-04
# With parameters(rot.):    -0.1868E-03   -0.3707E-03    0.5026E-01
# Minimization at step:    62 with Value:     0.0000Tol(Act/Req):0.1429E+01/0.1000E-04
# With parameters(tra.):    -0.2658E-04    0.4197E-05    0.6643E-04
# With parameters(rot.):     0.1427E-03   -0.2681E-03    0.5004E-01
# Minimization at step:    63 with Value:     0.0000Tol(Act/Req):0.1362E+01/0.1000E-04
# With parameters(tra.):    -0.3532E-04   -0.2943E-04    0.3962E-04
# With parameters(rot.):     0.2653E-03   -0.2042E-03    0.4998E-01
# Minimization at step:    64 with Value:     0.0000Tol(Act/Req):0.1359E+01/0.1000E-04
# With parameters(tra.):    -0.2585E-04   -0.3477E-04    0.3623E-04
# With parameters(rot.):     0.2853E-03   -0.2012E-03    0.4997E-01
# Minimization at step:    65 with Value:     0.0000Tol(Act/Req):0.1355E+01/0.1000E-04
# With parameters(tra.):    -0.2717E-04   -0.3857E-04    0.3255E-04
# With parameters(rot.):     0.2148E-03   -0.2212E-03    0.5002E-01
# Minimization at step:    66 with Value:     0.0000Tol(Act/Req):0.1264E+01/0.1000E-04
# With parameters(tra.):    -0.1858E-04   -0.1564E-04    0.5088E-04
# With parameters(rot.):     0.1103E-03   -0.2734E-03    0.5007E-01
# Minimization at step:    67 with Value:     0.0000Tol(Act/Req):0.1186E+01/0.1000E-04
# With parameters(tra.):    -0.2191E-04   -0.1162E-04    0.5240E-04
# With parameters(rot.):     0.1210E-03   -0.7822E-05    0.4993E-01
# Minimization at step:    68 with Value:     0.0000Tol(Act/Req):0.1062E+01/0.1000E-04
# With parameters(tra.):    -0.2316E-04    0.1568E-04    0.3285E-04
# With parameters(rot.):     0.1648E-03    0.3811E-04    0.4989E-01
# Minimization at step:    69 with Value:     0.0000Tol(Act/Req):0.9595E+00/0.1000E-04
# With parameters(tra.):    -0.2244E-04    0.1695E-04    0.3084E-04
# With parameters(rot.):     0.1657E-03   -0.2446E-04    0.4992E-01
# Minimization at step:    70 with Value:     0.0000Tol(Act/Req):0.8803E+00/0.1000E-04
# With parameters(tra.):    -0.2206E-04    0.1023E-04    0.3556E-04
# With parameters(rot.):     0.1549E-03   -0.4116E-04    0.4993E-01
# Minimization at step:    71 with Value:     0.0000Tol(Act/Req):0.8799E+00/0.1000E-04
# With parameters(tra.):    -0.1875E-05    0.1456E-04    0.2856E-04
# With parameters(rot.):     0.1515E-03    0.1826E-04    0.4989E-01
# Minimization at step:    72 with Value:     0.0000Tol(Act/Req):0.8607E+00/0.1000E-04
# With parameters(tra.):     0.3932E-05    0.2466E-04    0.1985E-04
# With parameters(rot.):    -0.1066E-04    0.5797E-04    0.4995E-01
# Minimization at step:    73 with Value:     0.0000Tol(Act/Req):0.7622E+00/0.1000E-04
# With parameters(tra.):     0.4376E-05    0.2419E-04    0.1421E-04
# With parameters(rot.):    -0.3314E-05    0.9428E-04    0.4993E-01
# Minimization at step:    74 with Value:     0.0000Tol(Act/Req):0.5483E+00/0.1000E-04
# With parameters(tra.):     0.2961E-05    0.2163E-04    0.1592E-04
# With parameters(rot.):     0.3783E-04    0.8738E-04    0.4992E-01
# Minimization at step:    75 with Value:     0.0000Tol(Act/Req):0.5412E+00/0.1000E-04
# With parameters(tra.):    -0.1682E-05    0.2114E-04    0.1662E-04
# With parameters(rot.):     0.2921E-04    0.7829E-04    0.4993E-01
# Minimization at step:    76 with Value:     0.0000Tol(Act/Req):0.4543E+00/0.1000E-04
# With parameters(tra.):     0.4598E-05    0.2409E-04    0.1005E-04
# With parameters(rot.):    -0.3474E-05    0.1012E-04    0.4998E-01
# Minimization at step:    77 with Value:     0.0000Tol(Act/Req):0.3636E+00/0.1000E-04
# With parameters(tra.):     0.1183E-04    0.1748E-04    0.1075E-04
# With parameters(rot.):    -0.5934E-04   -0.2108E-05    0.5001E-01
# Minimization at step:    78 with Value:     0.0000Tol(Act/Req):0.3160E+00/0.1000E-04
# With parameters(tra.):     0.1520E-04    0.1431E-04   -0.1691E-05
# With parameters(rot.):    -0.6333E-04    0.3840E-04    0.5000E-01
# Minimization at step:    79 with Value:     0.0000Tol(Act/Req):0.3126E+00/0.1000E-04
# With parameters(tra.):     0.1645E-04    0.6739E-05   -0.4148E-05
# With parameters(rot.):    -0.1477E-04    0.8264E-05    0.4999E-01
# Minimization at step:    80 with Value:     0.0000Tol(Act/Req):0.2320E+00/0.1000E-04
# With parameters(tra.):     0.1423E-04    0.7223E-05    0.4566E-05
# With parameters(rot.):     0.3637E-06   -0.2965E-04    0.5000E-01
# Minimization at step:    81 with Value:     0.0000Tol(Act/Req):0.2018E+00/0.1000E-04
# With parameters(tra.):     0.1124E-04    0.3006E-05    0.2598E-05
# With parameters(rot.):    -0.1977E-04   -0.7027E-04    0.5004E-01
# Minimization at step:    82 with Value:     0.0000Tol(Act/Req):0.1803E+00/0.1000E-04
# With parameters(tra.):     0.9270E-05   -0.5990E-05    0.4496E-05
# With parameters(rot.):    -0.3418E-05   -0.5162E-04    0.5002E-01
# Minimization at step:    83 with Value:     0.0000Tol(Act/Req):0.1600E+00/0.1000E-04
# With parameters(tra.):     0.7853E-05   -0.6843E-05    0.3859E-05
# With parameters(rot.):     0.1055E-04   -0.5371E-04    0.5002E-01
# Minimization at step:    84 with Value:     0.0000Tol(Act/Req):0.1598E+00/0.1000E-04
# With parameters(tra.):     0.8228E-05   -0.4666E-05    0.3331E-05
# With parameters(rot.):     0.7628E-05   -0.5855E-04    0.5002E-01
# Minimization at step:    85 with Value:     0.0000Tol(Act/Req):0.1103E+00/0.1000E-04
# With parameters(tra.):     0.5236E-05   -0.1841E-05    0.7044E-05
# With parameters(rot.):    -0.2319E-04   -0.5265E-04    0.5003E-01
# Minimization at step:    86 with Value:     0.0000Tol(Act/Req):0.7559E-01/0.1000E-04
# With parameters(tra.):     0.4096E-05   -0.4349E-05    0.3307E-05
# With parameters(rot.):    -0.3665E-04   -0.3945E-04    0.5004E-01
# Minimization at step:    87 with Value:     0.0000Tol(Act/Req):0.6242E-01/0.1000E-04
# With parameters(tra.):     0.3705E-05   -0.3988E-05    0.4855E-05
# With parameters(rot.):    -0.2885E-04   -0.2088E-05    0.5001E-01
# Minimization at step:    88 with Value:     0.0000Tol(Act/Req):0.5715E-01/0.1000E-04
# With parameters(tra.):    -0.5119E-06   -0.4743E-05    0.3911E-05
# With parameters(rot.):    -0.1404E-04    0.1094E-04    0.5000E-01
# Minimization at step:    89 with Value:     0.0000Tol(Act/Req):0.5099E-01/0.1000E-04
# With parameters(tra.):    -0.2134E-05   -0.1496E-05    0.3265E-05
# With parameters(rot.):    -0.2385E-04    0.2106E-04    0.5000E-01
# Minimization at step:    90 with Value:     0.0000Tol(Act/Req):0.4468E-01/0.1000E-04
# With parameters(tra.):    -0.2250E-05   -0.1938E-05    0.2331E-05
# With parameters(rot.):    -0.1876E-04    0.2622E-04    0.5000E-01
# Minimization at step:    91 with Value:     0.0000Tol(Act/Req):0.3983E-01/0.1000E-04
# With parameters(tra.):    -0.3845E-05   -0.1615E-05   -0.5791E-07
# With parameters(rot.):    -0.2320E-04   -0.1703E-05    0.5002E-01
# Minimization at step:    92 with Value:     0.0000Tol(Act/Req):0.3931E-01/0.1000E-04
# With parameters(tra.):    -0.3068E-05   -0.1166E-05   -0.1528E-06
# With parameters(rot.):    -0.2767E-04   -0.6015E-05    0.5002E-01
# Minimization at step:    93 with Value:     0.0000Tol(Act/Req):0.2589E-01/0.1000E-04
# With parameters(tra.):    -0.2605E-05   -0.1209E-05    0.4365E-06
# With parameters(rot.):    -0.2693E-04    0.6069E-06    0.5001E-01
# Minimization at step:    94 with Value:     0.0000Tol(Act/Req):0.1749E-01/0.1000E-04
# With parameters(tra.):    -0.2973E-05   -0.5295E-06    0.8201E-06
# With parameters(rot.):    -0.2388E-04    0.1744E-05    0.5001E-01
# Minimization at step:    95 with Value:     0.0000Tol(Act/Req):0.1485E-01/0.1000E-04
# With parameters(tra.):    -0.2371E-05   -0.1911E-05    0.5322E-06
# With parameters(rot.):    -0.1898E-04   -0.8144E-05    0.5002E-01
# Minimization at step:    96 with Value:     0.0000Tol(Act/Req):0.1205E-01/0.1000E-04
# With parameters(tra.):    -0.2439E-05   -0.2130E-05   -0.8455E-07
# With parameters(rot.):    -0.1646E-04   -0.8427E-05    0.5001E-01
# Minimization at step:    97 with Value:     0.0000Tol(Act/Req):0.1157E-01/0.1000E-04
# With parameters(tra.):    -0.1457E-05   -0.2524E-05    0.9203E-06
# With parameters(rot.):    -0.1149E-04    0.1804E-05    0.5001E-01
# Minimization at step:    98 with Value:     0.0000Tol(Act/Req):0.8136E-02/0.1000E-04
# With parameters(tra.):     0.1101E-06   -0.2189E-05    0.1046E-05
# With parameters(rot.):    -0.1415E-04   -0.2708E-05    0.5001E-01
# Minimization at step:    99 with Value:     0.0000Tol(Act/Req):0.7061E-02/0.1000E-04
# With parameters(tra.):     0.4010E-06   -0.1383E-05    0.1889E-05
# With parameters(rot.):    -0.4800E-05   -0.1918E-05    0.5000E-01
# Minimization at step:   100 with Value:     0.0000Tol(Act/Req):0.5584E-02/0.1000E-04
# With parameters(tra.):     0.3104E-06   -0.1190E-05    0.1718E-05
# With parameters(rot.):    -0.5484E-05   -0.4786E-05    0.5000E-01
# Minimization at step:   101 with Value:     0.0000Tol(Act/Req):0.5128E-02/0.1000E-04
# With parameters(tra.):     0.4336E-06   -0.8993E-06    0.1865E-05
# With parameters(rot.):    -0.5175E-05   -0.2858E-05    0.5000E-01
# Minimization at step:   102 with Value:     0.0000Tol(Act/Req):0.4327E-02/0.1000E-04
# With parameters(tra.):     0.1050E-05   -0.9198E-06    0.1428E-05
# With parameters(rot.):     0.1431E-05   -0.1891E-05    0.5000E-01
# Minimization at step:   103 with Value:     0.0000Tol(Act/Req):0.3424E-02/0.1000E-04
# With parameters(tra.):     0.1031E-05   -0.1083E-05    0.1178E-05
# With parameters(rot.):    -0.3872E-06   -0.2087E-05    0.5000E-01
# Minimization at step:   104 with Value:     0.0000Tol(Act/Req):0.2289E-02/0.1000E-04
# With parameters(tra.):     0.4779E-06   -0.9733E-06    0.1149E-05
# With parameters(rot.):     0.4381E-05    0.3248E-06    0.5000E-01
# Minimization at step:   105 with Value:     0.0000Tol(Act/Req):0.1838E-02/0.1000E-04
# With parameters(tra.):     0.3526E-06   -0.5143E-06    0.6176E-06
# With parameters(rot.):     0.6302E-05   -0.3708E-05    0.5000E-01
# Minimization at step:   106 with Value:     0.0000Tol(Act/Req):0.1507E-02/0.1000E-04
# With parameters(tra.):     0.4074E-06   -0.3369E-06    0.5870E-06
# With parameters(rot.):     0.7413E-05   -0.2815E-05    0.5000E-01
# Minimization at step:   107 with Value:     0.0000Tol(Act/Req):0.1429E-02/0.1000E-04
# With parameters(tra.):    -0.2177E-06   -0.1290E-06    0.5986E-06
# With parameters(rot.):     0.5003E-05   -0.3767E-05    0.5000E-01
# Minimization at step:   108 with Value:     0.0000Tol(Act/Req):0.1308E-02/0.1000E-04
# With parameters(tra.):    -0.5580E-06   -0.1349E-06    0.7999E-07
# With parameters(rot.):     0.3624E-05   -0.4480E-05    0.5000E-01
# Minimization at step:   109 with Value:     0.0000Tol(Act/Req):0.9064E-03/0.1000E-04
# With parameters(tra.):    -0.6916E-06   -0.3844E-06    0.3438E-06
# With parameters(rot.):     0.1514E-05   -0.1649E-05    0.5000E-01
# Minimization at step:   110 with Value:     0.0000Tol(Act/Req):0.8695E-03/0.1000E-04
# With parameters(tra.):    -0.6968E-06   -0.3535E-06    0.2818E-06
# With parameters(rot.):     0.4805E-06   -0.2215E-05    0.5000E-01
# Minimization at step:   111 with Value:     0.0000Tol(Act/Req):0.5699E-03/0.1000E-04
# With parameters(tra.):    -0.3477E-06   -0.5656E-06    0.1938E-06
# With parameters(rot.):     0.1157E-05   -0.1113E-05    0.5000E-01
# Minimization at step:   112 with Value:     0.0000Tol(Act/Req):0.4675E-03/0.1000E-04
# With parameters(tra.):    -0.4897E-06   -0.2872E-06    0.1632E-08
# With parameters(rot.):     0.1293E-05    0.1240E-05    0.5000E-01
# Minimization at step:   113 with Value:     0.0000Tol(Act/Req):0.4354E-03/0.1000E-04
# With parameters(tra.):    -0.4273E-06   -0.2989E-06    0.8154E-07
# With parameters(rot.):     0.1329E-05    0.1836E-05    0.5000E-01
# Minimization at step:   114 with Value:     0.0000Tol(Act/Req):0.4301E-03/0.1000E-04
# With parameters(tra.):    -0.2502E-06   -0.1041E-06   -0.1818E-06
# With parameters(rot.):     0.2674E-05    0.1110E-05    0.5000E-01
# Minimization at step:   115 with Value:     0.0000Tol(Act/Req):0.3221E-03/0.1000E-04
# With parameters(tra.):    -0.1947E-06   -0.1585E-06   -0.1490E-06
# With parameters(rot.):     0.2755E-05    0.5107E-06    0.5000E-01
# Minimization at step:   116 with Value:     0.0000Tol(Act/Req):0.3159E-03/0.1000E-04
# With parameters(tra.):    -0.2344E-06   -0.2117E-06   -0.8045E-07
# With parameters(rot.):     0.2426E-05    0.6423E-06    0.5000E-01
# Minimization at step:   117 with Value:     0.0000Tol(Act/Req):0.2124E-03/0.1000E-04
# With parameters(tra.):    -0.1266E-06   -0.1300E-06   -0.2641E-06
# With parameters(rot.):     0.1362E-05    0.5070E-06    0.5000E-01
# Minimization at step:   118 with Value:     0.0000Tol(Act/Req):0.1666E-03/0.1000E-04
# With parameters(tra.):    -0.1664E-06   -0.5832E-07   -0.2876E-06
# With parameters(rot.):     0.1266E-05    0.4584E-06    0.5000E-01
# Minimization at step:   119 with Value:     0.0000Tol(Act/Req):0.1542E-03/0.1000E-04
# With parameters(tra.):     0.4543E-07   -0.1519E-08   -0.2509E-06
# With parameters(rot.):     0.1316E-05    0.1190E-05    0.5000E-01
# Minimization at step:   120 with Value:     0.0000Tol(Act/Req):0.1460E-03/0.1000E-04
# With parameters(tra.):     0.9317E-07   -0.1561E-07   -0.2430E-06
# With parameters(rot.):     0.1237E-05    0.9473E-06    0.5000E-01
# Minimization at step:   121 with Value:     0.0000Tol(Act/Req):0.1215E-03/0.1000E-04
# With parameters(tra.):     0.4421E-07   -0.3098E-07   -0.2515E-06
# With parameters(rot.):     0.1218E-05    0.7441E-06    0.5000E-01
# Minimization at step:   122 with Value:     0.0000Tol(Act/Req):0.8990E-04/0.1000E-04
# With parameters(tra.):     0.5774E-07   -0.7720E-07   -0.1714E-06
# With parameters(rot.):     0.1557E-06    0.1041E-05    0.5000E-01
# Minimization at step:   123 with Value:     0.0000Tol(Act/Req):0.8433E-04/0.1000E-04
# With parameters(tra.):     0.4993E-07   -0.1049E-06   -0.5637E-07
# With parameters(rot.):     0.3862E-06    0.1242E-05    0.5000E-01
# Minimization at step:   124 with Value:     0.0000Tol(Act/Req):0.7962E-04/0.1000E-04
# With parameters(tra.):     0.4252E-07    0.2292E-07   -0.2630E-07
# With parameters(rot.):    -0.9845E-07    0.1406E-05    0.5000E-01
# Minimization at step:   125 with Value:     0.0000Tol(Act/Req):0.7740E-04/0.1000E-04
# With parameters(tra.):     0.3787E-07    0.4281E-07   -0.3424E-07
# With parameters(rot.):     0.1458E-06    0.1362E-05    0.5000E-01
# Minimization at step:   126 with Value:     0.0000Tol(Act/Req):0.7720E-04/0.1000E-04
# With parameters(tra.):     0.1149E-06    0.3411E-07    0.5112E-07
# With parameters(rot.):    -0.3767E-06    0.1015E-05    0.5000E-01
# Minimization at step:   127 with Value:     0.0000Tol(Act/Req):0.7565E-04/0.1000E-04
# With parameters(tra.):     0.1228E-06    0.3090E-08    0.5006E-07
# With parameters(rot.):    -0.2787E-06    0.9412E-06    0.5000E-01
# Minimization at step:   128 with Value:     0.0000Tol(Act/Req):0.7260E-04/0.1000E-04
# With parameters(tra.):     0.1042E-06    0.2683E-08    0.2863E-07
# With parameters(rot.):    -0.1399E-06    0.1022E-05    0.5000E-01
# Minimization at step:   129 with Value:     0.0000Tol(Act/Req):0.6699E-04/0.1000E-04
# With parameters(tra.):     0.4576E-07   -0.1196E-07    0.8586E-07
# With parameters(rot.):    -0.5080E-06    0.7866E-06    0.5000E-01
# Minimization at step:   130 with Value:     0.0000Tol(Act/Req):0.5289E-04/0.1000E-04
# With parameters(tra.):     0.6101E-07   -0.1595E-07    0.1145E-06
# With parameters(rot.):    -0.6774E-06    0.1049E-05    0.6667E-01
# Minimization at step:   131 with Value:     0.0000Tol(Act/Req):0.4960E-04/0.1000E-04
# With parameters(tra.):     0.6990E-07    0.3214E-07    0.9475E-07
# With parameters(rot.):    -0.1186E-05    0.8502E-06    0.7222E-01
# Minimization at step:   132 with Value:     0.0000Tol(Act/Req):0.4958E-04/0.1000E-04
# With parameters(tra.):     0.7128E-07    0.6838E-07    0.1219E-06
# With parameters(rot.):    -0.1141E-05    0.5917E-06    0.7963E-01
# Minimization at step:   133 with Value:     0.0000Tol(Act/Req):0.4951E-04/0.1000E-04
# With parameters(tra.):     0.6987E-07    0.2811E-07    0.1437E-06
# With parameters(rot.):    -0.1232E-05    0.3280E-06    0.8951E-01
# Minimization at step:   134 with Value:     0.0000Tol(Act/Req):0.5433E-04/0.1000E-04
# With parameters(tra.):     0.2122E-07    0.3577E-07    0.1392E-06
# With parameters(rot.):    -0.1319E-05    0.2583E-06    0.1027E+00
# Minimization at step:   135 with Value:     0.0000Tol(Act/Req):0.4197E-04/0.1000E-04
# With parameters(tra.):     0.5201E-07    0.6145E-07    0.1188E-06
# With parameters(rot.):    -0.1343E-05    0.2391E-06    0.1202E+00
# Minimization at step:   136 with Value:     0.0000Tol(Act/Req):0.2434E-04/0.1000E-04
# With parameters(tra.):     0.3714E-07    0.2313E-07    0.1465E-06
# With parameters(rot.):    -0.8879E-06    0.2340E-06    0.1307E+00
# Minimization at step:   137 with Value:     0.0000Tol(Act/Req):0.2320E-04/0.1000E-04
# With parameters(tra.):     0.2439E-07   -0.2820E-07    0.1276E-06
# With parameters(rot.):    -0.8484E-06    0.3732E-06    0.1403E+00
# Minimization at step:   138 with Value:     0.0000Tol(Act/Req):0.1610E-04/0.1000E-04
# With parameters(tra.):    -0.3071E-08   -0.2829E-07    0.1034E-06
# With parameters(rot.):    -0.7361E-06   -0.1142E-06    0.1482E+00
# Minimization at step:   139 with Value:     0.0000Tol(Act/Req):0.1343E-04/0.1000E-04
# With parameters(tra.):    -0.2598E-07   -0.6826E-08    0.6817E-07
# With parameters(rot.):    -0.4794E-06    0.2056E-08    0.1578E+00
# Minimization at step:   140 with Value:     0.0000Tol(Act/Req):0.8637E-05/0.1000E-04
# With parameters(tra.):    -0.2814E-07   -0.7395E-08    0.7385E-07
# With parameters(rot.):    -0.5193E-06    0.2228E-08    0.1627E+00
# CSM Values after z minimization.
# Final Number of optim. Steps:   140
#      Before min is:      0.00000000000
# Final CSM Simplex Value is:      0.00000000000
# CSM Summary.
#    Inizial CSM Value is:      0.00000000000
#   After optimization is:      0.00000000000
#          Along x axe is:      0.00000000000
#          Along y axe is:      0.00000000000
#          Along z axe is:      0.00000000000
# The Lowest CSM Value is:      0.00000000000
#    Obtained CSM in % is:      0.00000000000
