# [csmmod_rdinput] messages reinitialized.
# MESLOG:[csmmod_rdinput] messages reinitialized.
# Input  file unit is: 5
# Input  file name is:stdin
# Output file unit is: 6
# Output file name is:stdout
# Error  file unit is: 6
# Error  file name is:stderr
# Log    file unit is: 6
# Log    file name is:stdlog
# MESLOG:[csm_rdinput] molecule_init called with debug.
[molecule] Nrec=   3 Format=nscxyz
  c                1    6    0.00000000D+00   0.00000000D+00   0.00000000D+00
  n                2    7    0.10000000D+01   0.10000000D+01   0.10000000D+01
  c                3    6    0.20000000D+01   0.20000000D+01   0.20000000D+01
# Molecule moved to the center of mass
# Shift Vector is:        0.52917706       0.52917706       0.52917706
# Inertia Tensor: (Before Diagonalization)
# Up Diagonal Columnwise
#    0.67206807D+01  -0.33603403D+01   0.67206807D+01  -0.33603403D+01  -0.33603403D+01   0.67206807D+01
# Inertia Tensor: (Full Matrix)
# 1,1 - 1,3           0.67206807D+01  -0.33603403D+01  -0.33603403D+01
# 2,1 - 2,3          -0.33603403D+01   0.67206807D+01  -0.33603403D+01
# 3,1 - 3,3          -0.33603403D+01  -0.33603403D+01   0.67206807D+01
# Inertia Tensor
# Inertia EigenValues:     0.00000000D+00   0.10081021D+02   0.10081021D+02
# Eigen Vectors:
# 1,1 - 1,3           0.57735027D+00  -0.77151675D+00   0.26726124D+00
# 2,1 - 2,3           0.57735027D+00   0.15430335D+00  -0.80178373D+00
# 3,1 - 3,3           0.57735027D+00   0.61721340D+00   0.53452248D+00
# Molecule Rotated to match inertia axes
[molecule] Nrec=   3 Format=nscxyz
  c                1    6   -0.17320508D+01  -0.44914793D-16   0.21548703D-15
  n                2    7    0.00000000D+00   0.00000000D+00   0.00000000D+00
  c                3    6    0.17320508D+01   0.44914793D-16  -0.21548703D-15
# Initial Integrals follow ...
# INT: Number of electrons from integrated RHO:     18.99999812639
# INT: \int \rho \rho dr:      12.33945552557
# INT: \int \rho \tilde{\rho} dr/ng:      11.86117659059
# INT: \int \rho \tilde{\rho}m dr/ng:       9.39328548547
#  DEBUG     \int rr  =     12.33945552557
#  DEBUG     \int rr~ =     11.86117659059
#  DEBUG     \int rr~ =     11.86117659059
#  DEBUG     CSM value =      0.03876013281
#  DEBUG     CSM value =      0.03876013281
# Number of electrons =     18.99999812639
# Initial rho^2 value =     12.33945552557
#  Initial rrii value =      5.80656514954
#  Initial rrij value =      6.53289037603
#  Initial imj  value =     11.86117659059
#  Initial impj value =      9.39328548547
#  Initial CSM  value =      0.03876013281
#  Initial CSM% value =      3.87601328109
[molecule] Nrec=   3 Format=nscxyz
  c                1    6   -0.17320508D+01  -0.44914793D-16   0.21548703D-15
  n                2    7    0.00000000D+00   0.00000000D+00   0.00000000D+00
  c                3    6    0.17320508D+01   0.44914793D-16  -0.21548703D-15
# Request Simplex: Run it with internal procedure. NOT IMPLEMENTED!
# Request for Simplex: Initial Coordinates.
[molecule] Nrec=   3 Format=nscxyz
  c                1    6   -0.17320508D+01  -0.44914793D-16   0.21548703D-15
  n                2    7    0.00000000D+00   0.00000000D+00   0.00000000D+00
  c                3    6    0.17320508D+01   0.44914793D-16  -0.21548703D-15
# Minimization at step:     0 with Value:     0.0411Tol(Act/Req):0.2699E+00/0.1000E-04
# With parameters(tra.):     0.1429E-01    0.1429E-01    0.1429E-01
# With parameters(rot.):     0.1429E-01    0.1429E-01    0.1429E-01
# Minimization at step:     1 with Value:     0.0404Tol(Act/Req):0.2699E+00/0.1000E-04
# With parameters(tra.):     0.1548E-01    0.7143E-02    0.1548E-01
# With parameters(rot.):     0.1548E-01    0.1548E-01    0.1548E-01
# Minimization at step:     2 with Value:     0.0397Tol(Act/Req):0.2166E+00/0.1000E-04
# With parameters(tra.):     0.1935E-01    0.8929E-02   -0.5655E-02
# With parameters(rot.):     0.1935E-01    0.1935E-01    0.1935E-01
# Minimization at step:     3 with Value:     0.0392Tol(Act/Req):0.1908E+00/0.1000E-04
# With parameters(tra.):    -0.8185E-03    0.1116E-01   -0.7068E-02
# With parameters(rot.):     0.2418E-01    0.2418E-01    0.2418E-01
# Minimization at step:     4 with Value:     0.0372Tol(Act/Req):0.3786E+00/0.1000E-04
# With parameters(tra.):    -0.1228E-02    0.1674E-01   -0.1060E-01
# With parameters(rot.):     0.3627E-01   -0.1373E-01    0.3627E-01
# Minimization at step:     5 with Value:     0.0365Tol(Act/Req):0.3762E+00/0.1000E-04
# With parameters(tra.):    -0.4415E-02    0.5655E-02   -0.1691E-01
# With parameters(rot.):     0.4559E-01   -0.2108E-01    0.4559E-01
# Minimization at step:     6 with Value:     0.0353Tol(Act/Req):0.3569E+00/0.1000E-04
# With parameters(tra.):    -0.1491E-01    0.3373E-02   -0.6581E-02
# With parameters(rot.):     0.5175E-01   -0.3714E-01    0.5175E-01
# Minimization at step:     7 with Value:     0.0338Tol(Act/Req):0.3338E+00/0.1000E-04
# With parameters(tra.):    -0.6170E-02   -0.7110E-03   -0.5476E-02
# With parameters(rot.):     0.5772E-01   -0.6080E-01    0.5772E-01
# Minimization at step:     8 with Value:     0.0307Tol(Act/Req):0.7933E+00/0.1000E-04
# With parameters(tra.):    -0.9255E-02   -0.1066E-02   -0.8213E-02
# With parameters(rot.):     0.8658E-01   -0.9120E-01    0.8658E-01
# Minimization at step:     9 with Value:     0.0261Tol(Act/Req):0.1356E+01/0.1000E-04
# With parameters(tra.):    -0.1388E-01   -0.1600E-02   -0.1232E-01
# With parameters(rot.):     0.7987E-01   -0.1368E+00    0.1299E+00
# Minimization at step:    10 with Value:     0.0231Tol(Act/Req):0.1344E+01/0.1000E-04
# With parameters(tra.):    -0.1385E-01    0.7068E-02   -0.4477E-02
# With parameters(rot.):     0.8198E-01   -0.1680E+00    0.1486E+00
# Minimization at step:    11 with Value:     0.0194Tol(Act/Req):0.1311E+01/0.1000E-04
# With parameters(tra.):    -0.1847E-01    0.9425E-02   -0.5969E-02
# With parameters(rot.):     0.1093E+00   -0.2240E+00    0.1649E+00
# Minimization at step:    12 with Value:     0.0156Tol(Act/Req):0.1315E+01/0.1000E-04
# With parameters(tra.):    -0.9155E-02    0.1372E-01   -0.1610E-01
# With parameters(rot.):     0.1223E+00   -0.2703E+00    0.1964E+00
# Minimization at step:    13 with Value:     0.0121Tol(Act/Req):0.1448E+01/0.1000E-04
# With parameters(tra.):    -0.1889E-01    0.2262E-01   -0.2075E-01
# With parameters(rot.):     0.1379E+00   -0.3164E+00    0.2367E+00
# Minimization at step:    14 with Value:     0.0084Tol(Act/Req):0.1574E+01/0.1000E-04
# With parameters(tra.):    -0.2424E-01    0.1714E-01   -0.1941E-01
# With parameters(rot.):     0.1557E+00   -0.3668E+00    0.2873E+00
# Minimization at step:    15 with Value:     0.0068Tol(Act/Req):0.1518E+01/0.1000E-04
# With parameters(tra.):    -0.2512E-01    0.2368E-01   -0.1950E-01
# With parameters(rot.):     0.1402E+00   -0.4181E+00    0.3158E+00
# Minimization at step:    16 with Value:     0.0053Tol(Act/Req):0.1245E+01/0.1000E-04
# With parameters(tra.):    -0.2796E-01    0.2133E-01   -0.2913E-01
# With parameters(rot.):     0.1532E+00   -0.4572E+00    0.3435E+00
# Minimization at step:    17 with Value:     0.0048Tol(Act/Req):0.1091E+01/0.1000E-04
# With parameters(tra.):    -0.2650E-01    0.2294E-01   -0.3536E-01
# With parameters(rot.):     0.1405E+00   -0.4789E+00    0.3868E+00
# Minimization at step:    18 with Value:     0.0043Tol(Act/Req):0.9992E+00/0.1000E-04
# With parameters(tra.):    -0.2601E-01    0.2517E-01   -0.3592E-01
# With parameters(rot.):     0.1477E+00   -0.4922E+00    0.3938E+00
# Minimization at step:    19 with Value:     0.0039Tol(Act/Req):0.9239E+00/0.1000E-04
# With parameters(tra.):    -0.2974E-01    0.2505E-01   -0.3503E-01
# With parameters(rot.):     0.1466E+00   -0.4992E+00    0.4023E+00
# Minimization at step:    20 with Value:     0.0035Tol(Act/Req):0.8543E+00/0.1000E-04
# With parameters(tra.):    -0.3038E-01    0.2482E-01   -0.3345E-01
# With parameters(rot.):     0.1503E+00   -0.4954E+00    0.3928E+00
# Minimization at step:    21 with Value:     0.0034Tol(Act/Req):0.7590E+00/0.1000E-04
# With parameters(tra.):    -0.3125E-01    0.1866E-01   -0.3802E-01
# With parameters(rot.):     0.1691E+00   -0.4699E+00    0.3900E+00
# Minimization at step:    22 with Value:     0.0032Tol(Act/Req):0.7182E+00/0.1000E-04
# With parameters(tra.):    -0.2563E-01    0.8440E-02   -0.3913E-01
# With parameters(rot.):     0.1639E+00   -0.4749E+00    0.4009E+00
# Minimization at step:    23 with Value:     0.0028Tol(Act/Req):0.9546E+00/0.1000E-04
# With parameters(tra.):    -0.2296E-01    0.5708E-02   -0.3603E-01
# With parameters(rot.):     0.1589E+00   -0.4547E+00    0.4016E+00
# Minimization at step:    24 with Value:     0.0025Tol(Act/Req):0.7948E+00/0.1000E-04
# With parameters(tra.):    -0.1933E-01    0.7554E-02   -0.3081E-01
# With parameters(rot.):     0.1367E+00   -0.4752E+00    0.4082E+00
# Minimization at step:    25 with Value:     0.0024Tol(Act/Req):0.7832E+00/0.1000E-04
# With parameters(tra.):    -0.1691E-01    0.1343E-02   -0.2675E-01
# With parameters(rot.):     0.1395E+00   -0.4610E+00    0.3943E+00
# Minimization at step:    26 with Value:     0.0021Tol(Act/Req):0.7218E+00/0.1000E-04
# With parameters(tra.):    -0.2010E-01   -0.6800E-02   -0.2223E-01
# With parameters(rot.):     0.1349E+00   -0.4621E+00    0.4087E+00
# Minimization at step:    27 with Value:     0.0019Tol(Act/Req):0.6887E+00/0.1000E-04
# With parameters(tra.):    -0.2388E-01   -0.1663E-02   -0.1549E-01
# With parameters(rot.):     0.1304E+00   -0.4528E+00    0.4004E+00
# Minimization at step:    28 with Value:     0.0017Tol(Act/Req):0.4311E+00/0.1000E-04
# With parameters(tra.):    -0.2218E-01   -0.6161E-02   -0.9784E-02
# With parameters(rot.):     0.1391E+00   -0.4663E+00    0.4166E+00
# Minimization at step:    29 with Value:     0.0016Tol(Act/Req):0.6871E+00/0.1000E-04
# With parameters(tra.):    -0.2323E-01   -0.5233E-02   -0.9382E-02
# With parameters(rot.):     0.1384E+00   -0.4703E+00    0.4219E+00
# Minimization at step:    30 with Value:     0.0016Tol(Act/Req):0.6261E+00/0.1000E-04
# With parameters(tra.):    -0.2816E-01   -0.1134E-01   -0.7470E-02
# With parameters(rot.):     0.1612E+00   -0.4482E+00    0.4199E+00
# Minimization at step:    31 with Value:     0.0014Tol(Act/Req):0.6476E+00/0.1000E-04
# With parameters(tra.):    -0.2715E-01   -0.1235E-01   -0.6808E-02
# With parameters(rot.):     0.1572E+00   -0.4424E+00    0.4183E+00
# Minimization at step:    32 with Value:     0.0013Tol(Act/Req):0.5385E+00/0.1000E-04
# With parameters(tra.):    -0.2320E-01   -0.8015E-02   -0.8076E-02
# With parameters(rot.):     0.1391E+00   -0.4576E+00    0.4194E+00
# Minimization at step:    33 with Value:     0.0012Tol(Act/Req):0.6563E+00/0.1000E-04
# With parameters(tra.):    -0.2220E-01   -0.9828E-02   -0.9144E-02
# With parameters(rot.):     0.1410E+00   -0.4603E+00    0.4231E+00
# Minimization at step:    34 with Value:     0.0011Tol(Act/Req):0.6383E+00/0.1000E-04
# With parameters(tra.):    -0.1971E-01   -0.2694E-02   -0.9304E-02
# With parameters(rot.):     0.1476E+00   -0.4585E+00    0.4134E+00
# Minimization at step:    35 with Value:     0.0010Tol(Act/Req):0.6520E+00/0.1000E-04
# With parameters(tra.):    -0.1993E-01   -0.1281E-02   -0.1069E-01
# With parameters(rot.):     0.1462E+00   -0.4545E+00    0.4091E+00
# Minimization at step:    36 with Value:     0.0009Tol(Act/Req):0.4840E+00/0.1000E-04
# With parameters(tra.):    -0.2034E-01   -0.1180E-02   -0.9351E-02
# With parameters(rot.):     0.1464E+00   -0.4595E+00    0.4096E+00
# Minimization at step:    37 with Value:     0.0009Tol(Act/Req):0.3910E+00/0.1000E-04
# With parameters(tra.):    -0.2102E-01   -0.2838E-02   -0.9316E-02
# With parameters(rot.):     0.1446E+00   -0.4600E+00    0.4117E+00
# Minimization at step:    38 with Value:     0.0008Tol(Act/Req):0.3677E+00/0.1000E-04
# With parameters(tra.):    -0.2237E-01   -0.1841E-03   -0.8490E-02
# With parameters(rot.):     0.1452E+00   -0.4646E+00    0.4189E+00
# Minimization at step:    39 with Value:     0.0007Tol(Act/Req):0.5222E+00/0.1000E-04
# With parameters(tra.):    -0.1875E-01    0.1864E-02   -0.7726E-02
# With parameters(rot.):     0.1332E+00   -0.4604E+00    0.4159E+00
# Minimization at step:    40 with Value:     0.0007Tol(Act/Req):0.4018E+00/0.1000E-04
# With parameters(tra.):    -0.1991E-01    0.2269E-02   -0.6764E-02
# With parameters(rot.):     0.1433E+00   -0.4513E+00    0.4140E+00
# Minimization at step:    41 with Value:     0.0007Tol(Act/Req):0.4014E+00/0.1000E-04
# With parameters(tra.):    -0.2008E-01    0.2607E-02   -0.5879E-02
# With parameters(rot.):     0.1431E+00   -0.4531E+00    0.4146E+00
# Minimization at step:    42 with Value:     0.0006Tol(Act/Req):0.6478E+00/0.1000E-04
# With parameters(tra.):    -0.2163E-01    0.3567E-03   -0.4053E-02
# With parameters(rot.):     0.1371E+00   -0.4512E+00    0.4223E+00
# Minimization at step:    43 with Value:     0.0005Tol(Act/Req):0.8446E+00/0.1000E-04
# With parameters(tra.):    -0.1944E-01    0.1248E-03   -0.4492E-02
# With parameters(rot.):     0.1395E+00   -0.4536E+00    0.4293E+00
# Minimization at step:    44 with Value:     0.0005Tol(Act/Req):0.7767E+00/0.1000E-04
# With parameters(tra.):    -0.1712E-01   -0.2426E-02   -0.3984E-02
# With parameters(rot.):     0.1370E+00   -0.4453E+00    0.4255E+00
# Minimization at step:    45 with Value:     0.0005Tol(Act/Req):0.6156E+00/0.1000E-04
# With parameters(tra.):    -0.1662E-01    0.1936E-04   -0.4522E-02
# With parameters(rot.):     0.1310E+00   -0.4342E+00    0.4224E+00
# Minimization at step:    46 with Value:     0.0004Tol(Act/Req):0.1040E+01/0.1000E-04
# With parameters(tra.):    -0.1540E-01   -0.2611E-03   -0.1189E-02
# With parameters(rot.):     0.1245E+00   -0.4303E+00    0.4281E+00
# Minimization at step:    47 with Value:     0.0004Tol(Act/Req):0.1506E+01/0.1000E-04
# With parameters(tra.):    -0.1274E-01   -0.1510E-02   -0.2929E-03
# With parameters(rot.):     0.1082E+00   -0.4324E+00    0.4347E+00
# Minimization at step:    48 with Value:     0.0003Tol(Act/Req):0.1457E+01/0.1000E-04
# With parameters(tra.):    -0.1255E-01   -0.2249E-02    0.1940E-03
# With parameters(rot.):     0.1078E+00   -0.4351E+00    0.4365E+00
# Minimization at step:    49 with Value:     0.0003Tol(Act/Req):0.1387E+01/0.1000E-04
# With parameters(tra.):    -0.1409E-01   -0.5667E-02    0.2070E-02
# With parameters(rot.):     0.1113E+00   -0.4308E+00    0.4465E+00
# Minimization at step:    50 with Value:     0.0003Tol(Act/Req):0.1308E+01/0.1000E-04
# With parameters(tra.):    -0.1541E-01   -0.4197E-02    0.3581E-02
# With parameters(rot.):     0.1051E+00   -0.4342E+00    0.4572E+00
# Minimization at step:    51 with Value:     0.0002Tol(Act/Req):0.1810E+01/0.1000E-04
# With parameters(tra.):    -0.1126E-01   -0.2715E-02    0.3691E-02
# With parameters(rot.):     0.1026E+00   -0.4311E+00    0.4586E+00
# Minimization at step:    52 with Value:     0.0002Tol(Act/Req):0.1794E+01/0.1000E-04
# With parameters(tra.):    -0.9233E-02   -0.3447E-02    0.2585E-02
# With parameters(rot.):     0.1065E+00   -0.4278E+00    0.4508E+00
# Minimization at step:    53 with Value:     0.0002Tol(Act/Req):0.1769E+01/0.1000E-04
# With parameters(tra.):    -0.8442E-02   -0.2407E-02    0.2159E-02
# With parameters(rot.):     0.1052E+00   -0.4286E+00    0.4487E+00
# Minimization at step:    54 with Value:     0.0001Tol(Act/Req):0.1727E+01/0.1000E-04
# With parameters(tra.):    -0.8072E-02   -0.2560E-02    0.2823E-02
# With parameters(rot.):     0.1018E+00   -0.4259E+00    0.4486E+00
# Minimization at step:    55 with Value:     0.0001Tol(Act/Req):0.1626E+01/0.1000E-04
# With parameters(tra.):    -0.6658E-02   -0.3746E-02    0.4211E-02
# With parameters(rot.):     0.9967E-01   -0.4275E+00    0.4543E+00
# Minimization at step:    56 with Value:     0.0001Tol(Act/Req):0.1497E+01/0.1000E-04
# With parameters(tra.):    -0.5690E-02   -0.4337E-02    0.2227E-02
# With parameters(rot.):     0.9997E-01   -0.4308E+00    0.4551E+00
# Minimization at step:    57 with Value:     0.0001Tol(Act/Req):0.1472E+01/0.1000E-04
# With parameters(tra.):    -0.5732E-02   -0.4289E-02    0.2382E-02
# With parameters(rot.):     0.9877E-01   -0.4316E+00    0.4568E+00
# Minimization at step:    58 with Value:     0.0001Tol(Act/Req):0.1431E+01/0.1000E-04
# With parameters(tra.):    -0.3246E-02   -0.2837E-02    0.1604E-02
# With parameters(rot.):     0.9407E-01   -0.4342E+00    0.4552E+00
# Minimization at step:    59 with Value:     0.0001Tol(Act/Req):0.1248E+01/0.1000E-04
# With parameters(tra.):    -0.8989E-03   -0.3236E-02    0.2525E-02
# With parameters(rot.):     0.8458E-01   -0.4316E+00    0.4572E+00
# Minimization at step:    60 with Value:     0.0001Tol(Act/Req):0.1246E+01/0.1000E-04
# With parameters(tra.):    -0.1325E-02   -0.3632E-02    0.2797E-02
# With parameters(rot.):     0.8496E-01   -0.4308E+00    0.4577E+00
# Minimization at step:    61 with Value:     0.0000Tol(Act/Req):0.1421E+01/0.1000E-04
# With parameters(tra.):    -0.1739E-03   -0.3091E-02    0.2931E-02
# With parameters(rot.):     0.9357E-01   -0.4281E+00    0.4588E+00
# Minimization at step:    62 with Value:     0.0000Tol(Act/Req):0.1400E+01/0.1000E-04
# With parameters(tra.):     0.1044E-02   -0.2082E-02    0.1579E-02
# With parameters(rot.):     0.9294E-01   -0.4271E+00    0.4564E+00
# Minimization at step:    63 with Value:     0.0000Tol(Act/Req):0.1300E+01/0.1000E-04
# With parameters(tra.):     0.2244E-02   -0.1222E-02    0.2408E-02
# With parameters(rot.):     0.9103E-01   -0.4246E+00    0.4564E+00
# Minimization at step:    64 with Value:     0.0000Tol(Act/Req):0.1086E+01/0.1000E-04
# With parameters(tra.):     0.2887E-02   -0.9428E-03    0.2488E-02
# With parameters(rot.):     0.8978E-01   -0.4244E+00    0.4571E+00
# Minimization at step:    65 with Value:     0.0000Tol(Act/Req):0.1002E+01/0.1000E-04
# With parameters(tra.):     0.1802E-02    0.2200E-03    0.1554E-02
# With parameters(rot.):     0.1010E+00   -0.4246E+00    0.4552E+00
# Minimization at step:    66 with Value:     0.0000Tol(Act/Req):0.9542E+00/0.1000E-04
# With parameters(tra.):     0.1850E-02    0.3429E-03    0.1586E-02
# With parameters(rot.):     0.1025E+00   -0.4237E+00    0.4552E+00
# Minimization at step:    67 with Value:     0.0000Tol(Act/Req):0.9469E+00/0.1000E-04
# With parameters(tra.):     0.2125E-02    0.6249E-04    0.1822E-02
# With parameters(rot.):     0.9986E-01   -0.4235E+00    0.4557E+00
# Minimization at step:    68 with Value:     0.0000Tol(Act/Req):0.7483E+00/0.1000E-04
# With parameters(tra.):     0.1910E-02   -0.1113E-04    0.2180E-02
# With parameters(rot.):     0.1006E+00   -0.4235E+00    0.4563E+00
# Minimization at step:    69 with Value:     0.0000Tol(Act/Req):0.5905E+00/0.1000E-04
# With parameters(tra.):     0.9997E-03   -0.1803E-03    0.1551E-02
# With parameters(rot.):     0.1051E+00   -0.4248E+00    0.4563E+00
# Minimization at step:    70 with Value:     0.0000Tol(Act/Req):0.3668E+00/0.1000E-04
# With parameters(tra.):     0.1658E-02    0.6329E-03    0.1398E-02
# With parameters(rot.):     0.1077E+00   -0.4245E+00    0.4576E+00
# Minimization at step:    71 with Value:     0.0000Tol(Act/Req):0.7267E+00/0.1000E-04
# With parameters(tra.):     0.1689E-02    0.9754E-03    0.1399E-02
# With parameters(rot.):     0.1124E+00   -0.4229E+00    0.4585E+00
# Minimization at step:    72 with Value:     0.0000Tol(Act/Req):0.6906E+00/0.1000E-04
# With parameters(tra.):     0.1731E-02    0.9124E-03    0.1181E-02
# With parameters(rot.):     0.1139E+00   -0.4230E+00    0.4582E+00
# Minimization at step:    73 with Value:     0.0000Tol(Act/Req):0.7238E+00/0.1000E-04
# With parameters(tra.):     0.2150E-02    0.6348E-03    0.1439E-02
# With parameters(rot.):     0.1132E+00   -0.4226E+00    0.4600E+00
# Minimization at step:    74 with Value:     0.0000Tol(Act/Req):0.6120E+00/0.1000E-04
# With parameters(tra.):     0.1801E-02    0.7029E-03    0.1909E-02
# With parameters(rot.):     0.1189E+00   -0.4222E+00    0.4622E+00
# Minimization at step:    75 with Value:     0.0000Tol(Act/Req):0.5840E+00/0.1000E-04
# With parameters(tra.):     0.1190E-02   -0.8697E-04    0.2233E-02
# With parameters(rot.):     0.1200E+00   -0.4217E+00    0.4625E+00
# Minimization at step:    76 with Value:     0.0000Tol(Act/Req):0.6913E+00/0.1000E-04
# With parameters(tra.):     0.1227E-02   -0.1698E-03    0.2142E-02
# With parameters(rot.):     0.1187E+00   -0.4217E+00    0.4619E+00
# Minimization at step:    77 with Value:     0.0000Tol(Act/Req):0.9659E+00/0.1000E-04
# With parameters(tra.):     0.1473E-02   -0.1266E-03    0.2349E-02
# With parameters(rot.):     0.1187E+00   -0.4211E+00    0.4624E+00
# Minimization at step:    78 with Value:     0.0000Tol(Act/Req):0.8195E+00/0.1000E-04
# With parameters(tra.):     0.8715E-03    0.3201E-03    0.2021E-02
# With parameters(rot.):     0.1185E+00   -0.4215E+00    0.4625E+00
# Minimization at step:    79 with Value:     0.0000Tol(Act/Req):0.7299E+00/0.1000E-04
# With parameters(tra.):     0.9975E-03    0.5514E-03    0.1922E-02
# With parameters(rot.):     0.1181E+00   -0.4216E+00    0.4625E+00
# Minimization at step:    80 with Value:     0.0000Tol(Act/Req):0.7560E+00/0.1000E-04
# With parameters(tra.):     0.7551E-03    0.1820E-03    0.1637E-02
# With parameters(rot.):     0.1246E+00   -0.4212E+00    0.4636E+00
# Minimization at step:    81 with Value:     0.0000Tol(Act/Req):0.7217E+00/0.1000E-04
# With parameters(tra.):     0.6694E-03    0.3029E-04    0.1657E-02
# With parameters(rot.):     0.1244E+00   -0.4215E+00    0.4638E+00
# Minimization at step:    82 with Value:     0.0000Tol(Act/Req):0.6053E+00/0.1000E-04
# With parameters(tra.):    -0.2433E-03    0.1064E-03    0.1471E-02
# With parameters(rot.):     0.1288E+00   -0.4216E+00    0.4633E+00
# Minimization at step:    83 with Value:     0.0000Tol(Act/Req):0.7843E+00/0.1000E-04
# With parameters(tra.):    -0.6604E-03    0.3279E-04    0.1066E-02
# With parameters(rot.):     0.1295E+00   -0.4216E+00    0.4627E+00
# Minimization at step:    84 with Value:     0.0000Tol(Act/Req):0.6787E+00/0.1000E-04
# With parameters(tra.):    -0.9609E-03    0.3227E-03    0.5837E-03
# With parameters(rot.):     0.1325E+00   -0.4219E+00    0.4627E+00
# Minimization at step:    85 with Value:     0.0000Tol(Act/Req):0.6784E+00/0.1000E-04
# With parameters(tra.):    -0.9701E-03   -0.1232E-03    0.4327E-03
# With parameters(rot.):     0.1374E+00   -0.4216E+00    0.4626E+00
# Minimization at step:    86 with Value:     0.0000Tol(Act/Req):0.5944E+00/0.1000E-04
# With parameters(tra.):    -0.1291E-02   -0.3570E-04    0.2070E-03
# With parameters(rot.):     0.1437E+00   -0.4206E+00    0.4635E+00
# Minimization at step:    87 with Value:     0.0000Tol(Act/Req):0.7297E+00/0.1000E-04
# With parameters(tra.):    -0.7280E-03   -0.1592E-03   -0.2812E-04
# With parameters(rot.):     0.1443E+00   -0.4202E+00    0.4641E+00
# Minimization at step:    88 with Value:     0.0000Tol(Act/Req):0.1180E+01/0.1000E-04
# With parameters(tra.):    -0.7708E-03   -0.6447E-04   -0.7200E-04
# With parameters(rot.):     0.1437E+00   -0.4202E+00    0.4638E+00
# Minimization at step:    89 with Value:     0.0000Tol(Act/Req):0.1502E+01/0.1000E-04
# With parameters(tra.):    -0.9336E-03   -0.1482E-03   -0.2063E-03
# With parameters(rot.):     0.1453E+00   -0.4203E+00    0.4639E+00
# Minimization at step:    90 with Value:     0.0000Tol(Act/Req):0.1430E+01/0.1000E-04
# With parameters(tra.):    -0.4932E-03   -0.2732E-03   -0.1185E-03
# With parameters(rot.):     0.1395E+00   -0.4212E+00    0.4630E+00
# Minimization at step:    91 with Value:     0.0000Tol(Act/Req):0.1402E+01/0.1000E-04
# With parameters(tra.):    -0.3791E-03   -0.3953E-03   -0.5637E-04
# With parameters(rot.):     0.1393E+00   -0.4211E+00    0.4630E+00
# Minimization at step:    92 with Value:     0.0000Tol(Act/Req):0.1257E+01/0.1000E-04
# With parameters(tra.):    -0.4797E-03   -0.3743E-03   -0.7316E-04
# With parameters(rot.):     0.1408E+00   -0.4208E+00    0.4632E+00
# Minimization at step:    93 with Value:     0.0000Tol(Act/Req):0.1250E+01/0.1000E-04
# With parameters(tra.):    -0.3070E-03   -0.1214E-04   -0.9070E-04
# With parameters(rot.):     0.1370E+00   -0.4208E+00    0.4636E+00
# Minimization at step:    94 with Value:     0.0000Tol(Act/Req):0.1110E+01/0.1000E-04
# With parameters(tra.):    -0.1733E-03    0.2513E-05   -0.8596E-04
# With parameters(rot.):     0.1374E+00   -0.4208E+00    0.4638E+00
# Minimization at step:    95 with Value:     0.0000Tol(Act/Req):0.1049E+01/0.1000E-04
# With parameters(tra.):    -0.2679E-03    0.4686E-04   -0.3200E-04
# With parameters(rot.):     0.1367E+00   -0.4209E+00    0.4636E+00
# Minimization at step:    96 with Value:     0.0000Tol(Act/Req):0.1245E+01/0.1000E-04
# With parameters(tra.):    -0.3078E-03   -0.3876E-04   -0.2272E-04
# With parameters(rot.):     0.1376E+00   -0.4209E+00    0.4636E+00
# Minimization at step:    97 with Value:     0.0000Tol(Act/Req):0.1214E+01/0.1000E-04
# With parameters(tra.):    -0.2906E-03    0.1073E-04   -0.4055E-04
# With parameters(rot.):     0.1368E+00   -0.4210E+00    0.4634E+00
# Minimization at step:    98 with Value:     0.0000Tol(Act/Req):0.1176E+01/0.1000E-04
# With parameters(tra.):    -0.3252E-03    0.5335E-04   -0.4623E-04
# With parameters(rot.):     0.1372E+00   -0.4209E+00    0.4635E+00
# Minimization at step:    99 with Value:     0.0000Tol(Act/Req):0.8806E+00/0.1000E-04
# With parameters(tra.):    -0.7900E-04   -0.4133E-04    0.8136E-04
# With parameters(rot.):     0.1362E+00   -0.4206E+00    0.4637E+00
# Minimization at step:   100 with Value:     0.0000Tol(Act/Req):0.1326E+01/0.1000E-04
# With parameters(tra.):    -0.4276E-05   -0.3766E-04    0.9767E-04
# With parameters(rot.):     0.1363E+00   -0.4205E+00    0.4638E+00
# Minimization at step:   101 with Value:     0.0000Tol(Act/Req):0.1301E+01/0.1000E-04
# With parameters(tra.):    -0.8260E-05   -0.7032E-04    0.5584E-04
# With parameters(rot.):     0.1363E+00   -0.4206E+00    0.4639E+00
# Minimization at step:   102 with Value:     0.0000Tol(Act/Req):0.1040E+01/0.1000E-04
# With parameters(tra.):    -0.6391E-04   -0.4907E-04    0.2181E-04
# With parameters(rot.):     0.1366E+00   -0.4206E+00    0.4638E+00
# Minimization at step:   103 with Value:     0.0000Tol(Act/Req):0.1039E+01/0.1000E-04
# With parameters(tra.):    -0.9421E-04   -0.3489E-04    0.5328E-04
# With parameters(rot.):     0.1362E+00   -0.4207E+00    0.4638E+00
# Minimization at step:   104 with Value:     0.0000Tol(Act/Req):0.1236E+01/0.1000E-04
# With parameters(tra.):    -0.9224E-04   -0.2093E-04    0.5873E-04
# With parameters(rot.):     0.1363E+00   -0.4206E+00    0.4639E+00
# Minimization at step:   105 with Value:     0.0000Tol(Act/Req):0.1184E+01/0.1000E-04
# With parameters(tra.):    -0.9422E-04   -0.6226E-04    0.7016E-04
# With parameters(rot.):     0.1367E+00   -0.4206E+00    0.4638E+00
# Minimization at step:   106 with Value:     0.0000Tol(Act/Req):0.1020E+01/0.1000E-04
# With parameters(tra.):    -0.1933E-04   -0.6263E-05    0.7109E-04
# With parameters(rot.):     0.1355E+00   -0.4206E+00    0.4637E+00
# Minimization at step:   107 with Value:     0.0000Tol(Act/Req):0.1151E+01/0.1000E-04
# With parameters(tra.):    -0.4344E-04    0.7932E-05    0.5819E-04
# With parameters(rot.):     0.1356E+00   -0.4206E+00    0.4636E+00
# Minimization at step:   108 with Value:     0.0000Tol(Act/Req):0.1104E+01/0.1000E-04
# With parameters(tra.):    -0.4836E-04   -0.1881E-05    0.3747E-04
# With parameters(rot.):     0.1355E+00   -0.4206E+00    0.4636E+00
# Minimization at step:   109 with Value:     0.0000Tol(Act/Req):0.8655E+00/0.1000E-04
# With parameters(tra.):    -0.1468E-04    0.2938E-05    0.4061E-04
# With parameters(rot.):     0.1355E+00   -0.4206E+00    0.4637E+00
# Minimization at step:   110 with Value:     0.0000Tol(Act/Req):0.1114E+01/0.1000E-04
# With parameters(tra.):    -0.2320E-04    0.1318E-04    0.5528E-04
# With parameters(rot.):     0.1352E+00   -0.4207E+00    0.4636E+00
# Minimization at step:   111 with Value:     0.0000Tol(Act/Req):0.1109E+01/0.1000E-04
# With parameters(tra.):    -0.1646E-04    0.2300E-04    0.5772E-04
# With parameters(rot.):     0.1352E+00   -0.4206E+00    0.4637E+00
# Minimization at step:   112 with Value:     0.0000Tol(Act/Req):0.8509E+00/0.1000E-04
# With parameters(tra.):    -0.1097E-04    0.9443E-05    0.6240E-04
# With parameters(rot.):     0.1353E+00   -0.4206E+00    0.4636E+00
# Minimization at step:   113 with Value:     0.0000Tol(Act/Req):0.7249E+00/0.1000E-04
# With parameters(tra.):    -0.2276E-04    0.1419E-05    0.6152E-04
# With parameters(rot.):     0.1354E+00   -0.4206E+00    0.4637E+00
# Minimization at step:   114 with Value:     0.0000Tol(Act/Req):0.6723E+00/0.1000E-04
# With parameters(tra.):    -0.2407E-04   -0.1711E-04    0.2809E-04
# With parameters(rot.):     0.1353E+00   -0.4206E+00    0.4637E+00
# Minimization at step:   115 with Value:     0.0000Tol(Act/Req):0.8747E+00/0.1000E-04
# With parameters(tra.):    -0.3451E-04   -0.1209E-04    0.1913E-04
# With parameters(rot.):     0.1353E+00   -0.4207E+00    0.4637E+00
# Minimization at step:   116 with Value:     0.0000Tol(Act/Req):0.6776E+00/0.1000E-04
# With parameters(tra.):    -0.1932E-04   -0.1094E-04    0.1891E-04
# With parameters(rot.):     0.1353E+00   -0.4207E+00    0.4637E+00
# Minimization at step:   117 with Value:     0.0000Tol(Act/Req):0.5600E+00/0.1000E-04
# With parameters(tra.):    -0.1860E-04   -0.5793E-05    0.2650E-04
# With parameters(rot.):     0.1353E+00   -0.4207E+00    0.4637E+00
# Minimization at step:   118 with Value:     0.0000Tol(Act/Req):0.5831E+00/0.1000E-04
# With parameters(tra.):    -0.1649E-04   -0.1384E-04    0.2585E-04
# With parameters(rot.):     0.1354E+00   -0.4207E+00    0.4637E+00
# Minimization at step:   119 with Value:     0.0000Tol(Act/Req):0.3919E+00/0.1000E-04
# With parameters(tra.):    -0.3018E-05   -0.6480E-05    0.2011E-04
# With parameters(rot.):     0.1353E+00   -0.4206E+00    0.4637E+00
# Minimization at step:   120 with Value:     0.0000Tol(Act/Req):0.6078E+00/0.1000E-04
# With parameters(tra.):    -0.5598E-05   -0.2997E-05    0.2451E-04
# With parameters(rot.):     0.1352E+00   -0.4206E+00    0.4637E+00
# Minimization at step:   121 with Value:     0.0000Tol(Act/Req):0.4938E+00/0.1000E-04
# With parameters(tra.):    -0.1006E-04   -0.7377E-05    0.2099E-04
# With parameters(rot.):     0.1353E+00   -0.4206E+00    0.4637E+00
# Minimization at step:   122 with Value:     0.0000Tol(Act/Req):0.3709E+00/0.1000E-04
# With parameters(tra.):    -0.1694E-05   -0.6502E-05    0.2105E-04
# With parameters(rot.):     0.1353E+00   -0.4206E+00    0.4637E+00
# Minimization at step:   123 with Value:     0.0000Tol(Act/Req):0.3485E+00/0.1000E-04
# With parameters(tra.):    -0.1164E-04    0.5384E-05    0.3772E-05
# With parameters(rot.):     0.1353E+00   -0.4206E+00    0.4637E+00
# Minimization at step:   124 with Value:     0.0000Tol(Act/Req):0.4360E+00/0.1000E-04
# With parameters(tra.):    -0.1572E-04    0.4532E-05    0.3847E-05
# With parameters(rot.):     0.1353E+00   -0.4206E+00    0.4637E+00
# Minimization at step:   125 with Value:     0.0000Tol(Act/Req):0.3998E+00/0.1000E-04
# With parameters(tra.):    -0.1332E-04    0.1826E-04    0.1148E-04
# With parameters(rot.):     0.1353E+00   -0.4206E+00    0.4637E+00
# Minimization at step:   126 with Value:     0.0000Tol(Act/Req):0.3797E+00/0.1000E-04
# With parameters(tra.):    -0.1097E-04    0.1637E-04    0.1644E-04
# With parameters(rot.):     0.1353E+00   -0.4206E+00    0.4637E+00
# Minimization at step:   127 with Value:     0.0000Tol(Act/Req):0.6074E+00/0.1000E-04
# With parameters(tra.):    -0.4913E-05    0.1034E-04    0.1200E-04
# With parameters(rot.):     0.1354E+00   -0.4206E+00    0.4637E+00
# Minimization at step:   128 with Value:     0.0000Tol(Act/Req):0.4037E+00/0.1000E-04
# With parameters(tra.):    -0.4617E-05   -0.1941E-05    0.6403E-05
# With parameters(rot.):     0.1354E+00   -0.4206E+00    0.4637E+00
# Minimization at step:   129 with Value:     0.0000Tol(Act/Req):0.3725E+00/0.1000E-04
# With parameters(tra.):    -0.9449E-05    0.5376E-05    0.9181E-05
# With parameters(rot.):     0.1352E+00   -0.4206E+00    0.4637E+00
# Minimization at step:   130 with Value:     0.0000Tol(Act/Req):0.3680E+00/0.1000E-04
# With parameters(tra.):    -0.1163E-04    0.4248E-05    0.6435E-05
# With parameters(rot.):     0.1352E+00   -0.4206E+00    0.4637E+00
# Minimization at step:   131 with Value:     0.0000Tol(Act/Req):0.3187E+00/0.1000E-04
# With parameters(tra.):     0.1792E-05    0.9582E-05    0.1689E-05
# With parameters(rot.):     0.1352E+00   -0.4206E+00    0.4637E+00
# Minimization at step:   132 with Value:     0.0000Tol(Act/Req):0.2683E+00/0.1000E-04
# With parameters(tra.):     0.1074E-04    0.3524E-05    0.6696E-05
# With parameters(rot.):     0.1351E+00   -0.4206E+00    0.4637E+00
# Minimization at step:   133 with Value:     0.0000Tol(Act/Req):0.2648E+00/0.1000E-04
# With parameters(tra.):     0.1363E-04    0.1541E-05    0.5795E-05
# With parameters(rot.):     0.1352E+00   -0.4206E+00    0.4637E+00
# Minimization at step:   134 with Value:     0.0000Tol(Act/Req):0.2394E+00/0.1000E-04
# With parameters(tra.):     0.1524E-04   -0.1160E-05    0.6594E-05
# With parameters(rot.):     0.1351E+00   -0.4206E+00    0.4637E+00
# Minimization at step:   135 with Value:     0.0000Tol(Act/Req):0.2126E+00/0.1000E-04
# With parameters(tra.):     0.1685E-04    0.9520E-06    0.7542E-05
# With parameters(rot.):     0.1351E+00   -0.4206E+00    0.4637E+00
# Minimization at step:   136 with Value:     0.0000Tol(Act/Req):0.1362E+00/0.1000E-04
# With parameters(tra.):     0.1475E-04   -0.1100E-05    0.9217E-05
# With parameters(rot.):     0.1351E+00   -0.4206E+00    0.4637E+00
# Minimization at step:   137 with Value:     0.0000Tol(Act/Req):0.1054E+00/0.1000E-04
# With parameters(tra.):     0.1918E-04   -0.5138E-05    0.4652E-05
# With parameters(rot.):     0.1352E+00   -0.4205E+00    0.4637E+00
# Minimization at step:   138 with Value:     0.0000Tol(Act/Req):0.8177E-01/0.1000E-04
# With parameters(tra.):     0.1304E-04   -0.1968E-05   -0.1037E-05
# With parameters(rot.):     0.1352E+00   -0.4206E+00    0.4637E+00
# Minimization at step:   139 with Value:     0.0000Tol(Act/Req):0.7608E-01/0.1000E-04
# With parameters(tra.):     0.1142E-04   -0.6940E-06   -0.3701E-06
# With parameters(rot.):     0.1352E+00   -0.4206E+00    0.4637E+00
# Minimization at step:   140 with Value:     0.0000Tol(Act/Req):0.8278E-01/0.1000E-04
# With parameters(tra.):     0.1070E-04    0.1992E-07   -0.1150E-05
# With parameters(rot.):     0.1352E+00   -0.4206E+00    0.4637E+00
# Minimization at step:   141 with Value:     0.0000Tol(Act/Req):0.7956E-01/0.1000E-04
# With parameters(tra.):     0.1204E-04   -0.6070E-06    0.2626E-06
# With parameters(rot.):     0.1352E+00   -0.4206E+00    0.4637E+00
# Minimization at step:   142 with Value:     0.0000Tol(Act/Req):0.7352E-01/0.1000E-04
# With parameters(tra.):     0.1365E-04    0.3097E-05   -0.2680E-06
# With parameters(rot.):     0.1352E+00   -0.4205E+00    0.4637E+00
# Minimization at step:   143 with Value:     0.0000Tol(Act/Req):0.6999E-01/0.1000E-04
# With parameters(tra.):     0.1510E-04    0.2235E-05   -0.1224E-05
# With parameters(rot.):     0.1352E+00   -0.4205E+00    0.4637E+00
# Minimization at step:   144 with Value:     0.0000Tol(Act/Req):0.7010E-01/0.1000E-04
# With parameters(tra.):     0.1101E-04   -0.7584E-06   -0.1355E-05
# With parameters(rot.):     0.1353E+00   -0.4205E+00    0.4637E+00
# Minimization at step:   145 with Value:     0.0000Tol(Act/Req):0.3718E-01/0.1000E-04
# With parameters(tra.):     0.1083E-04   -0.1764E-06   -0.1357E-05
# With parameters(rot.):     0.1352E+00   -0.4205E+00    0.4637E+00
# Minimization at step:   146 with Value:     0.0000Tol(Act/Req):0.3762E-01/0.1000E-04
# With parameters(tra.):     0.1019E-04   -0.1375E-05   -0.1315E-05
# With parameters(rot.):     0.1352E+00   -0.4205E+00    0.4637E+00
# Minimization at step:   147 with Value:     0.0000Tol(Act/Req):0.3579E-01/0.1000E-04
# With parameters(tra.):     0.6538E-05    0.9448E-06   -0.2961E-06
# With parameters(rot.):     0.1352E+00   -0.4206E+00    0.4637E+00
# Minimization at step:   148 with Value:     0.0000Tol(Act/Req):0.2829E-01/0.1000E-04
# With parameters(tra.):     0.7380E-05    0.2083E-06    0.2343E-05
# With parameters(rot.):     0.1352E+00   -0.4205E+00    0.4636E+00
# Minimization at step:   149 with Value:     0.0000Tol(Act/Req):0.2599E-01/0.1000E-04
# With parameters(tra.):     0.8363E-05   -0.4331E-06    0.2309E-05
# With parameters(rot.):     0.1352E+00   -0.4205E+00    0.4636E+00
# Minimization at step:   150 with Value:     0.0000Tol(Act/Req):0.2470E-01/0.1000E-04
# With parameters(tra.):     0.6141E-05    0.8438E-06    0.1901E-05
# With parameters(rot.):     0.1353E+00   -0.4205E+00    0.4637E+00
# Minimization at step:   151 with Value:     0.0000Tol(Act/Req):0.1475E-01/0.1000E-04
# With parameters(tra.):     0.6049E-05   -0.1344E-05    0.1031E-05
# With parameters(rot.):     0.1353E+00   -0.4205E+00    0.4637E+00
# Minimization at step:   152 with Value:     0.0000Tol(Act/Req):0.7217E-02/0.1000E-04
# With parameters(tra.):     0.4083E-05   -0.5693E-06    0.1823E-05
# With parameters(rot.):     0.1353E+00   -0.4205E+00    0.4636E+00
# Minimization at step:   153 with Value:     0.0000Tol(Act/Req):0.1930E-01/0.1000E-04
# With parameters(tra.):     0.3942E-05    0.4220E-07    0.2107E-05
# With parameters(rot.):     0.1353E+00   -0.4205E+00    0.4636E+00
# Minimization at step:   154 with Value:     0.0000Tol(Act/Req):0.1550E-01/0.1000E-04
# With parameters(tra.):     0.1953E-05    0.7234E-06   -0.6114E-06
# With parameters(rot.):     0.1353E+00   -0.4205E+00    0.4636E+00
# Minimization at step:   155 with Value:     0.0000Tol(Act/Req):0.1688E-01/0.1000E-04
# With parameters(tra.):     0.2219E-05    0.1595E-05   -0.5166E-06
# With parameters(rot.):     0.1353E+00   -0.4205E+00    0.4636E+00
# Minimization at step:   156 with Value:     0.0000Tol(Act/Req):0.1588E-01/0.1000E-04
# With parameters(tra.):     0.2556E-05    0.1582E-05   -0.9097E-06
# With parameters(rot.):     0.1353E+00   -0.4205E+00    0.4636E+00
# Minimization at step:   157 with Value:     0.0000Tol(Act/Req):0.1455E-01/0.1000E-04
# With parameters(tra.):    -0.1264E-05    0.1701E-06   -0.6908E-06
# With parameters(rot.):     0.1354E+00   -0.4205E+00    0.4636E+00
# Minimization at step:   158 with Value:     0.0000Tol(Act/Req):0.1517E-01/0.1000E-04
# With parameters(tra.):    -0.1325E-05   -0.2053E-06   -0.8049E-06
# With parameters(rot.):     0.1354E+00   -0.4205E+00    0.4636E+00
# Minimization at step:   159 with Value:     0.0000Tol(Act/Req):0.1278E-01/0.1000E-04
# With parameters(tra.):    -0.1641E-05   -0.5070E-06   -0.1082E-05
# With parameters(rot.):     0.1354E+00   -0.4205E+00    0.4636E+00
# Minimization at step:   160 with Value:     0.0000Tol(Act/Req):0.1108E-01/0.1000E-04
# With parameters(tra.):    -0.1444E-05   -0.7798E-06   -0.4414E-06
# With parameters(rot.):     0.1354E+00   -0.4205E+00    0.4636E+00
# Minimization at step:   161 with Value:     0.0000Tol(Act/Req):0.2595E-02/0.1000E-04
# With parameters(tra.):     0.1376E-05    0.4158E-07   -0.5432E-06
# With parameters(rot.):     0.1354E+00   -0.4205E+00    0.4636E+00
# Minimization at step:   162 with Value:     0.0000Tol(Act/Req):0.3388E-02/0.1000E-04
# With parameters(tra.):     0.1092E-05    0.3473E-06   -0.6223E-06
# With parameters(rot.):     0.1353E+00   -0.4205E+00    0.4636E+00
# Minimization at step:   163 with Value:     0.0000Tol(Act/Req):0.3041E-02/0.1000E-04
# With parameters(tra.):     0.1370E-05    0.2864E-07   -0.1023E-05
# With parameters(rot.):     0.1354E+00   -0.4205E+00    0.4636E+00
# Minimization at step:   164 with Value:     0.0000Tol(Act/Req):0.2869E-02/0.1000E-04
# With parameters(tra.):     0.1704E-05   -0.4041E-07   -0.7511E-06
# With parameters(rot.):     0.1354E+00   -0.4205E+00    0.4636E+00
# Minimization at step:   165 with Value:     0.0000Tol(Act/Req):0.2824E-02/0.1000E-04
# With parameters(tra.):     0.1662E-05    0.3350E-07   -0.6283E-06
# With parameters(rot.):     0.1354E+00   -0.4205E+00    0.4636E+00
# Minimization at step:   166 with Value:     0.0000Tol(Act/Req):0.2879E-02/0.1000E-04
# With parameters(tra.):     0.1749E-05    0.3393E-06   -0.5902E-06
# With parameters(rot.):     0.1354E+00   -0.4205E+00    0.4636E+00
# Minimization at step:   167 with Value:     0.0000Tol(Act/Req):0.2895E-02/0.1000E-04
# With parameters(tra.):     0.1849E-05    0.2290E-06   -0.7602E-06
# With parameters(rot.):     0.1354E+00   -0.4205E+00    0.4636E+00
# Minimization at step:   168 with Value:     0.0000Tol(Act/Req):0.2359E-02/0.1000E-04
# With parameters(tra.):     0.1275E-06   -0.2561E-06   -0.7646E-06
# With parameters(rot.):     0.1354E+00   -0.4205E+00    0.4636E+00
# Minimization at step:   169 with Value:     0.0000Tol(Act/Req):0.1860E-02/0.1000E-04
# With parameters(tra.):     0.2179E-06   -0.4480E-06   -0.8183E-06
# With parameters(rot.):     0.1354E+00   -0.4205E+00    0.4636E+00
# Minimization at step:   170 with Value:     0.0000Tol(Act/Req):0.5357E-03/0.1000E-04
# With parameters(tra.):     0.6559E-06   -0.3427E-06   -0.8216E-06
# With parameters(rot.):     0.1354E+00   -0.4205E+00    0.4636E+00
# Minimization at step:   171 with Value:     0.0000Tol(Act/Req):0.5369E-03/0.1000E-04
# With parameters(tra.):     0.2367E-06   -0.3203E-06   -0.6405E-06
# With parameters(rot.):     0.1354E+00   -0.4205E+00    0.4636E+00
# Minimization at step:   172 with Value:     0.0000Tol(Act/Req):0.7269E-03/0.1000E-04
# With parameters(tra.):     0.2328E-07   -0.2231E-06   -0.6815E-06
# With parameters(rot.):     0.1354E+00   -0.4205E+00    0.4636E+00
# Minimization at step:   173 with Value:     0.0000Tol(Act/Req):0.6087E-03/0.1000E-04
# With parameters(tra.):     0.1297E-06   -0.4220E-06   -0.1149E-06
# With parameters(rot.):     0.1354E+00   -0.4205E+00    0.4636E+00
# Minimization at step:   174 with Value:     0.0000Tol(Act/Req):0.4847E-03/0.1000E-04
# With parameters(tra.):    -0.2366E-06   -0.6431E-07    0.1198E-06
# With parameters(rot.):     0.1354E+00   -0.4205E+00    0.4636E+00
# Minimization at step:   175 with Value:     0.0000Tol(Act/Req):0.4719E-03/0.1000E-04
# With parameters(tra.):    -0.3599E-06   -0.1439E-06    0.1081E-06
# With parameters(rot.):     0.1354E+00   -0.4205E+00    0.4636E+00
# Minimization at step:   176 with Value:     0.0000Tol(Act/Req):0.4753E-03/0.1000E-04
# With parameters(tra.):    -0.2256E-06   -0.7464E-07    0.1839E-06
# With parameters(rot.):     0.1354E+00   -0.4205E+00    0.4636E+00
# Minimization at step:   177 with Value:     0.0000Tol(Act/Req):0.4647E-03/0.1000E-04
# With parameters(tra.):    -0.2818E-06    0.4054E-08    0.6716E-07
# With parameters(rot.):     0.1354E+00   -0.4205E+00    0.4636E+00
# Minimization at step:   178 with Value:     0.0000Tol(Act/Req):0.4588E-03/0.1000E-04
# With parameters(tra.):    -0.1940E-06   -0.7969E-07    0.4112E-08
# With parameters(rot.):     0.1354E+00   -0.4205E+00    0.4636E+00
# Minimization at step:   179 with Value:     0.0000Tol(Act/Req):0.4569E-03/0.1000E-04
# With parameters(tra.):    -0.1832E-06   -0.1450E-06    0.4579E-07
# With parameters(rot.):     0.1354E+00   -0.4205E+00    0.4636E+00
# Minimization at step:   180 with Value:     0.0000Tol(Act/Req):0.2101E-03/0.1000E-04
# With parameters(tra.):    -0.1134E-06   -0.1359E-06    0.5770E-07
# With parameters(rot.):     0.1354E+00   -0.4205E+00    0.4636E+00
# Minimization at step:   181 with Value:     0.0000Tol(Act/Req):0.9922E-04/0.1000E-04
# With parameters(tra.):    -0.2314E-06   -0.8007E-07    0.9879E-07
# With parameters(rot.):     0.1354E+00   -0.4205E+00    0.4636E+00
# Minimization at step:   182 with Value:     0.0000Tol(Act/Req):0.1099E-03/0.1000E-04
# With parameters(tra.):    -0.2824E-06   -0.1145E-06    0.9219E-07
# With parameters(rot.):     0.1354E+00   -0.4205E+00    0.4636E+00
# Minimization at step:   183 with Value:     0.0000Tol(Act/Req):0.1049E-03/0.1000E-04
# With parameters(tra.):    -0.3266E-07    0.1060E-07    0.2132E-06
# With parameters(rot.):     0.1354E+00   -0.4205E+00    0.4636E+00
# Minimization at step:   184 with Value:     0.0000Tol(Act/Req):0.9389E-04/0.1000E-04
# With parameters(tra.):    -0.6206E-07    0.1702E-06    0.2835E-07
# With parameters(rot.):     0.1354E+00   -0.4205E+00    0.4636E+00
# Minimization at step:   185 with Value:     0.0000Tol(Act/Req):0.1108E-03/0.1000E-04
# With parameters(tra.):    -0.7163E-08    0.1491E-06   -0.1157E-08
# With parameters(rot.):     0.1354E+00   -0.4205E+00    0.4636E+00
# Minimization at step:   186 with Value:     0.0000Tol(Act/Req):0.9516E-04/0.1000E-04
# With parameters(tra.):    -0.6748E-07    0.1294E-06   -0.4927E-07
# With parameters(rot.):     0.1354E+00   -0.4205E+00    0.4636E+00
# Minimization at step:   187 with Value:     0.0000Tol(Act/Req):0.9427E-04/0.1000E-04
# With parameters(tra.):    -0.2875E-07    0.1560E-06   -0.5223E-07
# With parameters(rot.):     0.1354E+00   -0.4205E+00    0.4636E+00
# Minimization at step:   188 with Value:     0.0000Tol(Act/Req):0.7531E-04/0.1000E-04
# With parameters(tra.):    -0.1862E-07    0.1149E-06   -0.1274E-07
# With parameters(rot.):     0.1354E+00   -0.4205E+00    0.4636E+00
# Minimization at step:   189 with Value:     0.0000Tol(Act/Req):0.4525E-04/0.1000E-04
# With parameters(tra.):     0.5130E-09    0.1040E-06    0.3227E-08
# With parameters(rot.):     0.1354E+00   -0.4205E+00    0.4636E+00
# Minimization at step:   190 with Value:     0.0000Tol(Act/Req):0.3455E-04/0.1000E-04
# With parameters(tra.):    -0.3920E-07    0.1472E-06    0.1581E-07
# With parameters(rot.):     0.1354E+00   -0.4205E+00    0.4636E+00
# Minimization at step:   191 with Value:     0.0000Tol(Act/Req):0.1523E-04/0.1000E-04
# With parameters(tra.):    -0.4442E-07    0.1518E-06    0.6142E-08
# With parameters(rot.):     0.1354E+00   -0.4205E+00    0.4636E+00
# Minimization at step:   192 with Value:     0.0000Tol(Act/Req):0.1219E-04/0.1000E-04
# With parameters(tra.):     0.5295E-07    0.1106E-06   -0.5043E-07
# With parameters(rot.):     0.1354E+00   -0.4205E+00    0.4636E+00
# Minimization at step:   193 with Value:     0.0000Tol(Act/Req):0.1989E-04/0.1000E-04
# With parameters(tra.):     0.7913E-07    0.1201E-06   -0.5176E-07
# With parameters(rot.):     0.1354E+00   -0.4205E+00    0.4636E+00
# Minimization at step:   194 with Value:     0.0000Tol(Act/Req):0.1847E-04/0.1000E-04
# With parameters(tra.):     0.9524E-07    0.1160E-06   -0.4836E-07
# With parameters(rot.):     0.1354E+00   -0.4205E+00    0.4636E+00
# Minimization at step:   195 with Value:     0.0000Tol(Act/Req):0.1841E-04/0.1000E-04
# With parameters(tra.):     0.7443E-07    0.1267E-06   -0.3405E-07
# With parameters(rot.):     0.1354E+00   -0.4205E+00    0.4636E+00
# Minimization at step:   196 with Value:     0.0000Tol(Act/Req):0.1656E-04/0.1000E-04
# With parameters(tra.):     0.5609E-07    0.1166E-06   -0.5684E-07
# With parameters(rot.):     0.1354E+00   -0.4205E+00    0.4636E+00
# Minimization at step:   197 with Value:     0.0000Tol(Act/Req):0.8637E-05/0.1000E-04
# With parameters(tra.):     0.6738E-07    0.9625E-07   -0.4076E-07
# With parameters(rot.):     0.1354E+00   -0.4205E+00    0.4636E+00
# CSM Simplex Values from input minimization.
# Final Number of Simplex optim. Steps:   197
# Final CSM Simplex Value is:      0.00000000000
[molecule] Nrec=   3 Format=nscxyz
  c                1    6   -0.14142138D+01   0.70710686D+00   0.70710624D+00
  n                2    7    0.52708348D-07   0.39218866D-06  -0.28515310D-06
  c                3    6    0.14142139D+01  -0.70710608D+00  -0.70710681D+00
# Coordinates rotated along X. New coordinates:
[molecule] Nrec=   3 Format=nscxyz
  c                1    6   -0.17320508D+01   0.49402204D-15  -0.61142731D-16
  n                2    7    0.00000000D+00   0.00000000D+00   0.00000000D+00
  c                3    6    0.17320508D+01  -0.49402204D-15   0.61142731D-16
# Minimization at step:     0 with Value:     0.0411Tol(Act/Req):0.2699E+00/0.1000E-04
# With parameters(tra.):     0.1429E-01    0.1429E-01    0.1429E-01
# With parameters(rot.):     0.1429E-01    0.1429E-01    0.1429E-01
# Minimization at step:     1 with Value:     0.0404Tol(Act/Req):0.2699E+00/0.1000E-04
# With parameters(tra.):     0.1548E-01    0.7143E-02    0.1548E-01
# With parameters(rot.):     0.1548E-01    0.1548E-01    0.1548E-01
# Minimization at step:     2 with Value:     0.0397Tol(Act/Req):0.2166E+00/0.1000E-04
# With parameters(tra.):     0.1935E-01    0.8929E-02   -0.5655E-02
# With parameters(rot.):     0.1935E-01    0.1935E-01    0.1935E-01
# Minimization at step:     3 with Value:     0.0392Tol(Act/Req):0.1908E+00/0.1000E-04
# With parameters(tra.):    -0.8185E-03    0.1116E-01   -0.7068E-02
# With parameters(rot.):     0.2418E-01    0.2418E-01    0.2418E-01
# Minimization at step:     4 with Value:     0.0372Tol(Act/Req):0.3786E+00/0.1000E-04
# With parameters(tra.):    -0.1228E-02    0.1674E-01   -0.1060E-01
# With parameters(rot.):     0.3627E-01   -0.1373E-01    0.3627E-01
# Minimization at step:     5 with Value:     0.0365Tol(Act/Req):0.3762E+00/0.1000E-04
# With parameters(tra.):    -0.4415E-02    0.5655E-02   -0.1691E-01
# With parameters(rot.):     0.4559E-01   -0.2108E-01    0.4559E-01
# Minimization at step:     6 with Value:     0.0353Tol(Act/Req):0.3569E+00/0.1000E-04
# With parameters(tra.):    -0.1491E-01    0.3373E-02   -0.6581E-02
# With parameters(rot.):     0.5175E-01   -0.3714E-01    0.5175E-01
# Minimization at step:     7 with Value:     0.0338Tol(Act/Req):0.3338E+00/0.1000E-04
# With parameters(tra.):    -0.6170E-02   -0.7110E-03   -0.5476E-02
# With parameters(rot.):     0.5772E-01   -0.6080E-01    0.5772E-01
# Minimization at step:     8 with Value:     0.0307Tol(Act/Req):0.7933E+00/0.1000E-04
# With parameters(tra.):    -0.9255E-02   -0.1066E-02   -0.8213E-02
# With parameters(rot.):     0.8658E-01   -0.9120E-01    0.8658E-01
# Minimization at step:     9 with Value:     0.0261Tol(Act/Req):0.1356E+01/0.1000E-04
# With parameters(tra.):    -0.1388E-01   -0.1600E-02   -0.1232E-01
# With parameters(rot.):     0.7987E-01   -0.1368E+00    0.1299E+00
# Minimization at step:    10 with Value:     0.0231Tol(Act/Req):0.1344E+01/0.1000E-04
# With parameters(tra.):    -0.1385E-01    0.7068E-02   -0.4477E-02
# With parameters(rot.):     0.8198E-01   -0.1680E+00    0.1486E+00
# Minimization at step:    11 with Value:     0.0194Tol(Act/Req):0.1311E+01/0.1000E-04
# With parameters(tra.):    -0.1847E-01    0.9425E-02   -0.5969E-02
# With parameters(rot.):     0.1093E+00   -0.2240E+00    0.1649E+00
# Minimization at step:    12 with Value:     0.0156Tol(Act/Req):0.1315E+01/0.1000E-04
# With parameters(tra.):    -0.9155E-02    0.1372E-01   -0.1610E-01
# With parameters(rot.):     0.1223E+00   -0.2703E+00    0.1964E+00
# Minimization at step:    13 with Value:     0.0121Tol(Act/Req):0.1448E+01/0.1000E-04
# With parameters(tra.):    -0.1889E-01    0.2262E-01   -0.2075E-01
# With parameters(rot.):     0.1379E+00   -0.3164E+00    0.2367E+00
# Minimization at step:    14 with Value:     0.0084Tol(Act/Req):0.1574E+01/0.1000E-04
# With parameters(tra.):    -0.2424E-01    0.1714E-01   -0.1941E-01
# With parameters(rot.):     0.1557E+00   -0.3668E+00    0.2873E+00
# Minimization at step:    15 with Value:     0.0068Tol(Act/Req):0.1518E+01/0.1000E-04
# With parameters(tra.):    -0.2512E-01    0.2368E-01   -0.1950E-01
# With parameters(rot.):     0.1402E+00   -0.4181E+00    0.3158E+00
# Minimization at step:    16 with Value:     0.0053Tol(Act/Req):0.1245E+01/0.1000E-04
# With parameters(tra.):    -0.2796E-01    0.2133E-01   -0.2913E-01
# With parameters(rot.):     0.1532E+00   -0.4572E+00    0.3435E+00
# Minimization at step:    17 with Value:     0.0048Tol(Act/Req):0.1091E+01/0.1000E-04
# With parameters(tra.):    -0.2650E-01    0.2294E-01   -0.3536E-01
# With parameters(rot.):     0.1405E+00   -0.4789E+00    0.3868E+00
# Minimization at step:    18 with Value:     0.0043Tol(Act/Req):0.9992E+00/0.1000E-04
# With parameters(tra.):    -0.2601E-01    0.2517E-01   -0.3592E-01
# With parameters(rot.):     0.1477E+00   -0.4922E+00    0.3938E+00
# Minimization at step:    19 with Value:     0.0039Tol(Act/Req):0.9239E+00/0.1000E-04
# With parameters(tra.):    -0.2974E-01    0.2505E-01   -0.3503E-01
# With parameters(rot.):     0.1466E+00   -0.4992E+00    0.4023E+00
# Minimization at step:    20 with Value:     0.0035Tol(Act/Req):0.8543E+00/0.1000E-04
# With parameters(tra.):    -0.3038E-01    0.2482E-01   -0.3345E-01
# With parameters(rot.):     0.1503E+00   -0.4954E+00    0.3928E+00
# Minimization at step:    21 with Value:     0.0034Tol(Act/Req):0.7590E+00/0.1000E-04
# With parameters(tra.):    -0.3125E-01    0.1866E-01   -0.3802E-01
# With parameters(rot.):     0.1691E+00   -0.4699E+00    0.3900E+00
# Minimization at step:    22 with Value:     0.0032Tol(Act/Req):0.7182E+00/0.1000E-04
# With parameters(tra.):    -0.2563E-01    0.8440E-02   -0.3913E-01
# With parameters(rot.):     0.1639E+00   -0.4749E+00    0.4009E+00
# Minimization at step:    23 with Value:     0.0028Tol(Act/Req):0.9546E+00/0.1000E-04
# With parameters(tra.):    -0.2296E-01    0.5708E-02   -0.3603E-01
# With parameters(rot.):     0.1589E+00   -0.4547E+00    0.4016E+00
# Minimization at step:    24 with Value:     0.0025Tol(Act/Req):0.7948E+00/0.1000E-04
# With parameters(tra.):    -0.1933E-01    0.7554E-02   -0.3081E-01
# With parameters(rot.):     0.1367E+00   -0.4752E+00    0.4082E+00
# Minimization at step:    25 with Value:     0.0024Tol(Act/Req):0.7832E+00/0.1000E-04
# With parameters(tra.):    -0.1691E-01    0.1343E-02   -0.2675E-01
# With parameters(rot.):     0.1395E+00   -0.4610E+00    0.3943E+00
# Minimization at step:    26 with Value:     0.0021Tol(Act/Req):0.7218E+00/0.1000E-04
# With parameters(tra.):    -0.2010E-01   -0.6800E-02   -0.2223E-01
# With parameters(rot.):     0.1349E+00   -0.4621E+00    0.4087E+00
# Minimization at step:    27 with Value:     0.0019Tol(Act/Req):0.6887E+00/0.1000E-04
# With parameters(tra.):    -0.2388E-01   -0.1663E-02   -0.1549E-01
# With parameters(rot.):     0.1304E+00   -0.4528E+00    0.4004E+00
# Minimization at step:    28 with Value:     0.0017Tol(Act/Req):0.4311E+00/0.1000E-04
# With parameters(tra.):    -0.2218E-01   -0.6161E-02   -0.9784E-02
# With parameters(rot.):     0.1391E+00   -0.4663E+00    0.4166E+00
# Minimization at step:    29 with Value:     0.0016Tol(Act/Req):0.6871E+00/0.1000E-04
# With parameters(tra.):    -0.2323E-01   -0.5233E-02   -0.9382E-02
# With parameters(rot.):     0.1384E+00   -0.4703E+00    0.4219E+00
# Minimization at step:    30 with Value:     0.0016Tol(Act/Req):0.6261E+00/0.1000E-04
# With parameters(tra.):    -0.2816E-01   -0.1134E-01   -0.7470E-02
# With parameters(rot.):     0.1612E+00   -0.4482E+00    0.4199E+00
# Minimization at step:    31 with Value:     0.0014Tol(Act/Req):0.6476E+00/0.1000E-04
# With parameters(tra.):    -0.2715E-01   -0.1235E-01   -0.6808E-02
# With parameters(rot.):     0.1572E+00   -0.4424E+00    0.4183E+00
# Minimization at step:    32 with Value:     0.0013Tol(Act/Req):0.5385E+00/0.1000E-04
# With parameters(tra.):    -0.2320E-01   -0.8015E-02   -0.8076E-02
# With parameters(rot.):     0.1391E+00   -0.4576E+00    0.4194E+00
# Minimization at step:    33 with Value:     0.0012Tol(Act/Req):0.6563E+00/0.1000E-04
# With parameters(tra.):    -0.2220E-01   -0.9828E-02   -0.9144E-02
# With parameters(rot.):     0.1410E+00   -0.4603E+00    0.4231E+00
# Minimization at step:    34 with Value:     0.0011Tol(Act/Req):0.6383E+00/0.1000E-04
# With parameters(tra.):    -0.1971E-01   -0.2694E-02   -0.9304E-02
# With parameters(rot.):     0.1476E+00   -0.4585E+00    0.4134E+00
# Minimization at step:    35 with Value:     0.0010Tol(Act/Req):0.6520E+00/0.1000E-04
# With parameters(tra.):    -0.1993E-01   -0.1281E-02   -0.1069E-01
# With parameters(rot.):     0.1462E+00   -0.4545E+00    0.4091E+00
# Minimization at step:    36 with Value:     0.0009Tol(Act/Req):0.4840E+00/0.1000E-04
# With parameters(tra.):    -0.2034E-01   -0.1180E-02   -0.9351E-02
# With parameters(rot.):     0.1464E+00   -0.4595E+00    0.4096E+00
# Minimization at step:    37 with Value:     0.0009Tol(Act/Req):0.3910E+00/0.1000E-04
# With parameters(tra.):    -0.2102E-01   -0.2838E-02   -0.9316E-02
# With parameters(rot.):     0.1446E+00   -0.4600E+00    0.4117E+00
# Minimization at step:    38 with Value:     0.0008Tol(Act/Req):0.3677E+00/0.1000E-04
# With parameters(tra.):    -0.2237E-01   -0.1841E-03   -0.8490E-02
# With parameters(rot.):     0.1452E+00   -0.4646E+00    0.4189E+00
# Minimization at step:    39 with Value:     0.0007Tol(Act/Req):0.5222E+00/0.1000E-04
# With parameters(tra.):    -0.1875E-01    0.1864E-02   -0.7726E-02
# With parameters(rot.):     0.1332E+00   -0.4604E+00    0.4159E+00
# Minimization at step:    40 with Value:     0.0007Tol(Act/Req):0.4018E+00/0.1000E-04
# With parameters(tra.):    -0.1991E-01    0.2269E-02   -0.6764E-02
# With parameters(rot.):     0.1433E+00   -0.4513E+00    0.4140E+00
# Minimization at step:    41 with Value:     0.0007Tol(Act/Req):0.4014E+00/0.1000E-04
# With parameters(tra.):    -0.2008E-01    0.2607E-02   -0.5879E-02
# With parameters(rot.):     0.1431E+00   -0.4531E+00    0.4146E+00
# Minimization at step:    42 with Value:     0.0006Tol(Act/Req):0.6478E+00/0.1000E-04
# With parameters(tra.):    -0.2163E-01    0.3567E-03   -0.4053E-02
# With parameters(rot.):     0.1371E+00   -0.4512E+00    0.4223E+00
# Minimization at step:    43 with Value:     0.0005Tol(Act/Req):0.8446E+00/0.1000E-04
# With parameters(tra.):    -0.1944E-01    0.1248E-03   -0.4492E-02
# With parameters(rot.):     0.1395E+00   -0.4536E+00    0.4293E+00
# Minimization at step:    44 with Value:     0.0005Tol(Act/Req):0.7767E+00/0.1000E-04
# With parameters(tra.):    -0.1712E-01   -0.2426E-02   -0.3984E-02
# With parameters(rot.):     0.1370E+00   -0.4453E+00    0.4255E+00
# Minimization at step:    45 with Value:     0.0005Tol(Act/Req):0.6156E+00/0.1000E-04
# With parameters(tra.):    -0.1662E-01    0.1936E-04   -0.4522E-02
# With parameters(rot.):     0.1310E+00   -0.4342E+00    0.4224E+00
# Minimization at step:    46 with Value:     0.0004Tol(Act/Req):0.1040E+01/0.1000E-04
# With parameters(tra.):    -0.1540E-01   -0.2611E-03   -0.1189E-02
# With parameters(rot.):     0.1245E+00   -0.4303E+00    0.4281E+00
# Minimization at step:    47 with Value:     0.0004Tol(Act/Req):0.1506E+01/0.1000E-04
# With parameters(tra.):    -0.1274E-01   -0.1510E-02   -0.2929E-03
# With parameters(rot.):     0.1082E+00   -0.4324E+00    0.4347E+00
# Minimization at step:    48 with Value:     0.0003Tol(Act/Req):0.1457E+01/0.1000E-04
# With parameters(tra.):    -0.1255E-01   -0.2249E-02    0.1940E-03
# With parameters(rot.):     0.1078E+00   -0.4351E+00    0.4365E+00
# Minimization at step:    49 with Value:     0.0003Tol(Act/Req):0.1387E+01/0.1000E-04
# With parameters(tra.):    -0.1409E-01   -0.5667E-02    0.2070E-02
# With parameters(rot.):     0.1113E+00   -0.4308E+00    0.4465E+00
# Minimization at step:    50 with Value:     0.0003Tol(Act/Req):0.1308E+01/0.1000E-04
# With parameters(tra.):    -0.1541E-01   -0.4197E-02    0.3581E-02
# With parameters(rot.):     0.1051E+00   -0.4342E+00    0.4572E+00
# Minimization at step:    51 with Value:     0.0002Tol(Act/Req):0.1810E+01/0.1000E-04
# With parameters(tra.):    -0.1126E-01   -0.2715E-02    0.3691E-02
# With parameters(rot.):     0.1026E+00   -0.4311E+00    0.4586E+00
# Minimization at step:    52 with Value:     0.0002Tol(Act/Req):0.1794E+01/0.1000E-04
# With parameters(tra.):    -0.9233E-02   -0.3447E-02    0.2585E-02
# With parameters(rot.):     0.1065E+00   -0.4278E+00    0.4508E+00
# Minimization at step:    53 with Value:     0.0002Tol(Act/Req):0.1769E+01/0.1000E-04
# With parameters(tra.):    -0.8442E-02   -0.2407E-02    0.2159E-02
# With parameters(rot.):     0.1052E+00   -0.4286E+00    0.4487E+00
# Minimization at step:    54 with Value:     0.0001Tol(Act/Req):0.1727E+01/0.1000E-04
# With parameters(tra.):    -0.8072E-02   -0.2560E-02    0.2823E-02
# With parameters(rot.):     0.1018E+00   -0.4259E+00    0.4486E+00
# Minimization at step:    55 with Value:     0.0001Tol(Act/Req):0.1626E+01/0.1000E-04
# With parameters(tra.):    -0.6658E-02   -0.3746E-02    0.4211E-02
# With parameters(rot.):     0.9967E-01   -0.4275E+00    0.4543E+00
# Minimization at step:    56 with Value:     0.0001Tol(Act/Req):0.1497E+01/0.1000E-04
# With parameters(tra.):    -0.5690E-02   -0.4337E-02    0.2227E-02
# With parameters(rot.):     0.9997E-01   -0.4308E+00    0.4551E+00
# Minimization at step:    57 with Value:     0.0001Tol(Act/Req):0.1472E+01/0.1000E-04
# With parameters(tra.):    -0.5732E-02   -0.4289E-02    0.2382E-02
# With parameters(rot.):     0.9877E-01   -0.4316E+00    0.4568E+00
# Minimization at step:    58 with Value:     0.0001Tol(Act/Req):0.1431E+01/0.1000E-04
# With parameters(tra.):    -0.3246E-02   -0.2837E-02    0.1604E-02
# With parameters(rot.):     0.9407E-01   -0.4342E+00    0.4552E+00
# Minimization at step:    59 with Value:     0.0001Tol(Act/Req):0.1248E+01/0.1000E-04
# With parameters(tra.):    -0.8989E-03   -0.3236E-02    0.2525E-02
# With parameters(rot.):     0.8458E-01   -0.4316E+00    0.4572E+00
# Minimization at step:    60 with Value:     0.0001Tol(Act/Req):0.1246E+01/0.1000E-04
# With parameters(tra.):    -0.1325E-02   -0.3632E-02    0.2797E-02
# With parameters(rot.):     0.8496E-01   -0.4308E+00    0.4577E+00
# Minimization at step:    61 with Value:     0.0000Tol(Act/Req):0.1421E+01/0.1000E-04
# With parameters(tra.):    -0.1739E-03   -0.3091E-02    0.2931E-02
# With parameters(rot.):     0.9357E-01   -0.4281E+00    0.4588E+00
# Minimization at step:    62 with Value:     0.0000Tol(Act/Req):0.1400E+01/0.1000E-04
# With parameters(tra.):     0.1044E-02   -0.2082E-02    0.1579E-02
# With parameters(rot.):     0.9294E-01   -0.4271E+00    0.4564E+00
# Minimization at step:    63 with Value:     0.0000Tol(Act/Req):0.1300E+01/0.1000E-04
# With parameters(tra.):     0.2244E-02   -0.1222E-02    0.2408E-02
# With parameters(rot.):     0.9103E-01   -0.4246E+00    0.4564E+00
# Minimization at step:    64 with Value:     0.0000Tol(Act/Req):0.1086E+01/0.1000E-04
# With parameters(tra.):     0.2887E-02   -0.9428E-03    0.2488E-02
# With parameters(rot.):     0.8978E-01   -0.4244E+00    0.4571E+00
# Minimization at step:    65 with Value:     0.0000Tol(Act/Req):0.1002E+01/0.1000E-04
# With parameters(tra.):     0.1802E-02    0.2200E-03    0.1554E-02
# With parameters(rot.):     0.1010E+00   -0.4246E+00    0.4552E+00
# Minimization at step:    66 with Value:     0.0000Tol(Act/Req):0.9542E+00/0.1000E-04
# With parameters(tra.):     0.1850E-02    0.3429E-03    0.1586E-02
# With parameters(rot.):     0.1025E+00   -0.4237E+00    0.4552E+00
# Minimization at step:    67 with Value:     0.0000Tol(Act/Req):0.9469E+00/0.1000E-04
# With parameters(tra.):     0.2125E-02    0.6249E-04    0.1822E-02
# With parameters(rot.):     0.9986E-01   -0.4235E+00    0.4557E+00
# Minimization at step:    68 with Value:     0.0000Tol(Act/Req):0.7483E+00/0.1000E-04
# With parameters(tra.):     0.1910E-02   -0.1113E-04    0.2180E-02
# With parameters(rot.):     0.1006E+00   -0.4235E+00    0.4563E+00
# Minimization at step:    69 with Value:     0.0000Tol(Act/Req):0.5905E+00/0.1000E-04
# With parameters(tra.):     0.9997E-03   -0.1803E-03    0.1551E-02
# With parameters(rot.):     0.1051E+00   -0.4248E+00    0.4563E+00
# Minimization at step:    70 with Value:     0.0000Tol(Act/Req):0.3668E+00/0.1000E-04
# With parameters(tra.):     0.1658E-02    0.6329E-03    0.1398E-02
# With parameters(rot.):     0.1077E+00   -0.4245E+00    0.4576E+00
# Minimization at step:    71 with Value:     0.0000Tol(Act/Req):0.7267E+00/0.1000E-04
# With parameters(tra.):     0.1689E-02    0.9754E-03    0.1399E-02
# With parameters(rot.):     0.1124E+00   -0.4229E+00    0.4585E+00
# Minimization at step:    72 with Value:     0.0000Tol(Act/Req):0.6906E+00/0.1000E-04
# With parameters(tra.):     0.1731E-02    0.9124E-03    0.1181E-02
# With parameters(rot.):     0.1139E+00   -0.4230E+00    0.4582E+00
# Minimization at step:    73 with Value:     0.0000Tol(Act/Req):0.7238E+00/0.1000E-04
# With parameters(tra.):     0.2150E-02    0.6348E-03    0.1439E-02
# With parameters(rot.):     0.1132E+00   -0.4226E+00    0.4600E+00
# Minimization at step:    74 with Value:     0.0000Tol(Act/Req):0.6120E+00/0.1000E-04
# With parameters(tra.):     0.1801E-02    0.7029E-03    0.1909E-02
# With parameters(rot.):     0.1189E+00   -0.4222E+00    0.4622E+00
# Minimization at step:    75 with Value:     0.0000Tol(Act/Req):0.5840E+00/0.1000E-04
# With parameters(tra.):     0.1190E-02   -0.8697E-04    0.2233E-02
# With parameters(rot.):     0.1200E+00   -0.4217E+00    0.4625E+00
# Minimization at step:    76 with Value:     0.0000Tol(Act/Req):0.6913E+00/0.1000E-04
# With parameters(tra.):     0.1227E-02   -0.1698E-03    0.2142E-02
# With parameters(rot.):     0.1187E+00   -0.4217E+00    0.4619E+00
# Minimization at step:    77 with Value:     0.0000Tol(Act/Req):0.9659E+00/0.1000E-04
# With parameters(tra.):     0.1473E-02   -0.1266E-03    0.2349E-02
# With parameters(rot.):     0.1187E+00   -0.4211E+00    0.4624E+00
# Minimization at step:    78 with Value:     0.0000Tol(Act/Req):0.8195E+00/0.1000E-04
# With parameters(tra.):     0.8715E-03    0.3201E-03    0.2021E-02
# With parameters(rot.):     0.1185E+00   -0.4215E+00    0.4625E+00
# Minimization at step:    79 with Value:     0.0000Tol(Act/Req):0.7299E+00/0.1000E-04
# With parameters(tra.):     0.9975E-03    0.5514E-03    0.1922E-02
# With parameters(rot.):     0.1181E+00   -0.4216E+00    0.4625E+00
# Minimization at step:    80 with Value:     0.0000Tol(Act/Req):0.7560E+00/0.1000E-04
# With parameters(tra.):     0.7551E-03    0.1820E-03    0.1637E-02
# With parameters(rot.):     0.1246E+00   -0.4212E+00    0.4636E+00
# Minimization at step:    81 with Value:     0.0000Tol(Act/Req):0.7217E+00/0.1000E-04
# With parameters(tra.):     0.6694E-03    0.3029E-04    0.1657E-02
# With parameters(rot.):     0.1244E+00   -0.4215E+00    0.4638E+00
# Minimization at step:    82 with Value:     0.0000Tol(Act/Req):0.6053E+00/0.1000E-04
# With parameters(tra.):    -0.2433E-03    0.1064E-03    0.1471E-02
# With parameters(rot.):     0.1288E+00   -0.4216E+00    0.4633E+00
# Minimization at step:    83 with Value:     0.0000Tol(Act/Req):0.7843E+00/0.1000E-04
# With parameters(tra.):    -0.6604E-03    0.3279E-04    0.1066E-02
# With parameters(rot.):     0.1295E+00   -0.4216E+00    0.4627E+00
# Minimization at step:    84 with Value:     0.0000Tol(Act/Req):0.6787E+00/0.1000E-04
# With parameters(tra.):    -0.9609E-03    0.3227E-03    0.5837E-03
# With parameters(rot.):     0.1325E+00   -0.4219E+00    0.4627E+00
# Minimization at step:    85 with Value:     0.0000Tol(Act/Req):0.6784E+00/0.1000E-04
# With parameters(tra.):    -0.9701E-03   -0.1232E-03    0.4327E-03
# With parameters(rot.):     0.1374E+00   -0.4216E+00    0.4626E+00
# Minimization at step:    86 with Value:     0.0000Tol(Act/Req):0.5944E+00/0.1000E-04
# With parameters(tra.):    -0.1291E-02   -0.3570E-04    0.2070E-03
# With parameters(rot.):     0.1437E+00   -0.4206E+00    0.4635E+00
# Minimization at step:    87 with Value:     0.0000Tol(Act/Req):0.7297E+00/0.1000E-04
# With parameters(tra.):    -0.7280E-03   -0.1592E-03   -0.2812E-04
# With parameters(rot.):     0.1443E+00   -0.4202E+00    0.4641E+00
# Minimization at step:    88 with Value:     0.0000Tol(Act/Req):0.1180E+01/0.1000E-04
# With parameters(tra.):    -0.7708E-03   -0.6447E-04   -0.7200E-04
# With parameters(rot.):     0.1437E+00   -0.4202E+00    0.4638E+00
# Minimization at step:    89 with Value:     0.0000Tol(Act/Req):0.1502E+01/0.1000E-04
# With parameters(tra.):    -0.9336E-03   -0.1482E-03   -0.2063E-03
# With parameters(rot.):     0.1453E+00   -0.4203E+00    0.4639E+00
# Minimization at step:    90 with Value:     0.0000Tol(Act/Req):0.1430E+01/0.1000E-04
# With parameters(tra.):    -0.4932E-03   -0.2732E-03   -0.1185E-03
# With parameters(rot.):     0.1395E+00   -0.4212E+00    0.4630E+00
# Minimization at step:    91 with Value:     0.0000Tol(Act/Req):0.1402E+01/0.1000E-04
# With parameters(tra.):    -0.3791E-03   -0.3953E-03   -0.5637E-04
# With parameters(rot.):     0.1393E+00   -0.4211E+00    0.4630E+00
# Minimization at step:    92 with Value:     0.0000Tol(Act/Req):0.1257E+01/0.1000E-04
# With parameters(tra.):    -0.4797E-03   -0.3743E-03   -0.7316E-04
# With parameters(rot.):     0.1408E+00   -0.4208E+00    0.4632E+00
# Minimization at step:    93 with Value:     0.0000Tol(Act/Req):0.1250E+01/0.1000E-04
# With parameters(tra.):    -0.3070E-03   -0.1214E-04   -0.9070E-04
# With parameters(rot.):     0.1370E+00   -0.4208E+00    0.4636E+00
# Minimization at step:    94 with Value:     0.0000Tol(Act/Req):0.1110E+01/0.1000E-04
# With parameters(tra.):    -0.1733E-03    0.2513E-05   -0.8596E-04
# With parameters(rot.):     0.1374E+00   -0.4208E+00    0.4638E+00
# Minimization at step:    95 with Value:     0.0000Tol(Act/Req):0.1049E+01/0.1000E-04
# With parameters(tra.):    -0.2679E-03    0.4686E-04   -0.3200E-04
# With parameters(rot.):     0.1367E+00   -0.4209E+00    0.4636E+00
# Minimization at step:    96 with Value:     0.0000Tol(Act/Req):0.1245E+01/0.1000E-04
# With parameters(tra.):    -0.3078E-03   -0.3876E-04   -0.2272E-04
# With parameters(rot.):     0.1376E+00   -0.4209E+00    0.4636E+00
# Minimization at step:    97 with Value:     0.0000Tol(Act/Req):0.1214E+01/0.1000E-04
# With parameters(tra.):    -0.2906E-03    0.1073E-04   -0.4055E-04
# With parameters(rot.):     0.1368E+00   -0.4210E+00    0.4634E+00
# Minimization at step:    98 with Value:     0.0000Tol(Act/Req):0.1176E+01/0.1000E-04
# With parameters(tra.):    -0.3252E-03    0.5335E-04   -0.4623E-04
# With parameters(rot.):     0.1372E+00   -0.4209E+00    0.4635E+00
# Minimization at step:    99 with Value:     0.0000Tol(Act/Req):0.8806E+00/0.1000E-04
# With parameters(tra.):    -0.7900E-04   -0.4133E-04    0.8136E-04
# With parameters(rot.):     0.1362E+00   -0.4206E+00    0.4637E+00
# Minimization at step:   100 with Value:     0.0000Tol(Act/Req):0.1326E+01/0.1000E-04
# With parameters(tra.):    -0.4276E-05   -0.3766E-04    0.9767E-04
# With parameters(rot.):     0.1363E+00   -0.4205E+00    0.4638E+00
# Minimization at step:   101 with Value:     0.0000Tol(Act/Req):0.1301E+01/0.1000E-04
# With parameters(tra.):    -0.8260E-05   -0.7032E-04    0.5584E-04
# With parameters(rot.):     0.1363E+00   -0.4206E+00    0.4639E+00
# Minimization at step:   102 with Value:     0.0000Tol(Act/Req):0.1040E+01/0.1000E-04
# With parameters(tra.):    -0.6391E-04   -0.4907E-04    0.2181E-04
# With parameters(rot.):     0.1366E+00   -0.4206E+00    0.4638E+00
# Minimization at step:   103 with Value:     0.0000Tol(Act/Req):0.1039E+01/0.1000E-04
# With parameters(tra.):    -0.9421E-04   -0.3489E-04    0.5328E-04
# With parameters(rot.):     0.1362E+00   -0.4207E+00    0.4638E+00
# Minimization at step:   104 with Value:     0.0000Tol(Act/Req):0.1236E+01/0.1000E-04
# With parameters(tra.):    -0.9224E-04   -0.2093E-04    0.5873E-04
# With parameters(rot.):     0.1363E+00   -0.4206E+00    0.4639E+00
# Minimization at step:   105 with Value:     0.0000Tol(Act/Req):0.1184E+01/0.1000E-04
# With parameters(tra.):    -0.9422E-04   -0.6226E-04    0.7016E-04
# With parameters(rot.):     0.1367E+00   -0.4206E+00    0.4638E+00
# Minimization at step:   106 with Value:     0.0000Tol(Act/Req):0.1020E+01/0.1000E-04
# With parameters(tra.):    -0.1933E-04   -0.6263E-05    0.7109E-04
# With parameters(rot.):     0.1355E+00   -0.4206E+00    0.4637E+00
# Minimization at step:   107 with Value:     0.0000Tol(Act/Req):0.1151E+01/0.1000E-04
# With parameters(tra.):    -0.4344E-04    0.7932E-05    0.5819E-04
# With parameters(rot.):     0.1356E+00   -0.4206E+00    0.4636E+00
# Minimization at step:   108 with Value:     0.0000Tol(Act/Req):0.1104E+01/0.1000E-04
# With parameters(tra.):    -0.4836E-04   -0.1881E-05    0.3747E-04
# With parameters(rot.):     0.1355E+00   -0.4206E+00    0.4636E+00
# Minimization at step:   109 with Value:     0.0000Tol(Act/Req):0.8655E+00/0.1000E-04
# With parameters(tra.):    -0.1468E-04    0.2938E-05    0.4061E-04
# With parameters(rot.):     0.1355E+00   -0.4206E+00    0.4637E+00
# Minimization at step:   110 with Value:     0.0000Tol(Act/Req):0.1114E+01/0.1000E-04
# With parameters(tra.):    -0.2320E-04    0.1318E-04    0.5528E-04
# With parameters(rot.):     0.1352E+00   -0.4207E+00    0.4636E+00
# Minimization at step:   111 with Value:     0.0000Tol(Act/Req):0.1109E+01/0.1000E-04
# With parameters(tra.):    -0.1646E-04    0.2300E-04    0.5772E-04
# With parameters(rot.):     0.1352E+00   -0.4206E+00    0.4637E+00
# Minimization at step:   112 with Value:     0.0000Tol(Act/Req):0.8509E+00/0.1000E-04
# With parameters(tra.):    -0.1097E-04    0.9443E-05    0.6240E-04
# With parameters(rot.):     0.1353E+00   -0.4206E+00    0.4636E+00
# Minimization at step:   113 with Value:     0.0000Tol(Act/Req):0.7249E+00/0.1000E-04
# With parameters(tra.):    -0.2276E-04    0.1419E-05    0.6152E-04
# With parameters(rot.):     0.1354E+00   -0.4206E+00    0.4637E+00
# Minimization at step:   114 with Value:     0.0000Tol(Act/Req):0.6723E+00/0.1000E-04
# With parameters(tra.):    -0.2407E-04   -0.1711E-04    0.2809E-04
# With parameters(rot.):     0.1353E+00   -0.4206E+00    0.4637E+00
# Minimization at step:   115 with Value:     0.0000Tol(Act/Req):0.8747E+00/0.1000E-04
# With parameters(tra.):    -0.3451E-04   -0.1209E-04    0.1913E-04
# With parameters(rot.):     0.1353E+00   -0.4207E+00    0.4637E+00
# Minimization at step:   116 with Value:     0.0000Tol(Act/Req):0.6776E+00/0.1000E-04
# With parameters(tra.):    -0.1932E-04   -0.1094E-04    0.1891E-04
# With parameters(rot.):     0.1353E+00   -0.4207E+00    0.4637E+00
# Minimization at step:   117 with Value:     0.0000Tol(Act/Req):0.5600E+00/0.1000E-04
# With parameters(tra.):    -0.1860E-04   -0.5793E-05    0.2650E-04
# With parameters(rot.):     0.1353E+00   -0.4207E+00    0.4637E+00
# Minimization at step:   118 with Value:     0.0000Tol(Act/Req):0.5831E+00/0.1000E-04
# With parameters(tra.):    -0.1649E-04   -0.1384E-04    0.2585E-04
# With parameters(rot.):     0.1354E+00   -0.4207E+00    0.4637E+00
# Minimization at step:   119 with Value:     0.0000Tol(Act/Req):0.3919E+00/0.1000E-04
# With parameters(tra.):    -0.3018E-05   -0.6480E-05    0.2011E-04
# With parameters(rot.):     0.1353E+00   -0.4206E+00    0.4637E+00
# Minimization at step:   120 with Value:     0.0000Tol(Act/Req):0.6078E+00/0.1000E-04
# With parameters(tra.):    -0.5598E-05   -0.2997E-05    0.2451E-04
# With parameters(rot.):     0.1352E+00   -0.4206E+00    0.4637E+00
# Minimization at step:   121 with Value:     0.0000Tol(Act/Req):0.4938E+00/0.1000E-04
# With parameters(tra.):    -0.1006E-04   -0.7377E-05    0.2099E-04
# With parameters(rot.):     0.1353E+00   -0.4206E+00    0.4637E+00
# Minimization at step:   122 with Value:     0.0000Tol(Act/Req):0.3709E+00/0.1000E-04
# With parameters(tra.):    -0.1694E-05   -0.6502E-05    0.2105E-04
# With parameters(rot.):     0.1353E+00   -0.4206E+00    0.4637E+00
# Minimization at step:   123 with Value:     0.0000Tol(Act/Req):0.3485E+00/0.1000E-04
# With parameters(tra.):    -0.1164E-04    0.5384E-05    0.3772E-05
# With parameters(rot.):     0.1353E+00   -0.4206E+00    0.4637E+00
# Minimization at step:   124 with Value:     0.0000Tol(Act/Req):0.4360E+00/0.1000E-04
# With parameters(tra.):    -0.1572E-04    0.4532E-05    0.3847E-05
# With parameters(rot.):     0.1353E+00   -0.4206E+00    0.4637E+00
# Minimization at step:   125 with Value:     0.0000Tol(Act/Req):0.3998E+00/0.1000E-04
# With parameters(tra.):    -0.1332E-04    0.1826E-04    0.1148E-04
# With parameters(rot.):     0.1353E+00   -0.4206E+00    0.4637E+00
# Minimization at step:   126 with Value:     0.0000Tol(Act/Req):0.3797E+00/0.1000E-04
# With parameters(tra.):    -0.1097E-04    0.1637E-04    0.1644E-04
# With parameters(rot.):     0.1353E+00   -0.4206E+00    0.4637E+00
# Minimization at step:   127 with Value:     0.0000Tol(Act/Req):0.6074E+00/0.1000E-04
# With parameters(tra.):    -0.4913E-05    0.1034E-04    0.1200E-04
# With parameters(rot.):     0.1354E+00   -0.4206E+00    0.4637E+00
# Minimization at step:   128 with Value:     0.0000Tol(Act/Req):0.4037E+00/0.1000E-04
# With parameters(tra.):    -0.4617E-05   -0.1941E-05    0.6403E-05
# With parameters(rot.):     0.1354E+00   -0.4206E+00    0.4637E+00
# Minimization at step:   129 with Value:     0.0000Tol(Act/Req):0.3725E+00/0.1000E-04
# With parameters(tra.):    -0.9449E-05    0.5376E-05    0.9181E-05
# With parameters(rot.):     0.1352E+00   -0.4206E+00    0.4637E+00
# Minimization at step:   130 with Value:     0.0000Tol(Act/Req):0.3680E+00/0.1000E-04
# With parameters(tra.):    -0.1163E-04    0.4248E-05    0.6435E-05
# With parameters(rot.):     0.1352E+00   -0.4206E+00    0.4637E+00
# Minimization at step:   131 with Value:     0.0000Tol(Act/Req):0.3187E+00/0.1000E-04
# With parameters(tra.):     0.1792E-05    0.9582E-05    0.1689E-05
# With parameters(rot.):     0.1352E+00   -0.4206E+00    0.4637E+00
# Minimization at step:   132 with Value:     0.0000Tol(Act/Req):0.2683E+00/0.1000E-04
# With parameters(tra.):     0.1074E-04    0.3524E-05    0.6696E-05
# With parameters(rot.):     0.1351E+00   -0.4206E+00    0.4637E+00
# Minimization at step:   133 with Value:     0.0000Tol(Act/Req):0.2648E+00/0.1000E-04
# With parameters(tra.):     0.1363E-04    0.1541E-05    0.5795E-05
# With parameters(rot.):     0.1352E+00   -0.4206E+00    0.4637E+00
# Minimization at step:   134 with Value:     0.0000Tol(Act/Req):0.2394E+00/0.1000E-04
# With parameters(tra.):     0.1524E-04   -0.1160E-05    0.6594E-05
# With parameters(rot.):     0.1351E+00   -0.4206E+00    0.4637E+00
# Minimization at step:   135 with Value:     0.0000Tol(Act/Req):0.2126E+00/0.1000E-04
# With parameters(tra.):     0.1685E-04    0.9520E-06    0.7542E-05
# With parameters(rot.):     0.1351E+00   -0.4206E+00    0.4637E+00
# Minimization at step:   136 with Value:     0.0000Tol(Act/Req):0.1362E+00/0.1000E-04
# With parameters(tra.):     0.1475E-04   -0.1100E-05    0.9217E-05
# With parameters(rot.):     0.1351E+00   -0.4206E+00    0.4637E+00
# Minimization at step:   137 with Value:     0.0000Tol(Act/Req):0.1054E+00/0.1000E-04
# With parameters(tra.):     0.1918E-04   -0.5138E-05    0.4652E-05
# With parameters(rot.):     0.1352E+00   -0.4205E+00    0.4637E+00
# Minimization at step:   138 with Value:     0.0000Tol(Act/Req):0.8177E-01/0.1000E-04
# With parameters(tra.):     0.1304E-04   -0.1968E-05   -0.1037E-05
# With parameters(rot.):     0.1352E+00   -0.4206E+00    0.4637E+00
# Minimization at step:   139 with Value:     0.0000Tol(Act/Req):0.7608E-01/0.1000E-04
# With parameters(tra.):     0.1142E-04   -0.6940E-06   -0.3701E-06
# With parameters(rot.):     0.1352E+00   -0.4206E+00    0.4637E+00
# Minimization at step:   140 with Value:     0.0000Tol(Act/Req):0.8278E-01/0.1000E-04
# With parameters(tra.):     0.1070E-04    0.1992E-07   -0.1150E-05
# With parameters(rot.):     0.1352E+00   -0.4206E+00    0.4637E+00
# Minimization at step:   141 with Value:     0.0000Tol(Act/Req):0.7956E-01/0.1000E-04
# With parameters(tra.):     0.1204E-04   -0.6070E-06    0.2626E-06
# With parameters(rot.):     0.1352E+00   -0.4206E+00    0.4637E+00
# Minimization at step:   142 with Value:     0.0000Tol(Act/Req):0.7352E-01/0.1000E-04
# With parameters(tra.):     0.1365E-04    0.3097E-05   -0.2680E-06
# With parameters(rot.):     0.1352E+00   -0.4205E+00    0.4637E+00
# Minimization at step:   143 with Value:     0.0000Tol(Act/Req):0.6999E-01/0.1000E-04
# With parameters(tra.):     0.1510E-04    0.2235E-05   -0.1224E-05
# With parameters(rot.):     0.1352E+00   -0.4205E+00    0.4637E+00
# Minimization at step:   144 with Value:     0.0000Tol(Act/Req):0.7010E-01/0.1000E-04
# With parameters(tra.):     0.1101E-04   -0.7584E-06   -0.1355E-05
# With parameters(rot.):     0.1353E+00   -0.4205E+00    0.4637E+00
# Minimization at step:   145 with Value:     0.0000Tol(Act/Req):0.3718E-01/0.1000E-04
# With parameters(tra.):     0.1083E-04   -0.1764E-06   -0.1357E-05
# With parameters(rot.):     0.1352E+00   -0.4205E+00    0.4637E+00
# Minimization at step:   146 with Value:     0.0000Tol(Act/Req):0.3762E-01/0.1000E-04
# With parameters(tra.):     0.1019E-04   -0.1375E-05   -0.1315E-05
# With parameters(rot.):     0.1352E+00   -0.4205E+00    0.4637E+00
# Minimization at step:   147 with Value:     0.0000Tol(Act/Req):0.3579E-01/0.1000E-04
# With parameters(tra.):     0.6538E-05    0.9448E-06   -0.2961E-06
# With parameters(rot.):     0.1352E+00   -0.4206E+00    0.4637E+00
# Minimization at step:   148 with Value:     0.0000Tol(Act/Req):0.2829E-01/0.1000E-04
# With parameters(tra.):     0.7380E-05    0.2083E-06    0.2343E-05
# With parameters(rot.):     0.1352E+00   -0.4205E+00    0.4636E+00
# Minimization at step:   149 with Value:     0.0000Tol(Act/Req):0.2599E-01/0.1000E-04
# With parameters(tra.):     0.8363E-05   -0.4331E-06    0.2309E-05
# With parameters(rot.):     0.1352E+00   -0.4205E+00    0.4636E+00
# Minimization at step:   150 with Value:     0.0000Tol(Act/Req):0.2470E-01/0.1000E-04
# With parameters(tra.):     0.6141E-05    0.8438E-06    0.1901E-05
# With parameters(rot.):     0.1353E+00   -0.4205E+00    0.4637E+00
# Minimization at step:   151 with Value:     0.0000Tol(Act/Req):0.1475E-01/0.1000E-04
# With parameters(tra.):     0.6049E-05   -0.1344E-05    0.1031E-05
# With parameters(rot.):     0.1353E+00   -0.4205E+00    0.4637E+00
# Minimization at step:   152 with Value:     0.0000Tol(Act/Req):0.7217E-02/0.1000E-04
# With parameters(tra.):     0.4083E-05   -0.5693E-06    0.1823E-05
# With parameters(rot.):     0.1353E+00   -0.4205E+00    0.4636E+00
# Minimization at step:   153 with Value:     0.0000Tol(Act/Req):0.1930E-01/0.1000E-04
# With parameters(tra.):     0.3942E-05    0.4220E-07    0.2107E-05
# With parameters(rot.):     0.1353E+00   -0.4205E+00    0.4636E+00
# Minimization at step:   154 with Value:     0.0000Tol(Act/Req):0.1550E-01/0.1000E-04
# With parameters(tra.):     0.1953E-05    0.7234E-06   -0.6114E-06
# With parameters(rot.):     0.1353E+00   -0.4205E+00    0.4636E+00
# Minimization at step:   155 with Value:     0.0000Tol(Act/Req):0.1688E-01/0.1000E-04
# With parameters(tra.):     0.2219E-05    0.1595E-05   -0.5166E-06
# With parameters(rot.):     0.1353E+00   -0.4205E+00    0.4636E+00
# Minimization at step:   156 with Value:     0.0000Tol(Act/Req):0.1588E-01/0.1000E-04
# With parameters(tra.):     0.2556E-05    0.1582E-05   -0.9097E-06
# With parameters(rot.):     0.1353E+00   -0.4205E+00    0.4636E+00
# Minimization at step:   157 with Value:     0.0000Tol(Act/Req):0.1455E-01/0.1000E-04
# With parameters(tra.):    -0.1264E-05    0.1701E-06   -0.6908E-06
# With parameters(rot.):     0.1354E+00   -0.4205E+00    0.4636E+00
# Minimization at step:   158 with Value:     0.0000Tol(Act/Req):0.1517E-01/0.1000E-04
# With parameters(tra.):    -0.1325E-05   -0.2053E-06   -0.8049E-06
# With parameters(rot.):     0.1354E+00   -0.4205E+00    0.4636E+00
# Minimization at step:   159 with Value:     0.0000Tol(Act/Req):0.1278E-01/0.1000E-04
# With parameters(tra.):    -0.1641E-05   -0.5070E-06   -0.1082E-05
# With parameters(rot.):     0.1354E+00   -0.4205E+00    0.4636E+00
# Minimization at step:   160 with Value:     0.0000Tol(Act/Req):0.1108E-01/0.1000E-04
# With parameters(tra.):    -0.1444E-05   -0.7798E-06   -0.4414E-06
# With parameters(rot.):     0.1354E+00   -0.4205E+00    0.4636E+00
# Minimization at step:   161 with Value:     0.0000Tol(Act/Req):0.2595E-02/0.1000E-04
# With parameters(tra.):     0.1376E-05    0.4158E-07   -0.5432E-06
# With parameters(rot.):     0.1354E+00   -0.4205E+00    0.4636E+00
# Minimization at step:   162 with Value:     0.0000Tol(Act/Req):0.3388E-02/0.1000E-04
# With parameters(tra.):     0.1092E-05    0.3473E-06   -0.6223E-06
# With parameters(rot.):     0.1353E+00   -0.4205E+00    0.4636E+00
# Minimization at step:   163 with Value:     0.0000Tol(Act/Req):0.3041E-02/0.1000E-04
# With parameters(tra.):     0.1370E-05    0.2864E-07   -0.1023E-05
# With parameters(rot.):     0.1354E+00   -0.4205E+00    0.4636E+00
# Minimization at step:   164 with Value:     0.0000Tol(Act/Req):0.2869E-02/0.1000E-04
# With parameters(tra.):     0.1704E-05   -0.4041E-07   -0.7511E-06
# With parameters(rot.):     0.1354E+00   -0.4205E+00    0.4636E+00
# Minimization at step:   165 with Value:     0.0000Tol(Act/Req):0.2824E-02/0.1000E-04
# With parameters(tra.):     0.1662E-05    0.3350E-07   -0.6283E-06
# With parameters(rot.):     0.1354E+00   -0.4205E+00    0.4636E+00
# Minimization at step:   166 with Value:     0.0000Tol(Act/Req):0.2879E-02/0.1000E-04
# With parameters(tra.):     0.1749E-05    0.3393E-06   -0.5902E-06
# With parameters(rot.):     0.1354E+00   -0.4205E+00    0.4636E+00
# Minimization at step:   167 with Value:     0.0000Tol(Act/Req):0.2895E-02/0.1000E-04
# With parameters(tra.):     0.1849E-05    0.2290E-06   -0.7602E-06
# With parameters(rot.):     0.1354E+00   -0.4205E+00    0.4636E+00
# Minimization at step:   168 with Value:     0.0000Tol(Act/Req):0.2359E-02/0.1000E-04
# With parameters(tra.):     0.1275E-06   -0.2561E-06   -0.7646E-06
# With parameters(rot.):     0.1354E+00   -0.4205E+00    0.4636E+00
# Minimization at step:   169 with Value:     0.0000Tol(Act/Req):0.1860E-02/0.1000E-04
# With parameters(tra.):     0.2179E-06   -0.4480E-06   -0.8183E-06
# With parameters(rot.):     0.1354E+00   -0.4205E+00    0.4636E+00
# Minimization at step:   170 with Value:     0.0000Tol(Act/Req):0.5357E-03/0.1000E-04
# With parameters(tra.):     0.6559E-06   -0.3427E-06   -0.8216E-06
# With parameters(rot.):     0.1354E+00   -0.4205E+00    0.4636E+00
# Minimization at step:   171 with Value:     0.0000Tol(Act/Req):0.5369E-03/0.1000E-04
# With parameters(tra.):     0.2367E-06   -0.3203E-06   -0.6405E-06
# With parameters(rot.):     0.1354E+00   -0.4205E+00    0.4636E+00
# Minimization at step:   172 with Value:     0.0000Tol(Act/Req):0.7269E-03/0.1000E-04
# With parameters(tra.):     0.2328E-07   -0.2231E-06   -0.6815E-06
# With parameters(rot.):     0.1354E+00   -0.4205E+00    0.4636E+00
# Minimization at step:   173 with Value:     0.0000Tol(Act/Req):0.6087E-03/0.1000E-04
# With parameters(tra.):     0.1297E-06   -0.4220E-06   -0.1149E-06
# With parameters(rot.):     0.1354E+00   -0.4205E+00    0.4636E+00
# Minimization at step:   174 with Value:     0.0000Tol(Act/Req):0.4847E-03/0.1000E-04
# With parameters(tra.):    -0.2366E-06   -0.6431E-07    0.1198E-06
# With parameters(rot.):     0.1354E+00   -0.4205E+00    0.4636E+00
# Minimization at step:   175 with Value:     0.0000Tol(Act/Req):0.4719E-03/0.1000E-04
# With parameters(tra.):    -0.3599E-06   -0.1439E-06    0.1081E-06
# With parameters(rot.):     0.1354E+00   -0.4205E+00    0.4636E+00
# Minimization at step:   176 with Value:     0.0000Tol(Act/Req):0.4753E-03/0.1000E-04
# With parameters(tra.):    -0.2256E-06   -0.7464E-07    0.1839E-06
# With parameters(rot.):     0.1354E+00   -0.4205E+00    0.4636E+00
# Minimization at step:   177 with Value:     0.0000Tol(Act/Req):0.4647E-03/0.1000E-04
# With parameters(tra.):    -0.2818E-06    0.4054E-08    0.6716E-07
# With parameters(rot.):     0.1354E+00   -0.4205E+00    0.4636E+00
# Minimization at step:   178 with Value:     0.0000Tol(Act/Req):0.4588E-03/0.1000E-04
# With parameters(tra.):    -0.1940E-06   -0.7969E-07    0.4112E-08
# With parameters(rot.):     0.1354E+00   -0.4205E+00    0.4636E+00
# Minimization at step:   179 with Value:     0.0000Tol(Act/Req):0.4569E-03/0.1000E-04
# With parameters(tra.):    -0.1832E-06   -0.1450E-06    0.4579E-07
# With parameters(rot.):     0.1354E+00   -0.4205E+00    0.4636E+00
# Minimization at step:   180 with Value:     0.0000Tol(Act/Req):0.2101E-03/0.1000E-04
# With parameters(tra.):    -0.1134E-06   -0.1359E-06    0.5770E-07
# With parameters(rot.):     0.1354E+00   -0.4205E+00    0.4636E+00
# Minimization at step:   181 with Value:     0.0000Tol(Act/Req):0.9922E-04/0.1000E-04
# With parameters(tra.):    -0.2314E-06   -0.8007E-07    0.9879E-07
# With parameters(rot.):     0.1354E+00   -0.4205E+00    0.4636E+00
# Minimization at step:   182 with Value:     0.0000Tol(Act/Req):0.1099E-03/0.1000E-04
# With parameters(tra.):    -0.2824E-06   -0.1145E-06    0.9219E-07
# With parameters(rot.):     0.1354E+00   -0.4205E+00    0.4636E+00
# Minimization at step:   183 with Value:     0.0000Tol(Act/Req):0.1049E-03/0.1000E-04
# With parameters(tra.):    -0.3266E-07    0.1060E-07    0.2132E-06
# With parameters(rot.):     0.1354E+00   -0.4205E+00    0.4636E+00
# Minimization at step:   184 with Value:     0.0000Tol(Act/Req):0.9389E-04/0.1000E-04
# With parameters(tra.):    -0.6206E-07    0.1702E-06    0.2835E-07
# With parameters(rot.):     0.1354E+00   -0.4205E+00    0.4636E+00
# Minimization at step:   185 with Value:     0.0000Tol(Act/Req):0.1108E-03/0.1000E-04
# With parameters(tra.):    -0.7163E-08    0.1491E-06   -0.1157E-08
# With parameters(rot.):     0.1354E+00   -0.4205E+00    0.4636E+00
# Minimization at step:   186 with Value:     0.0000Tol(Act/Req):0.9516E-04/0.1000E-04
# With parameters(tra.):    -0.6748E-07    0.1294E-06   -0.4927E-07
# With parameters(rot.):     0.1354E+00   -0.4205E+00    0.4636E+00
# Minimization at step:   187 with Value:     0.0000Tol(Act/Req):0.9427E-04/0.1000E-04
# With parameters(tra.):    -0.2875E-07    0.1560E-06   -0.5223E-07
# With parameters(rot.):     0.1354E+00   -0.4205E+00    0.4636E+00
# Minimization at step:   188 with Value:     0.0000Tol(Act/Req):0.7531E-04/0.1000E-04
# With parameters(tra.):    -0.1862E-07    0.1149E-06   -0.1274E-07
# With parameters(rot.):     0.1354E+00   -0.4205E+00    0.4636E+00
# Minimization at step:   189 with Value:     0.0000Tol(Act/Req):0.4525E-04/0.1000E-04
# With parameters(tra.):     0.5130E-09    0.1040E-06    0.3227E-08
# With parameters(rot.):     0.1354E+00   -0.4205E+00    0.4636E+00
# Minimization at step:   190 with Value:     0.0000Tol(Act/Req):0.3455E-04/0.1000E-04
# With parameters(tra.):    -0.3920E-07    0.1472E-06    0.1581E-07
# With parameters(rot.):     0.1354E+00   -0.4205E+00    0.4636E+00
# Minimization at step:   191 with Value:     0.0000Tol(Act/Req):0.1523E-04/0.1000E-04
# With parameters(tra.):    -0.4442E-07    0.1518E-06    0.6142E-08
# With parameters(rot.):     0.1354E+00   -0.4205E+00    0.4636E+00
# Minimization at step:   192 with Value:     0.0000Tol(Act/Req):0.1219E-04/0.1000E-04
# With parameters(tra.):     0.5295E-07    0.1106E-06   -0.5043E-07
# With parameters(rot.):     0.1354E+00   -0.4205E+00    0.4636E+00
# Minimization at step:   193 with Value:     0.0000Tol(Act/Req):0.1989E-04/0.1000E-04
# With parameters(tra.):     0.7913E-07    0.1201E-06   -0.5176E-07
# With parameters(rot.):     0.1354E+00   -0.4205E+00    0.4636E+00
# Minimization at step:   194 with Value:     0.0000Tol(Act/Req):0.1847E-04/0.1000E-04
# With parameters(tra.):     0.9524E-07    0.1160E-06   -0.4836E-07
# With parameters(rot.):     0.1354E+00   -0.4205E+00    0.4636E+00
# Minimization at step:   195 with Value:     0.0000Tol(Act/Req):0.1841E-04/0.1000E-04
# With parameters(tra.):     0.7443E-07    0.1267E-06   -0.3405E-07
# With parameters(rot.):     0.1354E+00   -0.4205E+00    0.4636E+00
# Minimization at step:   196 with Value:     0.0000Tol(Act/Req):0.1656E-04/0.1000E-04
# With parameters(tra.):     0.5609E-07    0.1166E-06   -0.5684E-07
# With parameters(rot.):     0.1354E+00   -0.4205E+00    0.4636E+00
# Minimization at step:   197 with Value:     0.0000Tol(Act/Req):0.8637E-05/0.1000E-04
# With parameters(tra.):     0.6738E-07    0.9625E-07   -0.4076E-07
# With parameters(rot.):     0.1354E+00   -0.4205E+00    0.4636E+00
# CSM Values after x minimization.
# Final Number of optim. Steps:   197
#      Before min is:      0.03876013281
# Final CSM Value is:      0.00000000000
# Coordinates rotated along Y.
[molecule] Nrec=   3 Format=nscxyz
  c                1    6   -0.32154455D-15  -0.44914793D-16  -0.17320508D+01
  n                2    7    0.00000000D+00   0.00000000D+00   0.00000000D+00
  c                3    6    0.32154455D-15   0.44914793D-16   0.17320508D+01
# Minimization at step:     0 with Value:     0.0411Tol(Act/Req):0.2699E+00/0.1000E-04
# With parameters(tra.):     0.1429E-01    0.1429E-01    0.1429E-01
# With parameters(rot.):     0.1429E-01    0.1429E-01    0.1429E-01
# Minimization at step:     1 with Value:     0.0404Tol(Act/Req):0.2699E+00/0.1000E-04
# With parameters(tra.):     0.1548E-01    0.7143E-02    0.1548E-01
# With parameters(rot.):     0.1548E-01    0.1548E-01    0.1548E-01
# Minimization at step:     2 with Value:     0.0397Tol(Act/Req):0.2166E+00/0.1000E-04
# With parameters(tra.):     0.1935E-01    0.8929E-02   -0.5655E-02
# With parameters(rot.):     0.1935E-01    0.1935E-01    0.1935E-01
# Minimization at step:     3 with Value:     0.0392Tol(Act/Req):0.1908E+00/0.1000E-04
# With parameters(tra.):    -0.8185E-03    0.1116E-01   -0.7068E-02
# With parameters(rot.):     0.2418E-01    0.2418E-01    0.2418E-01
# Minimization at step:     4 with Value:     0.0372Tol(Act/Req):0.3786E+00/0.1000E-04
# With parameters(tra.):    -0.1228E-02    0.1674E-01   -0.1060E-01
# With parameters(rot.):     0.3627E-01   -0.1373E-01    0.3627E-01
# Minimization at step:     5 with Value:     0.0365Tol(Act/Req):0.3762E+00/0.1000E-04
# With parameters(tra.):    -0.4415E-02    0.5655E-02   -0.1691E-01
# With parameters(rot.):     0.4559E-01   -0.2108E-01    0.4559E-01
# Minimization at step:     6 with Value:     0.0353Tol(Act/Req):0.3569E+00/0.1000E-04
# With parameters(tra.):    -0.1491E-01    0.3373E-02   -0.6581E-02
# With parameters(rot.):     0.5175E-01   -0.3714E-01    0.5175E-01
# Minimization at step:     7 with Value:     0.0338Tol(Act/Req):0.3338E+00/0.1000E-04
# With parameters(tra.):    -0.6170E-02   -0.7110E-03   -0.5476E-02
# With parameters(rot.):     0.5772E-01   -0.6080E-01    0.5772E-01
# Minimization at step:     8 with Value:     0.0307Tol(Act/Req):0.7933E+00/0.1000E-04
# With parameters(tra.):    -0.9255E-02   -0.1066E-02   -0.8213E-02
# With parameters(rot.):     0.8658E-01   -0.9120E-01    0.8658E-01
# Minimization at step:     9 with Value:     0.0261Tol(Act/Req):0.1356E+01/0.1000E-04
# With parameters(tra.):    -0.1388E-01   -0.1600E-02   -0.1232E-01
# With parameters(rot.):     0.7987E-01   -0.1368E+00    0.1299E+00
# Minimization at step:    10 with Value:     0.0231Tol(Act/Req):0.1344E+01/0.1000E-04
# With parameters(tra.):    -0.1385E-01    0.7068E-02   -0.4477E-02
# With parameters(rot.):     0.8198E-01   -0.1680E+00    0.1486E+00
# Minimization at step:    11 with Value:     0.0194Tol(Act/Req):0.1311E+01/0.1000E-04
# With parameters(tra.):    -0.1847E-01    0.9425E-02   -0.5969E-02
# With parameters(rot.):     0.1093E+00   -0.2240E+00    0.1649E+00
# Minimization at step:    12 with Value:     0.0156Tol(Act/Req):0.1315E+01/0.1000E-04
# With parameters(tra.):    -0.9155E-02    0.1372E-01   -0.1610E-01
# With parameters(rot.):     0.1223E+00   -0.2703E+00    0.1964E+00
# Minimization at step:    13 with Value:     0.0121Tol(Act/Req):0.1448E+01/0.1000E-04
# With parameters(tra.):    -0.1889E-01    0.2262E-01   -0.2075E-01
# With parameters(rot.):     0.1379E+00   -0.3164E+00    0.2367E+00
# Minimization at step:    14 with Value:     0.0084Tol(Act/Req):0.1574E+01/0.1000E-04
# With parameters(tra.):    -0.2424E-01    0.1714E-01   -0.1941E-01
# With parameters(rot.):     0.1557E+00   -0.3668E+00    0.2873E+00
# Minimization at step:    15 with Value:     0.0068Tol(Act/Req):0.1518E+01/0.1000E-04
# With parameters(tra.):    -0.2512E-01    0.2368E-01   -0.1950E-01
# With parameters(rot.):     0.1402E+00   -0.4181E+00    0.3158E+00
# Minimization at step:    16 with Value:     0.0053Tol(Act/Req):0.1245E+01/0.1000E-04
# With parameters(tra.):    -0.2796E-01    0.2133E-01   -0.2913E-01
# With parameters(rot.):     0.1532E+00   -0.4572E+00    0.3435E+00
# Minimization at step:    17 with Value:     0.0048Tol(Act/Req):0.1091E+01/0.1000E-04
# With parameters(tra.):    -0.2650E-01    0.2294E-01   -0.3536E-01
# With parameters(rot.):     0.1405E+00   -0.4789E+00    0.3868E+00
# Minimization at step:    18 with Value:     0.0043Tol(Act/Req):0.9992E+00/0.1000E-04
# With parameters(tra.):    -0.2601E-01    0.2517E-01   -0.3592E-01
# With parameters(rot.):     0.1477E+00   -0.4922E+00    0.3938E+00
# Minimization at step:    19 with Value:     0.0039Tol(Act/Req):0.9239E+00/0.1000E-04
# With parameters(tra.):    -0.2974E-01    0.2505E-01   -0.3503E-01
# With parameters(rot.):     0.1466E+00   -0.4992E+00    0.4023E+00
# Minimization at step:    20 with Value:     0.0035Tol(Act/Req):0.8543E+00/0.1000E-04
# With parameters(tra.):    -0.3038E-01    0.2482E-01   -0.3345E-01
# With parameters(rot.):     0.1503E+00   -0.4954E+00    0.3928E+00
# Minimization at step:    21 with Value:     0.0034Tol(Act/Req):0.7590E+00/0.1000E-04
# With parameters(tra.):    -0.3125E-01    0.1866E-01   -0.3802E-01
# With parameters(rot.):     0.1691E+00   -0.4699E+00    0.3900E+00
# Minimization at step:    22 with Value:     0.0032Tol(Act/Req):0.7182E+00/0.1000E-04
# With parameters(tra.):    -0.2563E-01    0.8440E-02   -0.3913E-01
# With parameters(rot.):     0.1639E+00   -0.4749E+00    0.4009E+00
# Minimization at step:    23 with Value:     0.0028Tol(Act/Req):0.9546E+00/0.1000E-04
# With parameters(tra.):    -0.2296E-01    0.5708E-02   -0.3603E-01
# With parameters(rot.):     0.1589E+00   -0.4547E+00    0.4016E+00
# Minimization at step:    24 with Value:     0.0025Tol(Act/Req):0.7948E+00/0.1000E-04
# With parameters(tra.):    -0.1933E-01    0.7554E-02   -0.3081E-01
# With parameters(rot.):     0.1367E+00   -0.4752E+00    0.4082E+00
# Minimization at step:    25 with Value:     0.0024Tol(Act/Req):0.7832E+00/0.1000E-04
# With parameters(tra.):    -0.1691E-01    0.1343E-02   -0.2675E-01
# With parameters(rot.):     0.1395E+00   -0.4610E+00    0.3943E+00
# Minimization at step:    26 with Value:     0.0021Tol(Act/Req):0.7218E+00/0.1000E-04
# With parameters(tra.):    -0.2010E-01   -0.6800E-02   -0.2223E-01
# With parameters(rot.):     0.1349E+00   -0.4621E+00    0.4087E+00
# Minimization at step:    27 with Value:     0.0019Tol(Act/Req):0.6887E+00/0.1000E-04
# With parameters(tra.):    -0.2388E-01   -0.1663E-02   -0.1549E-01
# With parameters(rot.):     0.1304E+00   -0.4528E+00    0.4004E+00
# Minimization at step:    28 with Value:     0.0017Tol(Act/Req):0.4311E+00/0.1000E-04
# With parameters(tra.):    -0.2218E-01   -0.6161E-02   -0.9784E-02
# With parameters(rot.):     0.1391E+00   -0.4663E+00    0.4166E+00
# Minimization at step:    29 with Value:     0.0016Tol(Act/Req):0.6871E+00/0.1000E-04
# With parameters(tra.):    -0.2323E-01   -0.5233E-02   -0.9382E-02
# With parameters(rot.):     0.1384E+00   -0.4703E+00    0.4219E+00
# Minimization at step:    30 with Value:     0.0016Tol(Act/Req):0.6261E+00/0.1000E-04
# With parameters(tra.):    -0.2816E-01   -0.1134E-01   -0.7470E-02
# With parameters(rot.):     0.1612E+00   -0.4482E+00    0.4199E+00
# Minimization at step:    31 with Value:     0.0014Tol(Act/Req):0.6476E+00/0.1000E-04
# With parameters(tra.):    -0.2715E-01   -0.1235E-01   -0.6808E-02
# With parameters(rot.):     0.1572E+00   -0.4424E+00    0.4183E+00
# Minimization at step:    32 with Value:     0.0013Tol(Act/Req):0.5385E+00/0.1000E-04
# With parameters(tra.):    -0.2320E-01   -0.8015E-02   -0.8076E-02
# With parameters(rot.):     0.1391E+00   -0.4576E+00    0.4194E+00
# Minimization at step:    33 with Value:     0.0012Tol(Act/Req):0.6563E+00/0.1000E-04
# With parameters(tra.):    -0.2220E-01   -0.9828E-02   -0.9144E-02
# With parameters(rot.):     0.1410E+00   -0.4603E+00    0.4231E+00
# Minimization at step:    34 with Value:     0.0011Tol(Act/Req):0.6383E+00/0.1000E-04
# With parameters(tra.):    -0.1971E-01   -0.2694E-02   -0.9304E-02
# With parameters(rot.):     0.1476E+00   -0.4585E+00    0.4134E+00
# Minimization at step:    35 with Value:     0.0010Tol(Act/Req):0.6520E+00/0.1000E-04
# With parameters(tra.):    -0.1993E-01   -0.1281E-02   -0.1069E-01
# With parameters(rot.):     0.1462E+00   -0.4545E+00    0.4091E+00
# Minimization at step:    36 with Value:     0.0009Tol(Act/Req):0.4840E+00/0.1000E-04
# With parameters(tra.):    -0.2034E-01   -0.1180E-02   -0.9351E-02
# With parameters(rot.):     0.1464E+00   -0.4595E+00    0.4096E+00
# Minimization at step:    37 with Value:     0.0009Tol(Act/Req):0.3910E+00/0.1000E-04
# With parameters(tra.):    -0.2102E-01   -0.2838E-02   -0.9316E-02
# With parameters(rot.):     0.1446E+00   -0.4600E+00    0.4117E+00
# Minimization at step:    38 with Value:     0.0008Tol(Act/Req):0.3677E+00/0.1000E-04
# With parameters(tra.):    -0.2237E-01   -0.1841E-03   -0.8490E-02
# With parameters(rot.):     0.1452E+00   -0.4646E+00    0.4189E+00
# Minimization at step:    39 with Value:     0.0007Tol(Act/Req):0.5222E+00/0.1000E-04
# With parameters(tra.):    -0.1875E-01    0.1864E-02   -0.7726E-02
# With parameters(rot.):     0.1332E+00   -0.4604E+00    0.4159E+00
# Minimization at step:    40 with Value:     0.0007Tol(Act/Req):0.4018E+00/0.1000E-04
# With parameters(tra.):    -0.1991E-01    0.2269E-02   -0.6764E-02
# With parameters(rot.):     0.1433E+00   -0.4513E+00    0.4140E+00
# Minimization at step:    41 with Value:     0.0007Tol(Act/Req):0.4014E+00/0.1000E-04
# With parameters(tra.):    -0.2008E-01    0.2607E-02   -0.5879E-02
# With parameters(rot.):     0.1431E+00   -0.4531E+00    0.4146E+00
# Minimization at step:    42 with Value:     0.0006Tol(Act/Req):0.6478E+00/0.1000E-04
# With parameters(tra.):    -0.2163E-01    0.3567E-03   -0.4053E-02
# With parameters(rot.):     0.1371E+00   -0.4512E+00    0.4223E+00
# Minimization at step:    43 with Value:     0.0005Tol(Act/Req):0.8446E+00/0.1000E-04
# With parameters(tra.):    -0.1944E-01    0.1248E-03   -0.4492E-02
# With parameters(rot.):     0.1395E+00   -0.4536E+00    0.4293E+00
# Minimization at step:    44 with Value:     0.0005Tol(Act/Req):0.7767E+00/0.1000E-04
# With parameters(tra.):    -0.1712E-01   -0.2426E-02   -0.3984E-02
# With parameters(rot.):     0.1370E+00   -0.4453E+00    0.4255E+00
# Minimization at step:    45 with Value:     0.0005Tol(Act/Req):0.6156E+00/0.1000E-04
# With parameters(tra.):    -0.1662E-01    0.1936E-04   -0.4522E-02
# With parameters(rot.):     0.1310E+00   -0.4342E+00    0.4224E+00
# Minimization at step:    46 with Value:     0.0004Tol(Act/Req):0.1040E+01/0.1000E-04
# With parameters(tra.):    -0.1540E-01   -0.2611E-03   -0.1189E-02
# With parameters(rot.):     0.1245E+00   -0.4303E+00    0.4281E+00
# Minimization at step:    47 with Value:     0.0004Tol(Act/Req):0.1506E+01/0.1000E-04
# With parameters(tra.):    -0.1274E-01   -0.1510E-02   -0.2929E-03
# With parameters(rot.):     0.1082E+00   -0.4324E+00    0.4347E+00
# Minimization at step:    48 with Value:     0.0003Tol(Act/Req):0.1457E+01/0.1000E-04
# With parameters(tra.):    -0.1255E-01   -0.2249E-02    0.1940E-03
# With parameters(rot.):     0.1078E+00   -0.4351E+00    0.4365E+00
# Minimization at step:    49 with Value:     0.0003Tol(Act/Req):0.1387E+01/0.1000E-04
# With parameters(tra.):    -0.1409E-01   -0.5667E-02    0.2070E-02
# With parameters(rot.):     0.1113E+00   -0.4308E+00    0.4465E+00
# Minimization at step:    50 with Value:     0.0003Tol(Act/Req):0.1308E+01/0.1000E-04
# With parameters(tra.):    -0.1541E-01   -0.4197E-02    0.3581E-02
# With parameters(rot.):     0.1051E+00   -0.4342E+00    0.4572E+00
# Minimization at step:    51 with Value:     0.0002Tol(Act/Req):0.1810E+01/0.1000E-04
# With parameters(tra.):    -0.1126E-01   -0.2715E-02    0.3691E-02
# With parameters(rot.):     0.1026E+00   -0.4311E+00    0.4586E+00
# Minimization at step:    52 with Value:     0.0002Tol(Act/Req):0.1794E+01/0.1000E-04
# With parameters(tra.):    -0.9233E-02   -0.3447E-02    0.2585E-02
# With parameters(rot.):     0.1065E+00   -0.4278E+00    0.4508E+00
# Minimization at step:    53 with Value:     0.0002Tol(Act/Req):0.1769E+01/0.1000E-04
# With parameters(tra.):    -0.8442E-02   -0.2407E-02    0.2159E-02
# With parameters(rot.):     0.1052E+00   -0.4286E+00    0.4487E+00
# Minimization at step:    54 with Value:     0.0001Tol(Act/Req):0.1727E+01/0.1000E-04
# With parameters(tra.):    -0.8072E-02   -0.2560E-02    0.2823E-02
# With parameters(rot.):     0.1018E+00   -0.4259E+00    0.4486E+00
# Minimization at step:    55 with Value:     0.0001Tol(Act/Req):0.1626E+01/0.1000E-04
# With parameters(tra.):    -0.6658E-02   -0.3746E-02    0.4211E-02
# With parameters(rot.):     0.9967E-01   -0.4275E+00    0.4543E+00
# Minimization at step:    56 with Value:     0.0001Tol(Act/Req):0.1497E+01/0.1000E-04
# With parameters(tra.):    -0.5690E-02   -0.4337E-02    0.2227E-02
# With parameters(rot.):     0.9997E-01   -0.4308E+00    0.4551E+00
# Minimization at step:    57 with Value:     0.0001Tol(Act/Req):0.1472E+01/0.1000E-04
# With parameters(tra.):    -0.5732E-02   -0.4289E-02    0.2382E-02
# With parameters(rot.):     0.9877E-01   -0.4316E+00    0.4568E+00
# Minimization at step:    58 with Value:     0.0001Tol(Act/Req):0.1431E+01/0.1000E-04
# With parameters(tra.):    -0.3246E-02   -0.2837E-02    0.1604E-02
# With parameters(rot.):     0.9407E-01   -0.4342E+00    0.4552E+00
# Minimization at step:    59 with Value:     0.0001Tol(Act/Req):0.1248E+01/0.1000E-04
# With parameters(tra.):    -0.8989E-03   -0.3236E-02    0.2525E-02
# With parameters(rot.):     0.8458E-01   -0.4316E+00    0.4572E+00
# Minimization at step:    60 with Value:     0.0001Tol(Act/Req):0.1246E+01/0.1000E-04
# With parameters(tra.):    -0.1325E-02   -0.3632E-02    0.2797E-02
# With parameters(rot.):     0.8496E-01   -0.4308E+00    0.4577E+00
# Minimization at step:    61 with Value:     0.0000Tol(Act/Req):0.1421E+01/0.1000E-04
# With parameters(tra.):    -0.1739E-03   -0.3091E-02    0.2931E-02
# With parameters(rot.):     0.9357E-01   -0.4281E+00    0.4588E+00
# Minimization at step:    62 with Value:     0.0000Tol(Act/Req):0.1400E+01/0.1000E-04
# With parameters(tra.):     0.1044E-02   -0.2082E-02    0.1579E-02
# With parameters(rot.):     0.9294E-01   -0.4271E+00    0.4564E+00
# Minimization at step:    63 with Value:     0.0000Tol(Act/Req):0.1300E+01/0.1000E-04
# With parameters(tra.):     0.2244E-02   -0.1222E-02    0.2408E-02
# With parameters(rot.):     0.9103E-01   -0.4246E+00    0.4564E+00
# Minimization at step:    64 with Value:     0.0000Tol(Act/Req):0.1086E+01/0.1000E-04
# With parameters(tra.):     0.2887E-02   -0.9428E-03    0.2488E-02
# With parameters(rot.):     0.8978E-01   -0.4244E+00    0.4571E+00
# Minimization at step:    65 with Value:     0.0000Tol(Act/Req):0.1002E+01/0.1000E-04
# With parameters(tra.):     0.1802E-02    0.2200E-03    0.1554E-02
# With parameters(rot.):     0.1010E+00   -0.4246E+00    0.4552E+00
# Minimization at step:    66 with Value:     0.0000Tol(Act/Req):0.9542E+00/0.1000E-04
# With parameters(tra.):     0.1850E-02    0.3429E-03    0.1586E-02
# With parameters(rot.):     0.1025E+00   -0.4237E+00    0.4552E+00
# Minimization at step:    67 with Value:     0.0000Tol(Act/Req):0.9469E+00/0.1000E-04
# With parameters(tra.):     0.2125E-02    0.6249E-04    0.1822E-02
# With parameters(rot.):     0.9986E-01   -0.4235E+00    0.4557E+00
# Minimization at step:    68 with Value:     0.0000Tol(Act/Req):0.7483E+00/0.1000E-04
# With parameters(tra.):     0.1910E-02   -0.1113E-04    0.2180E-02
# With parameters(rot.):     0.1006E+00   -0.4235E+00    0.4563E+00
# Minimization at step:    69 with Value:     0.0000Tol(Act/Req):0.5905E+00/0.1000E-04
# With parameters(tra.):     0.9997E-03   -0.1803E-03    0.1551E-02
# With parameters(rot.):     0.1051E+00   -0.4248E+00    0.4563E+00
# Minimization at step:    70 with Value:     0.0000Tol(Act/Req):0.3668E+00/0.1000E-04
# With parameters(tra.):     0.1658E-02    0.6329E-03    0.1398E-02
# With parameters(rot.):     0.1077E+00   -0.4245E+00    0.4576E+00
# Minimization at step:    71 with Value:     0.0000Tol(Act/Req):0.7267E+00/0.1000E-04
# With parameters(tra.):     0.1689E-02    0.9754E-03    0.1399E-02
# With parameters(rot.):     0.1124E+00   -0.4229E+00    0.4585E+00
# Minimization at step:    72 with Value:     0.0000Tol(Act/Req):0.6906E+00/0.1000E-04
# With parameters(tra.):     0.1731E-02    0.9124E-03    0.1181E-02
# With parameters(rot.):     0.1139E+00   -0.4230E+00    0.4582E+00
# Minimization at step:    73 with Value:     0.0000Tol(Act/Req):0.7238E+00/0.1000E-04
# With parameters(tra.):     0.2150E-02    0.6348E-03    0.1439E-02
# With parameters(rot.):     0.1132E+00   -0.4226E+00    0.4600E+00
# Minimization at step:    74 with Value:     0.0000Tol(Act/Req):0.6120E+00/0.1000E-04
# With parameters(tra.):     0.1801E-02    0.7029E-03    0.1909E-02
# With parameters(rot.):     0.1189E+00   -0.4222E+00    0.4622E+00
# Minimization at step:    75 with Value:     0.0000Tol(Act/Req):0.5840E+00/0.1000E-04
# With parameters(tra.):     0.1190E-02   -0.8697E-04    0.2233E-02
# With parameters(rot.):     0.1200E+00   -0.4217E+00    0.4625E+00
# Minimization at step:    76 with Value:     0.0000Tol(Act/Req):0.6913E+00/0.1000E-04
# With parameters(tra.):     0.1227E-02   -0.1698E-03    0.2142E-02
# With parameters(rot.):     0.1187E+00   -0.4217E+00    0.4619E+00
# Minimization at step:    77 with Value:     0.0000Tol(Act/Req):0.9659E+00/0.1000E-04
# With parameters(tra.):     0.1473E-02   -0.1266E-03    0.2349E-02
# With parameters(rot.):     0.1187E+00   -0.4211E+00    0.4624E+00
# Minimization at step:    78 with Value:     0.0000Tol(Act/Req):0.8195E+00/0.1000E-04
# With parameters(tra.):     0.8715E-03    0.3201E-03    0.2021E-02
# With parameters(rot.):     0.1185E+00   -0.4215E+00    0.4625E+00
# Minimization at step:    79 with Value:     0.0000Tol(Act/Req):0.7299E+00/0.1000E-04
# With parameters(tra.):     0.9975E-03    0.5514E-03    0.1922E-02
# With parameters(rot.):     0.1181E+00   -0.4216E+00    0.4625E+00
# Minimization at step:    80 with Value:     0.0000Tol(Act/Req):0.7560E+00/0.1000E-04
# With parameters(tra.):     0.7551E-03    0.1820E-03    0.1637E-02
# With parameters(rot.):     0.1246E+00   -0.4212E+00    0.4636E+00
# Minimization at step:    81 with Value:     0.0000Tol(Act/Req):0.7217E+00/0.1000E-04
# With parameters(tra.):     0.6694E-03    0.3029E-04    0.1657E-02
# With parameters(rot.):     0.1244E+00   -0.4215E+00    0.4638E+00
# Minimization at step:    82 with Value:     0.0000Tol(Act/Req):0.6053E+00/0.1000E-04
# With parameters(tra.):    -0.2433E-03    0.1064E-03    0.1471E-02
# With parameters(rot.):     0.1288E+00   -0.4216E+00    0.4633E+00
# Minimization at step:    83 with Value:     0.0000Tol(Act/Req):0.7843E+00/0.1000E-04
# With parameters(tra.):    -0.6604E-03    0.3279E-04    0.1066E-02
# With parameters(rot.):     0.1295E+00   -0.4216E+00    0.4627E+00
# Minimization at step:    84 with Value:     0.0000Tol(Act/Req):0.6787E+00/0.1000E-04
# With parameters(tra.):    -0.9609E-03    0.3227E-03    0.5837E-03
# With parameters(rot.):     0.1325E+00   -0.4219E+00    0.4627E+00
# Minimization at step:    85 with Value:     0.0000Tol(Act/Req):0.6784E+00/0.1000E-04
# With parameters(tra.):    -0.9701E-03   -0.1232E-03    0.4327E-03
# With parameters(rot.):     0.1374E+00   -0.4216E+00    0.4626E+00
# Minimization at step:    86 with Value:     0.0000Tol(Act/Req):0.5944E+00/0.1000E-04
# With parameters(tra.):    -0.1291E-02   -0.3570E-04    0.2070E-03
# With parameters(rot.):     0.1437E+00   -0.4206E+00    0.4635E+00
# Minimization at step:    87 with Value:     0.0000Tol(Act/Req):0.7297E+00/0.1000E-04
# With parameters(tra.):    -0.7280E-03   -0.1592E-03   -0.2812E-04
# With parameters(rot.):     0.1443E+00   -0.4202E+00    0.4641E+00
# Minimization at step:    88 with Value:     0.0000Tol(Act/Req):0.1180E+01/0.1000E-04
# With parameters(tra.):    -0.7708E-03   -0.6447E-04   -0.7200E-04
# With parameters(rot.):     0.1437E+00   -0.4202E+00    0.4638E+00
# Minimization at step:    89 with Value:     0.0000Tol(Act/Req):0.1502E+01/0.1000E-04
# With parameters(tra.):    -0.9336E-03   -0.1482E-03   -0.2063E-03
# With parameters(rot.):     0.1453E+00   -0.4203E+00    0.4639E+00
# Minimization at step:    90 with Value:     0.0000Tol(Act/Req):0.1430E+01/0.1000E-04
# With parameters(tra.):    -0.4932E-03   -0.2732E-03   -0.1185E-03
# With parameters(rot.):     0.1395E+00   -0.4212E+00    0.4630E+00
# Minimization at step:    91 with Value:     0.0000Tol(Act/Req):0.1402E+01/0.1000E-04
# With parameters(tra.):    -0.3791E-03   -0.3953E-03   -0.5637E-04
# With parameters(rot.):     0.1393E+00   -0.4211E+00    0.4630E+00
# Minimization at step:    92 with Value:     0.0000Tol(Act/Req):0.1257E+01/0.1000E-04
# With parameters(tra.):    -0.4797E-03   -0.3743E-03   -0.7316E-04
# With parameters(rot.):     0.1408E+00   -0.4208E+00    0.4632E+00
# Minimization at step:    93 with Value:     0.0000Tol(Act/Req):0.1250E+01/0.1000E-04
# With parameters(tra.):    -0.3070E-03   -0.1214E-04   -0.9070E-04
# With parameters(rot.):     0.1370E+00   -0.4208E+00    0.4636E+00
# Minimization at step:    94 with Value:     0.0000Tol(Act/Req):0.1110E+01/0.1000E-04
# With parameters(tra.):    -0.1733E-03    0.2513E-05   -0.8596E-04
# With parameters(rot.):     0.1374E+00   -0.4208E+00    0.4638E+00
# Minimization at step:    95 with Value:     0.0000Tol(Act/Req):0.1049E+01/0.1000E-04
# With parameters(tra.):    -0.2679E-03    0.4686E-04   -0.3200E-04
# With parameters(rot.):     0.1367E+00   -0.4209E+00    0.4636E+00
# Minimization at step:    96 with Value:     0.0000Tol(Act/Req):0.1245E+01/0.1000E-04
# With parameters(tra.):    -0.3078E-03   -0.3876E-04   -0.2272E-04
# With parameters(rot.):     0.1376E+00   -0.4209E+00    0.4636E+00
# Minimization at step:    97 with Value:     0.0000Tol(Act/Req):0.1214E+01/0.1000E-04
# With parameters(tra.):    -0.2906E-03    0.1073E-04   -0.4055E-04
# With parameters(rot.):     0.1368E+00   -0.4210E+00    0.4634E+00
# Minimization at step:    98 with Value:     0.0000Tol(Act/Req):0.1176E+01/0.1000E-04
# With parameters(tra.):    -0.3252E-03    0.5335E-04   -0.4623E-04
# With parameters(rot.):     0.1372E+00   -0.4209E+00    0.4635E+00
# Minimization at step:    99 with Value:     0.0000Tol(Act/Req):0.8806E+00/0.1000E-04
# With parameters(tra.):    -0.7900E-04   -0.4133E-04    0.8136E-04
# With parameters(rot.):     0.1362E+00   -0.4206E+00    0.4637E+00
# Minimization at step:   100 with Value:     0.0000Tol(Act/Req):0.1326E+01/0.1000E-04
# With parameters(tra.):    -0.4276E-05   -0.3766E-04    0.9767E-04
# With parameters(rot.):     0.1363E+00   -0.4205E+00    0.4638E+00
# Minimization at step:   101 with Value:     0.0000Tol(Act/Req):0.1301E+01/0.1000E-04
# With parameters(tra.):    -0.8260E-05   -0.7032E-04    0.5584E-04
# With parameters(rot.):     0.1363E+00   -0.4206E+00    0.4639E+00
# Minimization at step:   102 with Value:     0.0000Tol(Act/Req):0.1040E+01/0.1000E-04
# With parameters(tra.):    -0.6391E-04   -0.4907E-04    0.2181E-04
# With parameters(rot.):     0.1366E+00   -0.4206E+00    0.4638E+00
# Minimization at step:   103 with Value:     0.0000Tol(Act/Req):0.1039E+01/0.1000E-04
# With parameters(tra.):    -0.9421E-04   -0.3489E-04    0.5328E-04
# With parameters(rot.):     0.1362E+00   -0.4207E+00    0.4638E+00
# Minimization at step:   104 with Value:     0.0000Tol(Act/Req):0.1236E+01/0.1000E-04
# With parameters(tra.):    -0.9224E-04   -0.2093E-04    0.5873E-04
# With parameters(rot.):     0.1363E+00   -0.4206E+00    0.4639E+00
# Minimization at step:   105 with Value:     0.0000Tol(Act/Req):0.1184E+01/0.1000E-04
# With parameters(tra.):    -0.9422E-04   -0.6226E-04    0.7016E-04
# With parameters(rot.):     0.1367E+00   -0.4206E+00    0.4638E+00
# Minimization at step:   106 with Value:     0.0000Tol(Act/Req):0.1020E+01/0.1000E-04
# With parameters(tra.):    -0.1933E-04   -0.6263E-05    0.7109E-04
# With parameters(rot.):     0.1355E+00   -0.4206E+00    0.4637E+00
# Minimization at step:   107 with Value:     0.0000Tol(Act/Req):0.1151E+01/0.1000E-04
# With parameters(tra.):    -0.4344E-04    0.7932E-05    0.5819E-04
# With parameters(rot.):     0.1356E+00   -0.4206E+00    0.4636E+00
# Minimization at step:   108 with Value:     0.0000Tol(Act/Req):0.1104E+01/0.1000E-04
# With parameters(tra.):    -0.4836E-04   -0.1881E-05    0.3747E-04
# With parameters(rot.):     0.1355E+00   -0.4206E+00    0.4636E+00
# Minimization at step:   109 with Value:     0.0000Tol(Act/Req):0.8655E+00/0.1000E-04
# With parameters(tra.):    -0.1468E-04    0.2938E-05    0.4061E-04
# With parameters(rot.):     0.1355E+00   -0.4206E+00    0.4637E+00
# Minimization at step:   110 with Value:     0.0000Tol(Act/Req):0.1114E+01/0.1000E-04
# With parameters(tra.):    -0.2320E-04    0.1318E-04    0.5528E-04
# With parameters(rot.):     0.1352E+00   -0.4207E+00    0.4636E+00
# Minimization at step:   111 with Value:     0.0000Tol(Act/Req):0.1109E+01/0.1000E-04
# With parameters(tra.):    -0.1646E-04    0.2300E-04    0.5772E-04
# With parameters(rot.):     0.1352E+00   -0.4206E+00    0.4637E+00
# Minimization at step:   112 with Value:     0.0000Tol(Act/Req):0.8509E+00/0.1000E-04
# With parameters(tra.):    -0.1097E-04    0.9443E-05    0.6240E-04
# With parameters(rot.):     0.1353E+00   -0.4206E+00    0.4636E+00
# Minimization at step:   113 with Value:     0.0000Tol(Act/Req):0.7249E+00/0.1000E-04
# With parameters(tra.):    -0.2276E-04    0.1419E-05    0.6152E-04
# With parameters(rot.):     0.1354E+00   -0.4206E+00    0.4637E+00
# Minimization at step:   114 with Value:     0.0000Tol(Act/Req):0.6723E+00/0.1000E-04
# With parameters(tra.):    -0.2407E-04   -0.1711E-04    0.2809E-04
# With parameters(rot.):     0.1353E+00   -0.4206E+00    0.4637E+00
# Minimization at step:   115 with Value:     0.0000Tol(Act/Req):0.8747E+00/0.1000E-04
# With parameters(tra.):    -0.3451E-04   -0.1209E-04    0.1913E-04
# With parameters(rot.):     0.1353E+00   -0.4207E+00    0.4637E+00
# Minimization at step:   116 with Value:     0.0000Tol(Act/Req):0.6776E+00/0.1000E-04
# With parameters(tra.):    -0.1932E-04   -0.1094E-04    0.1891E-04
# With parameters(rot.):     0.1353E+00   -0.4207E+00    0.4637E+00
# Minimization at step:   117 with Value:     0.0000Tol(Act/Req):0.5600E+00/0.1000E-04
# With parameters(tra.):    -0.1860E-04   -0.5793E-05    0.2650E-04
# With parameters(rot.):     0.1353E+00   -0.4207E+00    0.4637E+00
# Minimization at step:   118 with Value:     0.0000Tol(Act/Req):0.5831E+00/0.1000E-04
# With parameters(tra.):    -0.1649E-04   -0.1384E-04    0.2585E-04
# With parameters(rot.):     0.1354E+00   -0.4207E+00    0.4637E+00
# Minimization at step:   119 with Value:     0.0000Tol(Act/Req):0.3919E+00/0.1000E-04
# With parameters(tra.):    -0.3018E-05   -0.6480E-05    0.2011E-04
# With parameters(rot.):     0.1353E+00   -0.4206E+00    0.4637E+00
# Minimization at step:   120 with Value:     0.0000Tol(Act/Req):0.6078E+00/0.1000E-04
# With parameters(tra.):    -0.5598E-05   -0.2997E-05    0.2451E-04
# With parameters(rot.):     0.1352E+00   -0.4206E+00    0.4637E+00
# Minimization at step:   121 with Value:     0.0000Tol(Act/Req):0.4938E+00/0.1000E-04
# With parameters(tra.):    -0.1006E-04   -0.7377E-05    0.2099E-04
# With parameters(rot.):     0.1353E+00   -0.4206E+00    0.4637E+00
# Minimization at step:   122 with Value:     0.0000Tol(Act/Req):0.3709E+00/0.1000E-04
# With parameters(tra.):    -0.1694E-05   -0.6502E-05    0.2105E-04
# With parameters(rot.):     0.1353E+00   -0.4206E+00    0.4637E+00
# Minimization at step:   123 with Value:     0.0000Tol(Act/Req):0.3485E+00/0.1000E-04
# With parameters(tra.):    -0.1164E-04    0.5384E-05    0.3772E-05
# With parameters(rot.):     0.1353E+00   -0.4206E+00    0.4637E+00
# Minimization at step:   124 with Value:     0.0000Tol(Act/Req):0.4360E+00/0.1000E-04
# With parameters(tra.):    -0.1572E-04    0.4532E-05    0.3847E-05
# With parameters(rot.):     0.1353E+00   -0.4206E+00    0.4637E+00
# Minimization at step:   125 with Value:     0.0000Tol(Act/Req):0.3998E+00/0.1000E-04
# With parameters(tra.):    -0.1332E-04    0.1826E-04    0.1148E-04
# With parameters(rot.):     0.1353E+00   -0.4206E+00    0.4637E+00
# Minimization at step:   126 with Value:     0.0000Tol(Act/Req):0.3797E+00/0.1000E-04
# With parameters(tra.):    -0.1097E-04    0.1637E-04    0.1644E-04
# With parameters(rot.):     0.1353E+00   -0.4206E+00    0.4637E+00
# Minimization at step:   127 with Value:     0.0000Tol(Act/Req):0.6074E+00/0.1000E-04
# With parameters(tra.):    -0.4913E-05    0.1034E-04    0.1200E-04
# With parameters(rot.):     0.1354E+00   -0.4206E+00    0.4637E+00
# Minimization at step:   128 with Value:     0.0000Tol(Act/Req):0.4037E+00/0.1000E-04
# With parameters(tra.):    -0.4617E-05   -0.1941E-05    0.6403E-05
# With parameters(rot.):     0.1354E+00   -0.4206E+00    0.4637E+00
# Minimization at step:   129 with Value:     0.0000Tol(Act/Req):0.3725E+00/0.1000E-04
# With parameters(tra.):    -0.9449E-05    0.5376E-05    0.9181E-05
# With parameters(rot.):     0.1352E+00   -0.4206E+00    0.4637E+00
# Minimization at step:   130 with Value:     0.0000Tol(Act/Req):0.3680E+00/0.1000E-04
# With parameters(tra.):    -0.1163E-04    0.4248E-05    0.6435E-05
# With parameters(rot.):     0.1352E+00   -0.4206E+00    0.4637E+00
# Minimization at step:   131 with Value:     0.0000Tol(Act/Req):0.3187E+00/0.1000E-04
# With parameters(tra.):     0.1792E-05    0.9582E-05    0.1689E-05
# With parameters(rot.):     0.1352E+00   -0.4206E+00    0.4637E+00
# Minimization at step:   132 with Value:     0.0000Tol(Act/Req):0.2683E+00/0.1000E-04
# With parameters(tra.):     0.1074E-04    0.3524E-05    0.6696E-05
# With parameters(rot.):     0.1351E+00   -0.4206E+00    0.4637E+00
# Minimization at step:   133 with Value:     0.0000Tol(Act/Req):0.2648E+00/0.1000E-04
# With parameters(tra.):     0.1363E-04    0.1541E-05    0.5795E-05
# With parameters(rot.):     0.1352E+00   -0.4206E+00    0.4637E+00
# Minimization at step:   134 with Value:     0.0000Tol(Act/Req):0.2394E+00/0.1000E-04
# With parameters(tra.):     0.1524E-04   -0.1160E-05    0.6594E-05
# With parameters(rot.):     0.1351E+00   -0.4206E+00    0.4637E+00
# Minimization at step:   135 with Value:     0.0000Tol(Act/Req):0.2126E+00/0.1000E-04
# With parameters(tra.):     0.1685E-04    0.9520E-06    0.7542E-05
# With parameters(rot.):     0.1351E+00   -0.4206E+00    0.4637E+00
# Minimization at step:   136 with Value:     0.0000Tol(Act/Req):0.1362E+00/0.1000E-04
# With parameters(tra.):     0.1475E-04   -0.1100E-05    0.9217E-05
# With parameters(rot.):     0.1351E+00   -0.4206E+00    0.4637E+00
# Minimization at step:   137 with Value:     0.0000Tol(Act/Req):0.1054E+00/0.1000E-04
# With parameters(tra.):     0.1918E-04   -0.5138E-05    0.4652E-05
# With parameters(rot.):     0.1352E+00   -0.4205E+00    0.4637E+00
# Minimization at step:   138 with Value:     0.0000Tol(Act/Req):0.8177E-01/0.1000E-04
# With parameters(tra.):     0.1304E-04   -0.1968E-05   -0.1037E-05
# With parameters(rot.):     0.1352E+00   -0.4206E+00    0.4637E+00
# Minimization at step:   139 with Value:     0.0000Tol(Act/Req):0.7608E-01/0.1000E-04
# With parameters(tra.):     0.1142E-04   -0.6940E-06   -0.3701E-06
# With parameters(rot.):     0.1352E+00   -0.4206E+00    0.4637E+00
# Minimization at step:   140 with Value:     0.0000Tol(Act/Req):0.8278E-01/0.1000E-04
# With parameters(tra.):     0.1070E-04    0.1992E-07   -0.1150E-05
# With parameters(rot.):     0.1352E+00   -0.4206E+00    0.4637E+00
# Minimization at step:   141 with Value:     0.0000Tol(Act/Req):0.7956E-01/0.1000E-04
# With parameters(tra.):     0.1204E-04   -0.6070E-06    0.2626E-06
# With parameters(rot.):     0.1352E+00   -0.4206E+00    0.4637E+00
# Minimization at step:   142 with Value:     0.0000Tol(Act/Req):0.7352E-01/0.1000E-04
# With parameters(tra.):     0.1365E-04    0.3097E-05   -0.2680E-06
# With parameters(rot.):     0.1352E+00   -0.4205E+00    0.4637E+00
# Minimization at step:   143 with Value:     0.0000Tol(Act/Req):0.6999E-01/0.1000E-04
# With parameters(tra.):     0.1510E-04    0.2235E-05   -0.1224E-05
# With parameters(rot.):     0.1352E+00   -0.4205E+00    0.4637E+00
# Minimization at step:   144 with Value:     0.0000Tol(Act/Req):0.7010E-01/0.1000E-04
# With parameters(tra.):     0.1101E-04   -0.7584E-06   -0.1355E-05
# With parameters(rot.):     0.1353E+00   -0.4205E+00    0.4637E+00
# Minimization at step:   145 with Value:     0.0000Tol(Act/Req):0.3718E-01/0.1000E-04
# With parameters(tra.):     0.1083E-04   -0.1764E-06   -0.1357E-05
# With parameters(rot.):     0.1352E+00   -0.4205E+00    0.4637E+00
# Minimization at step:   146 with Value:     0.0000Tol(Act/Req):0.3762E-01/0.1000E-04
# With parameters(tra.):     0.1019E-04   -0.1375E-05   -0.1315E-05
# With parameters(rot.):     0.1352E+00   -0.4205E+00    0.4637E+00
# Minimization at step:   147 with Value:     0.0000Tol(Act/Req):0.3579E-01/0.1000E-04
# With parameters(tra.):     0.6538E-05    0.9448E-06   -0.2961E-06
# With parameters(rot.):     0.1352E+00   -0.4206E+00    0.4637E+00
# Minimization at step:   148 with Value:     0.0000Tol(Act/Req):0.2829E-01/0.1000E-04
# With parameters(tra.):     0.7380E-05    0.2083E-06    0.2343E-05
# With parameters(rot.):     0.1352E+00   -0.4205E+00    0.4636E+00
# Minimization at step:   149 with Value:     0.0000Tol(Act/Req):0.2599E-01/0.1000E-04
# With parameters(tra.):     0.8363E-05   -0.4331E-06    0.2309E-05
# With parameters(rot.):     0.1352E+00   -0.4205E+00    0.4636E+00
# Minimization at step:   150 with Value:     0.0000Tol(Act/Req):0.2470E-01/0.1000E-04
# With parameters(tra.):     0.6141E-05    0.8438E-06    0.1901E-05
# With parameters(rot.):     0.1353E+00   -0.4205E+00    0.4637E+00
# Minimization at step:   151 with Value:     0.0000Tol(Act/Req):0.1475E-01/0.1000E-04
# With parameters(tra.):     0.6049E-05   -0.1344E-05    0.1031E-05
# With parameters(rot.):     0.1353E+00   -0.4205E+00    0.4637E+00
# Minimization at step:   152 with Value:     0.0000Tol(Act/Req):0.7217E-02/0.1000E-04
# With parameters(tra.):     0.4083E-05   -0.5693E-06    0.1823E-05
# With parameters(rot.):     0.1353E+00   -0.4205E+00    0.4636E+00
# Minimization at step:   153 with Value:     0.0000Tol(Act/Req):0.1930E-01/0.1000E-04
# With parameters(tra.):     0.3942E-05    0.4220E-07    0.2107E-05
# With parameters(rot.):     0.1353E+00   -0.4205E+00    0.4636E+00
# Minimization at step:   154 with Value:     0.0000Tol(Act/Req):0.1550E-01/0.1000E-04
# With parameters(tra.):     0.1953E-05    0.7234E-06   -0.6114E-06
# With parameters(rot.):     0.1353E+00   -0.4205E+00    0.4636E+00
# Minimization at step:   155 with Value:     0.0000Tol(Act/Req):0.1688E-01/0.1000E-04
# With parameters(tra.):     0.2219E-05    0.1595E-05   -0.5166E-06
# With parameters(rot.):     0.1353E+00   -0.4205E+00    0.4636E+00
# Minimization at step:   156 with Value:     0.0000Tol(Act/Req):0.1588E-01/0.1000E-04
# With parameters(tra.):     0.2556E-05    0.1582E-05   -0.9097E-06
# With parameters(rot.):     0.1353E+00   -0.4205E+00    0.4636E+00
# Minimization at step:   157 with Value:     0.0000Tol(Act/Req):0.1455E-01/0.1000E-04
# With parameters(tra.):    -0.1264E-05    0.1701E-06   -0.6908E-06
# With parameters(rot.):     0.1354E+00   -0.4205E+00    0.4636E+00
# Minimization at step:   158 with Value:     0.0000Tol(Act/Req):0.1517E-01/0.1000E-04
# With parameters(tra.):    -0.1325E-05   -0.2053E-06   -0.8049E-06
# With parameters(rot.):     0.1354E+00   -0.4205E+00    0.4636E+00
# Minimization at step:   159 with Value:     0.0000Tol(Act/Req):0.1278E-01/0.1000E-04
# With parameters(tra.):    -0.1641E-05   -0.5070E-06   -0.1082E-05
# With parameters(rot.):     0.1354E+00   -0.4205E+00    0.4636E+00
# Minimization at step:   160 with Value:     0.0000Tol(Act/Req):0.1108E-01/0.1000E-04
# With parameters(tra.):    -0.1444E-05   -0.7798E-06   -0.4414E-06
# With parameters(rot.):     0.1354E+00   -0.4205E+00    0.4636E+00
# Minimization at step:   161 with Value:     0.0000Tol(Act/Req):0.2595E-02/0.1000E-04
# With parameters(tra.):     0.1376E-05    0.4158E-07   -0.5432E-06
# With parameters(rot.):     0.1354E+00   -0.4205E+00    0.4636E+00
# Minimization at step:   162 with Value:     0.0000Tol(Act/Req):0.3388E-02/0.1000E-04
# With parameters(tra.):     0.1092E-05    0.3473E-06   -0.6223E-06
# With parameters(rot.):     0.1353E+00   -0.4205E+00    0.4636E+00
# Minimization at step:   163 with Value:     0.0000Tol(Act/Req):0.3041E-02/0.1000E-04
# With parameters(tra.):     0.1370E-05    0.2864E-07   -0.1023E-05
# With parameters(rot.):     0.1354E+00   -0.4205E+00    0.4636E+00
# Minimization at step:   164 with Value:     0.0000Tol(Act/Req):0.2869E-02/0.1000E-04
# With parameters(tra.):     0.1704E-05   -0.4041E-07   -0.7511E-06
# With parameters(rot.):     0.1354E+00   -0.4205E+00    0.4636E+00
# Minimization at step:   165 with Value:     0.0000Tol(Act/Req):0.2824E-02/0.1000E-04
# With parameters(tra.):     0.1662E-05    0.3350E-07   -0.6283E-06
# With parameters(rot.):     0.1354E+00   -0.4205E+00    0.4636E+00
# Minimization at step:   166 with Value:     0.0000Tol(Act/Req):0.2879E-02/0.1000E-04
# With parameters(tra.):     0.1749E-05    0.3393E-06   -0.5902E-06
# With parameters(rot.):     0.1354E+00   -0.4205E+00    0.4636E+00
# Minimization at step:   167 with Value:     0.0000Tol(Act/Req):0.2895E-02/0.1000E-04
# With parameters(tra.):     0.1849E-05    0.2290E-06   -0.7602E-06
# With parameters(rot.):     0.1354E+00   -0.4205E+00    0.4636E+00
# Minimization at step:   168 with Value:     0.0000Tol(Act/Req):0.2359E-02/0.1000E-04
# With parameters(tra.):     0.1275E-06   -0.2561E-06   -0.7646E-06
# With parameters(rot.):     0.1354E+00   -0.4205E+00    0.4636E+00
# Minimization at step:   169 with Value:     0.0000Tol(Act/Req):0.1860E-02/0.1000E-04
# With parameters(tra.):     0.2179E-06   -0.4480E-06   -0.8183E-06
# With parameters(rot.):     0.1354E+00   -0.4205E+00    0.4636E+00
# Minimization at step:   170 with Value:     0.0000Tol(Act/Req):0.5357E-03/0.1000E-04
# With parameters(tra.):     0.6559E-06   -0.3427E-06   -0.8216E-06
# With parameters(rot.):     0.1354E+00   -0.4205E+00    0.4636E+00
# Minimization at step:   171 with Value:     0.0000Tol(Act/Req):0.5369E-03/0.1000E-04
# With parameters(tra.):     0.2367E-06   -0.3203E-06   -0.6405E-06
# With parameters(rot.):     0.1354E+00   -0.4205E+00    0.4636E+00
# Minimization at step:   172 with Value:     0.0000Tol(Act/Req):0.7269E-03/0.1000E-04
# With parameters(tra.):     0.2328E-07   -0.2231E-06   -0.6815E-06
# With parameters(rot.):     0.1354E+00   -0.4205E+00    0.4636E+00
# Minimization at step:   173 with Value:     0.0000Tol(Act/Req):0.6087E-03/0.1000E-04
# With parameters(tra.):     0.1297E-06   -0.4220E-06   -0.1149E-06
# With parameters(rot.):     0.1354E+00   -0.4205E+00    0.4636E+00
# Minimization at step:   174 with Value:     0.0000Tol(Act/Req):0.4847E-03/0.1000E-04
# With parameters(tra.):    -0.2366E-06   -0.6431E-07    0.1198E-06
# With parameters(rot.):     0.1354E+00   -0.4205E+00    0.4636E+00
# Minimization at step:   175 with Value:     0.0000Tol(Act/Req):0.4719E-03/0.1000E-04
# With parameters(tra.):    -0.3599E-06   -0.1439E-06    0.1081E-06
# With parameters(rot.):     0.1354E+00   -0.4205E+00    0.4636E+00
# Minimization at step:   176 with Value:     0.0000Tol(Act/Req):0.4753E-03/0.1000E-04
# With parameters(tra.):    -0.2256E-06   -0.7464E-07    0.1839E-06
# With parameters(rot.):     0.1354E+00   -0.4205E+00    0.4636E+00
# Minimization at step:   177 with Value:     0.0000Tol(Act/Req):0.4647E-03/0.1000E-04
# With parameters(tra.):    -0.2818E-06    0.4054E-08    0.6716E-07
# With parameters(rot.):     0.1354E+00   -0.4205E+00    0.4636E+00
# Minimization at step:   178 with Value:     0.0000Tol(Act/Req):0.4588E-03/0.1000E-04
# With parameters(tra.):    -0.1940E-06   -0.7969E-07    0.4112E-08
# With parameters(rot.):     0.1354E+00   -0.4205E+00    0.4636E+00
# Minimization at step:   179 with Value:     0.0000Tol(Act/Req):0.4569E-03/0.1000E-04
# With parameters(tra.):    -0.1832E-06   -0.1450E-06    0.4579E-07
# With parameters(rot.):     0.1354E+00   -0.4205E+00    0.4636E+00
# Minimization at step:   180 with Value:     0.0000Tol(Act/Req):0.2101E-03/0.1000E-04
# With parameters(tra.):    -0.1134E-06   -0.1359E-06    0.5770E-07
# With parameters(rot.):     0.1354E+00   -0.4205E+00    0.4636E+00
# Minimization at step:   181 with Value:     0.0000Tol(Act/Req):0.9922E-04/0.1000E-04
# With parameters(tra.):    -0.2314E-06   -0.8007E-07    0.9879E-07
# With parameters(rot.):     0.1354E+00   -0.4205E+00    0.4636E+00
# Minimization at step:   182 with Value:     0.0000Tol(Act/Req):0.1099E-03/0.1000E-04
# With parameters(tra.):    -0.2824E-06   -0.1145E-06    0.9219E-07
# With parameters(rot.):     0.1354E+00   -0.4205E+00    0.4636E+00
# Minimization at step:   183 with Value:     0.0000Tol(Act/Req):0.1049E-03/0.1000E-04
# With parameters(tra.):    -0.3266E-07    0.1060E-07    0.2132E-06
# With parameters(rot.):     0.1354E+00   -0.4205E+00    0.4636E+00
# Minimization at step:   184 with Value:     0.0000Tol(Act/Req):0.9389E-04/0.1000E-04
# With parameters(tra.):    -0.6206E-07    0.1702E-06    0.2835E-07
# With parameters(rot.):     0.1354E+00   -0.4205E+00    0.4636E+00
# Minimization at step:   185 with Value:     0.0000Tol(Act/Req):0.1108E-03/0.1000E-04
# With parameters(tra.):    -0.7163E-08    0.1491E-06   -0.1157E-08
# With parameters(rot.):     0.1354E+00   -0.4205E+00    0.4636E+00
# Minimization at step:   186 with Value:     0.0000Tol(Act/Req):0.9516E-04/0.1000E-04
# With parameters(tra.):    -0.6748E-07    0.1294E-06   -0.4927E-07
# With parameters(rot.):     0.1354E+00   -0.4205E+00    0.4636E+00
# Minimization at step:   187 with Value:     0.0000Tol(Act/Req):0.9427E-04/0.1000E-04
# With parameters(tra.):    -0.2875E-07    0.1560E-06   -0.5223E-07
# With parameters(rot.):     0.1354E+00   -0.4205E+00    0.4636E+00
# Minimization at step:   188 with Value:     0.0000Tol(Act/Req):0.7531E-04/0.1000E-04
# With parameters(tra.):    -0.1862E-07    0.1149E-06   -0.1274E-07
# With parameters(rot.):     0.1354E+00   -0.4205E+00    0.4636E+00
# Minimization at step:   189 with Value:     0.0000Tol(Act/Req):0.4525E-04/0.1000E-04
# With parameters(tra.):     0.5130E-09    0.1040E-06    0.3227E-08
# With parameters(rot.):     0.1354E+00   -0.4205E+00    0.4636E+00
# Minimization at step:   190 with Value:     0.0000Tol(Act/Req):0.3455E-04/0.1000E-04
# With parameters(tra.):    -0.3920E-07    0.1472E-06    0.1581E-07
# With parameters(rot.):     0.1354E+00   -0.4205E+00    0.4636E+00
# Minimization at step:   191 with Value:     0.0000Tol(Act/Req):0.1523E-04/0.1000E-04
# With parameters(tra.):    -0.4442E-07    0.1518E-06    0.6142E-08
# With parameters(rot.):     0.1354E+00   -0.4205E+00    0.4636E+00
# Minimization at step:   192 with Value:     0.0000Tol(Act/Req):0.1219E-04/0.1000E-04
# With parameters(tra.):     0.5295E-07    0.1106E-06   -0.5043E-07
# With parameters(rot.):     0.1354E+00   -0.4205E+00    0.4636E+00
# Minimization at step:   193 with Value:     0.0000Tol(Act/Req):0.1989E-04/0.1000E-04
# With parameters(tra.):     0.7913E-07    0.1201E-06   -0.5176E-07
# With parameters(rot.):     0.1354E+00   -0.4205E+00    0.4636E+00
# Minimization at step:   194 with Value:     0.0000Tol(Act/Req):0.1847E-04/0.1000E-04
# With parameters(tra.):     0.9524E-07    0.1160E-06   -0.4836E-07
# With parameters(rot.):     0.1354E+00   -0.4205E+00    0.4636E+00
# Minimization at step:   195 with Value:     0.0000Tol(Act/Req):0.1841E-04/0.1000E-04
# With parameters(tra.):     0.7443E-07    0.1267E-06   -0.3405E-07
# With parameters(rot.):     0.1354E+00   -0.4205E+00    0.4636E+00
# Minimization at step:   196 with Value:     0.0000Tol(Act/Req):0.1656E-04/0.1000E-04
# With parameters(tra.):     0.5609E-07    0.1166E-06   -0.5684E-07
# With parameters(rot.):     0.1354E+00   -0.4205E+00    0.4636E+00
# Minimization at step:   197 with Value:     0.0000Tol(Act/Req):0.8637E-05/0.1000E-04
# With parameters(tra.):     0.6738E-07    0.9625E-07   -0.4076E-07
# With parameters(rot.):     0.1354E+00   -0.4205E+00    0.4636E+00
# CSM Values after y minimization.
# Final Number of optim. Steps:   197
#      Before min is:      0.02928753876
# Final CSM Value is:      0.00000000000
# Coordinates rotated along Z.
[molecule] Nrec=   3 Format=nscxyz
  c                1    6   -0.15097232D-15   0.17320508D+01   0.21548703D-15
  n                2    7    0.00000000D+00   0.00000000D+00   0.00000000D+00
  c                3    6    0.15097232D-15  -0.17320508D+01  -0.21548703D-15
# Minimization at step:     0 with Value:     0.0411Tol(Act/Req):0.2699E+00/0.1000E-04
# With parameters(tra.):     0.1429E-01    0.1429E-01    0.1429E-01
# With parameters(rot.):     0.1429E-01    0.1429E-01    0.1429E-01
# Minimization at step:     1 with Value:     0.0404Tol(Act/Req):0.2699E+00/0.1000E-04
# With parameters(tra.):     0.1548E-01    0.7143E-02    0.1548E-01
# With parameters(rot.):     0.1548E-01    0.1548E-01    0.1548E-01
# Minimization at step:     2 with Value:     0.0397Tol(Act/Req):0.2166E+00/0.1000E-04
# With parameters(tra.):     0.1935E-01    0.8929E-02   -0.5655E-02
# With parameters(rot.):     0.1935E-01    0.1935E-01    0.1935E-01
# Minimization at step:     3 with Value:     0.0392Tol(Act/Req):0.1908E+00/0.1000E-04
# With parameters(tra.):    -0.8185E-03    0.1116E-01   -0.7068E-02
# With parameters(rot.):     0.2418E-01    0.2418E-01    0.2418E-01
# Minimization at step:     4 with Value:     0.0372Tol(Act/Req):0.3786E+00/0.1000E-04
# With parameters(tra.):    -0.1228E-02    0.1674E-01   -0.1060E-01
# With parameters(rot.):     0.3627E-01   -0.1373E-01    0.3627E-01
# Minimization at step:     5 with Value:     0.0365Tol(Act/Req):0.3762E+00/0.1000E-04
# With parameters(tra.):    -0.4415E-02    0.5655E-02   -0.1691E-01
# With parameters(rot.):     0.4559E-01   -0.2108E-01    0.4559E-01
# Minimization at step:     6 with Value:     0.0353Tol(Act/Req):0.3569E+00/0.1000E-04
# With parameters(tra.):    -0.1491E-01    0.3373E-02   -0.6581E-02
# With parameters(rot.):     0.5175E-01   -0.3714E-01    0.5175E-01
# Minimization at step:     7 with Value:     0.0338Tol(Act/Req):0.3338E+00/0.1000E-04
# With parameters(tra.):    -0.6170E-02   -0.7110E-03   -0.5476E-02
# With parameters(rot.):     0.5772E-01   -0.6080E-01    0.5772E-01
# Minimization at step:     8 with Value:     0.0307Tol(Act/Req):0.7933E+00/0.1000E-04
# With parameters(tra.):    -0.9255E-02   -0.1066E-02   -0.8213E-02
# With parameters(rot.):     0.8658E-01   -0.9120E-01    0.8658E-01
# Minimization at step:     9 with Value:     0.0261Tol(Act/Req):0.1356E+01/0.1000E-04
# With parameters(tra.):    -0.1388E-01   -0.1600E-02   -0.1232E-01
# With parameters(rot.):     0.7987E-01   -0.1368E+00    0.1299E+00
# Minimization at step:    10 with Value:     0.0231Tol(Act/Req):0.1344E+01/0.1000E-04
# With parameters(tra.):    -0.1385E-01    0.7068E-02   -0.4477E-02
# With parameters(rot.):     0.8198E-01   -0.1680E+00    0.1486E+00
# Minimization at step:    11 with Value:     0.0194Tol(Act/Req):0.1311E+01/0.1000E-04
# With parameters(tra.):    -0.1847E-01    0.9425E-02   -0.5969E-02
# With parameters(rot.):     0.1093E+00   -0.2240E+00    0.1649E+00
# Minimization at step:    12 with Value:     0.0156Tol(Act/Req):0.1315E+01/0.1000E-04
# With parameters(tra.):    -0.9155E-02    0.1372E-01   -0.1610E-01
# With parameters(rot.):     0.1223E+00   -0.2703E+00    0.1964E+00
# Minimization at step:    13 with Value:     0.0121Tol(Act/Req):0.1448E+01/0.1000E-04
# With parameters(tra.):    -0.1889E-01    0.2262E-01   -0.2075E-01
# With parameters(rot.):     0.1379E+00   -0.3164E+00    0.2367E+00
# Minimization at step:    14 with Value:     0.0084Tol(Act/Req):0.1574E+01/0.1000E-04
# With parameters(tra.):    -0.2424E-01    0.1714E-01   -0.1941E-01
# With parameters(rot.):     0.1557E+00   -0.3668E+00    0.2873E+00
# Minimization at step:    15 with Value:     0.0068Tol(Act/Req):0.1518E+01/0.1000E-04
# With parameters(tra.):    -0.2512E-01    0.2368E-01   -0.1950E-01
# With parameters(rot.):     0.1402E+00   -0.4181E+00    0.3158E+00
# Minimization at step:    16 with Value:     0.0053Tol(Act/Req):0.1245E+01/0.1000E-04
# With parameters(tra.):    -0.2796E-01    0.2133E-01   -0.2913E-01
# With parameters(rot.):     0.1532E+00   -0.4572E+00    0.3435E+00
# Minimization at step:    17 with Value:     0.0048Tol(Act/Req):0.1091E+01/0.1000E-04
# With parameters(tra.):    -0.2650E-01    0.2294E-01   -0.3536E-01
# With parameters(rot.):     0.1405E+00   -0.4789E+00    0.3868E+00
# Minimization at step:    18 with Value:     0.0043Tol(Act/Req):0.9992E+00/0.1000E-04
# With parameters(tra.):    -0.2601E-01    0.2517E-01   -0.3592E-01
# With parameters(rot.):     0.1477E+00   -0.4922E+00    0.3938E+00
# Minimization at step:    19 with Value:     0.0039Tol(Act/Req):0.9239E+00/0.1000E-04
# With parameters(tra.):    -0.2974E-01    0.2505E-01   -0.3503E-01
# With parameters(rot.):     0.1466E+00   -0.4992E+00    0.4023E+00
# Minimization at step:    20 with Value:     0.0035Tol(Act/Req):0.8543E+00/0.1000E-04
# With parameters(tra.):    -0.3038E-01    0.2482E-01   -0.3345E-01
# With parameters(rot.):     0.1503E+00   -0.4954E+00    0.3928E+00
# Minimization at step:    21 with Value:     0.0034Tol(Act/Req):0.7590E+00/0.1000E-04
# With parameters(tra.):    -0.3125E-01    0.1866E-01   -0.3802E-01
# With parameters(rot.):     0.1691E+00   -0.4699E+00    0.3900E+00
# Minimization at step:    22 with Value:     0.0032Tol(Act/Req):0.7182E+00/0.1000E-04
# With parameters(tra.):    -0.2563E-01    0.8440E-02   -0.3913E-01
# With parameters(rot.):     0.1639E+00   -0.4749E+00    0.4009E+00
# Minimization at step:    23 with Value:     0.0028Tol(Act/Req):0.9546E+00/0.1000E-04
# With parameters(tra.):    -0.2296E-01    0.5708E-02   -0.3603E-01
# With parameters(rot.):     0.1589E+00   -0.4547E+00    0.4016E+00
# Minimization at step:    24 with Value:     0.0025Tol(Act/Req):0.7948E+00/0.1000E-04
# With parameters(tra.):    -0.1933E-01    0.7554E-02   -0.3081E-01
# With parameters(rot.):     0.1367E+00   -0.4752E+00    0.4082E+00
# Minimization at step:    25 with Value:     0.0024Tol(Act/Req):0.7832E+00/0.1000E-04
# With parameters(tra.):    -0.1691E-01    0.1343E-02   -0.2675E-01
# With parameters(rot.):     0.1395E+00   -0.4610E+00    0.3943E+00
# Minimization at step:    26 with Value:     0.0021Tol(Act/Req):0.7218E+00/0.1000E-04
# With parameters(tra.):    -0.2010E-01   -0.6800E-02   -0.2223E-01
# With parameters(rot.):     0.1349E+00   -0.4621E+00    0.4087E+00
# Minimization at step:    27 with Value:     0.0019Tol(Act/Req):0.6887E+00/0.1000E-04
# With parameters(tra.):    -0.2388E-01   -0.1663E-02   -0.1549E-01
# With parameters(rot.):     0.1304E+00   -0.4528E+00    0.4004E+00
# Minimization at step:    28 with Value:     0.0017Tol(Act/Req):0.4311E+00/0.1000E-04
# With parameters(tra.):    -0.2218E-01   -0.6161E-02   -0.9784E-02
# With parameters(rot.):     0.1391E+00   -0.4663E+00    0.4166E+00
# Minimization at step:    29 with Value:     0.0016Tol(Act/Req):0.6871E+00/0.1000E-04
# With parameters(tra.):    -0.2323E-01   -0.5233E-02   -0.9382E-02
# With parameters(rot.):     0.1384E+00   -0.4703E+00    0.4219E+00
# Minimization at step:    30 with Value:     0.0016Tol(Act/Req):0.6261E+00/0.1000E-04
# With parameters(tra.):    -0.2816E-01   -0.1134E-01   -0.7470E-02
# With parameters(rot.):     0.1612E+00   -0.4482E+00    0.4199E+00
# Minimization at step:    31 with Value:     0.0014Tol(Act/Req):0.6476E+00/0.1000E-04
# With parameters(tra.):    -0.2715E-01   -0.1235E-01   -0.6808E-02
# With parameters(rot.):     0.1572E+00   -0.4424E+00    0.4183E+00
# Minimization at step:    32 with Value:     0.0013Tol(Act/Req):0.5385E+00/0.1000E-04
# With parameters(tra.):    -0.2320E-01   -0.8015E-02   -0.8076E-02
# With parameters(rot.):     0.1391E+00   -0.4576E+00    0.4194E+00
# Minimization at step:    33 with Value:     0.0012Tol(Act/Req):0.6563E+00/0.1000E-04
# With parameters(tra.):    -0.2220E-01   -0.9828E-02   -0.9144E-02
# With parameters(rot.):     0.1410E+00   -0.4603E+00    0.4231E+00
# Minimization at step:    34 with Value:     0.0011Tol(Act/Req):0.6383E+00/0.1000E-04
# With parameters(tra.):    -0.1971E-01   -0.2694E-02   -0.9304E-02
# With parameters(rot.):     0.1476E+00   -0.4585E+00    0.4134E+00
# Minimization at step:    35 with Value:     0.0010Tol(Act/Req):0.6520E+00/0.1000E-04
# With parameters(tra.):    -0.1993E-01   -0.1281E-02   -0.1069E-01
# With parameters(rot.):     0.1462E+00   -0.4545E+00    0.4091E+00
# Minimization at step:    36 with Value:     0.0009Tol(Act/Req):0.4840E+00/0.1000E-04
# With parameters(tra.):    -0.2034E-01   -0.1180E-02   -0.9351E-02
# With parameters(rot.):     0.1464E+00   -0.4595E+00    0.4096E+00
# Minimization at step:    37 with Value:     0.0009Tol(Act/Req):0.3910E+00/0.1000E-04
# With parameters(tra.):    -0.2102E-01   -0.2838E-02   -0.9316E-02
# With parameters(rot.):     0.1446E+00   -0.4600E+00    0.4117E+00
# Minimization at step:    38 with Value:     0.0008Tol(Act/Req):0.3677E+00/0.1000E-04
# With parameters(tra.):    -0.2237E-01   -0.1841E-03   -0.8490E-02
# With parameters(rot.):     0.1452E+00   -0.4646E+00    0.4189E+00
# Minimization at step:    39 with Value:     0.0007Tol(Act/Req):0.5222E+00/0.1000E-04
# With parameters(tra.):    -0.1875E-01    0.1864E-02   -0.7726E-02
# With parameters(rot.):     0.1332E+00   -0.4604E+00    0.4159E+00
# Minimization at step:    40 with Value:     0.0007Tol(Act/Req):0.4018E+00/0.1000E-04
# With parameters(tra.):    -0.1991E-01    0.2269E-02   -0.6764E-02
# With parameters(rot.):     0.1433E+00   -0.4513E+00    0.4140E+00
# Minimization at step:    41 with Value:     0.0007Tol(Act/Req):0.4014E+00/0.1000E-04
# With parameters(tra.):    -0.2008E-01    0.2607E-02   -0.5879E-02
# With parameters(rot.):     0.1431E+00   -0.4531E+00    0.4146E+00
# Minimization at step:    42 with Value:     0.0006Tol(Act/Req):0.6478E+00/0.1000E-04
# With parameters(tra.):    -0.2163E-01    0.3567E-03   -0.4053E-02
# With parameters(rot.):     0.1371E+00   -0.4512E+00    0.4223E+00
# Minimization at step:    43 with Value:     0.0005Tol(Act/Req):0.8446E+00/0.1000E-04
# With parameters(tra.):    -0.1944E-01    0.1248E-03   -0.4492E-02
# With parameters(rot.):     0.1395E+00   -0.4536E+00    0.4293E+00
# Minimization at step:    44 with Value:     0.0005Tol(Act/Req):0.7767E+00/0.1000E-04
# With parameters(tra.):    -0.1712E-01   -0.2426E-02   -0.3984E-02
# With parameters(rot.):     0.1370E+00   -0.4453E+00    0.4255E+00
# Minimization at step:    45 with Value:     0.0005Tol(Act/Req):0.6156E+00/0.1000E-04
# With parameters(tra.):    -0.1662E-01    0.1936E-04   -0.4522E-02
# With parameters(rot.):     0.1310E+00   -0.4342E+00    0.4224E+00
# Minimization at step:    46 with Value:     0.0004Tol(Act/Req):0.1040E+01/0.1000E-04
# With parameters(tra.):    -0.1540E-01   -0.2611E-03   -0.1189E-02
# With parameters(rot.):     0.1245E+00   -0.4303E+00    0.4281E+00
# Minimization at step:    47 with Value:     0.0004Tol(Act/Req):0.1506E+01/0.1000E-04
# With parameters(tra.):    -0.1274E-01   -0.1510E-02   -0.2929E-03
# With parameters(rot.):     0.1082E+00   -0.4324E+00    0.4347E+00
# Minimization at step:    48 with Value:     0.0003Tol(Act/Req):0.1457E+01/0.1000E-04
# With parameters(tra.):    -0.1255E-01   -0.2249E-02    0.1940E-03
# With parameters(rot.):     0.1078E+00   -0.4351E+00    0.4365E+00
# Minimization at step:    49 with Value:     0.0003Tol(Act/Req):0.1387E+01/0.1000E-04
# With parameters(tra.):    -0.1409E-01   -0.5667E-02    0.2070E-02
# With parameters(rot.):     0.1113E+00   -0.4308E+00    0.4465E+00
# Minimization at step:    50 with Value:     0.0003Tol(Act/Req):0.1308E+01/0.1000E-04
# With parameters(tra.):    -0.1541E-01   -0.4197E-02    0.3581E-02
# With parameters(rot.):     0.1051E+00   -0.4342E+00    0.4572E+00
# Minimization at step:    51 with Value:     0.0002Tol(Act/Req):0.1810E+01/0.1000E-04
# With parameters(tra.):    -0.1126E-01   -0.2715E-02    0.3691E-02
# With parameters(rot.):     0.1026E+00   -0.4311E+00    0.4586E+00
# Minimization at step:    52 with Value:     0.0002Tol(Act/Req):0.1794E+01/0.1000E-04
# With parameters(tra.):    -0.9233E-02   -0.3447E-02    0.2585E-02
# With parameters(rot.):     0.1065E+00   -0.4278E+00    0.4508E+00
# Minimization at step:    53 with Value:     0.0002Tol(Act/Req):0.1769E+01/0.1000E-04
# With parameters(tra.):    -0.8442E-02   -0.2407E-02    0.2159E-02
# With parameters(rot.):     0.1052E+00   -0.4286E+00    0.4487E+00
# Minimization at step:    54 with Value:     0.0001Tol(Act/Req):0.1727E+01/0.1000E-04
# With parameters(tra.):    -0.8072E-02   -0.2560E-02    0.2823E-02
# With parameters(rot.):     0.1018E+00   -0.4259E+00    0.4486E+00
# Minimization at step:    55 with Value:     0.0001Tol(Act/Req):0.1626E+01/0.1000E-04
# With parameters(tra.):    -0.6658E-02   -0.3746E-02    0.4211E-02
# With parameters(rot.):     0.9967E-01   -0.4275E+00    0.4543E+00
# Minimization at step:    56 with Value:     0.0001Tol(Act/Req):0.1497E+01/0.1000E-04
# With parameters(tra.):    -0.5690E-02   -0.4337E-02    0.2227E-02
# With parameters(rot.):     0.9997E-01   -0.4308E+00    0.4551E+00
# Minimization at step:    57 with Value:     0.0001Tol(Act/Req):0.1472E+01/0.1000E-04
# With parameters(tra.):    -0.5732E-02   -0.4289E-02    0.2382E-02
# With parameters(rot.):     0.9877E-01   -0.4316E+00    0.4568E+00
# Minimization at step:    58 with Value:     0.0001Tol(Act/Req):0.1431E+01/0.1000E-04
# With parameters(tra.):    -0.3246E-02   -0.2837E-02    0.1604E-02
# With parameters(rot.):     0.9407E-01   -0.4342E+00    0.4552E+00
# Minimization at step:    59 with Value:     0.0001Tol(Act/Req):0.1248E+01/0.1000E-04
# With parameters(tra.):    -0.8989E-03   -0.3236E-02    0.2525E-02
# With parameters(rot.):     0.8458E-01   -0.4316E+00    0.4572E+00
# Minimization at step:    60 with Value:     0.0001Tol(Act/Req):0.1246E+01/0.1000E-04
# With parameters(tra.):    -0.1325E-02   -0.3632E-02    0.2797E-02
# With parameters(rot.):     0.8496E-01   -0.4308E+00    0.4577E+00
# Minimization at step:    61 with Value:     0.0000Tol(Act/Req):0.1421E+01/0.1000E-04
# With parameters(tra.):    -0.1739E-03   -0.3091E-02    0.2931E-02
# With parameters(rot.):     0.9357E-01   -0.4281E+00    0.4588E+00
# Minimization at step:    62 with Value:     0.0000Tol(Act/Req):0.1400E+01/0.1000E-04
# With parameters(tra.):     0.1044E-02   -0.2082E-02    0.1579E-02
# With parameters(rot.):     0.9294E-01   -0.4271E+00    0.4564E+00
# Minimization at step:    63 with Value:     0.0000Tol(Act/Req):0.1300E+01/0.1000E-04
# With parameters(tra.):     0.2244E-02   -0.1222E-02    0.2408E-02
# With parameters(rot.):     0.9103E-01   -0.4246E+00    0.4564E+00
# Minimization at step:    64 with Value:     0.0000Tol(Act/Req):0.1086E+01/0.1000E-04
# With parameters(tra.):     0.2887E-02   -0.9428E-03    0.2488E-02
# With parameters(rot.):     0.8978E-01   -0.4244E+00    0.4571E+00
# Minimization at step:    65 with Value:     0.0000Tol(Act/Req):0.1002E+01/0.1000E-04
# With parameters(tra.):     0.1802E-02    0.2200E-03    0.1554E-02
# With parameters(rot.):     0.1010E+00   -0.4246E+00    0.4552E+00
# Minimization at step:    66 with Value:     0.0000Tol(Act/Req):0.9542E+00/0.1000E-04
# With parameters(tra.):     0.1850E-02    0.3429E-03    0.1586E-02
# With parameters(rot.):     0.1025E+00   -0.4237E+00    0.4552E+00
# Minimization at step:    67 with Value:     0.0000Tol(Act/Req):0.9469E+00/0.1000E-04
# With parameters(tra.):     0.2125E-02    0.6249E-04    0.1822E-02
# With parameters(rot.):     0.9986E-01   -0.4235E+00    0.4557E+00
# Minimization at step:    68 with Value:     0.0000Tol(Act/Req):0.7483E+00/0.1000E-04
# With parameters(tra.):     0.1910E-02   -0.1113E-04    0.2180E-02
# With parameters(rot.):     0.1006E+00   -0.4235E+00    0.4563E+00
# Minimization at step:    69 with Value:     0.0000Tol(Act/Req):0.5905E+00/0.1000E-04
# With parameters(tra.):     0.9997E-03   -0.1803E-03    0.1551E-02
# With parameters(rot.):     0.1051E+00   -0.4248E+00    0.4563E+00
# Minimization at step:    70 with Value:     0.0000Tol(Act/Req):0.3668E+00/0.1000E-04
# With parameters(tra.):     0.1658E-02    0.6329E-03    0.1398E-02
# With parameters(rot.):     0.1077E+00   -0.4245E+00    0.4576E+00
# Minimization at step:    71 with Value:     0.0000Tol(Act/Req):0.7267E+00/0.1000E-04
# With parameters(tra.):     0.1689E-02    0.9754E-03    0.1399E-02
# With parameters(rot.):     0.1124E+00   -0.4229E+00    0.4585E+00
# Minimization at step:    72 with Value:     0.0000Tol(Act/Req):0.6906E+00/0.1000E-04
# With parameters(tra.):     0.1731E-02    0.9124E-03    0.1181E-02
# With parameters(rot.):     0.1139E+00   -0.4230E+00    0.4582E+00
# Minimization at step:    73 with Value:     0.0000Tol(Act/Req):0.7238E+00/0.1000E-04
# With parameters(tra.):     0.2150E-02    0.6348E-03    0.1439E-02
# With parameters(rot.):     0.1132E+00   -0.4226E+00    0.4600E+00
# Minimization at step:    74 with Value:     0.0000Tol(Act/Req):0.6120E+00/0.1000E-04
# With parameters(tra.):     0.1801E-02    0.7029E-03    0.1909E-02
# With parameters(rot.):     0.1189E+00   -0.4222E+00    0.4622E+00
# Minimization at step:    75 with Value:     0.0000Tol(Act/Req):0.5840E+00/0.1000E-04
# With parameters(tra.):     0.1190E-02   -0.8697E-04    0.2233E-02
# With parameters(rot.):     0.1200E+00   -0.4217E+00    0.4625E+00
# Minimization at step:    76 with Value:     0.0000Tol(Act/Req):0.6913E+00/0.1000E-04
# With parameters(tra.):     0.1227E-02   -0.1698E-03    0.2142E-02
# With parameters(rot.):     0.1187E+00   -0.4217E+00    0.4619E+00
# Minimization at step:    77 with Value:     0.0000Tol(Act/Req):0.9659E+00/0.1000E-04
# With parameters(tra.):     0.1473E-02   -0.1266E-03    0.2349E-02
# With parameters(rot.):     0.1187E+00   -0.4211E+00    0.4624E+00
# Minimization at step:    78 with Value:     0.0000Tol(Act/Req):0.8195E+00/0.1000E-04
# With parameters(tra.):     0.8715E-03    0.3201E-03    0.2021E-02
# With parameters(rot.):     0.1185E+00   -0.4215E+00    0.4625E+00
# Minimization at step:    79 with Value:     0.0000Tol(Act/Req):0.7299E+00/0.1000E-04
# With parameters(tra.):     0.9975E-03    0.5514E-03    0.1922E-02
# With parameters(rot.):     0.1181E+00   -0.4216E+00    0.4625E+00
# Minimization at step:    80 with Value:     0.0000Tol(Act/Req):0.7560E+00/0.1000E-04
# With parameters(tra.):     0.7551E-03    0.1820E-03    0.1637E-02
# With parameters(rot.):     0.1246E+00   -0.4212E+00    0.4636E+00
# Minimization at step:    81 with Value:     0.0000Tol(Act/Req):0.7217E+00/0.1000E-04
# With parameters(tra.):     0.6694E-03    0.3029E-04    0.1657E-02
# With parameters(rot.):     0.1244E+00   -0.4215E+00    0.4638E+00
# Minimization at step:    82 with Value:     0.0000Tol(Act/Req):0.6053E+00/0.1000E-04
# With parameters(tra.):    -0.2433E-03    0.1064E-03    0.1471E-02
# With parameters(rot.):     0.1288E+00   -0.4216E+00    0.4633E+00
# Minimization at step:    83 with Value:     0.0000Tol(Act/Req):0.7843E+00/0.1000E-04
# With parameters(tra.):    -0.6604E-03    0.3279E-04    0.1066E-02
# With parameters(rot.):     0.1295E+00   -0.4216E+00    0.4627E+00
# Minimization at step:    84 with Value:     0.0000Tol(Act/Req):0.6787E+00/0.1000E-04
# With parameters(tra.):    -0.9609E-03    0.3227E-03    0.5837E-03
# With parameters(rot.):     0.1325E+00   -0.4219E+00    0.4627E+00
# Minimization at step:    85 with Value:     0.0000Tol(Act/Req):0.6784E+00/0.1000E-04
# With parameters(tra.):    -0.9701E-03   -0.1232E-03    0.4327E-03
# With parameters(rot.):     0.1374E+00   -0.4216E+00    0.4626E+00
# Minimization at step:    86 with Value:     0.0000Tol(Act/Req):0.5944E+00/0.1000E-04
# With parameters(tra.):    -0.1291E-02   -0.3570E-04    0.2070E-03
# With parameters(rot.):     0.1437E+00   -0.4206E+00    0.4635E+00
# Minimization at step:    87 with Value:     0.0000Tol(Act/Req):0.7297E+00/0.1000E-04
# With parameters(tra.):    -0.7280E-03   -0.1592E-03   -0.2812E-04
# With parameters(rot.):     0.1443E+00   -0.4202E+00    0.4641E+00
# Minimization at step:    88 with Value:     0.0000Tol(Act/Req):0.1180E+01/0.1000E-04
# With parameters(tra.):    -0.7708E-03   -0.6447E-04   -0.7200E-04
# With parameters(rot.):     0.1437E+00   -0.4202E+00    0.4638E+00
# Minimization at step:    89 with Value:     0.0000Tol(Act/Req):0.1502E+01/0.1000E-04
# With parameters(tra.):    -0.9336E-03   -0.1482E-03   -0.2063E-03
# With parameters(rot.):     0.1453E+00   -0.4203E+00    0.4639E+00
# Minimization at step:    90 with Value:     0.0000Tol(Act/Req):0.1430E+01/0.1000E-04
# With parameters(tra.):    -0.4932E-03   -0.2732E-03   -0.1185E-03
# With parameters(rot.):     0.1395E+00   -0.4212E+00    0.4630E+00
# Minimization at step:    91 with Value:     0.0000Tol(Act/Req):0.1402E+01/0.1000E-04
# With parameters(tra.):    -0.3791E-03   -0.3953E-03   -0.5637E-04
# With parameters(rot.):     0.1393E+00   -0.4211E+00    0.4630E+00
# Minimization at step:    92 with Value:     0.0000Tol(Act/Req):0.1257E+01/0.1000E-04
# With parameters(tra.):    -0.4797E-03   -0.3743E-03   -0.7316E-04
# With parameters(rot.):     0.1408E+00   -0.4208E+00    0.4632E+00
# Minimization at step:    93 with Value:     0.0000Tol(Act/Req):0.1250E+01/0.1000E-04
# With parameters(tra.):    -0.3070E-03   -0.1214E-04   -0.9070E-04
# With parameters(rot.):     0.1370E+00   -0.4208E+00    0.4636E+00
# Minimization at step:    94 with Value:     0.0000Tol(Act/Req):0.1110E+01/0.1000E-04
# With parameters(tra.):    -0.1733E-03    0.2513E-05   -0.8596E-04
# With parameters(rot.):     0.1374E+00   -0.4208E+00    0.4638E+00
# Minimization at step:    95 with Value:     0.0000Tol(Act/Req):0.1049E+01/0.1000E-04
# With parameters(tra.):    -0.2679E-03    0.4686E-04   -0.3200E-04
# With parameters(rot.):     0.1367E+00   -0.4209E+00    0.4636E+00
# Minimization at step:    96 with Value:     0.0000Tol(Act/Req):0.1245E+01/0.1000E-04
# With parameters(tra.):    -0.3078E-03   -0.3876E-04   -0.2272E-04
# With parameters(rot.):     0.1376E+00   -0.4209E+00    0.4636E+00
# Minimization at step:    97 with Value:     0.0000Tol(Act/Req):0.1214E+01/0.1000E-04
# With parameters(tra.):    -0.2906E-03    0.1073E-04   -0.4055E-04
# With parameters(rot.):     0.1368E+00   -0.4210E+00    0.4634E+00
# Minimization at step:    98 with Value:     0.0000Tol(Act/Req):0.1176E+01/0.1000E-04
# With parameters(tra.):    -0.3252E-03    0.5335E-04   -0.4623E-04
# With parameters(rot.):     0.1372E+00   -0.4209E+00    0.4635E+00
# Minimization at step:    99 with Value:     0.0000Tol(Act/Req):0.8806E+00/0.1000E-04
# With parameters(tra.):    -0.7900E-04   -0.4133E-04    0.8136E-04
# With parameters(rot.):     0.1362E+00   -0.4206E+00    0.4637E+00
# Minimization at step:   100 with Value:     0.0000Tol(Act/Req):0.1326E+01/0.1000E-04
# With parameters(tra.):    -0.4276E-05   -0.3766E-04    0.9767E-04
# With parameters(rot.):     0.1363E+00   -0.4205E+00    0.4638E+00
# Minimization at step:   101 with Value:     0.0000Tol(Act/Req):0.1301E+01/0.1000E-04
# With parameters(tra.):    -0.8260E-05   -0.7032E-04    0.5584E-04
# With parameters(rot.):     0.1363E+00   -0.4206E+00    0.4639E+00
# Minimization at step:   102 with Value:     0.0000Tol(Act/Req):0.1040E+01/0.1000E-04
# With parameters(tra.):    -0.6391E-04   -0.4907E-04    0.2181E-04
# With parameters(rot.):     0.1366E+00   -0.4206E+00    0.4638E+00
# Minimization at step:   103 with Value:     0.0000Tol(Act/Req):0.1039E+01/0.1000E-04
# With parameters(tra.):    -0.9421E-04   -0.3489E-04    0.5328E-04
# With parameters(rot.):     0.1362E+00   -0.4207E+00    0.4638E+00
# Minimization at step:   104 with Value:     0.0000Tol(Act/Req):0.1236E+01/0.1000E-04
# With parameters(tra.):    -0.9224E-04   -0.2093E-04    0.5873E-04
# With parameters(rot.):     0.1363E+00   -0.4206E+00    0.4639E+00
# Minimization at step:   105 with Value:     0.0000Tol(Act/Req):0.1184E+01/0.1000E-04
# With parameters(tra.):    -0.9422E-04   -0.6226E-04    0.7016E-04
# With parameters(rot.):     0.1367E+00   -0.4206E+00    0.4638E+00
# Minimization at step:   106 with Value:     0.0000Tol(Act/Req):0.1020E+01/0.1000E-04
# With parameters(tra.):    -0.1933E-04   -0.6263E-05    0.7109E-04
# With parameters(rot.):     0.1355E+00   -0.4206E+00    0.4637E+00
# Minimization at step:   107 with Value:     0.0000Tol(Act/Req):0.1151E+01/0.1000E-04
# With parameters(tra.):    -0.4344E-04    0.7932E-05    0.5819E-04
# With parameters(rot.):     0.1356E+00   -0.4206E+00    0.4636E+00
# Minimization at step:   108 with Value:     0.0000Tol(Act/Req):0.1104E+01/0.1000E-04
# With parameters(tra.):    -0.4836E-04   -0.1881E-05    0.3747E-04
# With parameters(rot.):     0.1355E+00   -0.4206E+00    0.4636E+00
# Minimization at step:   109 with Value:     0.0000Tol(Act/Req):0.8655E+00/0.1000E-04
# With parameters(tra.):    -0.1468E-04    0.2938E-05    0.4061E-04
# With parameters(rot.):     0.1355E+00   -0.4206E+00    0.4637E+00
# Minimization at step:   110 with Value:     0.0000Tol(Act/Req):0.1114E+01/0.1000E-04
# With parameters(tra.):    -0.2320E-04    0.1318E-04    0.5528E-04
# With parameters(rot.):     0.1352E+00   -0.4207E+00    0.4636E+00
# Minimization at step:   111 with Value:     0.0000Tol(Act/Req):0.1109E+01/0.1000E-04
# With parameters(tra.):    -0.1646E-04    0.2300E-04    0.5772E-04
# With parameters(rot.):     0.1352E+00   -0.4206E+00    0.4637E+00
# Minimization at step:   112 with Value:     0.0000Tol(Act/Req):0.8509E+00/0.1000E-04
# With parameters(tra.):    -0.1097E-04    0.9443E-05    0.6240E-04
# With parameters(rot.):     0.1353E+00   -0.4206E+00    0.4636E+00
# Minimization at step:   113 with Value:     0.0000Tol(Act/Req):0.7249E+00/0.1000E-04
# With parameters(tra.):    -0.2276E-04    0.1419E-05    0.6152E-04
# With parameters(rot.):     0.1354E+00   -0.4206E+00    0.4637E+00
# Minimization at step:   114 with Value:     0.0000Tol(Act/Req):0.6723E+00/0.1000E-04
# With parameters(tra.):    -0.2407E-04   -0.1711E-04    0.2809E-04
# With parameters(rot.):     0.1353E+00   -0.4206E+00    0.4637E+00
# Minimization at step:   115 with Value:     0.0000Tol(Act/Req):0.8747E+00/0.1000E-04
# With parameters(tra.):    -0.3451E-04   -0.1209E-04    0.1913E-04
# With parameters(rot.):     0.1353E+00   -0.4207E+00    0.4637E+00
# Minimization at step:   116 with Value:     0.0000Tol(Act/Req):0.6776E+00/0.1000E-04
# With parameters(tra.):    -0.1932E-04   -0.1094E-04    0.1891E-04
# With parameters(rot.):     0.1353E+00   -0.4207E+00    0.4637E+00
# Minimization at step:   117 with Value:     0.0000Tol(Act/Req):0.5600E+00/0.1000E-04
# With parameters(tra.):    -0.1860E-04   -0.5793E-05    0.2650E-04
# With parameters(rot.):     0.1353E+00   -0.4207E+00    0.4637E+00
# Minimization at step:   118 with Value:     0.0000Tol(Act/Req):0.5831E+00/0.1000E-04
# With parameters(tra.):    -0.1649E-04   -0.1384E-04    0.2585E-04
# With parameters(rot.):     0.1354E+00   -0.4207E+00    0.4637E+00
# Minimization at step:   119 with Value:     0.0000Tol(Act/Req):0.3919E+00/0.1000E-04
# With parameters(tra.):    -0.3018E-05   -0.6480E-05    0.2011E-04
# With parameters(rot.):     0.1353E+00   -0.4206E+00    0.4637E+00
# Minimization at step:   120 with Value:     0.0000Tol(Act/Req):0.6078E+00/0.1000E-04
# With parameters(tra.):    -0.5598E-05   -0.2997E-05    0.2451E-04
# With parameters(rot.):     0.1352E+00   -0.4206E+00    0.4637E+00
# Minimization at step:   121 with Value:     0.0000Tol(Act/Req):0.4938E+00/0.1000E-04
# With parameters(tra.):    -0.1006E-04   -0.7377E-05    0.2099E-04
# With parameters(rot.):     0.1353E+00   -0.4206E+00    0.4637E+00
# Minimization at step:   122 with Value:     0.0000Tol(Act/Req):0.3709E+00/0.1000E-04
# With parameters(tra.):    -0.1694E-05   -0.6502E-05    0.2105E-04
# With parameters(rot.):     0.1353E+00   -0.4206E+00    0.4637E+00
# Minimization at step:   123 with Value:     0.0000Tol(Act/Req):0.3485E+00/0.1000E-04
# With parameters(tra.):    -0.1164E-04    0.5384E-05    0.3772E-05
# With parameters(rot.):     0.1353E+00   -0.4206E+00    0.4637E+00
# Minimization at step:   124 with Value:     0.0000Tol(Act/Req):0.4360E+00/0.1000E-04
# With parameters(tra.):    -0.1572E-04    0.4532E-05    0.3847E-05
# With parameters(rot.):     0.1353E+00   -0.4206E+00    0.4637E+00
# Minimization at step:   125 with Value:     0.0000Tol(Act/Req):0.3998E+00/0.1000E-04
# With parameters(tra.):    -0.1332E-04    0.1826E-04    0.1148E-04
# With parameters(rot.):     0.1353E+00   -0.4206E+00    0.4637E+00
# Minimization at step:   126 with Value:     0.0000Tol(Act/Req):0.3797E+00/0.1000E-04
# With parameters(tra.):    -0.1097E-04    0.1637E-04    0.1644E-04
# With parameters(rot.):     0.1353E+00   -0.4206E+00    0.4637E+00
# Minimization at step:   127 with Value:     0.0000Tol(Act/Req):0.6074E+00/0.1000E-04
# With parameters(tra.):    -0.4913E-05    0.1034E-04    0.1200E-04
# With parameters(rot.):     0.1354E+00   -0.4206E+00    0.4637E+00
# Minimization at step:   128 with Value:     0.0000Tol(Act/Req):0.4037E+00/0.1000E-04
# With parameters(tra.):    -0.4617E-05   -0.1941E-05    0.6403E-05
# With parameters(rot.):     0.1354E+00   -0.4206E+00    0.4637E+00
# Minimization at step:   129 with Value:     0.0000Tol(Act/Req):0.3725E+00/0.1000E-04
# With parameters(tra.):    -0.9449E-05    0.5376E-05    0.9181E-05
# With parameters(rot.):     0.1352E+00   -0.4206E+00    0.4637E+00
# Minimization at step:   130 with Value:     0.0000Tol(Act/Req):0.3680E+00/0.1000E-04
# With parameters(tra.):    -0.1163E-04    0.4248E-05    0.6435E-05
# With parameters(rot.):     0.1352E+00   -0.4206E+00    0.4637E+00
# Minimization at step:   131 with Value:     0.0000Tol(Act/Req):0.3187E+00/0.1000E-04
# With parameters(tra.):     0.1792E-05    0.9582E-05    0.1689E-05
# With parameters(rot.):     0.1352E+00   -0.4206E+00    0.4637E+00
# Minimization at step:   132 with Value:     0.0000Tol(Act/Req):0.2683E+00/0.1000E-04
# With parameters(tra.):     0.1074E-04    0.3524E-05    0.6696E-05
# With parameters(rot.):     0.1351E+00   -0.4206E+00    0.4637E+00
# Minimization at step:   133 with Value:     0.0000Tol(Act/Req):0.2648E+00/0.1000E-04
# With parameters(tra.):     0.1363E-04    0.1541E-05    0.5795E-05
# With parameters(rot.):     0.1352E+00   -0.4206E+00    0.4637E+00
# Minimization at step:   134 with Value:     0.0000Tol(Act/Req):0.2394E+00/0.1000E-04
# With parameters(tra.):     0.1524E-04   -0.1160E-05    0.6594E-05
# With parameters(rot.):     0.1351E+00   -0.4206E+00    0.4637E+00
# Minimization at step:   135 with Value:     0.0000Tol(Act/Req):0.2126E+00/0.1000E-04
# With parameters(tra.):     0.1685E-04    0.9520E-06    0.7542E-05
# With parameters(rot.):     0.1351E+00   -0.4206E+00    0.4637E+00
# Minimization at step:   136 with Value:     0.0000Tol(Act/Req):0.1362E+00/0.1000E-04
# With parameters(tra.):     0.1475E-04   -0.1100E-05    0.9217E-05
# With parameters(rot.):     0.1351E+00   -0.4206E+00    0.4637E+00
# Minimization at step:   137 with Value:     0.0000Tol(Act/Req):0.1054E+00/0.1000E-04
# With parameters(tra.):     0.1918E-04   -0.5138E-05    0.4652E-05
# With parameters(rot.):     0.1352E+00   -0.4205E+00    0.4637E+00
# Minimization at step:   138 with Value:     0.0000Tol(Act/Req):0.8177E-01/0.1000E-04
# With parameters(tra.):     0.1304E-04   -0.1968E-05   -0.1037E-05
# With parameters(rot.):     0.1352E+00   -0.4206E+00    0.4637E+00
# Minimization at step:   139 with Value:     0.0000Tol(Act/Req):0.7608E-01/0.1000E-04
# With parameters(tra.):     0.1142E-04   -0.6940E-06   -0.3701E-06
# With parameters(rot.):     0.1352E+00   -0.4206E+00    0.4637E+00
# Minimization at step:   140 with Value:     0.0000Tol(Act/Req):0.8278E-01/0.1000E-04
# With parameters(tra.):     0.1070E-04    0.1992E-07   -0.1150E-05
# With parameters(rot.):     0.1352E+00   -0.4206E+00    0.4637E+00
# Minimization at step:   141 with Value:     0.0000Tol(Act/Req):0.7956E-01/0.1000E-04
# With parameters(tra.):     0.1204E-04   -0.6070E-06    0.2626E-06
# With parameters(rot.):     0.1352E+00   -0.4206E+00    0.4637E+00
# Minimization at step:   142 with Value:     0.0000Tol(Act/Req):0.7352E-01/0.1000E-04
# With parameters(tra.):     0.1365E-04    0.3097E-05   -0.2680E-06
# With parameters(rot.):     0.1352E+00   -0.4205E+00    0.4637E+00
# Minimization at step:   143 with Value:     0.0000Tol(Act/Req):0.6999E-01/0.1000E-04
# With parameters(tra.):     0.1510E-04    0.2235E-05   -0.1224E-05
# With parameters(rot.):     0.1352E+00   -0.4205E+00    0.4637E+00
# Minimization at step:   144 with Value:     0.0000Tol(Act/Req):0.7010E-01/0.1000E-04
# With parameters(tra.):     0.1101E-04   -0.7584E-06   -0.1355E-05
# With parameters(rot.):     0.1353E+00   -0.4205E+00    0.4637E+00
# Minimization at step:   145 with Value:     0.0000Tol(Act/Req):0.3718E-01/0.1000E-04
# With parameters(tra.):     0.1083E-04   -0.1764E-06   -0.1357E-05
# With parameters(rot.):     0.1352E+00   -0.4205E+00    0.4637E+00
# Minimization at step:   146 with Value:     0.0000Tol(Act/Req):0.3762E-01/0.1000E-04
# With parameters(tra.):     0.1019E-04   -0.1375E-05   -0.1315E-05
# With parameters(rot.):     0.1352E+00   -0.4205E+00    0.4637E+00
# Minimization at step:   147 with Value:     0.0000Tol(Act/Req):0.3579E-01/0.1000E-04
# With parameters(tra.):     0.6538E-05    0.9448E-06   -0.2961E-06
# With parameters(rot.):     0.1352E+00   -0.4206E+00    0.4637E+00
# Minimization at step:   148 with Value:     0.0000Tol(Act/Req):0.2829E-01/0.1000E-04
# With parameters(tra.):     0.7380E-05    0.2083E-06    0.2343E-05
# With parameters(rot.):     0.1352E+00   -0.4205E+00    0.4636E+00
# Minimization at step:   149 with Value:     0.0000Tol(Act/Req):0.2599E-01/0.1000E-04
# With parameters(tra.):     0.8363E-05   -0.4331E-06    0.2309E-05
# With parameters(rot.):     0.1352E+00   -0.4205E+00    0.4636E+00
# Minimization at step:   150 with Value:     0.0000Tol(Act/Req):0.2470E-01/0.1000E-04
# With parameters(tra.):     0.6141E-05    0.8438E-06    0.1901E-05
# With parameters(rot.):     0.1353E+00   -0.4205E+00    0.4637E+00
# Minimization at step:   151 with Value:     0.0000Tol(Act/Req):0.1475E-01/0.1000E-04
# With parameters(tra.):     0.6049E-05   -0.1344E-05    0.1031E-05
# With parameters(rot.):     0.1353E+00   -0.4205E+00    0.4637E+00
# Minimization at step:   152 with Value:     0.0000Tol(Act/Req):0.7217E-02/0.1000E-04
# With parameters(tra.):     0.4083E-05   -0.5693E-06    0.1823E-05
# With parameters(rot.):     0.1353E+00   -0.4205E+00    0.4636E+00
# Minimization at step:   153 with Value:     0.0000Tol(Act/Req):0.1930E-01/0.1000E-04
# With parameters(tra.):     0.3942E-05    0.4220E-07    0.2107E-05
# With parameters(rot.):     0.1353E+00   -0.4205E+00    0.4636E+00
# Minimization at step:   154 with Value:     0.0000Tol(Act/Req):0.1550E-01/0.1000E-04
# With parameters(tra.):     0.1953E-05    0.7234E-06   -0.6114E-06
# With parameters(rot.):     0.1353E+00   -0.4205E+00    0.4636E+00
# Minimization at step:   155 with Value:     0.0000Tol(Act/Req):0.1688E-01/0.1000E-04
# With parameters(tra.):     0.2219E-05    0.1595E-05   -0.5166E-06
# With parameters(rot.):     0.1353E+00   -0.4205E+00    0.4636E+00
# Minimization at step:   156 with Value:     0.0000Tol(Act/Req):0.1588E-01/0.1000E-04
# With parameters(tra.):     0.2556E-05    0.1582E-05   -0.9097E-06
# With parameters(rot.):     0.1353E+00   -0.4205E+00    0.4636E+00
# Minimization at step:   157 with Value:     0.0000Tol(Act/Req):0.1455E-01/0.1000E-04
# With parameters(tra.):    -0.1264E-05    0.1701E-06   -0.6908E-06
# With parameters(rot.):     0.1354E+00   -0.4205E+00    0.4636E+00
# Minimization at step:   158 with Value:     0.0000Tol(Act/Req):0.1517E-01/0.1000E-04
# With parameters(tra.):    -0.1325E-05   -0.2053E-06   -0.8049E-06
# With parameters(rot.):     0.1354E+00   -0.4205E+00    0.4636E+00
# Minimization at step:   159 with Value:     0.0000Tol(Act/Req):0.1278E-01/0.1000E-04
# With parameters(tra.):    -0.1641E-05   -0.5070E-06   -0.1082E-05
# With parameters(rot.):     0.1354E+00   -0.4205E+00    0.4636E+00
# Minimization at step:   160 with Value:     0.0000Tol(Act/Req):0.1108E-01/0.1000E-04
# With parameters(tra.):    -0.1444E-05   -0.7798E-06   -0.4414E-06
# With parameters(rot.):     0.1354E+00   -0.4205E+00    0.4636E+00
# Minimization at step:   161 with Value:     0.0000Tol(Act/Req):0.2595E-02/0.1000E-04
# With parameters(tra.):     0.1376E-05    0.4158E-07   -0.5432E-06
# With parameters(rot.):     0.1354E+00   -0.4205E+00    0.4636E+00
# Minimization at step:   162 with Value:     0.0000Tol(Act/Req):0.3388E-02/0.1000E-04
# With parameters(tra.):     0.1092E-05    0.3473E-06   -0.6223E-06
# With parameters(rot.):     0.1353E+00   -0.4205E+00    0.4636E+00
# Minimization at step:   163 with Value:     0.0000Tol(Act/Req):0.3041E-02/0.1000E-04
# With parameters(tra.):     0.1370E-05    0.2864E-07   -0.1023E-05
# With parameters(rot.):     0.1354E+00   -0.4205E+00    0.4636E+00
# Minimization at step:   164 with Value:     0.0000Tol(Act/Req):0.2869E-02/0.1000E-04
# With parameters(tra.):     0.1704E-05   -0.4041E-07   -0.7511E-06
# With parameters(rot.):     0.1354E+00   -0.4205E+00    0.4636E+00
# Minimization at step:   165 with Value:     0.0000Tol(Act/Req):0.2824E-02/0.1000E-04
# With parameters(tra.):     0.1662E-05    0.3350E-07   -0.6283E-06
# With parameters(rot.):     0.1354E+00   -0.4205E+00    0.4636E+00
# Minimization at step:   166 with Value:     0.0000Tol(Act/Req):0.2879E-02/0.1000E-04
# With parameters(tra.):     0.1749E-05    0.3393E-06   -0.5902E-06
# With parameters(rot.):     0.1354E+00   -0.4205E+00    0.4636E+00
# Minimization at step:   167 with Value:     0.0000Tol(Act/Req):0.2895E-02/0.1000E-04
# With parameters(tra.):     0.1849E-05    0.2290E-06   -0.7602E-06
# With parameters(rot.):     0.1354E+00   -0.4205E+00    0.4636E+00
# Minimization at step:   168 with Value:     0.0000Tol(Act/Req):0.2359E-02/0.1000E-04
# With parameters(tra.):     0.1275E-06   -0.2561E-06   -0.7646E-06
# With parameters(rot.):     0.1354E+00   -0.4205E+00    0.4636E+00
# Minimization at step:   169 with Value:     0.0000Tol(Act/Req):0.1860E-02/0.1000E-04
# With parameters(tra.):     0.2179E-06   -0.4480E-06   -0.8183E-06
# With parameters(rot.):     0.1354E+00   -0.4205E+00    0.4636E+00
# Minimization at step:   170 with Value:     0.0000Tol(Act/Req):0.5357E-03/0.1000E-04
# With parameters(tra.):     0.6559E-06   -0.3427E-06   -0.8216E-06
# With parameters(rot.):     0.1354E+00   -0.4205E+00    0.4636E+00
# Minimization at step:   171 with Value:     0.0000Tol(Act/Req):0.5369E-03/0.1000E-04
# With parameters(tra.):     0.2367E-06   -0.3203E-06   -0.6405E-06
# With parameters(rot.):     0.1354E+00   -0.4205E+00    0.4636E+00
# Minimization at step:   172 with Value:     0.0000Tol(Act/Req):0.7269E-03/0.1000E-04
# With parameters(tra.):     0.2328E-07   -0.2231E-06   -0.6815E-06
# With parameters(rot.):     0.1354E+00   -0.4205E+00    0.4636E+00
# Minimization at step:   173 with Value:     0.0000Tol(Act/Req):0.6087E-03/0.1000E-04
# With parameters(tra.):     0.1297E-06   -0.4220E-06   -0.1149E-06
# With parameters(rot.):     0.1354E+00   -0.4205E+00    0.4636E+00
# Minimization at step:   174 with Value:     0.0000Tol(Act/Req):0.4847E-03/0.1000E-04
# With parameters(tra.):    -0.2366E-06   -0.6431E-07    0.1198E-06
# With parameters(rot.):     0.1354E+00   -0.4205E+00    0.4636E+00
# Minimization at step:   175 with Value:     0.0000Tol(Act/Req):0.4719E-03/0.1000E-04
# With parameters(tra.):    -0.3599E-06   -0.1439E-06    0.1081E-06
# With parameters(rot.):     0.1354E+00   -0.4205E+00    0.4636E+00
# Minimization at step:   176 with Value:     0.0000Tol(Act/Req):0.4753E-03/0.1000E-04
# With parameters(tra.):    -0.2256E-06   -0.7464E-07    0.1839E-06
# With parameters(rot.):     0.1354E+00   -0.4205E+00    0.4636E+00
# Minimization at step:   177 with Value:     0.0000Tol(Act/Req):0.4647E-03/0.1000E-04
# With parameters(tra.):    -0.2818E-06    0.4054E-08    0.6716E-07
# With parameters(rot.):     0.1354E+00   -0.4205E+00    0.4636E+00
# Minimization at step:   178 with Value:     0.0000Tol(Act/Req):0.4588E-03/0.1000E-04
# With parameters(tra.):    -0.1940E-06   -0.7969E-07    0.4112E-08
# With parameters(rot.):     0.1354E+00   -0.4205E+00    0.4636E+00
# Minimization at step:   179 with Value:     0.0000Tol(Act/Req):0.4569E-03/0.1000E-04
# With parameters(tra.):    -0.1832E-06   -0.1450E-06    0.4579E-07
# With parameters(rot.):     0.1354E+00   -0.4205E+00    0.4636E+00
# Minimization at step:   180 with Value:     0.0000Tol(Act/Req):0.2101E-03/0.1000E-04
# With parameters(tra.):    -0.1134E-06   -0.1359E-06    0.5770E-07
# With parameters(rot.):     0.1354E+00   -0.4205E+00    0.4636E+00
# Minimization at step:   181 with Value:     0.0000Tol(Act/Req):0.9922E-04/0.1000E-04
# With parameters(tra.):    -0.2314E-06   -0.8007E-07    0.9879E-07
# With parameters(rot.):     0.1354E+00   -0.4205E+00    0.4636E+00
# Minimization at step:   182 with Value:     0.0000Tol(Act/Req):0.1099E-03/0.1000E-04
# With parameters(tra.):    -0.2824E-06   -0.1145E-06    0.9219E-07
# With parameters(rot.):     0.1354E+00   -0.4205E+00    0.4636E+00
# Minimization at step:   183 with Value:     0.0000Tol(Act/Req):0.1049E-03/0.1000E-04
# With parameters(tra.):    -0.3266E-07    0.1060E-07    0.2132E-06
# With parameters(rot.):     0.1354E+00   -0.4205E+00    0.4636E+00
# Minimization at step:   184 with Value:     0.0000Tol(Act/Req):0.9389E-04/0.1000E-04
# With parameters(tra.):    -0.6206E-07    0.1702E-06    0.2835E-07
# With parameters(rot.):     0.1354E+00   -0.4205E+00    0.4636E+00
# Minimization at step:   185 with Value:     0.0000Tol(Act/Req):0.1108E-03/0.1000E-04
# With parameters(tra.):    -0.7163E-08    0.1491E-06   -0.1157E-08
# With parameters(rot.):     0.1354E+00   -0.4205E+00    0.4636E+00
# Minimization at step:   186 with Value:     0.0000Tol(Act/Req):0.9516E-04/0.1000E-04
# With parameters(tra.):    -0.6748E-07    0.1294E-06   -0.4927E-07
# With parameters(rot.):     0.1354E+00   -0.4205E+00    0.4636E+00
# Minimization at step:   187 with Value:     0.0000Tol(Act/Req):0.9427E-04/0.1000E-04
# With parameters(tra.):    -0.2875E-07    0.1560E-06   -0.5223E-07
# With parameters(rot.):     0.1354E+00   -0.4205E+00    0.4636E+00
# Minimization at step:   188 with Value:     0.0000Tol(Act/Req):0.7531E-04/0.1000E-04
# With parameters(tra.):    -0.1862E-07    0.1149E-06   -0.1274E-07
# With parameters(rot.):     0.1354E+00   -0.4205E+00    0.4636E+00
# Minimization at step:   189 with Value:     0.0000Tol(Act/Req):0.4525E-04/0.1000E-04
# With parameters(tra.):     0.5130E-09    0.1040E-06    0.3227E-08
# With parameters(rot.):     0.1354E+00   -0.4205E+00    0.4636E+00
# Minimization at step:   190 with Value:     0.0000Tol(Act/Req):0.3455E-04/0.1000E-04
# With parameters(tra.):    -0.3920E-07    0.1472E-06    0.1581E-07
# With parameters(rot.):     0.1354E+00   -0.4205E+00    0.4636E+00
# Minimization at step:   191 with Value:     0.0000Tol(Act/Req):0.1523E-04/0.1000E-04
# With parameters(tra.):    -0.4442E-07    0.1518E-06    0.6142E-08
# With parameters(rot.):     0.1354E+00   -0.4205E+00    0.4636E+00
# Minimization at step:   192 with Value:     0.0000Tol(Act/Req):0.1219E-04/0.1000E-04
# With parameters(tra.):     0.5295E-07    0.1106E-06   -0.5043E-07
# With parameters(rot.):     0.1354E+00   -0.4205E+00    0.4636E+00
# Minimization at step:   193 with Value:     0.0000Tol(Act/Req):0.1989E-04/0.1000E-04
# With parameters(tra.):     0.7913E-07    0.1201E-06   -0.5176E-07
# With parameters(rot.):     0.1354E+00   -0.4205E+00    0.4636E+00
# Minimization at step:   194 with Value:     0.0000Tol(Act/Req):0.1847E-04/0.1000E-04
# With parameters(tra.):     0.9524E-07    0.1160E-06   -0.4836E-07
# With parameters(rot.):     0.1354E+00   -0.4205E+00    0.4636E+00
# Minimization at step:   195 with Value:     0.0000Tol(Act/Req):0.1841E-04/0.1000E-04
# With parameters(tra.):     0.7443E-07    0.1267E-06   -0.3405E-07
# With parameters(rot.):     0.1354E+00   -0.4205E+00    0.4636E+00
# Minimization at step:   196 with Value:     0.0000Tol(Act/Req):0.1656E-04/0.1000E-04
# With parameters(tra.):     0.5609E-07    0.1166E-06   -0.5684E-07
# With parameters(rot.):     0.1354E+00   -0.4205E+00    0.4636E+00
# Minimization at step:   197 with Value:     0.0000Tol(Act/Req):0.8637E-05/0.1000E-04
# With parameters(tra.):     0.6738E-07    0.9625E-07   -0.4076E-07
# With parameters(rot.):     0.1354E+00   -0.4205E+00    0.4636E+00
# CSM Values after z minimization.
# Final Number of optim. Steps:   197
#      Before min is:      0.02928753876
# Final CSM Simplex Value is:      0.00000000000
# CSM Summary.
#    Inizial CSM Value is:      0.03876013281
#   After optimization is:      0.00000000000
#          Along x axe is:      0.00000000000
#          Along y axe is:      0.00000000000
#          Along z axe is:      0.00000000000
# The Lowest CSM Value is:      0.00000000000
#    Obtained CSM in % is:      0.00000000000
