# [csmmod_rdinput] messages reinitialized.
# MESLOG:[csmmod_rdinput] messages reinitialized.
# Input  file unit is: 5
# Input  file name is:stdin
# Output file unit is: 6
# Output file name is:stdout
# Error  file unit is: 6
# Error  file name is:stderr
# Log    file unit is: 6
# Log    file name is:stdlog
# MESLOG:[csm_rdinput] molecule_init called with debug.
[molecule] Nrec=  60 Format=nscxyz
  c                1    6    0.10000000D+01   0.20000000D+01   0.30000000D+01
  c                2    6   -0.15930960D+01   0.15690900D+01   0.30000000D+01
  c                3    6   -0.19845870D+01  -0.10302480D+01   0.30000000D+01
  c                4    6    0.36655300D+00  -0.22058190D+01   0.30000000D+01
  c                5    6    0.22111300D+01  -0.33302200D+00   0.30000000D+01
  c                6    6    0.84722400D+00  -0.18890020D+01   0.31167090D+01
  c                7    6    0.10068920D+01  -0.34580920D+01   0.10137850D+01
  c                8    6    0.27750690D+01  -0.24278440D+01  -0.63605400D+00
  c                9    6    0.37081940D+01  -0.22202400D+00   0.44721300D+00
  c               10    6    0.25167210D+01   0.11099700D+00   0.27665490D+01
  c               11    6    0.20583540D+01   0.22202400D+00   0.31167090D+01
  c               12    6    0.35999880D+01  -0.11099700D+00   0.10137850D+01
  c               13    6    0.31665600D+01   0.18890020D+01  -0.63605400D+00
  c               14    6    0.13570530D+01   0.34580920D+01   0.44721300D+00
  c               15    6    0.67214400D+00   0.24278440D+01   0.27665490D+01
  c               16    6    0.42490800D+00   0.20262210D+01   0.31167090D+01
  c               17    6    0.12180220D+01   0.33894920D+01   0.10137850D+01
  c               18    6   -0.81802700D+00   0.35953110D+01  -0.63605400D+00
  c               19    6   -0.28694890D+01   0.23592430D+01   0.44721300D+00
  c               20    6   -0.21013120D+01   0.13894920D+01   0.27665490D+01
  c               21    6   -0.17957470D+01   0.10302480D+01   0.31167090D+01
  c               22    6   -0.28472090D+01   0.22058190D+01   0.10137850D+01
  c               23    6   -0.36721280D+01   0.33302200D+00  -0.63605400D+00
  c               24    6   -0.31304950D+01  -0.20000000D+01   0.44721300D+00
  c               25    6   -0.19708270D+01  -0.15690900D+01   0.27665490D+01
  c               26    6   -0.15347410D+01  -0.13894920D+01   0.31167090D+01
  c               27    6   -0.29776940D+01  -0.20262210D+01   0.10137850D+01
  c               28    6   -0.14514730D+01  -0.33894920D+01  -0.63605400D+00
  c               29    6    0.93473600D+00  -0.35953110D+01   0.44721300D+00
  c               30    6    0.88327400D+00  -0.23592430D+01   0.27665490D+01
  c               31    6    0.14514730D+01  -0.33894920D+01   0.63605400D+00
  c               32    6   -0.93473600D+00  -0.35953110D+01  -0.44721300D+00
  c               33    6   -0.88327400D+00  -0.23592430D+01  -0.27665490D+01
  c               34    6    0.15347410D+01  -0.13894920D+01  -0.31167090D+01
  c               35    6    0.29776940D+01  -0.20262210D+01  -0.10137850D+01
  c               36    6    0.36721280D+01   0.33302200D+00   0.63605400D+00
  c               37    6    0.31304950D+01  -0.20000000D+01  -0.44721300D+00
  c               38    6    0.19708270D+01  -0.15690900D+01  -0.27665490D+01
  c               39    6    0.17957470D+01   0.10302480D+01  -0.31167090D+01
  c               40    6    0.28472090D+01   0.22058190D+01  -0.10137850D+01
  c               41    6    0.81802700D+00   0.35953110D+01   0.63605400D+00
  c               42    6    0.28694890D+01   0.23592430D+01  -0.44721300D+00
  c               43    6    0.21013120D+01   0.13894920D+01  -0.27665490D+01
  c               44    6   -0.42490800D+00   0.20262210D+01  -0.31167090D+01
  c               45    6   -0.12180220D+01   0.33894920D+01  -0.10137850D+01
  c               46    6   -0.31665600D+01   0.18890020D+01   0.63605400D+00
  c               47    6   -0.13570530D+01   0.34580920D+01  -0.44721300D+00
  c               48    6   -0.67214400D+00   0.24278440D+01  -0.27665490D+01
  c               49    6   -0.20583540D+01   0.22202400D+00  -0.31167090D+01
  c               50    6   -0.35999880D+01  -0.11099700D+00  -0.10137850D+01
  c               51    6   -0.27750690D+01  -0.24278440D+01   0.63605400D+00
  c               52    6   -0.37081940D+01  -0.22202400D+00  -0.44721300D+00
  c               53    6   -0.25167210D+01   0.11099700D+00  -0.27665490D+01
  c               54    6   -0.84722400D+00  -0.18890020D+01  -0.31167090D+01
  c               55    6   -0.10068920D+01  -0.34580920D+01  -0.10137850D+01
  c               56    6    0.19845870D+01  -0.10302480D+01  -0.30000000D+01
  c               57    6   -0.36655300D+00  -0.22058190D+01  -0.30000000D+01
  c               58    6   -0.22111300D+01  -0.33302200D+00  -0.30000000D+01
  c               59    6   -0.10000000D+01   0.20000000D+01  -0.30000000D+01
  c               60    6    0.15930960D+01   0.15690900D+01  -0.30000000D+01
# Molecule moved to the center of mass
# Shift Vector is:        0.00000000       0.00000000       0.00000000
# Inertia Tensor: (Before Diagonalization)
# Up Diagonal Columnwise
#    0.94089497D+03  -0.62172489D-14   0.94089500D+03   0.27993214D-04  -0.88817842D-15   0.94089492D+03
# Inertia Tensor: (Full Matrix)
# 1,1 - 1,3           0.94089497D+03  -0.62172489D-14   0.27993214D-04
# 2,1 - 2,3          -0.62172489D-14   0.94089500D+03  -0.88817842D-15
# 3,1 - 3,3           0.27993214D-04  -0.88817842D-15   0.94089492D+03
# Inertia Tensor
# Inertia EigenValues:     0.94089491D+03   0.94089498D+03   0.94089500D+03
# Eigen Vectors:
# 1,1 - 1,3          -0.44482192D+00   0.89561904D+00   0.12249867D-08
# 2,1 - 2,3           0.54490095D-09  -0.10971214D-08   0.10000000D+01
# 3,1 - 3,3           0.89561904D+00   0.44482192D+00   0.00000000D+00
# Molecule Rotated to match inertia axes
[molecule] Nrec=  60 Format=nscxyz
  c                1    6    0.22420352D+01   0.22300848D+01   0.20000000D+01
  c                2    6    0.33955011D+01  -0.92341337D-01   0.15690900D+01
  c                3    6    0.35696449D+01  -0.44296813D+00  -0.10302480D+01
  c                4    6    0.25238063D+01   0.16627576D+01  -0.22058190D+01
  c                5    6    0.17032980D+01   0.33147959D+01  -0.33302200D+00
  c                6    6    0.24145201D+01   0.21451704D+01  -0.18890020D+01
  c                7    6    0.46007751D+00   0.13527454D+01  -0.34580920D+01
  c                8    6   -0.18040736D+01   0.22024739D+01  -0.24278440D+01
  c                9    6   -0.12489535D+01   0.35200593D+01  -0.22202400D+00
  c               10    6    0.13582813D+01   0.34846449D+01   0.11099700D+00
  c               11    6    0.18757829D+01   0.32298815D+01   0.22202400D+00
  c               12    6   -0.69338844D+00   0.36751716D+01  -0.11099700D+00
  c               13    6   -0.19782174D+01   0.25531006D+01   0.18890020D+01
  c               14    6   -0.20311445D+00   0.14143326D+01   0.34580920D+01
  c               15    6    0.21787896D+01   0.18326066D+01   0.24278440D+01
  c               16    6    0.26023755D+01   0.17669362D+01   0.20262210D+01
  c               17    6    0.36616226D+00   0.15418375D+01   0.33894920D+01
  c               18    6   -0.20578573D+00  -0.10155713D+01   0.35953110D+01
  c               19    6    0.16769441D+01  -0.23710388D+01   0.23592430D+01
  c               20    6    0.34124836D+01  -0.65135338D+00   0.13894920D+01
  c               21    6    0.35901715D+01  -0.22192471D+00   0.10302480D+01
  c               22    6    0.21744661D+01  -0.20990608D+01   0.22058190D+01
  c               23    6    0.10637810D+01  -0.35717585D+01   0.33302200D+00
  c               24    6    0.17930453D+01  -0.26048008D+01  -0.20000000D+01
  c               25    6    0.33544410D+01  -0.53448853D+00  -0.15690900D+01
  c               26    6    0.34740704D+01   0.11837237D-01  -0.13894920D+01
  c               27    6    0.22325087D+01  -0.22159256D+01  -0.20262210D+01
  c               28    6    0.75984939D-01  -0.15828976D+01  -0.33894920D+01
  c               29    6   -0.15258591D-01   0.10360975D+01  -0.35953110D+01
  c               30    6    0.20848743D+01   0.20216987D+01  -0.23592430D+01
  c               31    6   -0.75984942D-01   0.15828976D+01  -0.33894920D+01
  c               32    6    0.15258587D-01  -0.10360975D+01  -0.35953110D+01
  c               33    6   -0.20848743D+01  -0.20216987D+01  -0.23592430D+01
  c               34    6   -0.34740704D+01  -0.11837234D-01  -0.13894920D+01
  c               35    6   -0.22325087D+01   0.22159256D+01  -0.20262210D+01
  c               36    6   -0.10637810D+01   0.35717585D+01   0.33302200D+00
  c               37    6   -0.17930453D+01   0.26048008D+01  -0.20000000D+01
  c               38    6   -0.33544410D+01   0.53448853D+00  -0.15690900D+01
  c               39    6   -0.35901715D+01   0.22192471D+00   0.10302480D+01
  c               40    6   -0.21744661D+01   0.20990608D+01   0.22058190D+01
  c               41    6    0.20578573D+00   0.10155713D+01   0.35953110D+01
  c               42    6   -0.16769441D+01   0.23710388D+01   0.23592430D+01
  c               43    6   -0.34124836D+01   0.65135338D+00   0.13894920D+01
  c               44    6   -0.26023755D+01  -0.17669362D+01   0.20262210D+01
  c               45    6   -0.36616225D+00  -0.15418375D+01   0.33894920D+01
  c               46    6    0.19782174D+01  -0.25531007D+01   0.18890020D+01
  c               47    6    0.20311445D+00  -0.14143326D+01   0.34580920D+01
  c               48    6   -0.21787896D+01  -0.18326066D+01   0.24278440D+01
  c               49    6   -0.18757829D+01  -0.32298815D+01   0.22202400D+00
  c               50    6    0.69338844D+00  -0.36751716D+01  -0.11099700D+00
  c               51    6    0.18040736D+01  -0.22024739D+01  -0.24278440D+01
  c               52    6    0.12489535D+01  -0.35200593D+01  -0.22202400D+00
  c               53    6   -0.13582813D+01  -0.34846449D+01   0.11099700D+00
  c               54    6   -0.24145201D+01  -0.21451704D+01  -0.18890020D+01
  c               55    6   -0.46007751D+00  -0.13527454D+01  -0.34580920D+01
  c               56    6   -0.35696449D+01   0.44296813D+00  -0.10302480D+01
  c               57    6   -0.25238063D+01  -0.16627576D+01  -0.22058190D+01
  c               58    6   -0.17032980D+01  -0.33147959D+01  -0.33302200D+00
  c               59    6   -0.22420352D+01  -0.22300848D+01   0.20000000D+01
  c               60    6   -0.33955011D+01   0.92341334D-01   0.15690900D+01
# Initial Integrals follow ...
# INT: Number of electrons from integrated RHO:    359.99996729096
# INT: \int \rho \rho dr:     963.48584615499
# INT: \int \rho \tilde{\rho} dr/ng:     958.89918462666
# INT: \int \rho \tilde{\rho}m dr/ng:     942.84108719074
#  DEBUG     \int rr  =    963.48584615499
#  DEBUG     \int rr~ =    958.89918462666
#  DEBUG     \int rr~ =    958.89918462666
#  DEBUG     CSM value =      0.00476048667
#  DEBUG     CSM value =      0.00476048667
# Number of electrons =    359.99996729096
# Initial rho^2 value =    963.48584615499
#  Initial rrii value =    105.02622125586
#  Initial rrij value =    858.45962489913
#  Initial imj  value =    958.89918462666
#  Initial impj value =    942.84108719074
#  Initial CSM  value =      0.00476048667
#  Initial CSM% value =      0.47604866710
[molecule] Nrec=  60 Format=nscxyz
  c                1    6    0.22420352D+01   0.22300848D+01   0.20000000D+01
  c                2    6    0.33955011D+01  -0.92341337D-01   0.15690900D+01
  c                3    6    0.35696449D+01  -0.44296813D+00  -0.10302480D+01
  c                4    6    0.25238063D+01   0.16627576D+01  -0.22058190D+01
  c                5    6    0.17032980D+01   0.33147959D+01  -0.33302200D+00
  c                6    6    0.24145201D+01   0.21451704D+01  -0.18890020D+01
  c                7    6    0.46007751D+00   0.13527454D+01  -0.34580920D+01
  c                8    6   -0.18040736D+01   0.22024739D+01  -0.24278440D+01
  c                9    6   -0.12489535D+01   0.35200593D+01  -0.22202400D+00
  c               10    6    0.13582813D+01   0.34846449D+01   0.11099700D+00
  c               11    6    0.18757829D+01   0.32298815D+01   0.22202400D+00
  c               12    6   -0.69338844D+00   0.36751716D+01  -0.11099700D+00
  c               13    6   -0.19782174D+01   0.25531006D+01   0.18890020D+01
  c               14    6   -0.20311445D+00   0.14143326D+01   0.34580920D+01
  c               15    6    0.21787896D+01   0.18326066D+01   0.24278440D+01
  c               16    6    0.26023755D+01   0.17669362D+01   0.20262210D+01
  c               17    6    0.36616226D+00   0.15418375D+01   0.33894920D+01
  c               18    6   -0.20578573D+00  -0.10155713D+01   0.35953110D+01
  c               19    6    0.16769441D+01  -0.23710388D+01   0.23592430D+01
  c               20    6    0.34124836D+01  -0.65135338D+00   0.13894920D+01
  c               21    6    0.35901715D+01  -0.22192471D+00   0.10302480D+01
  c               22    6    0.21744661D+01  -0.20990608D+01   0.22058190D+01
  c               23    6    0.10637810D+01  -0.35717585D+01   0.33302200D+00
  c               24    6    0.17930453D+01  -0.26048008D+01  -0.20000000D+01
  c               25    6    0.33544410D+01  -0.53448853D+00  -0.15690900D+01
  c               26    6    0.34740704D+01   0.11837237D-01  -0.13894920D+01
  c               27    6    0.22325087D+01  -0.22159256D+01  -0.20262210D+01
  c               28    6    0.75984939D-01  -0.15828976D+01  -0.33894920D+01
  c               29    6   -0.15258591D-01   0.10360975D+01  -0.35953110D+01
  c               30    6    0.20848743D+01   0.20216987D+01  -0.23592430D+01
  c               31    6   -0.75984942D-01   0.15828976D+01  -0.33894920D+01
  c               32    6    0.15258587D-01  -0.10360975D+01  -0.35953110D+01
  c               33    6   -0.20848743D+01  -0.20216987D+01  -0.23592430D+01
  c               34    6   -0.34740704D+01  -0.11837234D-01  -0.13894920D+01
  c               35    6   -0.22325087D+01   0.22159256D+01  -0.20262210D+01
  c               36    6   -0.10637810D+01   0.35717585D+01   0.33302200D+00
  c               37    6   -0.17930453D+01   0.26048008D+01  -0.20000000D+01
  c               38    6   -0.33544410D+01   0.53448853D+00  -0.15690900D+01
  c               39    6   -0.35901715D+01   0.22192471D+00   0.10302480D+01
  c               40    6   -0.21744661D+01   0.20990608D+01   0.22058190D+01
  c               41    6    0.20578573D+00   0.10155713D+01   0.35953110D+01
  c               42    6   -0.16769441D+01   0.23710388D+01   0.23592430D+01
  c               43    6   -0.34124836D+01   0.65135338D+00   0.13894920D+01
  c               44    6   -0.26023755D+01  -0.17669362D+01   0.20262210D+01
  c               45    6   -0.36616225D+00  -0.15418375D+01   0.33894920D+01
  c               46    6    0.19782174D+01  -0.25531007D+01   0.18890020D+01
  c               47    6    0.20311445D+00  -0.14143326D+01   0.34580920D+01
  c               48    6   -0.21787896D+01  -0.18326066D+01   0.24278440D+01
  c               49    6   -0.18757829D+01  -0.32298815D+01   0.22202400D+00
  c               50    6    0.69338844D+00  -0.36751716D+01  -0.11099700D+00
  c               51    6    0.18040736D+01  -0.22024739D+01  -0.24278440D+01
  c               52    6    0.12489535D+01  -0.35200593D+01  -0.22202400D+00
  c               53    6   -0.13582813D+01  -0.34846449D+01   0.11099700D+00
  c               54    6   -0.24145201D+01  -0.21451704D+01  -0.18890020D+01
  c               55    6   -0.46007751D+00  -0.13527454D+01  -0.34580920D+01
  c               56    6   -0.35696449D+01   0.44296813D+00  -0.10302480D+01
  c               57    6   -0.25238063D+01  -0.16627576D+01  -0.22058190D+01
  c               58    6   -0.17032980D+01  -0.33147959D+01  -0.33302200D+00
  c               59    6   -0.22420352D+01  -0.22300848D+01   0.20000000D+01
  c               60    6   -0.33955011D+01   0.92341334D-01   0.15690900D+01
# Request Simplex: Run it with internal procedure. NOT IMPLEMENTED!
# Request for Simplex: Initial Coordinates.
[molecule] Nrec=  60 Format=nscxyz
  c                1    6    0.22420352D+01   0.22300848D+01   0.20000000D+01
  c                2    6    0.33955011D+01  -0.92341337D-01   0.15690900D+01
  c                3    6    0.35696449D+01  -0.44296813D+00  -0.10302480D+01
  c                4    6    0.25238063D+01   0.16627576D+01  -0.22058190D+01
  c                5    6    0.17032980D+01   0.33147959D+01  -0.33302200D+00
  c                6    6    0.24145201D+01   0.21451704D+01  -0.18890020D+01
  c                7    6    0.46007751D+00   0.13527454D+01  -0.34580920D+01
  c                8    6   -0.18040736D+01   0.22024739D+01  -0.24278440D+01
  c                9    6   -0.12489535D+01   0.35200593D+01  -0.22202400D+00
  c               10    6    0.13582813D+01   0.34846449D+01   0.11099700D+00
  c               11    6    0.18757829D+01   0.32298815D+01   0.22202400D+00
  c               12    6   -0.69338844D+00   0.36751716D+01  -0.11099700D+00
  c               13    6   -0.19782174D+01   0.25531006D+01   0.18890020D+01
  c               14    6   -0.20311445D+00   0.14143326D+01   0.34580920D+01
  c               15    6    0.21787896D+01   0.18326066D+01   0.24278440D+01
  c               16    6    0.26023755D+01   0.17669362D+01   0.20262210D+01
  c               17    6    0.36616226D+00   0.15418375D+01   0.33894920D+01
  c               18    6   -0.20578573D+00  -0.10155713D+01   0.35953110D+01
  c               19    6    0.16769441D+01  -0.23710388D+01   0.23592430D+01
  c               20    6    0.34124836D+01  -0.65135338D+00   0.13894920D+01
  c               21    6    0.35901715D+01  -0.22192471D+00   0.10302480D+01
  c               22    6    0.21744661D+01  -0.20990608D+01   0.22058190D+01
  c               23    6    0.10637810D+01  -0.35717585D+01   0.33302200D+00
  c               24    6    0.17930453D+01  -0.26048008D+01  -0.20000000D+01
  c               25    6    0.33544410D+01  -0.53448853D+00  -0.15690900D+01
  c               26    6    0.34740704D+01   0.11837237D-01  -0.13894920D+01
  c               27    6    0.22325087D+01  -0.22159256D+01  -0.20262210D+01
  c               28    6    0.75984939D-01  -0.15828976D+01  -0.33894920D+01
  c               29    6   -0.15258591D-01   0.10360975D+01  -0.35953110D+01
  c               30    6    0.20848743D+01   0.20216987D+01  -0.23592430D+01
  c               31    6   -0.75984942D-01   0.15828976D+01  -0.33894920D+01
  c               32    6    0.15258587D-01  -0.10360975D+01  -0.35953110D+01
  c               33    6   -0.20848743D+01  -0.20216987D+01  -0.23592430D+01
  c               34    6   -0.34740704D+01  -0.11837234D-01  -0.13894920D+01
  c               35    6   -0.22325087D+01   0.22159256D+01  -0.20262210D+01
  c               36    6   -0.10637810D+01   0.35717585D+01   0.33302200D+00
  c               37    6   -0.17930453D+01   0.26048008D+01  -0.20000000D+01
  c               38    6   -0.33544410D+01   0.53448853D+00  -0.15690900D+01
  c               39    6   -0.35901715D+01   0.22192471D+00   0.10302480D+01
  c               40    6   -0.21744661D+01   0.20990608D+01   0.22058190D+01
  c               41    6    0.20578573D+00   0.10155713D+01   0.35953110D+01
  c               42    6   -0.16769441D+01   0.23710388D+01   0.23592430D+01
  c               43    6   -0.34124836D+01   0.65135338D+00   0.13894920D+01
  c               44    6   -0.26023755D+01  -0.17669362D+01   0.20262210D+01
  c               45    6   -0.36616225D+00  -0.15418375D+01   0.33894920D+01
  c               46    6    0.19782174D+01  -0.25531007D+01   0.18890020D+01
  c               47    6    0.20311445D+00  -0.14143326D+01   0.34580920D+01
  c               48    6   -0.21787896D+01  -0.18326066D+01   0.24278440D+01
  c               49    6   -0.18757829D+01  -0.32298815D+01   0.22202400D+00
  c               50    6    0.69338844D+00  -0.36751716D+01  -0.11099700D+00
  c               51    6    0.18040736D+01  -0.22024739D+01  -0.24278440D+01
  c               52    6    0.12489535D+01  -0.35200593D+01  -0.22202400D+00
  c               53    6   -0.13582813D+01  -0.34846449D+01   0.11099700D+00
  c               54    6   -0.24145201D+01  -0.21451704D+01  -0.18890020D+01
  c               55    6   -0.46007751D+00  -0.13527454D+01  -0.34580920D+01
  c               56    6   -0.35696449D+01   0.44296813D+00  -0.10302480D+01
  c               57    6   -0.25238063D+01  -0.16627576D+01  -0.22058190D+01
  c               58    6   -0.17032980D+01  -0.33147959D+01  -0.33302200D+00
  c               59    6   -0.22420352D+01  -0.22300848D+01   0.20000000D+01
  c               60    6   -0.33955011D+01   0.92341334D-01   0.15690900D+01
# Minimization at step:     0 with Value:     0.0060Tol(Act/Req):0.4632E+00/0.1000E-04
# With parameters(tra.):     0.1429E-01    0.1429E-01    0.1429E-01
# With parameters(rot.):     0.1429E-01    0.1429E-01    0.1429E-01
# Minimization at step:     1 with Value:     0.0057Tol(Act/Req):0.4629E+00/0.1000E-04
# With parameters(tra.):     0.7143E-02    0.1548E-01    0.1548E-01
# With parameters(rot.):     0.1548E-01    0.1548E-01    0.1548E-01
# Minimization at step:     2 with Value:     0.0054Tol(Act/Req):0.4622E+00/0.1000E-04
# With parameters(tra.):     0.7738E-02    0.1677E-01    0.8433E-02
# With parameters(rot.):     0.1677E-01    0.1677E-01    0.1677E-01
# Minimization at step:     3 with Value:     0.0051Tol(Act/Req):0.1556E+00/0.1000E-04
# With parameters(tra.):     0.9673E-02   -0.4043E-02    0.1054E-01
# With parameters(rot.):     0.2096E-01    0.2096E-01    0.2096E-01
# Minimization at step:     4 with Value:     0.0050Tol(Act/Req):0.1539E+00/0.1000E-04
# With parameters(tra.):     0.1013E-01   -0.5132E-02    0.7195E-02
# With parameters(rot.):     0.2195E-01    0.2195E-01    0.2195E-01
# Minimization at step:     5 with Value:     0.0050Tol(Act/Req):0.1511E+00/0.1000E-04
# With parameters(tra.):    -0.3158E-02   -0.9620E-02    0.6815E-02
# With parameters(rot.):     0.2649E-01    0.2649E-01    0.2649E-01
# Minimization at step:     6 with Value:     0.0050Tol(Act/Req):0.1497E+00/0.1000E-04
# With parameters(tra.):    -0.8725E-02    0.2393E-02    0.4168E-02
# With parameters(rot.):     0.2554E-01    0.2554E-01    0.2554E-01
# Minimization at step:     7 with Value:     0.0049Tol(Act/Req):0.1317E+00/0.1000E-04
# With parameters(tra.):    -0.5866E-02    0.4516E-02    0.4042E-02
# With parameters(rot.):     0.2433E-01    0.2433E-01    0.2433E-01
# Minimization at step:     8 with Value:     0.0049Tol(Act/Req):0.5755E-01/0.1000E-04
# With parameters(tra.):    -0.4236E-02    0.1690E-02    0.4693E-02
# With parameters(rot.):     0.2446E-01    0.2446E-01    0.2446E-01
# Minimization at step:     9 with Value:     0.0048Tol(Act/Req):0.5137E-01/0.1000E-04
# With parameters(tra.):    -0.5204E-02    0.1714E-02    0.2812E-02
# With parameters(rot.):     0.2517E-01    0.2517E-01    0.2517E-01
# Minimization at step:    10 with Value:     0.0048Tol(Act/Req):0.4512E-01/0.1000E-04
# With parameters(tra.):     0.7335E-03    0.5026E-02    0.2150E-02
# With parameters(rot.):     0.2302E-01    0.2302E-01    0.2302E-01
# Minimization at step:    11 with Value:     0.0048Tol(Act/Req):0.4451E-01/0.1000E-04
# With parameters(tra.):     0.1963E-02    0.3891E-02    0.2264E-02
# With parameters(rot.):     0.2297E-01    0.2297E-01    0.2297E-01
# Minimization at step:    12 with Value:     0.0048Tol(Act/Req):0.2461E-01/0.1000E-04
# With parameters(tra.):     0.5805E-03    0.2968E-02    0.2439E-02
# With parameters(rot.):     0.2350E-01    0.2350E-01    0.2350E-01
# Minimization at step:    13 with Value:     0.0048Tol(Act/Req):0.2273E-01/0.1000E-04
# With parameters(tra.):     0.5786E-03    0.3084E-02    0.1467E-02
# With parameters(rot.):     0.2372E-01    0.2372E-01    0.2372E-01
# Minimization at step:    14 with Value:     0.0048Tol(Act/Req):0.4195E-01/0.1000E-04
# With parameters(tra.):     0.8680E-03    0.4627E-02    0.2201E-02
# With parameters(rot.):     0.3558E-01   -0.1442E-01    0.3558E-01
# Minimization at step:    15 with Value:     0.0047Tol(Act/Req):0.4153E-01/0.1000E-04
# With parameters(tra.):     0.2961E-02    0.2602E-02    0.2407E-02
# With parameters(rot.):     0.3967E-01   -0.2699E-01    0.3967E-01
# Minimization at step:    16 with Value:     0.0047Tol(Act/Req):0.3915E-01/0.1000E-04
# With parameters(tra.):     0.9909E-03    0.6343E-03    0.2746E-02
# With parameters(rot.):     0.4613E-01   -0.4276E-01    0.4613E-01
# Minimization at step:    17 with Value:     0.0047Tol(Act/Req):0.3560E-01/0.1000E-04
# With parameters(tra.):     0.1124E-02    0.5052E-04    0.1229E-02
# With parameters(rot.):     0.5403E-01   -0.6449E-01    0.5403E-01
# Minimization at step:    18 with Value:     0.0047Tol(Act/Req):0.3552E-01/0.1000E-04
# With parameters(tra.):     0.1499E-02    0.6735E-04    0.1638E-02
# With parameters(rot.):     0.7204E-01   -0.8599E-01    0.7204E-01
# Minimization at step:    19 with Value:     0.0046Tol(Act/Req):0.5927E-01/0.1000E-04
# With parameters(tra.):     0.2249E-02    0.1010E-03    0.2457E-02
# With parameters(rot.):     0.1081E+00   -0.1290E+00    0.5806E-01
# Minimization at step:    20 with Value:     0.0046Tol(Act/Req):0.4588E-01/0.1000E-04
# With parameters(tra.):     0.2436E-02    0.1095E-03    0.2662E-02
# With parameters(rot.):     0.1087E+00   -0.1397E+00    0.6290E-01
# Minimization at step:    21 with Value:     0.0046Tol(Act/Req):0.3933E-01/0.1000E-04
# With parameters(tra.):     0.1682E-03    0.1304E-02    0.2541E-02
# With parameters(rot.):     0.1276E+00   -0.1647E+00    0.6654E-01
# Minimization at step:    22 with Value:     0.0045Tol(Act/Req):0.3681E-01/0.1000E-04
# With parameters(tra.):    -0.4509E-03   -0.1860E-02    0.1676E-02
# With parameters(rot.):     0.1425E+00   -0.1640E+00    0.6105E-01
# Minimization at step:    23 with Value:     0.0045Tol(Act/Req):0.3590E-01/0.1000E-04
# With parameters(tra.):     0.1039E-02   -0.7244E-03    0.9803E-03
# With parameters(rot.):     0.1682E+00   -0.1886E+00    0.5956E-01
# Minimization at step:    24 with Value:     0.0045Tol(Act/Req):0.4092E-01/0.1000E-04
# With parameters(tra.):     0.5106E-03   -0.1005E-02    0.3515E-03
# With parameters(rot.):     0.1823E+00   -0.2013E+00    0.3740E-01
# Minimization at step:    25 with Value:     0.0045Tol(Act/Req):0.3715E-01/0.1000E-04
# With parameters(tra.):     0.1724E-03   -0.7733E-03    0.1576E-02
# With parameters(rot.):     0.2171E+00   -0.2252E+00    0.2395E-01
# Minimization at step:    26 with Value:     0.0045Tol(Act/Req):0.2406E-01/0.1000E-04
# With parameters(tra.):    -0.1125E-03   -0.9814E-03    0.1612E-02
# With parameters(rot.):     0.2452E+00   -0.2627E+00    0.2148E-01
# Minimization at step:    27 with Value:     0.0045Tol(Act/Req):0.1531E-01/0.1000E-04
# With parameters(tra.):     0.4312E-03   -0.1470E-02    0.1565E-02
# With parameters(rot.):     0.2503E+00   -0.2646E+00    0.1681E-01
# Minimization at step:    28 with Value:     0.0044Tol(Act/Req):0.1422E-01/0.1000E-04
# With parameters(tra.):     0.5373E-03   -0.1586E-02    0.1258E-02
# With parameters(rot.):     0.2443E+00   -0.2620E+00    0.1957E-01
# Minimization at step:    29 with Value:     0.0044Tol(Act/Req):0.1204E-01/0.1000E-04
# With parameters(tra.):     0.9438E-03   -0.1649E-02    0.1116E-02
# With parameters(rot.):     0.2253E+00   -0.2367E+00    0.2059E-01
# Minimization at step:    30 with Value:     0.0044Tol(Act/Req):0.1138E-01/0.1000E-04
# With parameters(tra.):     0.1215E-02   -0.8408E-03    0.1286E-02
# With parameters(rot.):     0.2285E+00   -0.2430E+00    0.1860E-01
# Minimization at step:    31 with Value:     0.0044Tol(Act/Req):0.6791E-02/0.1000E-04
# With parameters(tra.):    -0.1294E-03   -0.1200E-02   -0.1970E-03
# With parameters(rot.):     0.2206E+00   -0.2236E+00    0.2408E-01
# Minimization at step:    32 with Value:     0.0044Tol(Act/Req):0.5436E-02/0.1000E-04
# With parameters(tra.):    -0.2009E-02   -0.2494E-02    0.1062E-03
# With parameters(rot.):     0.2123E+00   -0.2106E+00    0.1374E-01
# Minimization at step:    33 with Value:     0.0044Tol(Act/Req):0.4897E-02/0.1000E-04
# With parameters(tra.):    -0.1735E-02   -0.3813E-02   -0.4742E-03
# With parameters(rot.):     0.2098E+00   -0.1965E+00    0.3382E-02
# Minimization at step:    34 with Value:     0.0044Tol(Act/Req):0.6206E-02/0.1000E-04
# With parameters(tra.):    -0.2060E-02   -0.3978E-02   -0.5712E-03
# With parameters(rot.):     0.2133E+00   -0.1994E+00    0.1693E-02
# Minimization at step:    35 with Value:     0.0044Tol(Act/Req):0.5226E-02/0.1000E-04
# With parameters(tra.):    -0.1972E-03   -0.3178E-02   -0.1100E-02
# With parameters(rot.):     0.2219E+00   -0.2087E+00    0.8022E-02
# Minimization at step:    36 with Value:     0.0044Tol(Act/Req):0.7180E-02/0.1000E-04
# With parameters(tra.):    -0.2053E-03   -0.3369E-02   -0.1450E-02
# With parameters(rot.):     0.2170E+00   -0.2029E+00    0.8443E-02
# Minimization at step:    37 with Value:     0.0044Tol(Act/Req):0.6509E-02/0.1000E-04
# With parameters(tra.):     0.1244E-03   -0.3460E-02   -0.1184E-02
# With parameters(rot.):     0.2187E+00   -0.2060E+00    0.5767E-02
# Minimization at step:    38 with Value:     0.0044Tol(Act/Req):0.3604E-02/0.1000E-04
# With parameters(tra.):     0.2109E-03   -0.3100E-02   -0.1098E-02
# With parameters(rot.):     0.2201E+00   -0.2103E+00    0.8555E-02
# Minimization at step:    39 with Value:     0.0044Tol(Act/Req):0.4067E-02/0.1000E-04
# With parameters(tra.):     0.4182E-03   -0.2236E-02   -0.1554E-02
# With parameters(rot.):     0.2236E+00   -0.2119E+00    0.1212E-02
# Minimization at step:    40 with Value:     0.0044Tol(Act/Req):0.3077E-02/0.1000E-04
# With parameters(tra.):     0.9156E-03   -0.2366E-02   -0.1560E-02
# With parameters(rot.):     0.2233E+00   -0.2028E+00    0.1132E-01
# Minimization at step:    41 with Value:     0.0044Tol(Act/Req):0.2680E-02/0.1000E-04
# With parameters(tra.):     0.5428E-03   -0.2498E-02   -0.1466E-02
# With parameters(rot.):     0.2213E+00   -0.2000E+00    0.1001E-01
# Minimization at step:    42 with Value:     0.0044Tol(Act/Req):0.2285E-02/0.1000E-04
# With parameters(tra.):     0.7605E-03   -0.2334E-02   -0.1959E-02
# With parameters(rot.):     0.2309E+00   -0.2061E+00    0.9404E-02
# Minimization at step:    43 with Value:     0.0044Tol(Act/Req):0.2508E-02/0.1000E-04
# With parameters(tra.):     0.6232E-03   -0.2299E-02   -0.1990E-02
# With parameters(rot.):     0.2316E+00   -0.2086E+00    0.6718E-02
# Minimization at step:    44 with Value:     0.0044Tol(Act/Req):0.1659E-02/0.1000E-04
# With parameters(tra.):     0.8297E-03   -0.2248E-02   -0.1924E-02
# With parameters(rot.):     0.2336E+00   -0.2104E+00    0.5460E-02
# Minimization at step:    45 with Value:     0.0044Tol(Act/Req):0.1591E-02/0.1000E-04
# With parameters(tra.):     0.9245E-03   -0.1998E-02   -0.1950E-02
# With parameters(rot.):     0.2354E+00   -0.2126E+00    0.6596E-02
# Minimization at step:    46 with Value:     0.0044Tol(Act/Req):0.1090E-02/0.1000E-04
# With parameters(tra.):     0.1015E-02   -0.1979E-02   -0.2167E-02
# With parameters(rot.):     0.2345E+00   -0.2105E+00    0.6652E-02
# Minimization at step:    47 with Value:     0.0044Tol(Act/Req):0.1161E-02/0.1000E-04
# With parameters(tra.):     0.1012E-02   -0.2173E-02   -0.2104E-02
# With parameters(rot.):     0.2345E+00   -0.2100E+00    0.8942E-02
# Minimization at step:    48 with Value:     0.0044Tol(Act/Req):0.1348E-02/0.1000E-04
# With parameters(tra.):     0.4232E-03   -0.2329E-02   -0.2129E-02
# With parameters(rot.):     0.2348E+00   -0.2077E+00    0.5970E-02
# Minimization at step:    49 with Value:     0.0044Tol(Act/Req):0.1049E-02/0.1000E-04
# With parameters(tra.):     0.3407E-03   -0.2370E-02   -0.2020E-02
# With parameters(rot.):     0.2328E+00   -0.2063E+00    0.5835E-02
# Minimization at step:    50 with Value:     0.0044Tol(Act/Req):0.9228E-03/0.1000E-04
# With parameters(tra.):     0.5906E-03   -0.2308E-02   -0.1920E-02
# With parameters(rot.):     0.2363E+00   -0.2085E+00    0.3443E-02
# Minimization at step:    51 with Value:     0.0044Tol(Act/Req):0.8178E-03/0.1000E-04
# With parameters(tra.):     0.5192E-03   -0.2291E-02   -0.1930E-02
# With parameters(rot.):     0.2371E+00   -0.2098E+00    0.1827E-02
# Minimization at step:    52 with Value:     0.0044Tol(Act/Req):0.6982E-03/0.1000E-04
# With parameters(tra.):     0.5342E-03   -0.2358E-02   -0.2284E-02
# With parameters(rot.):     0.2362E+00   -0.2053E+00    0.3313E-03
# Minimization at step:    53 with Value:     0.0044Tol(Act/Req):0.5146E-03/0.1000E-04
# With parameters(tra.):     0.5937E-03   -0.1976E-02   -0.2447E-02
# With parameters(rot.):     0.2400E+00   -0.2073E+00    0.5149E-03
# Minimization at step:    54 with Value:     0.0044Tol(Act/Req):0.6744E-03/0.1000E-04
# With parameters(tra.):     0.4499E-03   -0.2300E-02   -0.2436E-02
# With parameters(rot.):     0.2419E+00   -0.2053E+00    0.2284E-02
# Minimization at step:    55 with Value:     0.0044Tol(Act/Req):0.7527E-03/0.1000E-04
# With parameters(tra.):     0.3212E-03   -0.2357E-02   -0.2357E-02
# With parameters(rot.):     0.2408E+00   -0.2022E+00    0.8314E-03
# Minimization at step:    56 with Value:     0.0044Tol(Act/Req):0.6525E-03/0.1000E-04
# With parameters(tra.):     0.6644E-04   -0.2416E-02   -0.2542E-02
# With parameters(rot.):     0.2393E+00   -0.1990E+00    0.1972E-02
# Minimization at step:    57 with Value:     0.0044Tol(Act/Req):0.6221E-03/0.1000E-04
# With parameters(tra.):    -0.1045E-03   -0.2369E-02   -0.2273E-02
# With parameters(rot.):     0.2412E+00   -0.2013E+00    0.4015E-02
# Minimization at step:    58 with Value:     0.0044Tol(Act/Req):0.5384E-03/0.1000E-04
# With parameters(tra.):    -0.4552E-03   -0.2362E-02   -0.2407E-02
# With parameters(rot.):     0.2441E+00   -0.2011E+00    0.1513E-02
# Minimization at step:    59 with Value:     0.0044Tol(Act/Req):0.6788E-03/0.1000E-04
# With parameters(tra.):    -0.1588E-03   -0.2216E-02   -0.2475E-02
# With parameters(rot.):     0.2468E+00   -0.2012E+00    0.2999E-02
# Minimization at step:    60 with Value:     0.0044Tol(Act/Req):0.5079E-03/0.1000E-04
# With parameters(tra.):    -0.2364E-03   -0.2332E-02   -0.2437E-02
# With parameters(rot.):     0.2464E+00   -0.2002E+00    0.3160E-02
# Minimization at step:    61 with Value:     0.0044Tol(Act/Req):0.4637E-03/0.1000E-04
# With parameters(tra.):    -0.1305E-03   -0.2331E-02   -0.2405E-02
# With parameters(rot.):     0.2459E+00   -0.2002E+00    0.3923E-02
# Minimization at step:    62 with Value:     0.0044Tol(Act/Req):0.3592E-03/0.1000E-04
# With parameters(tra.):    -0.2630E-04   -0.2263E-02   -0.2237E-02
# With parameters(rot.):     0.2492E+00   -0.2027E+00    0.3812E-02
# Minimization at step:    63 with Value:     0.0044Tol(Act/Req):0.3081E-03/0.1000E-04
# With parameters(tra.):    -0.4120E-04   -0.1928E-02   -0.2182E-02
# With parameters(rot.):     0.2497E+00   -0.2037E+00    0.2552E-02
# Minimization at step:    64 with Value:     0.0044Tol(Act/Req):0.2678E-03/0.1000E-04
# With parameters(tra.):    -0.1504E-03   -0.1884E-02   -0.2332E-02
# With parameters(rot.):     0.2466E+00   -0.2016E+00    0.2242E-02
# Minimization at step:    65 with Value:     0.0044Tol(Act/Req):0.2357E-03/0.1000E-04
# With parameters(tra.):    -0.1114E-03   -0.1855E-02   -0.2404E-02
# With parameters(rot.):     0.2466E+00   -0.2010E+00    0.1584E-02
# Minimization at step:    66 with Value:     0.0044Tol(Act/Req):0.3103E-03/0.1000E-04
# With parameters(tra.):    -0.2817E-03   -0.1963E-02   -0.2272E-02
# With parameters(rot.):     0.2454E+00   -0.1984E+00    0.1279E-02
# Minimization at step:    67 with Value:     0.0044Tol(Act/Req):0.3076E-03/0.1000E-04
# With parameters(tra.):    -0.2163E-03   -0.2033E-02   -0.2102E-02
# With parameters(rot.):     0.2481E+00   -0.1996E+00    0.1268E-02
# Minimization at step:    68 with Value:     0.0044Tol(Act/Req):0.2885E-03/0.1000E-04
# With parameters(tra.):    -0.2668E-03   -0.1868E-02   -0.2097E-02
# With parameters(rot.):     0.2516E+00   -0.2018E+00    0.2866E-02
# Minimization at step:    69 with Value:     0.0044Tol(Act/Req):0.4686E-03/0.1000E-04
# With parameters(tra.):    -0.1728E-04   -0.1634E-02   -0.1849E-02
# With parameters(rot.):     0.2529E+00   -0.2025E+00    0.4626E-02
# Minimization at step:    70 with Value:     0.0044Tol(Act/Req):0.3577E-03/0.1000E-04
# With parameters(tra.):     0.1164E-03   -0.1722E-02   -0.1772E-02
# With parameters(rot.):     0.2498E+00   -0.2006E+00    0.3615E-02
# Minimization at step:    71 with Value:     0.0044Tol(Act/Req):0.6028E-03/0.1000E-04
# With parameters(tra.):     0.3471E-03   -0.1569E-02   -0.1673E-02
# With parameters(rot.):     0.2513E+00   -0.1987E+00    0.2655E-02
# Minimization at step:    72 with Value:     0.0044Tol(Act/Req):0.5936E-03/0.1000E-04
# With parameters(tra.):     0.2193E-03   -0.1499E-02   -0.1337E-02
# With parameters(rot.):     0.2500E+00   -0.1978E+00    0.1054E-02
# Minimization at step:    73 with Value:     0.0044Tol(Act/Req):0.5112E-03/0.1000E-04
# With parameters(tra.):     0.3210E-03   -0.1691E-02   -0.1111E-02
# With parameters(rot.):     0.2496E+00   -0.1947E+00    0.1815E-02
# Minimization at step:    74 with Value:     0.0044Tol(Act/Req):0.5215E-03/0.1000E-04
# With parameters(tra.):     0.4348E-03   -0.1507E-02   -0.9499E-03
# With parameters(rot.):     0.2474E+00   -0.1920E+00    0.2009E-02
# Minimization at step:    75 with Value:     0.0044Tol(Act/Req):0.4133E-03/0.1000E-04
# With parameters(tra.):     0.9006E-03   -0.1211E-02   -0.6848E-03
# With parameters(rot.):     0.2496E+00   -0.1933E+00    0.2659E-02
# Minimization at step:    76 with Value:     0.0044Tol(Act/Req):0.4179E-03/0.1000E-04
# With parameters(tra.):     0.1028E-02   -0.9529E-03   -0.3991E-03
# With parameters(rot.):     0.2527E+00   -0.1928E+00    0.3352E-02
# Minimization at step:    77 with Value:     0.0044Tol(Act/Req):0.2405E-03/0.1000E-04
# With parameters(tra.):     0.1032E-02   -0.9740E-03   -0.3608E-03
# With parameters(rot.):     0.2522E+00   -0.1918E+00    0.2659E-02
# Minimization at step:    78 with Value:     0.0044Tol(Act/Req):0.1913E-03/0.1000E-04
# With parameters(tra.):     0.7159E-03   -0.1136E-02   -0.4787E-03
# With parameters(rot.):     0.2512E+00   -0.1904E+00    0.2172E-02
# Minimization at step:    79 with Value:     0.0044Tol(Act/Req):0.1833E-03/0.1000E-04
# With parameters(tra.):     0.7458E-03   -0.7591E-03   -0.4944E-03
# With parameters(rot.):     0.2522E+00   -0.1920E+00    0.1530E-02
# Minimization at step:    80 with Value:     0.0044Tol(Act/Req):0.1780E-03/0.1000E-04
# With parameters(tra.):     0.1049E-02   -0.5827E-03   -0.5489E-03
# With parameters(rot.):     0.2541E+00   -0.1910E+00    0.3289E-02
# Minimization at step:    81 with Value:     0.0044Tol(Act/Req):0.2567E-03/0.1000E-04
# With parameters(tra.):     0.9754E-03   -0.4575E-03   -0.3071E-03
# With parameters(rot.):     0.2531E+00   -0.1910E+00    0.4780E-02
# Minimization at step:    82 with Value:     0.0044Tol(Act/Req):0.2306E-03/0.1000E-04
# With parameters(tra.):     0.9921E-03   -0.4162E-03   -0.2937E-03
# With parameters(rot.):     0.2541E+00   -0.1916E+00    0.4962E-02
# Minimization at step:    83 with Value:     0.0044Tol(Act/Req):0.2033E-03/0.1000E-04
# With parameters(tra.):     0.6698E-03   -0.5371E-03   -0.1542E-03
# With parameters(rot.):     0.2522E+00   -0.1928E+00    0.3761E-02
# Minimization at step:    84 with Value:     0.0044Tol(Act/Req):0.2059E-03/0.1000E-04
# With parameters(tra.):     0.5569E-03   -0.4336E-03   -0.8766E-05
# With parameters(rot.):     0.2513E+00   -0.1910E+00    0.2742E-02
# Minimization at step:    85 with Value:     0.0044Tol(Act/Req):0.1858E-03/0.1000E-04
# With parameters(tra.):     0.8415E-03   -0.2782E-03   -0.9984E-04
# With parameters(rot.):     0.2530E+00   -0.1892E+00    0.3604E-02
# Minimization at step:    86 with Value:     0.0044Tol(Act/Req):0.1686E-03/0.1000E-04
# With parameters(tra.):     0.8430E-03   -0.4410E-03    0.1058E-04
# With parameters(rot.):     0.2524E+00   -0.1873E+00    0.4604E-02
# Minimization at step:    87 with Value:     0.0044Tol(Act/Req):0.1385E-03/0.1000E-04
# With parameters(tra.):     0.7957E-03   -0.4629E-03   -0.2671E-04
# With parameters(rot.):     0.2517E+00   -0.1869E+00    0.4535E-02
# Minimization at step:    88 with Value:     0.0044Tol(Act/Req):0.1303E-03/0.1000E-04
# With parameters(tra.):     0.7207E-03   -0.5172E-03    0.2151E-05
# With parameters(rot.):     0.2511E+00   -0.1872E+00    0.4398E-02
# Minimization at step:    89 with Value:     0.0044Tol(Act/Req):0.4260E-04/0.1000E-04
# With parameters(tra.):     0.7738E-03   -0.4385E-03    0.6185E-04
# With parameters(rot.):     0.2513E+00   -0.1871E+00    0.4664E-02
# Minimization at step:    90 with Value:     0.0044Tol(Act/Req):0.5897E-04/0.1000E-04
# With parameters(tra.):     0.7343E-03   -0.3633E-03    0.2071E-03
# With parameters(rot.):     0.2524E+00   -0.1868E+00    0.4930E-02
# Minimization at step:    91 with Value:     0.0044Tol(Act/Req):0.5355E-04/0.1000E-04
# With parameters(tra.):     0.6971E-03   -0.2289E-03    0.1990E-03
# With parameters(rot.):     0.2527E+00   -0.1880E+00    0.4371E-02
# Minimization at step:    92 with Value:     0.0044Tol(Act/Req):0.5000E-04/0.1000E-04
# With parameters(tra.):     0.6923E-03   -0.2412E-03    0.1807E-03
# With parameters(rot.):     0.2529E+00   -0.1877E+00    0.3965E-02
# Minimization at step:    93 with Value:     0.0044Tol(Act/Req):0.5149E-04/0.1000E-04
# With parameters(tra.):     0.7318E-03   -0.2510E-03    0.1601E-03
# With parameters(rot.):     0.2533E+00   -0.1879E+00    0.4321E-02
# Minimization at step:    94 with Value:     0.0044Tol(Act/Req):0.5676E-04/0.1000E-04
# With parameters(tra.):     0.6157E-03   -0.2241E-03    0.1478E-03
# With parameters(rot.):     0.2523E+00   -0.1875E+00    0.4112E-02
# Minimization at step:    95 with Value:     0.0044Tol(Act/Req):0.5588E-04/0.1000E-04
# With parameters(tra.):     0.6291E-03   -0.1669E-03    0.1849E-03
# With parameters(rot.):     0.2524E+00   -0.1876E+00    0.4199E-02
# Minimization at step:    96 with Value:     0.0044Tol(Act/Req):0.2967E-04/0.1000E-04
# With parameters(tra.):     0.4937E-03   -0.1607E-03    0.2738E-03
# With parameters(rot.):     0.2520E+00   -0.1880E+00    0.3943E-02
# Minimization at step:    97 with Value:     0.0044Tol(Act/Req):0.1952E-04/0.1000E-04
# With parameters(tra.):     0.4861E-03   -0.1886E-03    0.2821E-03
# With parameters(rot.):     0.2518E+00   -0.1878E+00    0.4047E-02
# Minimization at step:    98 with Value:     0.0044Tol(Act/Req):0.1961E-04/0.1000E-04
# With parameters(tra.):     0.4753E-03   -0.1929E-03    0.2520E-03
# With parameters(rot.):     0.2515E+00   -0.1879E+00    0.3907E-02
# Minimization at step:    99 with Value:     0.0044Tol(Act/Req):0.1664E-04/0.1000E-04
# With parameters(tra.):     0.4548E-03   -0.1950E-03    0.2488E-03
# With parameters(rot.):     0.2515E+00   -0.1878E+00    0.3698E-02
# Minimization at step:   100 with Value:     0.0044Tol(Act/Req):0.1674E-04/0.1000E-04
# With parameters(tra.):     0.4349E-03   -0.1965E-03    0.2315E-03
# With parameters(rot.):     0.2517E+00   -0.1883E+00    0.4457E-02
# Minimization at step:   101 with Value:     0.0044Tol(Act/Req):0.1165E-04/0.1000E-04
# With parameters(tra.):     0.4064E-03   -0.1181E-03    0.2987E-03
# With parameters(rot.):     0.2518E+00   -0.1885E+00    0.4652E-02
# Minimization at step:   102 with Value:     0.0044Tol(Act/Req):0.1225E-04/0.1000E-04
# With parameters(tra.):     0.4180E-03   -0.1160E-03    0.3143E-03
# With parameters(rot.):     0.2520E+00   -0.1887E+00    0.4749E-02
# Minimization at step:   103 with Value:     0.0044Tol(Act/Req):0.1171E-04/0.1000E-04
# With parameters(tra.):     0.4830E-03   -0.1052E-03    0.2685E-03
# With parameters(rot.):     0.2523E+00   -0.1886E+00    0.5189E-02
# Minimization at step:   104 with Value:     0.0044Tol(Act/Req):0.9880E-05/0.1000E-04
# With parameters(tra.):     0.4667E-03   -0.1332E-03    0.2805E-03
# With parameters(rot.):     0.2521E+00   -0.1883E+00    0.5778E-02
# CSM Simplex Values from input minimization.
# Final Number of Simplex optim. Steps:   104
# Final CSM Simplex Value is:      0.00437653202
[molecule] Nrec=  60 Format=nscxyz
  c                1    6    0.24810435D+01   0.26390695D+01   0.94012593D+00
  c                2    6    0.36265264D+01   0.27380040D+00   0.88354579D+00
  c                3    6    0.33374431D+01  -0.71106498D+00  -0.15364324D+01
  c                4    6    0.20132973D+01   0.10455223D+01  -0.29754825D+01
  c                5    6    0.14840129D+01   0.31160202D+01  -0.14448847D+01
  c                6    6    0.19448245D+01   0.15921756D+01  -0.27717173D+01
  c                7    6   -0.23042061D+00   0.45027317D+00  -0.37067008D+01
  c                8    6   -0.23002666D+01   0.15454789D+01  -0.25125100D+01
  c                9    6   -0.14042564D+01   0.33642556D+01  -0.83947421D+00
  c               10    6    0.12193543D+01   0.33931164D+01  -0.99967509D+00
  c               11    6    0.17579829D+01   0.31699676D+01  -0.92809875D+00
  c               12    6   -0.84425739D+00   0.35379145D+01  -0.87529353D+00
  c               13    6   -0.16980666D+01   0.29557906D+01   0.15417224D+01
  c               14    6    0.37649041D+00   0.22280717D+01   0.29827169D+01
  c               15    6    0.25124474D+01   0.23604410D+01   0.14562842D+01
  c               16    6    0.28579535D+01   0.21941933D+01   0.10112831D+01
  c               17    6    0.91829247D+00   0.23303871D+01   0.27801792D+01
  c               18    6    0.49388759D+00  -0.92022176D-01   0.37084246D+01
  c               19    6    0.21712518D+01  -0.17253479D+01   0.25132158D+01
  c               20    6    0.36323252D+01  -0.31238789D+00   0.84629021D+00
  c               21    6    0.37246138D+01   0.13339286D-01   0.36626640D+00
  c               22    6    0.26214447D+01  -0.15035462D+01   0.22079789D+01
  c               23    6    0.12463897D+01  -0.33859855D+01   0.99328778D+00
  c               24    6    0.14997285D+01  -0.30325123D+01  -0.15991438D+01
  c               25    6    0.30313558D+01  -0.93161284D+00  -0.19866641D+01
  c               26    6    0.31602691D+01  -0.35872754D+00  -0.19717556D+01
  c               27    6    0.19115006D+01  -0.26655201D+01  -0.18011338D+01
  c               28    6   -0.48049224D+00  -0.23739545D+01  -0.28514607D+01
  c               29    6   -0.71005684D+00   0.11303499D+00  -0.36712203D+01
  c               30    6    0.15400580D+01   0.13585145D+01  -0.31275330D+01
  c               31    6   -0.75357468D+00   0.69421172D+00  -0.35978765D+01
  c               32    6   -0.59905529D+00  -0.18947451D+01  -0.31698013D+01
  c               33    6   -0.23984781D+01  -0.25278484D+01  -0.13611859D+01
  c               34    6   -0.36651010D+01  -0.33016968D+00  -0.67147578D+00
  c               35    6   -0.26484950D+01   0.16611729D+01  -0.20538266D+01
  c               36    6   -0.11231627D+01   0.35504609D+01  -0.35848394D+00
  c               37    6   -0.22271623D+01   0.20411555D+01  -0.22059166D+01
  c               38    6   -0.36016722D+01   0.15373868D+00  -0.99835184D+00
  c               39    6   -0.33471661D+01   0.49655776D+00   0.15953954D+01
  c               40    6   -0.18153631D+01   0.25958479D+01   0.19908567D+01
  c               41    6    0.81882713D+00   0.18727098D+01   0.31346878D+01
  c               42    6   -0.13092291D+01   0.28936593D+01   0.19775938D+01
  c               43    6   -0.31238908D+01   0.10002626D+01   0.17990319D+01
  c               44    6   -0.21173565D+01  -0.11908685D+01   0.28457680D+01
  c               45    6    0.31937704D+00  -0.65166688D+00   0.36712487D+01
  c               46    6    0.23886311D+01  -0.20204473D+01   0.20541937D+01
  c               47    6    0.88619186D+00  -0.51536549D+00   0.35992605D+01
  c               48    6   -0.16254117D+01  -0.11581431D+01   0.31650767D+01
  c               49    6   -0.16752277D+01  -0.30604831D+01   0.13516675D+01
  c               50    6    0.80558723D+00  -0.35934162D+01   0.66510572D+00
  c               51    6    0.14168334D+01  -0.27487993D+01  -0.21067602D+01
  c               52    6    0.13251039D+01  -0.34747626D+01   0.41799615D+00
  c               53    6   -0.11770815D+01  -0.33386372D+01   0.12119536D+01
  c               54    6   -0.26317865D+01  -0.25285415D+01  -0.82210804D+00
  c               55    6   -0.10286591D+01  -0.21640019D+01  -0.28731858D+01
  c               56    6   -0.37112883D+01   0.20014541D+00  -0.42313872D+00
  c               57    6   -0.28157763D+01  -0.21388465D+01  -0.12212624D+01
  c               58    6   -0.16036373D+01  -0.32815181D+01   0.81217158D+00
  c               59    6   -0.17500071D+01  -0.16487353D+01   0.28670252D+01
  c               60    6   -0.30526073D+01   0.50305123D+00   0.21035608D+01
# Coordinates rotated along X. New coordinates:
[molecule] Nrec=  60 Format=nscxyz
  c                1    6    0.22420352D+01   0.20000000D+01  -0.22300848D+01
  c                2    6    0.33955011D+01   0.15690900D+01   0.92341337D-01
  c                3    6    0.35696449D+01  -0.10302480D+01   0.44296813D+00
  c                4    6    0.25238063D+01  -0.22058190D+01  -0.16627576D+01
  c                5    6    0.17032980D+01  -0.33302200D+00  -0.33147959D+01
  c                6    6    0.24145201D+01  -0.18890020D+01  -0.21451704D+01
  c                7    6    0.46007751D+00  -0.34580920D+01  -0.13527454D+01
  c                8    6   -0.18040736D+01  -0.24278440D+01  -0.22024739D+01
  c                9    6   -0.12489535D+01  -0.22202400D+00  -0.35200593D+01
  c               10    6    0.13582813D+01   0.11099700D+00  -0.34846449D+01
  c               11    6    0.18757829D+01   0.22202400D+00  -0.32298815D+01
  c               12    6   -0.69338844D+00  -0.11099700D+00  -0.36751716D+01
  c               13    6   -0.19782174D+01   0.18890020D+01  -0.25531006D+01
  c               14    6   -0.20311445D+00   0.34580920D+01  -0.14143326D+01
  c               15    6    0.21787896D+01   0.24278440D+01  -0.18326066D+01
  c               16    6    0.26023755D+01   0.20262210D+01  -0.17669362D+01
  c               17    6    0.36616226D+00   0.33894920D+01  -0.15418375D+01
  c               18    6   -0.20578573D+00   0.35953110D+01   0.10155713D+01
  c               19    6    0.16769441D+01   0.23592430D+01   0.23710388D+01
  c               20    6    0.34124836D+01   0.13894920D+01   0.65135338D+00
  c               21    6    0.35901715D+01   0.10302480D+01   0.22192471D+00
  c               22    6    0.21744661D+01   0.22058190D+01   0.20990608D+01
  c               23    6    0.10637810D+01   0.33302200D+00   0.35717585D+01
  c               24    6    0.17930453D+01  -0.20000000D+01   0.26048008D+01
  c               25    6    0.33544410D+01  -0.15690900D+01   0.53448853D+00
  c               26    6    0.34740704D+01  -0.13894920D+01  -0.11837237D-01
  c               27    6    0.22325087D+01  -0.20262210D+01   0.22159256D+01
  c               28    6    0.75984939D-01  -0.33894920D+01   0.15828976D+01
  c               29    6   -0.15258591D-01  -0.35953110D+01  -0.10360975D+01
  c               30    6    0.20848743D+01  -0.23592430D+01  -0.20216987D+01
  c               31    6   -0.75984942D-01  -0.33894920D+01  -0.15828976D+01
  c               32    6    0.15258587D-01  -0.35953110D+01   0.10360975D+01
  c               33    6   -0.20848743D+01  -0.23592430D+01   0.20216987D+01
  c               34    6   -0.34740704D+01  -0.13894920D+01   0.11837234D-01
  c               35    6   -0.22325087D+01  -0.20262210D+01  -0.22159256D+01
  c               36    6   -0.10637810D+01   0.33302200D+00  -0.35717585D+01
  c               37    6   -0.17930453D+01  -0.20000000D+01  -0.26048008D+01
  c               38    6   -0.33544410D+01  -0.15690900D+01  -0.53448853D+00
  c               39    6   -0.35901715D+01   0.10302480D+01  -0.22192471D+00
  c               40    6   -0.21744661D+01   0.22058190D+01  -0.20990608D+01
  c               41    6    0.20578573D+00   0.35953110D+01  -0.10155713D+01
  c               42    6   -0.16769441D+01   0.23592430D+01  -0.23710388D+01
  c               43    6   -0.34124836D+01   0.13894920D+01  -0.65135338D+00
  c               44    6   -0.26023755D+01   0.20262210D+01   0.17669362D+01
  c               45    6   -0.36616225D+00   0.33894920D+01   0.15418375D+01
  c               46    6    0.19782174D+01   0.18890020D+01   0.25531007D+01
  c               47    6    0.20311445D+00   0.34580920D+01   0.14143326D+01
  c               48    6   -0.21787896D+01   0.24278440D+01   0.18326066D+01
  c               49    6   -0.18757829D+01   0.22202400D+00   0.32298815D+01
  c               50    6    0.69338844D+00  -0.11099700D+00   0.36751716D+01
  c               51    6    0.18040736D+01  -0.24278440D+01   0.22024739D+01
  c               52    6    0.12489535D+01  -0.22202400D+00   0.35200593D+01
  c               53    6   -0.13582813D+01   0.11099700D+00   0.34846449D+01
  c               54    6   -0.24145201D+01  -0.18890020D+01   0.21451704D+01
  c               55    6   -0.46007751D+00  -0.34580920D+01   0.13527454D+01
  c               56    6   -0.35696449D+01  -0.10302480D+01  -0.44296813D+00
  c               57    6   -0.25238063D+01  -0.22058190D+01   0.16627576D+01
  c               58    6   -0.17032980D+01  -0.33302200D+00   0.33147959D+01
  c               59    6   -0.22420352D+01   0.20000000D+01   0.22300848D+01
  c               60    6   -0.33955011D+01   0.15690900D+01  -0.92341334D-01
# Minimization at step:     0 with Value:     0.0060Tol(Act/Req):0.4632E+00/0.1000E-04
# With parameters(tra.):     0.1429E-01    0.1429E-01    0.1429E-01
# With parameters(rot.):     0.1429E-01    0.1429E-01    0.1429E-01
# Minimization at step:     1 with Value:     0.0057Tol(Act/Req):0.4629E+00/0.1000E-04
# With parameters(tra.):     0.7143E-02    0.1548E-01    0.1548E-01
# With parameters(rot.):     0.1548E-01    0.1548E-01    0.1548E-01
# Minimization at step:     2 with Value:     0.0054Tol(Act/Req):0.4622E+00/0.1000E-04
# With parameters(tra.):     0.7738E-02    0.1677E-01    0.8433E-02
# With parameters(rot.):     0.1677E-01    0.1677E-01    0.1677E-01
# Minimization at step:     3 with Value:     0.0051Tol(Act/Req):0.1556E+00/0.1000E-04
# With parameters(tra.):     0.9673E-02   -0.4043E-02    0.1054E-01
# With parameters(rot.):     0.2096E-01    0.2096E-01    0.2096E-01
# Minimization at step:     4 with Value:     0.0050Tol(Act/Req):0.1539E+00/0.1000E-04
# With parameters(tra.):     0.1013E-01   -0.5132E-02    0.7195E-02
# With parameters(rot.):     0.2195E-01    0.2195E-01    0.2195E-01
# Minimization at step:     5 with Value:     0.0050Tol(Act/Req):0.1511E+00/0.1000E-04
# With parameters(tra.):    -0.3158E-02   -0.9620E-02    0.6815E-02
# With parameters(rot.):     0.2649E-01    0.2649E-01    0.2649E-01
# Minimization at step:     6 with Value:     0.0050Tol(Act/Req):0.1497E+00/0.1000E-04
# With parameters(tra.):    -0.8725E-02    0.2393E-02    0.4168E-02
# With parameters(rot.):     0.2554E-01    0.2554E-01    0.2554E-01
# Minimization at step:     7 with Value:     0.0049Tol(Act/Req):0.1317E+00/0.1000E-04
# With parameters(tra.):    -0.5866E-02    0.4516E-02    0.4042E-02
# With parameters(rot.):     0.2433E-01    0.2433E-01    0.2433E-01
# Minimization at step:     8 with Value:     0.0049Tol(Act/Req):0.5755E-01/0.1000E-04
# With parameters(tra.):    -0.4236E-02    0.1690E-02    0.4693E-02
# With parameters(rot.):     0.2446E-01    0.2446E-01    0.2446E-01
# Minimization at step:     9 with Value:     0.0048Tol(Act/Req):0.5137E-01/0.1000E-04
# With parameters(tra.):    -0.5204E-02    0.1714E-02    0.2812E-02
# With parameters(rot.):     0.2517E-01    0.2517E-01    0.2517E-01
# Minimization at step:    10 with Value:     0.0048Tol(Act/Req):0.4512E-01/0.1000E-04
# With parameters(tra.):     0.7335E-03    0.5026E-02    0.2150E-02
# With parameters(rot.):     0.2302E-01    0.2302E-01    0.2302E-01
# Minimization at step:    11 with Value:     0.0048Tol(Act/Req):0.4451E-01/0.1000E-04
# With parameters(tra.):     0.1963E-02    0.3891E-02    0.2264E-02
# With parameters(rot.):     0.2297E-01    0.2297E-01    0.2297E-01
# Minimization at step:    12 with Value:     0.0048Tol(Act/Req):0.2461E-01/0.1000E-04
# With parameters(tra.):     0.5805E-03    0.2968E-02    0.2439E-02
# With parameters(rot.):     0.2350E-01    0.2350E-01    0.2350E-01
# Minimization at step:    13 with Value:     0.0048Tol(Act/Req):0.2273E-01/0.1000E-04
# With parameters(tra.):     0.5786E-03    0.3084E-02    0.1467E-02
# With parameters(rot.):     0.2372E-01    0.2372E-01    0.2372E-01
# Minimization at step:    14 with Value:     0.0048Tol(Act/Req):0.4195E-01/0.1000E-04
# With parameters(tra.):     0.8680E-03    0.4627E-02    0.2201E-02
# With parameters(rot.):     0.3558E-01   -0.1442E-01    0.3558E-01
# Minimization at step:    15 with Value:     0.0047Tol(Act/Req):0.4153E-01/0.1000E-04
# With parameters(tra.):     0.2961E-02    0.2602E-02    0.2407E-02
# With parameters(rot.):     0.3967E-01   -0.2699E-01    0.3967E-01
# Minimization at step:    16 with Value:     0.0047Tol(Act/Req):0.3915E-01/0.1000E-04
# With parameters(tra.):     0.9909E-03    0.6343E-03    0.2746E-02
# With parameters(rot.):     0.4613E-01   -0.4276E-01    0.4613E-01
# Minimization at step:    17 with Value:     0.0047Tol(Act/Req):0.3560E-01/0.1000E-04
# With parameters(tra.):     0.1124E-02    0.5052E-04    0.1229E-02
# With parameters(rot.):     0.5403E-01   -0.6449E-01    0.5403E-01
# Minimization at step:    18 with Value:     0.0047Tol(Act/Req):0.3552E-01/0.1000E-04
# With parameters(tra.):     0.1499E-02    0.6735E-04    0.1638E-02
# With parameters(rot.):     0.7204E-01   -0.8599E-01    0.7204E-01
# Minimization at step:    19 with Value:     0.0046Tol(Act/Req):0.5927E-01/0.1000E-04
# With parameters(tra.):     0.2249E-02    0.1010E-03    0.2457E-02
# With parameters(rot.):     0.1081E+00   -0.1290E+00    0.5806E-01
# Minimization at step:    20 with Value:     0.0046Tol(Act/Req):0.4588E-01/0.1000E-04
# With parameters(tra.):     0.2436E-02    0.1095E-03    0.2662E-02
# With parameters(rot.):     0.1087E+00   -0.1397E+00    0.6290E-01
# Minimization at step:    21 with Value:     0.0046Tol(Act/Req):0.3933E-01/0.1000E-04
# With parameters(tra.):     0.1682E-03    0.1304E-02    0.2541E-02
# With parameters(rot.):     0.1276E+00   -0.1647E+00    0.6654E-01
# Minimization at step:    22 with Value:     0.0045Tol(Act/Req):0.3681E-01/0.1000E-04
# With parameters(tra.):    -0.4509E-03   -0.1860E-02    0.1676E-02
# With parameters(rot.):     0.1425E+00   -0.1640E+00    0.6105E-01
# Minimization at step:    23 with Value:     0.0045Tol(Act/Req):0.3590E-01/0.1000E-04
# With parameters(tra.):     0.1039E-02   -0.7244E-03    0.9803E-03
# With parameters(rot.):     0.1682E+00   -0.1886E+00    0.5956E-01
# Minimization at step:    24 with Value:     0.0045Tol(Act/Req):0.4092E-01/0.1000E-04
# With parameters(tra.):     0.5106E-03   -0.1005E-02    0.3515E-03
# With parameters(rot.):     0.1823E+00   -0.2013E+00    0.3740E-01
# Minimization at step:    25 with Value:     0.0045Tol(Act/Req):0.3715E-01/0.1000E-04
# With parameters(tra.):     0.1724E-03   -0.7733E-03    0.1576E-02
# With parameters(rot.):     0.2171E+00   -0.2252E+00    0.2395E-01
# Minimization at step:    26 with Value:     0.0045Tol(Act/Req):0.2406E-01/0.1000E-04
# With parameters(tra.):    -0.1125E-03   -0.9814E-03    0.1612E-02
# With parameters(rot.):     0.2452E+00   -0.2627E+00    0.2148E-01
# Minimization at step:    27 with Value:     0.0045Tol(Act/Req):0.1531E-01/0.1000E-04
# With parameters(tra.):     0.4312E-03   -0.1470E-02    0.1565E-02
# With parameters(rot.):     0.2503E+00   -0.2646E+00    0.1681E-01
# Minimization at step:    28 with Value:     0.0044Tol(Act/Req):0.1422E-01/0.1000E-04
# With parameters(tra.):     0.5373E-03   -0.1586E-02    0.1258E-02
# With parameters(rot.):     0.2443E+00   -0.2620E+00    0.1957E-01
# Minimization at step:    29 with Value:     0.0044Tol(Act/Req):0.1204E-01/0.1000E-04
# With parameters(tra.):     0.9438E-03   -0.1649E-02    0.1116E-02
# With parameters(rot.):     0.2253E+00   -0.2367E+00    0.2059E-01
# Minimization at step:    30 with Value:     0.0044Tol(Act/Req):0.1138E-01/0.1000E-04
# With parameters(tra.):     0.1215E-02   -0.8408E-03    0.1286E-02
# With parameters(rot.):     0.2285E+00   -0.2430E+00    0.1860E-01
# Minimization at step:    31 with Value:     0.0044Tol(Act/Req):0.6791E-02/0.1000E-04
# With parameters(tra.):    -0.1294E-03   -0.1200E-02   -0.1970E-03
# With parameters(rot.):     0.2206E+00   -0.2236E+00    0.2408E-01
# Minimization at step:    32 with Value:     0.0044Tol(Act/Req):0.5436E-02/0.1000E-04
# With parameters(tra.):    -0.2009E-02   -0.2494E-02    0.1062E-03
# With parameters(rot.):     0.2123E+00   -0.2106E+00    0.1374E-01
# Minimization at step:    33 with Value:     0.0044Tol(Act/Req):0.4897E-02/0.1000E-04
# With parameters(tra.):    -0.1735E-02   -0.3813E-02   -0.4742E-03
# With parameters(rot.):     0.2098E+00   -0.1965E+00    0.3382E-02
# Minimization at step:    34 with Value:     0.0044Tol(Act/Req):0.6206E-02/0.1000E-04
# With parameters(tra.):    -0.2060E-02   -0.3978E-02   -0.5712E-03
# With parameters(rot.):     0.2133E+00   -0.1994E+00    0.1693E-02
# Minimization at step:    35 with Value:     0.0044Tol(Act/Req):0.5226E-02/0.1000E-04
# With parameters(tra.):    -0.1972E-03   -0.3178E-02   -0.1100E-02
# With parameters(rot.):     0.2219E+00   -0.2087E+00    0.8022E-02
# Minimization at step:    36 with Value:     0.0044Tol(Act/Req):0.7180E-02/0.1000E-04
# With parameters(tra.):    -0.2053E-03   -0.3369E-02   -0.1450E-02
# With parameters(rot.):     0.2170E+00   -0.2029E+00    0.8443E-02
# Minimization at step:    37 with Value:     0.0044Tol(Act/Req):0.6509E-02/0.1000E-04
# With parameters(tra.):     0.1244E-03   -0.3460E-02   -0.1184E-02
# With parameters(rot.):     0.2187E+00   -0.2060E+00    0.5767E-02
# Minimization at step:    38 with Value:     0.0044Tol(Act/Req):0.3604E-02/0.1000E-04
# With parameters(tra.):     0.2109E-03   -0.3100E-02   -0.1098E-02
# With parameters(rot.):     0.2201E+00   -0.2103E+00    0.8555E-02
# Minimization at step:    39 with Value:     0.0044Tol(Act/Req):0.4067E-02/0.1000E-04
# With parameters(tra.):     0.4182E-03   -0.2236E-02   -0.1554E-02
# With parameters(rot.):     0.2236E+00   -0.2119E+00    0.1212E-02
# Minimization at step:    40 with Value:     0.0044Tol(Act/Req):0.3077E-02/0.1000E-04
# With parameters(tra.):     0.9156E-03   -0.2366E-02   -0.1560E-02
# With parameters(rot.):     0.2233E+00   -0.2028E+00    0.1132E-01
# Minimization at step:    41 with Value:     0.0044Tol(Act/Req):0.2680E-02/0.1000E-04
# With parameters(tra.):     0.5428E-03   -0.2498E-02   -0.1466E-02
# With parameters(rot.):     0.2213E+00   -0.2000E+00    0.1001E-01
# Minimization at step:    42 with Value:     0.0044Tol(Act/Req):0.2285E-02/0.1000E-04
# With parameters(tra.):     0.7605E-03   -0.2334E-02   -0.1959E-02
# With parameters(rot.):     0.2309E+00   -0.2061E+00    0.9404E-02
# Minimization at step:    43 with Value:     0.0044Tol(Act/Req):0.2508E-02/0.1000E-04
# With parameters(tra.):     0.6232E-03   -0.2299E-02   -0.1990E-02
# With parameters(rot.):     0.2316E+00   -0.2086E+00    0.6718E-02
# Minimization at step:    44 with Value:     0.0044Tol(Act/Req):0.1659E-02/0.1000E-04
# With parameters(tra.):     0.8297E-03   -0.2248E-02   -0.1924E-02
# With parameters(rot.):     0.2336E+00   -0.2104E+00    0.5460E-02
# Minimization at step:    45 with Value:     0.0044Tol(Act/Req):0.1591E-02/0.1000E-04
# With parameters(tra.):     0.9245E-03   -0.1998E-02   -0.1950E-02
# With parameters(rot.):     0.2354E+00   -0.2126E+00    0.6596E-02
# Minimization at step:    46 with Value:     0.0044Tol(Act/Req):0.1090E-02/0.1000E-04
# With parameters(tra.):     0.1015E-02   -0.1979E-02   -0.2167E-02
# With parameters(rot.):     0.2345E+00   -0.2105E+00    0.6652E-02
# Minimization at step:    47 with Value:     0.0044Tol(Act/Req):0.1161E-02/0.1000E-04
# With parameters(tra.):     0.1012E-02   -0.2173E-02   -0.2104E-02
# With parameters(rot.):     0.2345E+00   -0.2100E+00    0.8942E-02
# Minimization at step:    48 with Value:     0.0044Tol(Act/Req):0.1348E-02/0.1000E-04
# With parameters(tra.):     0.4232E-03   -0.2329E-02   -0.2129E-02
# With parameters(rot.):     0.2348E+00   -0.2077E+00    0.5970E-02
# Minimization at step:    49 with Value:     0.0044Tol(Act/Req):0.1049E-02/0.1000E-04
# With parameters(tra.):     0.3407E-03   -0.2370E-02   -0.2020E-02
# With parameters(rot.):     0.2328E+00   -0.2063E+00    0.5835E-02
# Minimization at step:    50 with Value:     0.0044Tol(Act/Req):0.9228E-03/0.1000E-04
# With parameters(tra.):     0.5906E-03   -0.2308E-02   -0.1920E-02
# With parameters(rot.):     0.2363E+00   -0.2085E+00    0.3443E-02
# Minimization at step:    51 with Value:     0.0044Tol(Act/Req):0.8178E-03/0.1000E-04
# With parameters(tra.):     0.5192E-03   -0.2291E-02   -0.1930E-02
# With parameters(rot.):     0.2371E+00   -0.2098E+00    0.1827E-02
# Minimization at step:    52 with Value:     0.0044Tol(Act/Req):0.6982E-03/0.1000E-04
# With parameters(tra.):     0.5342E-03   -0.2358E-02   -0.2284E-02
# With parameters(rot.):     0.2362E+00   -0.2053E+00    0.3313E-03
# Minimization at step:    53 with Value:     0.0044Tol(Act/Req):0.5146E-03/0.1000E-04
# With parameters(tra.):     0.5937E-03   -0.1976E-02   -0.2447E-02
# With parameters(rot.):     0.2400E+00   -0.2073E+00    0.5149E-03
# Minimization at step:    54 with Value:     0.0044Tol(Act/Req):0.6744E-03/0.1000E-04
# With parameters(tra.):     0.4499E-03   -0.2300E-02   -0.2436E-02
# With parameters(rot.):     0.2419E+00   -0.2053E+00    0.2284E-02
# Minimization at step:    55 with Value:     0.0044Tol(Act/Req):0.7527E-03/0.1000E-04
# With parameters(tra.):     0.3212E-03   -0.2357E-02   -0.2357E-02
# With parameters(rot.):     0.2408E+00   -0.2022E+00    0.8314E-03
# Minimization at step:    56 with Value:     0.0044Tol(Act/Req):0.6525E-03/0.1000E-04
# With parameters(tra.):     0.6644E-04   -0.2416E-02   -0.2542E-02
# With parameters(rot.):     0.2393E+00   -0.1990E+00    0.1972E-02
# Minimization at step:    57 with Value:     0.0044Tol(Act/Req):0.6221E-03/0.1000E-04
# With parameters(tra.):    -0.1045E-03   -0.2369E-02   -0.2273E-02
# With parameters(rot.):     0.2412E+00   -0.2013E+00    0.4015E-02
# Minimization at step:    58 with Value:     0.0044Tol(Act/Req):0.5384E-03/0.1000E-04
# With parameters(tra.):    -0.4552E-03   -0.2362E-02   -0.2407E-02
# With parameters(rot.):     0.2441E+00   -0.2011E+00    0.1513E-02
# Minimization at step:    59 with Value:     0.0044Tol(Act/Req):0.6788E-03/0.1000E-04
# With parameters(tra.):    -0.1588E-03   -0.2216E-02   -0.2475E-02
# With parameters(rot.):     0.2468E+00   -0.2012E+00    0.2999E-02
# Minimization at step:    60 with Value:     0.0044Tol(Act/Req):0.5079E-03/0.1000E-04
# With parameters(tra.):    -0.2364E-03   -0.2332E-02   -0.2437E-02
# With parameters(rot.):     0.2464E+00   -0.2002E+00    0.3160E-02
# Minimization at step:    61 with Value:     0.0044Tol(Act/Req):0.4637E-03/0.1000E-04
# With parameters(tra.):    -0.1305E-03   -0.2331E-02   -0.2405E-02
# With parameters(rot.):     0.2459E+00   -0.2002E+00    0.3923E-02
# Minimization at step:    62 with Value:     0.0044Tol(Act/Req):0.3592E-03/0.1000E-04
# With parameters(tra.):    -0.2630E-04   -0.2263E-02   -0.2237E-02
# With parameters(rot.):     0.2492E+00   -0.2027E+00    0.3812E-02
# Minimization at step:    63 with Value:     0.0044Tol(Act/Req):0.3081E-03/0.1000E-04
# With parameters(tra.):    -0.4120E-04   -0.1928E-02   -0.2182E-02
# With parameters(rot.):     0.2497E+00   -0.2037E+00    0.2552E-02
# Minimization at step:    64 with Value:     0.0044Tol(Act/Req):0.2678E-03/0.1000E-04
# With parameters(tra.):    -0.1504E-03   -0.1884E-02   -0.2332E-02
# With parameters(rot.):     0.2466E+00   -0.2016E+00    0.2242E-02
# Minimization at step:    65 with Value:     0.0044Tol(Act/Req):0.2357E-03/0.1000E-04
# With parameters(tra.):    -0.1114E-03   -0.1855E-02   -0.2404E-02
# With parameters(rot.):     0.2466E+00   -0.2010E+00    0.1584E-02
# Minimization at step:    66 with Value:     0.0044Tol(Act/Req):0.3103E-03/0.1000E-04
# With parameters(tra.):    -0.2817E-03   -0.1963E-02   -0.2272E-02
# With parameters(rot.):     0.2454E+00   -0.1984E+00    0.1279E-02
# Minimization at step:    67 with Value:     0.0044Tol(Act/Req):0.3076E-03/0.1000E-04
# With parameters(tra.):    -0.2163E-03   -0.2033E-02   -0.2102E-02
# With parameters(rot.):     0.2481E+00   -0.1996E+00    0.1268E-02
# Minimization at step:    68 with Value:     0.0044Tol(Act/Req):0.2885E-03/0.1000E-04
# With parameters(tra.):    -0.2668E-03   -0.1868E-02   -0.2097E-02
# With parameters(rot.):     0.2516E+00   -0.2018E+00    0.2866E-02
# Minimization at step:    69 with Value:     0.0044Tol(Act/Req):0.4686E-03/0.1000E-04
# With parameters(tra.):    -0.1728E-04   -0.1634E-02   -0.1849E-02
# With parameters(rot.):     0.2529E+00   -0.2025E+00    0.4626E-02
# Minimization at step:    70 with Value:     0.0044Tol(Act/Req):0.3577E-03/0.1000E-04
# With parameters(tra.):     0.1164E-03   -0.1722E-02   -0.1772E-02
# With parameters(rot.):     0.2498E+00   -0.2006E+00    0.3615E-02
# Minimization at step:    71 with Value:     0.0044Tol(Act/Req):0.6028E-03/0.1000E-04
# With parameters(tra.):     0.3471E-03   -0.1569E-02   -0.1673E-02
# With parameters(rot.):     0.2513E+00   -0.1987E+00    0.2655E-02
# Minimization at step:    72 with Value:     0.0044Tol(Act/Req):0.5936E-03/0.1000E-04
# With parameters(tra.):     0.2193E-03   -0.1499E-02   -0.1337E-02
# With parameters(rot.):     0.2500E+00   -0.1978E+00    0.1054E-02
# Minimization at step:    73 with Value:     0.0044Tol(Act/Req):0.5112E-03/0.1000E-04
# With parameters(tra.):     0.3210E-03   -0.1691E-02   -0.1111E-02
# With parameters(rot.):     0.2496E+00   -0.1947E+00    0.1815E-02
# Minimization at step:    74 with Value:     0.0044Tol(Act/Req):0.5215E-03/0.1000E-04
# With parameters(tra.):     0.4348E-03   -0.1507E-02   -0.9499E-03
# With parameters(rot.):     0.2474E+00   -0.1920E+00    0.2009E-02
# Minimization at step:    75 with Value:     0.0044Tol(Act/Req):0.4133E-03/0.1000E-04
# With parameters(tra.):     0.9006E-03   -0.1211E-02   -0.6848E-03
# With parameters(rot.):     0.2496E+00   -0.1933E+00    0.2659E-02
# Minimization at step:    76 with Value:     0.0044Tol(Act/Req):0.4179E-03/0.1000E-04
# With parameters(tra.):     0.1028E-02   -0.9529E-03   -0.3991E-03
# With parameters(rot.):     0.2527E+00   -0.1928E+00    0.3352E-02
# Minimization at step:    77 with Value:     0.0044Tol(Act/Req):0.2405E-03/0.1000E-04
# With parameters(tra.):     0.1032E-02   -0.9740E-03   -0.3608E-03
# With parameters(rot.):     0.2522E+00   -0.1918E+00    0.2659E-02
# Minimization at step:    78 with Value:     0.0044Tol(Act/Req):0.1913E-03/0.1000E-04
# With parameters(tra.):     0.7159E-03   -0.1136E-02   -0.4787E-03
# With parameters(rot.):     0.2512E+00   -0.1904E+00    0.2172E-02
# Minimization at step:    79 with Value:     0.0044Tol(Act/Req):0.1833E-03/0.1000E-04
# With parameters(tra.):     0.7458E-03   -0.7591E-03   -0.4944E-03
# With parameters(rot.):     0.2522E+00   -0.1920E+00    0.1530E-02
# Minimization at step:    80 with Value:     0.0044Tol(Act/Req):0.1780E-03/0.1000E-04
# With parameters(tra.):     0.1049E-02   -0.5827E-03   -0.5489E-03
# With parameters(rot.):     0.2541E+00   -0.1910E+00    0.3289E-02
# Minimization at step:    81 with Value:     0.0044Tol(Act/Req):0.2567E-03/0.1000E-04
# With parameters(tra.):     0.9754E-03   -0.4575E-03   -0.3071E-03
# With parameters(rot.):     0.2531E+00   -0.1910E+00    0.4780E-02
# Minimization at step:    82 with Value:     0.0044Tol(Act/Req):0.2306E-03/0.1000E-04
# With parameters(tra.):     0.9921E-03   -0.4162E-03   -0.2937E-03
# With parameters(rot.):     0.2541E+00   -0.1916E+00    0.4962E-02
# Minimization at step:    83 with Value:     0.0044Tol(Act/Req):0.2033E-03/0.1000E-04
# With parameters(tra.):     0.6698E-03   -0.5371E-03   -0.1542E-03
# With parameters(rot.):     0.2522E+00   -0.1928E+00    0.3761E-02
# Minimization at step:    84 with Value:     0.0044Tol(Act/Req):0.2059E-03/0.1000E-04
# With parameters(tra.):     0.5569E-03   -0.4336E-03   -0.8766E-05
# With parameters(rot.):     0.2513E+00   -0.1910E+00    0.2742E-02
# Minimization at step:    85 with Value:     0.0044Tol(Act/Req):0.1858E-03/0.1000E-04
# With parameters(tra.):     0.8415E-03   -0.2782E-03   -0.9984E-04
# With parameters(rot.):     0.2530E+00   -0.1892E+00    0.3604E-02
# Minimization at step:    86 with Value:     0.0044Tol(Act/Req):0.1686E-03/0.1000E-04
# With parameters(tra.):     0.8430E-03   -0.4410E-03    0.1058E-04
# With parameters(rot.):     0.2524E+00   -0.1873E+00    0.4604E-02
# Minimization at step:    87 with Value:     0.0044Tol(Act/Req):0.1385E-03/0.1000E-04
# With parameters(tra.):     0.7957E-03   -0.4629E-03   -0.2671E-04
# With parameters(rot.):     0.2517E+00   -0.1869E+00    0.4535E-02
# Minimization at step:    88 with Value:     0.0044Tol(Act/Req):0.1303E-03/0.1000E-04
# With parameters(tra.):     0.7207E-03   -0.5172E-03    0.2151E-05
# With parameters(rot.):     0.2511E+00   -0.1872E+00    0.4398E-02
# Minimization at step:    89 with Value:     0.0044Tol(Act/Req):0.4260E-04/0.1000E-04
# With parameters(tra.):     0.7738E-03   -0.4385E-03    0.6185E-04
# With parameters(rot.):     0.2513E+00   -0.1871E+00    0.4664E-02
# Minimization at step:    90 with Value:     0.0044Tol(Act/Req):0.5897E-04/0.1000E-04
# With parameters(tra.):     0.7343E-03   -0.3633E-03    0.2071E-03
# With parameters(rot.):     0.2524E+00   -0.1868E+00    0.4930E-02
# Minimization at step:    91 with Value:     0.0044Tol(Act/Req):0.5355E-04/0.1000E-04
# With parameters(tra.):     0.6971E-03   -0.2289E-03    0.1990E-03
# With parameters(rot.):     0.2527E+00   -0.1880E+00    0.4371E-02
# Minimization at step:    92 with Value:     0.0044Tol(Act/Req):0.5000E-04/0.1000E-04
# With parameters(tra.):     0.6923E-03   -0.2412E-03    0.1807E-03
# With parameters(rot.):     0.2529E+00   -0.1877E+00    0.3965E-02
# Minimization at step:    93 with Value:     0.0044Tol(Act/Req):0.5149E-04/0.1000E-04
# With parameters(tra.):     0.7318E-03   -0.2510E-03    0.1601E-03
# With parameters(rot.):     0.2533E+00   -0.1879E+00    0.4321E-02
# Minimization at step:    94 with Value:     0.0044Tol(Act/Req):0.5676E-04/0.1000E-04
# With parameters(tra.):     0.6157E-03   -0.2241E-03    0.1478E-03
# With parameters(rot.):     0.2523E+00   -0.1875E+00    0.4112E-02
# Minimization at step:    95 with Value:     0.0044Tol(Act/Req):0.5588E-04/0.1000E-04
# With parameters(tra.):     0.6291E-03   -0.1669E-03    0.1849E-03
# With parameters(rot.):     0.2524E+00   -0.1876E+00    0.4199E-02
# Minimization at step:    96 with Value:     0.0044Tol(Act/Req):0.2967E-04/0.1000E-04
# With parameters(tra.):     0.4937E-03   -0.1607E-03    0.2738E-03
# With parameters(rot.):     0.2520E+00   -0.1880E+00    0.3943E-02
# Minimization at step:    97 with Value:     0.0044Tol(Act/Req):0.1952E-04/0.1000E-04
# With parameters(tra.):     0.4861E-03   -0.1886E-03    0.2821E-03
# With parameters(rot.):     0.2518E+00   -0.1878E+00    0.4047E-02
# Minimization at step:    98 with Value:     0.0044Tol(Act/Req):0.1961E-04/0.1000E-04
# With parameters(tra.):     0.4753E-03   -0.1929E-03    0.2520E-03
# With parameters(rot.):     0.2515E+00   -0.1879E+00    0.3907E-02
# Minimization at step:    99 with Value:     0.0044Tol(Act/Req):0.1664E-04/0.1000E-04
# With parameters(tra.):     0.4548E-03   -0.1950E-03    0.2488E-03
# With parameters(rot.):     0.2515E+00   -0.1878E+00    0.3698E-02
# Minimization at step:   100 with Value:     0.0044Tol(Act/Req):0.1674E-04/0.1000E-04
# With parameters(tra.):     0.4349E-03   -0.1965E-03    0.2315E-03
# With parameters(rot.):     0.2517E+00   -0.1883E+00    0.4457E-02
# Minimization at step:   101 with Value:     0.0044Tol(Act/Req):0.1165E-04/0.1000E-04
# With parameters(tra.):     0.4064E-03   -0.1181E-03    0.2987E-03
# With parameters(rot.):     0.2518E+00   -0.1885E+00    0.4652E-02
# Minimization at step:   102 with Value:     0.0044Tol(Act/Req):0.1225E-04/0.1000E-04
# With parameters(tra.):     0.4180E-03   -0.1160E-03    0.3143E-03
# With parameters(rot.):     0.2520E+00   -0.1887E+00    0.4749E-02
# Minimization at step:   103 with Value:     0.0044Tol(Act/Req):0.1171E-04/0.1000E-04
# With parameters(tra.):     0.4830E-03   -0.1052E-03    0.2685E-03
# With parameters(rot.):     0.2523E+00   -0.1886E+00    0.5189E-02
# Minimization at step:   104 with Value:     0.0044Tol(Act/Req):0.9880E-05/0.1000E-04
# With parameters(tra.):     0.4667E-03   -0.1332E-03    0.2805E-03
# With parameters(rot.):     0.2521E+00   -0.1883E+00    0.5778E-02
# CSM Values after x minimization.
# Final Number of optim. Steps:   104
#      Before min is:      0.00478081672
# Final CSM Value is:      0.00437653202
# Coordinates rotated along Y.
[molecule] Nrec=  60 Format=nscxyz
  c                1    6   -0.20000000D+01   0.22300848D+01   0.22420352D+01
  c                2    6   -0.15690900D+01  -0.92341337D-01   0.33955011D+01
  c                3    6    0.10302480D+01  -0.44296813D+00   0.35696449D+01
  c                4    6    0.22058190D+01   0.16627576D+01   0.25238063D+01
  c                5    6    0.33302200D+00   0.33147959D+01   0.17032980D+01
  c                6    6    0.18890020D+01   0.21451704D+01   0.24145201D+01
  c                7    6    0.34580920D+01   0.13527454D+01   0.46007751D+00
  c                8    6    0.24278440D+01   0.22024739D+01  -0.18040736D+01
  c                9    6    0.22202400D+00   0.35200593D+01  -0.12489535D+01
  c               10    6   -0.11099700D+00   0.34846449D+01   0.13582813D+01
  c               11    6   -0.22202400D+00   0.32298815D+01   0.18757829D+01
  c               12    6    0.11099700D+00   0.36751716D+01  -0.69338844D+00
  c               13    6   -0.18890020D+01   0.25531006D+01  -0.19782174D+01
  c               14    6   -0.34580920D+01   0.14143326D+01  -0.20311445D+00
  c               15    6   -0.24278440D+01   0.18326066D+01   0.21787896D+01
  c               16    6   -0.20262210D+01   0.17669362D+01   0.26023755D+01
  c               17    6   -0.33894920D+01   0.15418375D+01   0.36616226D+00
  c               18    6   -0.35953110D+01  -0.10155713D+01  -0.20578573D+00
  c               19    6   -0.23592430D+01  -0.23710388D+01   0.16769441D+01
  c               20    6   -0.13894920D+01  -0.65135338D+00   0.34124836D+01
  c               21    6   -0.10302480D+01  -0.22192471D+00   0.35901715D+01
  c               22    6   -0.22058190D+01  -0.20990608D+01   0.21744661D+01
  c               23    6   -0.33302200D+00  -0.35717585D+01   0.10637810D+01
  c               24    6    0.20000000D+01  -0.26048008D+01   0.17930453D+01
  c               25    6    0.15690900D+01  -0.53448853D+00   0.33544410D+01
  c               26    6    0.13894920D+01   0.11837237D-01   0.34740704D+01
  c               27    6    0.20262210D+01  -0.22159256D+01   0.22325087D+01
  c               28    6    0.33894920D+01  -0.15828976D+01   0.75984939D-01
  c               29    6    0.35953110D+01   0.10360975D+01  -0.15258591D-01
  c               30    6    0.23592430D+01   0.20216987D+01   0.20848743D+01
  c               31    6    0.33894920D+01   0.15828976D+01  -0.75984942D-01
  c               32    6    0.35953110D+01  -0.10360975D+01   0.15258587D-01
  c               33    6    0.23592430D+01  -0.20216987D+01  -0.20848743D+01
  c               34    6    0.13894920D+01  -0.11837234D-01  -0.34740704D+01
  c               35    6    0.20262210D+01   0.22159256D+01  -0.22325087D+01
  c               36    6   -0.33302200D+00   0.35717585D+01  -0.10637810D+01
  c               37    6    0.20000000D+01   0.26048008D+01  -0.17930453D+01
  c               38    6    0.15690900D+01   0.53448853D+00  -0.33544410D+01
  c               39    6   -0.10302480D+01   0.22192471D+00  -0.35901715D+01
  c               40    6   -0.22058190D+01   0.20990608D+01  -0.21744661D+01
  c               41    6   -0.35953110D+01   0.10155713D+01   0.20578573D+00
  c               42    6   -0.23592430D+01   0.23710388D+01  -0.16769441D+01
  c               43    6   -0.13894920D+01   0.65135338D+00  -0.34124836D+01
  c               44    6   -0.20262210D+01  -0.17669362D+01  -0.26023755D+01
  c               45    6   -0.33894920D+01  -0.15418375D+01  -0.36616225D+00
  c               46    6   -0.18890020D+01  -0.25531007D+01   0.19782174D+01
  c               47    6   -0.34580920D+01  -0.14143326D+01   0.20311445D+00
  c               48    6   -0.24278440D+01  -0.18326066D+01  -0.21787896D+01
  c               49    6   -0.22202400D+00  -0.32298815D+01  -0.18757829D+01
  c               50    6    0.11099700D+00  -0.36751716D+01   0.69338844D+00
  c               51    6    0.24278440D+01  -0.22024739D+01   0.18040736D+01
  c               52    6    0.22202400D+00  -0.35200593D+01   0.12489535D+01
  c               53    6   -0.11099700D+00  -0.34846449D+01  -0.13582813D+01
  c               54    6    0.18890020D+01  -0.21451704D+01  -0.24145201D+01
  c               55    6    0.34580920D+01  -0.13527454D+01  -0.46007751D+00
  c               56    6    0.10302480D+01   0.44296813D+00  -0.35696449D+01
  c               57    6    0.22058190D+01  -0.16627576D+01  -0.25238063D+01
  c               58    6    0.33302200D+00  -0.33147959D+01  -0.17032980D+01
  c               59    6   -0.20000000D+01  -0.22300848D+01  -0.22420352D+01
  c               60    6   -0.15690900D+01   0.92341334D-01  -0.33955011D+01
# Minimization at step:     0 with Value:     0.0060Tol(Act/Req):0.4632E+00/0.1000E-04
# With parameters(tra.):     0.1429E-01    0.1429E-01    0.1429E-01
# With parameters(rot.):     0.1429E-01    0.1429E-01    0.1429E-01
# Minimization at step:     1 with Value:     0.0057Tol(Act/Req):0.4629E+00/0.1000E-04
# With parameters(tra.):     0.7143E-02    0.1548E-01    0.1548E-01
# With parameters(rot.):     0.1548E-01    0.1548E-01    0.1548E-01
# Minimization at step:     2 with Value:     0.0054Tol(Act/Req):0.4622E+00/0.1000E-04
# With parameters(tra.):     0.7738E-02    0.1677E-01    0.8433E-02
# With parameters(rot.):     0.1677E-01    0.1677E-01    0.1677E-01
# Minimization at step:     3 with Value:     0.0051Tol(Act/Req):0.1556E+00/0.1000E-04
# With parameters(tra.):     0.9673E-02   -0.4043E-02    0.1054E-01
# With parameters(rot.):     0.2096E-01    0.2096E-01    0.2096E-01
# Minimization at step:     4 with Value:     0.0050Tol(Act/Req):0.1539E+00/0.1000E-04
# With parameters(tra.):     0.1013E-01   -0.5132E-02    0.7195E-02
# With parameters(rot.):     0.2195E-01    0.2195E-01    0.2195E-01
# Minimization at step:     5 with Value:     0.0050Tol(Act/Req):0.1511E+00/0.1000E-04
# With parameters(tra.):    -0.3158E-02   -0.9620E-02    0.6815E-02
# With parameters(rot.):     0.2649E-01    0.2649E-01    0.2649E-01
# Minimization at step:     6 with Value:     0.0050Tol(Act/Req):0.1497E+00/0.1000E-04
# With parameters(tra.):    -0.8725E-02    0.2393E-02    0.4168E-02
# With parameters(rot.):     0.2554E-01    0.2554E-01    0.2554E-01
# Minimization at step:     7 with Value:     0.0049Tol(Act/Req):0.1317E+00/0.1000E-04
# With parameters(tra.):    -0.5866E-02    0.4516E-02    0.4042E-02
# With parameters(rot.):     0.2433E-01    0.2433E-01    0.2433E-01
# Minimization at step:     8 with Value:     0.0049Tol(Act/Req):0.5755E-01/0.1000E-04
# With parameters(tra.):    -0.4236E-02    0.1690E-02    0.4693E-02
# With parameters(rot.):     0.2446E-01    0.2446E-01    0.2446E-01
# Minimization at step:     9 with Value:     0.0048Tol(Act/Req):0.5137E-01/0.1000E-04
# With parameters(tra.):    -0.5204E-02    0.1714E-02    0.2812E-02
# With parameters(rot.):     0.2517E-01    0.2517E-01    0.2517E-01
# Minimization at step:    10 with Value:     0.0048Tol(Act/Req):0.4512E-01/0.1000E-04
# With parameters(tra.):     0.7335E-03    0.5026E-02    0.2150E-02
# With parameters(rot.):     0.2302E-01    0.2302E-01    0.2302E-01
# Minimization at step:    11 with Value:     0.0048Tol(Act/Req):0.4451E-01/0.1000E-04
# With parameters(tra.):     0.1963E-02    0.3891E-02    0.2264E-02
# With parameters(rot.):     0.2297E-01    0.2297E-01    0.2297E-01
# Minimization at step:    12 with Value:     0.0048Tol(Act/Req):0.2461E-01/0.1000E-04
# With parameters(tra.):     0.5805E-03    0.2968E-02    0.2439E-02
# With parameters(rot.):     0.2350E-01    0.2350E-01    0.2350E-01
# Minimization at step:    13 with Value:     0.0048Tol(Act/Req):0.2273E-01/0.1000E-04
# With parameters(tra.):     0.5786E-03    0.3084E-02    0.1467E-02
# With parameters(rot.):     0.2372E-01    0.2372E-01    0.2372E-01
# Minimization at step:    14 with Value:     0.0048Tol(Act/Req):0.4195E-01/0.1000E-04
# With parameters(tra.):     0.8680E-03    0.4627E-02    0.2201E-02
# With parameters(rot.):     0.3558E-01   -0.1442E-01    0.3558E-01
# Minimization at step:    15 with Value:     0.0047Tol(Act/Req):0.4153E-01/0.1000E-04
# With parameters(tra.):     0.2961E-02    0.2602E-02    0.2407E-02
# With parameters(rot.):     0.3967E-01   -0.2699E-01    0.3967E-01
# Minimization at step:    16 with Value:     0.0047Tol(Act/Req):0.3915E-01/0.1000E-04
# With parameters(tra.):     0.9909E-03    0.6343E-03    0.2746E-02
# With parameters(rot.):     0.4613E-01   -0.4276E-01    0.4613E-01
# Minimization at step:    17 with Value:     0.0047Tol(Act/Req):0.3560E-01/0.1000E-04
# With parameters(tra.):     0.1124E-02    0.5052E-04    0.1229E-02
# With parameters(rot.):     0.5403E-01   -0.6449E-01    0.5403E-01
# Minimization at step:    18 with Value:     0.0047Tol(Act/Req):0.3552E-01/0.1000E-04
# With parameters(tra.):     0.1499E-02    0.6735E-04    0.1638E-02
# With parameters(rot.):     0.7204E-01   -0.8599E-01    0.7204E-01
# Minimization at step:    19 with Value:     0.0046Tol(Act/Req):0.5927E-01/0.1000E-04
# With parameters(tra.):     0.2249E-02    0.1010E-03    0.2457E-02
# With parameters(rot.):     0.1081E+00   -0.1290E+00    0.5806E-01
# Minimization at step:    20 with Value:     0.0046Tol(Act/Req):0.4588E-01/0.1000E-04
# With parameters(tra.):     0.2436E-02    0.1095E-03    0.2662E-02
# With parameters(rot.):     0.1087E+00   -0.1397E+00    0.6290E-01
# Minimization at step:    21 with Value:     0.0046Tol(Act/Req):0.3933E-01/0.1000E-04
# With parameters(tra.):     0.1682E-03    0.1304E-02    0.2541E-02
# With parameters(rot.):     0.1276E+00   -0.1647E+00    0.6654E-01
# Minimization at step:    22 with Value:     0.0045Tol(Act/Req):0.3681E-01/0.1000E-04
# With parameters(tra.):    -0.4509E-03   -0.1860E-02    0.1676E-02
# With parameters(rot.):     0.1425E+00   -0.1640E+00    0.6105E-01
# Minimization at step:    23 with Value:     0.0045Tol(Act/Req):0.3590E-01/0.1000E-04
# With parameters(tra.):     0.1039E-02   -0.7244E-03    0.9803E-03
# With parameters(rot.):     0.1682E+00   -0.1886E+00    0.5956E-01
# Minimization at step:    24 with Value:     0.0045Tol(Act/Req):0.4092E-01/0.1000E-04
# With parameters(tra.):     0.5106E-03   -0.1005E-02    0.3515E-03
# With parameters(rot.):     0.1823E+00   -0.2013E+00    0.3740E-01
# Minimization at step:    25 with Value:     0.0045Tol(Act/Req):0.3715E-01/0.1000E-04
# With parameters(tra.):     0.1724E-03   -0.7733E-03    0.1576E-02
# With parameters(rot.):     0.2171E+00   -0.2252E+00    0.2395E-01
# Minimization at step:    26 with Value:     0.0045Tol(Act/Req):0.2406E-01/0.1000E-04
# With parameters(tra.):    -0.1125E-03   -0.9814E-03    0.1612E-02
# With parameters(rot.):     0.2452E+00   -0.2627E+00    0.2148E-01
# Minimization at step:    27 with Value:     0.0045Tol(Act/Req):0.1531E-01/0.1000E-04
# With parameters(tra.):     0.4312E-03   -0.1470E-02    0.1565E-02
# With parameters(rot.):     0.2503E+00   -0.2646E+00    0.1681E-01
# Minimization at step:    28 with Value:     0.0044Tol(Act/Req):0.1422E-01/0.1000E-04
# With parameters(tra.):     0.5373E-03   -0.1586E-02    0.1258E-02
# With parameters(rot.):     0.2443E+00   -0.2620E+00    0.1957E-01
# Minimization at step:    29 with Value:     0.0044Tol(Act/Req):0.1204E-01/0.1000E-04
# With parameters(tra.):     0.9438E-03   -0.1649E-02    0.1116E-02
# With parameters(rot.):     0.2253E+00   -0.2367E+00    0.2059E-01
# Minimization at step:    30 with Value:     0.0044Tol(Act/Req):0.1138E-01/0.1000E-04
# With parameters(tra.):     0.1215E-02   -0.8408E-03    0.1286E-02
# With parameters(rot.):     0.2285E+00   -0.2430E+00    0.1860E-01
# Minimization at step:    31 with Value:     0.0044Tol(Act/Req):0.6791E-02/0.1000E-04
# With parameters(tra.):    -0.1294E-03   -0.1200E-02   -0.1970E-03
# With parameters(rot.):     0.2206E+00   -0.2236E+00    0.2408E-01
# Minimization at step:    32 with Value:     0.0044Tol(Act/Req):0.5436E-02/0.1000E-04
# With parameters(tra.):    -0.2009E-02   -0.2494E-02    0.1062E-03
# With parameters(rot.):     0.2123E+00   -0.2106E+00    0.1374E-01
# Minimization at step:    33 with Value:     0.0044Tol(Act/Req):0.4897E-02/0.1000E-04
# With parameters(tra.):    -0.1735E-02   -0.3813E-02   -0.4742E-03
# With parameters(rot.):     0.2098E+00   -0.1965E+00    0.3382E-02
# Minimization at step:    34 with Value:     0.0044Tol(Act/Req):0.6206E-02/0.1000E-04
# With parameters(tra.):    -0.2060E-02   -0.3978E-02   -0.5712E-03
# With parameters(rot.):     0.2133E+00   -0.1994E+00    0.1693E-02
# Minimization at step:    35 with Value:     0.0044Tol(Act/Req):0.5226E-02/0.1000E-04
# With parameters(tra.):    -0.1972E-03   -0.3178E-02   -0.1100E-02
# With parameters(rot.):     0.2219E+00   -0.2087E+00    0.8022E-02
# Minimization at step:    36 with Value:     0.0044Tol(Act/Req):0.7180E-02/0.1000E-04
# With parameters(tra.):    -0.2053E-03   -0.3369E-02   -0.1450E-02
# With parameters(rot.):     0.2170E+00   -0.2029E+00    0.8443E-02
# Minimization at step:    37 with Value:     0.0044Tol(Act/Req):0.6509E-02/0.1000E-04
# With parameters(tra.):     0.1244E-03   -0.3460E-02   -0.1184E-02
# With parameters(rot.):     0.2187E+00   -0.2060E+00    0.5767E-02
# Minimization at step:    38 with Value:     0.0044Tol(Act/Req):0.3604E-02/0.1000E-04
# With parameters(tra.):     0.2109E-03   -0.3100E-02   -0.1098E-02
# With parameters(rot.):     0.2201E+00   -0.2103E+00    0.8555E-02
# Minimization at step:    39 with Value:     0.0044Tol(Act/Req):0.4067E-02/0.1000E-04
# With parameters(tra.):     0.4182E-03   -0.2236E-02   -0.1554E-02
# With parameters(rot.):     0.2236E+00   -0.2119E+00    0.1212E-02
# Minimization at step:    40 with Value:     0.0044Tol(Act/Req):0.3077E-02/0.1000E-04
# With parameters(tra.):     0.9156E-03   -0.2366E-02   -0.1560E-02
# With parameters(rot.):     0.2233E+00   -0.2028E+00    0.1132E-01
# Minimization at step:    41 with Value:     0.0044Tol(Act/Req):0.2680E-02/0.1000E-04
# With parameters(tra.):     0.5428E-03   -0.2498E-02   -0.1466E-02
# With parameters(rot.):     0.2213E+00   -0.2000E+00    0.1001E-01
# Minimization at step:    42 with Value:     0.0044Tol(Act/Req):0.2285E-02/0.1000E-04
# With parameters(tra.):     0.7605E-03   -0.2334E-02   -0.1959E-02
# With parameters(rot.):     0.2309E+00   -0.2061E+00    0.9404E-02
# Minimization at step:    43 with Value:     0.0044Tol(Act/Req):0.2508E-02/0.1000E-04
# With parameters(tra.):     0.6232E-03   -0.2299E-02   -0.1990E-02
# With parameters(rot.):     0.2316E+00   -0.2086E+00    0.6718E-02
# Minimization at step:    44 with Value:     0.0044Tol(Act/Req):0.1659E-02/0.1000E-04
# With parameters(tra.):     0.8297E-03   -0.2248E-02   -0.1924E-02
# With parameters(rot.):     0.2336E+00   -0.2104E+00    0.5460E-02
# Minimization at step:    45 with Value:     0.0044Tol(Act/Req):0.1591E-02/0.1000E-04
# With parameters(tra.):     0.9245E-03   -0.1998E-02   -0.1950E-02
# With parameters(rot.):     0.2354E+00   -0.2126E+00    0.6596E-02
# Minimization at step:    46 with Value:     0.0044Tol(Act/Req):0.1090E-02/0.1000E-04
# With parameters(tra.):     0.1015E-02   -0.1979E-02   -0.2167E-02
# With parameters(rot.):     0.2345E+00   -0.2105E+00    0.6652E-02
# Minimization at step:    47 with Value:     0.0044Tol(Act/Req):0.1161E-02/0.1000E-04
# With parameters(tra.):     0.1012E-02   -0.2173E-02   -0.2104E-02
# With parameters(rot.):     0.2345E+00   -0.2100E+00    0.8942E-02
# Minimization at step:    48 with Value:     0.0044Tol(Act/Req):0.1348E-02/0.1000E-04
# With parameters(tra.):     0.4232E-03   -0.2329E-02   -0.2129E-02
# With parameters(rot.):     0.2348E+00   -0.2077E+00    0.5970E-02
# Minimization at step:    49 with Value:     0.0044Tol(Act/Req):0.1049E-02/0.1000E-04
# With parameters(tra.):     0.3407E-03   -0.2370E-02   -0.2020E-02
# With parameters(rot.):     0.2328E+00   -0.2063E+00    0.5835E-02
# Minimization at step:    50 with Value:     0.0044Tol(Act/Req):0.9228E-03/0.1000E-04
# With parameters(tra.):     0.5906E-03   -0.2308E-02   -0.1920E-02
# With parameters(rot.):     0.2363E+00   -0.2085E+00    0.3443E-02
# Minimization at step:    51 with Value:     0.0044Tol(Act/Req):0.8178E-03/0.1000E-04
# With parameters(tra.):     0.5192E-03   -0.2291E-02   -0.1930E-02
# With parameters(rot.):     0.2371E+00   -0.2098E+00    0.1827E-02
# Minimization at step:    52 with Value:     0.0044Tol(Act/Req):0.6982E-03/0.1000E-04
# With parameters(tra.):     0.5342E-03   -0.2358E-02   -0.2284E-02
# With parameters(rot.):     0.2362E+00   -0.2053E+00    0.3313E-03
# Minimization at step:    53 with Value:     0.0044Tol(Act/Req):0.5146E-03/0.1000E-04
# With parameters(tra.):     0.5937E-03   -0.1976E-02   -0.2447E-02
# With parameters(rot.):     0.2400E+00   -0.2073E+00    0.5149E-03
# Minimization at step:    54 with Value:     0.0044Tol(Act/Req):0.6744E-03/0.1000E-04
# With parameters(tra.):     0.4499E-03   -0.2300E-02   -0.2436E-02
# With parameters(rot.):     0.2419E+00   -0.2053E+00    0.2284E-02
# Minimization at step:    55 with Value:     0.0044Tol(Act/Req):0.7527E-03/0.1000E-04
# With parameters(tra.):     0.3212E-03   -0.2357E-02   -0.2357E-02
# With parameters(rot.):     0.2408E+00   -0.2022E+00    0.8314E-03
# Minimization at step:    56 with Value:     0.0044Tol(Act/Req):0.6525E-03/0.1000E-04
# With parameters(tra.):     0.6644E-04   -0.2416E-02   -0.2542E-02
# With parameters(rot.):     0.2393E+00   -0.1990E+00    0.1972E-02
# Minimization at step:    57 with Value:     0.0044Tol(Act/Req):0.6221E-03/0.1000E-04
# With parameters(tra.):    -0.1045E-03   -0.2369E-02   -0.2273E-02
# With parameters(rot.):     0.2412E+00   -0.2013E+00    0.4015E-02
# Minimization at step:    58 with Value:     0.0044Tol(Act/Req):0.5384E-03/0.1000E-04
# With parameters(tra.):    -0.4552E-03   -0.2362E-02   -0.2407E-02
# With parameters(rot.):     0.2441E+00   -0.2011E+00    0.1513E-02
# Minimization at step:    59 with Value:     0.0044Tol(Act/Req):0.6788E-03/0.1000E-04
# With parameters(tra.):    -0.1588E-03   -0.2216E-02   -0.2475E-02
# With parameters(rot.):     0.2468E+00   -0.2012E+00    0.2999E-02
# Minimization at step:    60 with Value:     0.0044Tol(Act/Req):0.5079E-03/0.1000E-04
# With parameters(tra.):    -0.2364E-03   -0.2332E-02   -0.2437E-02
# With parameters(rot.):     0.2464E+00   -0.2002E+00    0.3160E-02
# Minimization at step:    61 with Value:     0.0044Tol(Act/Req):0.4637E-03/0.1000E-04
# With parameters(tra.):    -0.1305E-03   -0.2331E-02   -0.2405E-02
# With parameters(rot.):     0.2459E+00   -0.2002E+00    0.3923E-02
# Minimization at step:    62 with Value:     0.0044Tol(Act/Req):0.3592E-03/0.1000E-04
# With parameters(tra.):    -0.2630E-04   -0.2263E-02   -0.2237E-02
# With parameters(rot.):     0.2492E+00   -0.2027E+00    0.3812E-02
# Minimization at step:    63 with Value:     0.0044Tol(Act/Req):0.3081E-03/0.1000E-04
# With parameters(tra.):    -0.4120E-04   -0.1928E-02   -0.2182E-02
# With parameters(rot.):     0.2497E+00   -0.2037E+00    0.2552E-02
# Minimization at step:    64 with Value:     0.0044Tol(Act/Req):0.2678E-03/0.1000E-04
# With parameters(tra.):    -0.1504E-03   -0.1884E-02   -0.2332E-02
# With parameters(rot.):     0.2466E+00   -0.2016E+00    0.2242E-02
# Minimization at step:    65 with Value:     0.0044Tol(Act/Req):0.2357E-03/0.1000E-04
# With parameters(tra.):    -0.1114E-03   -0.1855E-02   -0.2404E-02
# With parameters(rot.):     0.2466E+00   -0.2010E+00    0.1584E-02
# Minimization at step:    66 with Value:     0.0044Tol(Act/Req):0.3103E-03/0.1000E-04
# With parameters(tra.):    -0.2817E-03   -0.1963E-02   -0.2272E-02
# With parameters(rot.):     0.2454E+00   -0.1984E+00    0.1279E-02
# Minimization at step:    67 with Value:     0.0044Tol(Act/Req):0.3076E-03/0.1000E-04
# With parameters(tra.):    -0.2163E-03   -0.2033E-02   -0.2102E-02
# With parameters(rot.):     0.2481E+00   -0.1996E+00    0.1268E-02
# Minimization at step:    68 with Value:     0.0044Tol(Act/Req):0.2885E-03/0.1000E-04
# With parameters(tra.):    -0.2668E-03   -0.1868E-02   -0.2097E-02
# With parameters(rot.):     0.2516E+00   -0.2018E+00    0.2866E-02
# Minimization at step:    69 with Value:     0.0044Tol(Act/Req):0.4686E-03/0.1000E-04
# With parameters(tra.):    -0.1728E-04   -0.1634E-02   -0.1849E-02
# With parameters(rot.):     0.2529E+00   -0.2025E+00    0.4626E-02
# Minimization at step:    70 with Value:     0.0044Tol(Act/Req):0.3577E-03/0.1000E-04
# With parameters(tra.):     0.1164E-03   -0.1722E-02   -0.1772E-02
# With parameters(rot.):     0.2498E+00   -0.2006E+00    0.3615E-02
# Minimization at step:    71 with Value:     0.0044Tol(Act/Req):0.6028E-03/0.1000E-04
# With parameters(tra.):     0.3471E-03   -0.1569E-02   -0.1673E-02
# With parameters(rot.):     0.2513E+00   -0.1987E+00    0.2655E-02
# Minimization at step:    72 with Value:     0.0044Tol(Act/Req):0.5936E-03/0.1000E-04
# With parameters(tra.):     0.2193E-03   -0.1499E-02   -0.1337E-02
# With parameters(rot.):     0.2500E+00   -0.1978E+00    0.1054E-02
# Minimization at step:    73 with Value:     0.0044Tol(Act/Req):0.5112E-03/0.1000E-04
# With parameters(tra.):     0.3210E-03   -0.1691E-02   -0.1111E-02
# With parameters(rot.):     0.2496E+00   -0.1947E+00    0.1815E-02
# Minimization at step:    74 with Value:     0.0044Tol(Act/Req):0.5215E-03/0.1000E-04
# With parameters(tra.):     0.4348E-03   -0.1507E-02   -0.9499E-03
# With parameters(rot.):     0.2474E+00   -0.1920E+00    0.2009E-02
# Minimization at step:    75 with Value:     0.0044Tol(Act/Req):0.4133E-03/0.1000E-04
# With parameters(tra.):     0.9006E-03   -0.1211E-02   -0.6848E-03
# With parameters(rot.):     0.2496E+00   -0.1933E+00    0.2659E-02
# Minimization at step:    76 with Value:     0.0044Tol(Act/Req):0.4179E-03/0.1000E-04
# With parameters(tra.):     0.1028E-02   -0.9529E-03   -0.3991E-03
# With parameters(rot.):     0.2527E+00   -0.1928E+00    0.3352E-02
# Minimization at step:    77 with Value:     0.0044Tol(Act/Req):0.2405E-03/0.1000E-04
# With parameters(tra.):     0.1032E-02   -0.9740E-03   -0.3608E-03
# With parameters(rot.):     0.2522E+00   -0.1918E+00    0.2659E-02
# Minimization at step:    78 with Value:     0.0044Tol(Act/Req):0.1913E-03/0.1000E-04
# With parameters(tra.):     0.7159E-03   -0.1136E-02   -0.4787E-03
# With parameters(rot.):     0.2512E+00   -0.1904E+00    0.2172E-02
# Minimization at step:    79 with Value:     0.0044Tol(Act/Req):0.1833E-03/0.1000E-04
# With parameters(tra.):     0.7458E-03   -0.7591E-03   -0.4944E-03
# With parameters(rot.):     0.2522E+00   -0.1920E+00    0.1530E-02
# Minimization at step:    80 with Value:     0.0044Tol(Act/Req):0.1780E-03/0.1000E-04
# With parameters(tra.):     0.1049E-02   -0.5827E-03   -0.5489E-03
# With parameters(rot.):     0.2541E+00   -0.1910E+00    0.3289E-02
# Minimization at step:    81 with Value:     0.0044Tol(Act/Req):0.2567E-03/0.1000E-04
# With parameters(tra.):     0.9754E-03   -0.4575E-03   -0.3071E-03
# With parameters(rot.):     0.2531E+00   -0.1910E+00    0.4780E-02
# Minimization at step:    82 with Value:     0.0044Tol(Act/Req):0.2306E-03/0.1000E-04
# With parameters(tra.):     0.9921E-03   -0.4162E-03   -0.2937E-03
# With parameters(rot.):     0.2541E+00   -0.1916E+00    0.4962E-02
# Minimization at step:    83 with Value:     0.0044Tol(Act/Req):0.2033E-03/0.1000E-04
# With parameters(tra.):     0.6698E-03   -0.5371E-03   -0.1542E-03
# With parameters(rot.):     0.2522E+00   -0.1928E+00    0.3761E-02
# Minimization at step:    84 with Value:     0.0044Tol(Act/Req):0.2059E-03/0.1000E-04
# With parameters(tra.):     0.5569E-03   -0.4336E-03   -0.8766E-05
# With parameters(rot.):     0.2513E+00   -0.1910E+00    0.2742E-02
# Minimization at step:    85 with Value:     0.0044Tol(Act/Req):0.1858E-03/0.1000E-04
# With parameters(tra.):     0.8415E-03   -0.2782E-03   -0.9984E-04
# With parameters(rot.):     0.2530E+00   -0.1892E+00    0.3604E-02
# Minimization at step:    86 with Value:     0.0044Tol(Act/Req):0.1686E-03/0.1000E-04
# With parameters(tra.):     0.8430E-03   -0.4410E-03    0.1058E-04
# With parameters(rot.):     0.2524E+00   -0.1873E+00    0.4604E-02
# Minimization at step:    87 with Value:     0.0044Tol(Act/Req):0.1385E-03/0.1000E-04
# With parameters(tra.):     0.7957E-03   -0.4629E-03   -0.2671E-04
# With parameters(rot.):     0.2517E+00   -0.1869E+00    0.4535E-02
# Minimization at step:    88 with Value:     0.0044Tol(Act/Req):0.1303E-03/0.1000E-04
# With parameters(tra.):     0.7207E-03   -0.5172E-03    0.2151E-05
# With parameters(rot.):     0.2511E+00   -0.1872E+00    0.4398E-02
# Minimization at step:    89 with Value:     0.0044Tol(Act/Req):0.4260E-04/0.1000E-04
# With parameters(tra.):     0.7738E-03   -0.4385E-03    0.6185E-04
# With parameters(rot.):     0.2513E+00   -0.1871E+00    0.4664E-02
# Minimization at step:    90 with Value:     0.0044Tol(Act/Req):0.5897E-04/0.1000E-04
# With parameters(tra.):     0.7343E-03   -0.3633E-03    0.2071E-03
# With parameters(rot.):     0.2524E+00   -0.1868E+00    0.4930E-02
# Minimization at step:    91 with Value:     0.0044Tol(Act/Req):0.5355E-04/0.1000E-04
# With parameters(tra.):     0.6971E-03   -0.2289E-03    0.1990E-03
# With parameters(rot.):     0.2527E+00   -0.1880E+00    0.4371E-02
# Minimization at step:    92 with Value:     0.0044Tol(Act/Req):0.5000E-04/0.1000E-04
# With parameters(tra.):     0.6923E-03   -0.2412E-03    0.1807E-03
# With parameters(rot.):     0.2529E+00   -0.1877E+00    0.3965E-02
# Minimization at step:    93 with Value:     0.0044Tol(Act/Req):0.5149E-04/0.1000E-04
# With parameters(tra.):     0.7318E-03   -0.2510E-03    0.1601E-03
# With parameters(rot.):     0.2533E+00   -0.1879E+00    0.4321E-02
# Minimization at step:    94 with Value:     0.0044Tol(Act/Req):0.5676E-04/0.1000E-04
# With parameters(tra.):     0.6157E-03   -0.2241E-03    0.1478E-03
# With parameters(rot.):     0.2523E+00   -0.1875E+00    0.4112E-02
# Minimization at step:    95 with Value:     0.0044Tol(Act/Req):0.5588E-04/0.1000E-04
# With parameters(tra.):     0.6291E-03   -0.1669E-03    0.1849E-03
# With parameters(rot.):     0.2524E+00   -0.1876E+00    0.4199E-02
# Minimization at step:    96 with Value:     0.0044Tol(Act/Req):0.2967E-04/0.1000E-04
# With parameters(tra.):     0.4937E-03   -0.1607E-03    0.2738E-03
# With parameters(rot.):     0.2520E+00   -0.1880E+00    0.3943E-02
# Minimization at step:    97 with Value:     0.0044Tol(Act/Req):0.1952E-04/0.1000E-04
# With parameters(tra.):     0.4861E-03   -0.1886E-03    0.2821E-03
# With parameters(rot.):     0.2518E+00   -0.1878E+00    0.4047E-02
# Minimization at step:    98 with Value:     0.0044Tol(Act/Req):0.1961E-04/0.1000E-04
# With parameters(tra.):     0.4753E-03   -0.1929E-03    0.2520E-03
# With parameters(rot.):     0.2515E+00   -0.1879E+00    0.3907E-02
# Minimization at step:    99 with Value:     0.0044Tol(Act/Req):0.1664E-04/0.1000E-04
# With parameters(tra.):     0.4548E-03   -0.1950E-03    0.2488E-03
# With parameters(rot.):     0.2515E+00   -0.1878E+00    0.3698E-02
# Minimization at step:   100 with Value:     0.0044Tol(Act/Req):0.1674E-04/0.1000E-04
# With parameters(tra.):     0.4349E-03   -0.1965E-03    0.2315E-03
# With parameters(rot.):     0.2517E+00   -0.1883E+00    0.4457E-02
# Minimization at step:   101 with Value:     0.0044Tol(Act/Req):0.1165E-04/0.1000E-04
# With parameters(tra.):     0.4064E-03   -0.1181E-03    0.2987E-03
# With parameters(rot.):     0.2518E+00   -0.1885E+00    0.4652E-02
# Minimization at step:   102 with Value:     0.0044Tol(Act/Req):0.1225E-04/0.1000E-04
# With parameters(tra.):     0.4180E-03   -0.1160E-03    0.3143E-03
# With parameters(rot.):     0.2520E+00   -0.1887E+00    0.4749E-02
# Minimization at step:   103 with Value:     0.0044Tol(Act/Req):0.1171E-04/0.1000E-04
# With parameters(tra.):     0.4830E-03   -0.1052E-03    0.2685E-03
# With parameters(rot.):     0.2523E+00   -0.1886E+00    0.5189E-02
# Minimization at step:   104 with Value:     0.0044Tol(Act/Req):0.9880E-05/0.1000E-04
# With parameters(tra.):     0.4667E-03   -0.1332E-03    0.2805E-03
# With parameters(rot.):     0.2521E+00   -0.1883E+00    0.5778E-02
# CSM Values after y minimization.
# Final Number of optim. Steps:   104
#      Before min is:      0.00480431760
# Final CSM Value is:      0.00437653202
# Coordinates rotated along Z.
[molecule] Nrec=  60 Format=nscxyz
  c                1    6    0.22300848D+01  -0.22420352D+01   0.20000000D+01
  c                2    6   -0.92341337D-01  -0.33955011D+01   0.15690900D+01
  c                3    6   -0.44296813D+00  -0.35696449D+01  -0.10302480D+01
  c                4    6    0.16627576D+01  -0.25238063D+01  -0.22058190D+01
  c                5    6    0.33147959D+01  -0.17032980D+01  -0.33302200D+00
  c                6    6    0.21451704D+01  -0.24145201D+01  -0.18890020D+01
  c                7    6    0.13527454D+01  -0.46007751D+00  -0.34580920D+01
  c                8    6    0.22024739D+01   0.18040736D+01  -0.24278440D+01
  c                9    6    0.35200593D+01   0.12489535D+01  -0.22202400D+00
  c               10    6    0.34846449D+01  -0.13582813D+01   0.11099700D+00
  c               11    6    0.32298815D+01  -0.18757829D+01   0.22202400D+00
  c               12    6    0.36751716D+01   0.69338844D+00  -0.11099700D+00
  c               13    6    0.25531006D+01   0.19782174D+01   0.18890020D+01
  c               14    6    0.14143326D+01   0.20311445D+00   0.34580920D+01
  c               15    6    0.18326066D+01  -0.21787896D+01   0.24278440D+01
  c               16    6    0.17669362D+01  -0.26023755D+01   0.20262210D+01
  c               17    6    0.15418375D+01  -0.36616226D+00   0.33894920D+01
  c               18    6   -0.10155713D+01   0.20578573D+00   0.35953110D+01
  c               19    6   -0.23710388D+01  -0.16769441D+01   0.23592430D+01
  c               20    6   -0.65135338D+00  -0.34124836D+01   0.13894920D+01
  c               21    6   -0.22192471D+00  -0.35901715D+01   0.10302480D+01
  c               22    6   -0.20990608D+01  -0.21744661D+01   0.22058190D+01
  c               23    6   -0.35717585D+01  -0.10637810D+01   0.33302200D+00
  c               24    6   -0.26048008D+01  -0.17930453D+01  -0.20000000D+01
  c               25    6   -0.53448853D+00  -0.33544410D+01  -0.15690900D+01
  c               26    6    0.11837237D-01  -0.34740704D+01  -0.13894920D+01
  c               27    6   -0.22159256D+01  -0.22325087D+01  -0.20262210D+01
  c               28    6   -0.15828976D+01  -0.75984939D-01  -0.33894920D+01
  c               29    6    0.10360975D+01   0.15258591D-01  -0.35953110D+01
  c               30    6    0.20216987D+01  -0.20848743D+01  -0.23592430D+01
  c               31    6    0.15828976D+01   0.75984942D-01  -0.33894920D+01
  c               32    6   -0.10360975D+01  -0.15258587D-01  -0.35953110D+01
  c               33    6   -0.20216987D+01   0.20848743D+01  -0.23592430D+01
  c               34    6   -0.11837234D-01   0.34740704D+01  -0.13894920D+01
  c               35    6    0.22159256D+01   0.22325087D+01  -0.20262210D+01
  c               36    6    0.35717585D+01   0.10637810D+01   0.33302200D+00
  c               37    6    0.26048008D+01   0.17930453D+01  -0.20000000D+01
  c               38    6    0.53448853D+00   0.33544410D+01  -0.15690900D+01
  c               39    6    0.22192471D+00   0.35901715D+01   0.10302480D+01
  c               40    6    0.20990608D+01   0.21744661D+01   0.22058190D+01
  c               41    6    0.10155713D+01  -0.20578573D+00   0.35953110D+01
  c               42    6    0.23710388D+01   0.16769441D+01   0.23592430D+01
  c               43    6    0.65135338D+00   0.34124836D+01   0.13894920D+01
  c               44    6   -0.17669362D+01   0.26023755D+01   0.20262210D+01
  c               45    6   -0.15418375D+01   0.36616225D+00   0.33894920D+01
  c               46    6   -0.25531007D+01  -0.19782174D+01   0.18890020D+01
  c               47    6   -0.14143326D+01  -0.20311445D+00   0.34580920D+01
  c               48    6   -0.18326066D+01   0.21787896D+01   0.24278440D+01
  c               49    6   -0.32298815D+01   0.18757829D+01   0.22202400D+00
  c               50    6   -0.36751716D+01  -0.69338844D+00  -0.11099700D+00
  c               51    6   -0.22024739D+01  -0.18040736D+01  -0.24278440D+01
  c               52    6   -0.35200593D+01  -0.12489535D+01  -0.22202400D+00
  c               53    6   -0.34846449D+01   0.13582813D+01   0.11099700D+00
  c               54    6   -0.21451704D+01   0.24145201D+01  -0.18890020D+01
  c               55    6   -0.13527454D+01   0.46007751D+00  -0.34580920D+01
  c               56    6    0.44296813D+00   0.35696449D+01  -0.10302480D+01
  c               57    6   -0.16627576D+01   0.25238063D+01  -0.22058190D+01
  c               58    6   -0.33147959D+01   0.17032980D+01  -0.33302200D+00
  c               59    6   -0.22300848D+01   0.22420352D+01   0.20000000D+01
  c               60    6    0.92341334D-01   0.33955011D+01   0.15690900D+01
# Minimization at step:     0 with Value:     0.0060Tol(Act/Req):0.4632E+00/0.1000E-04
# With parameters(tra.):     0.1429E-01    0.1429E-01    0.1429E-01
# With parameters(rot.):     0.1429E-01    0.1429E-01    0.1429E-01
# Minimization at step:     1 with Value:     0.0057Tol(Act/Req):0.4629E+00/0.1000E-04
# With parameters(tra.):     0.7143E-02    0.1548E-01    0.1548E-01
# With parameters(rot.):     0.1548E-01    0.1548E-01    0.1548E-01
# Minimization at step:     2 with Value:     0.0054Tol(Act/Req):0.4622E+00/0.1000E-04
# With parameters(tra.):     0.7738E-02    0.1677E-01    0.8433E-02
# With parameters(rot.):     0.1677E-01    0.1677E-01    0.1677E-01
# Minimization at step:     3 with Value:     0.0051Tol(Act/Req):0.1556E+00/0.1000E-04
# With parameters(tra.):     0.9673E-02   -0.4043E-02    0.1054E-01
# With parameters(rot.):     0.2096E-01    0.2096E-01    0.2096E-01
# Minimization at step:     4 with Value:     0.0050Tol(Act/Req):0.1539E+00/0.1000E-04
# With parameters(tra.):     0.1013E-01   -0.5132E-02    0.7195E-02
# With parameters(rot.):     0.2195E-01    0.2195E-01    0.2195E-01
# Minimization at step:     5 with Value:     0.0050Tol(Act/Req):0.1511E+00/0.1000E-04
# With parameters(tra.):    -0.3158E-02   -0.9620E-02    0.6815E-02
# With parameters(rot.):     0.2649E-01    0.2649E-01    0.2649E-01
# Minimization at step:     6 with Value:     0.0050Tol(Act/Req):0.1497E+00/0.1000E-04
# With parameters(tra.):    -0.8725E-02    0.2393E-02    0.4168E-02
# With parameters(rot.):     0.2554E-01    0.2554E-01    0.2554E-01
# Minimization at step:     7 with Value:     0.0049Tol(Act/Req):0.1317E+00/0.1000E-04
# With parameters(tra.):    -0.5866E-02    0.4516E-02    0.4042E-02
# With parameters(rot.):     0.2433E-01    0.2433E-01    0.2433E-01
# Minimization at step:     8 with Value:     0.0049Tol(Act/Req):0.5755E-01/0.1000E-04
# With parameters(tra.):    -0.4236E-02    0.1690E-02    0.4693E-02
# With parameters(rot.):     0.2446E-01    0.2446E-01    0.2446E-01
# Minimization at step:     9 with Value:     0.0048Tol(Act/Req):0.5137E-01/0.1000E-04
# With parameters(tra.):    -0.5204E-02    0.1714E-02    0.2812E-02
# With parameters(rot.):     0.2517E-01    0.2517E-01    0.2517E-01
# Minimization at step:    10 with Value:     0.0048Tol(Act/Req):0.4512E-01/0.1000E-04
# With parameters(tra.):     0.7335E-03    0.5026E-02    0.2150E-02
# With parameters(rot.):     0.2302E-01    0.2302E-01    0.2302E-01
# Minimization at step:    11 with Value:     0.0048Tol(Act/Req):0.4451E-01/0.1000E-04
# With parameters(tra.):     0.1963E-02    0.3891E-02    0.2264E-02
# With parameters(rot.):     0.2297E-01    0.2297E-01    0.2297E-01
# Minimization at step:    12 with Value:     0.0048Tol(Act/Req):0.2461E-01/0.1000E-04
# With parameters(tra.):     0.5805E-03    0.2968E-02    0.2439E-02
# With parameters(rot.):     0.2350E-01    0.2350E-01    0.2350E-01
# Minimization at step:    13 with Value:     0.0048Tol(Act/Req):0.2273E-01/0.1000E-04
# With parameters(tra.):     0.5786E-03    0.3084E-02    0.1467E-02
# With parameters(rot.):     0.2372E-01    0.2372E-01    0.2372E-01
# Minimization at step:    14 with Value:     0.0048Tol(Act/Req):0.4195E-01/0.1000E-04
# With parameters(tra.):     0.8680E-03    0.4627E-02    0.2201E-02
# With parameters(rot.):     0.3558E-01   -0.1442E-01    0.3558E-01
# Minimization at step:    15 with Value:     0.0047Tol(Act/Req):0.4153E-01/0.1000E-04
# With parameters(tra.):     0.2961E-02    0.2602E-02    0.2407E-02
# With parameters(rot.):     0.3967E-01   -0.2699E-01    0.3967E-01
# Minimization at step:    16 with Value:     0.0047Tol(Act/Req):0.3915E-01/0.1000E-04
# With parameters(tra.):     0.9909E-03    0.6343E-03    0.2746E-02
# With parameters(rot.):     0.4613E-01   -0.4276E-01    0.4613E-01
# Minimization at step:    17 with Value:     0.0047Tol(Act/Req):0.3560E-01/0.1000E-04
# With parameters(tra.):     0.1124E-02    0.5052E-04    0.1229E-02
# With parameters(rot.):     0.5403E-01   -0.6449E-01    0.5403E-01
# Minimization at step:    18 with Value:     0.0047Tol(Act/Req):0.3552E-01/0.1000E-04
# With parameters(tra.):     0.1499E-02    0.6735E-04    0.1638E-02
# With parameters(rot.):     0.7204E-01   -0.8599E-01    0.7204E-01
# Minimization at step:    19 with Value:     0.0046Tol(Act/Req):0.5927E-01/0.1000E-04
# With parameters(tra.):     0.2249E-02    0.1010E-03    0.2457E-02
# With parameters(rot.):     0.1081E+00   -0.1290E+00    0.5806E-01
# Minimization at step:    20 with Value:     0.0046Tol(Act/Req):0.4588E-01/0.1000E-04
# With parameters(tra.):     0.2436E-02    0.1095E-03    0.2662E-02
# With parameters(rot.):     0.1087E+00   -0.1397E+00    0.6290E-01
# Minimization at step:    21 with Value:     0.0046Tol(Act/Req):0.3933E-01/0.1000E-04
# With parameters(tra.):     0.1682E-03    0.1304E-02    0.2541E-02
# With parameters(rot.):     0.1276E+00   -0.1647E+00    0.6654E-01
# Minimization at step:    22 with Value:     0.0045Tol(Act/Req):0.3681E-01/0.1000E-04
# With parameters(tra.):    -0.4509E-03   -0.1860E-02    0.1676E-02
# With parameters(rot.):     0.1425E+00   -0.1640E+00    0.6105E-01
# Minimization at step:    23 with Value:     0.0045Tol(Act/Req):0.3590E-01/0.1000E-04
# With parameters(tra.):     0.1039E-02   -0.7244E-03    0.9803E-03
# With parameters(rot.):     0.1682E+00   -0.1886E+00    0.5956E-01
# Minimization at step:    24 with Value:     0.0045Tol(Act/Req):0.4092E-01/0.1000E-04
# With parameters(tra.):     0.5106E-03   -0.1005E-02    0.3515E-03
# With parameters(rot.):     0.1823E+00   -0.2013E+00    0.3740E-01
# Minimization at step:    25 with Value:     0.0045Tol(Act/Req):0.3715E-01/0.1000E-04
# With parameters(tra.):     0.1724E-03   -0.7733E-03    0.1576E-02
# With parameters(rot.):     0.2171E+00   -0.2252E+00    0.2395E-01
# Minimization at step:    26 with Value:     0.0045Tol(Act/Req):0.2406E-01/0.1000E-04
# With parameters(tra.):    -0.1125E-03   -0.9814E-03    0.1612E-02
# With parameters(rot.):     0.2452E+00   -0.2627E+00    0.2148E-01
# Minimization at step:    27 with Value:     0.0045Tol(Act/Req):0.1531E-01/0.1000E-04
# With parameters(tra.):     0.4312E-03   -0.1470E-02    0.1565E-02
# With parameters(rot.):     0.2503E+00   -0.2646E+00    0.1681E-01
# Minimization at step:    28 with Value:     0.0044Tol(Act/Req):0.1422E-01/0.1000E-04
# With parameters(tra.):     0.5373E-03   -0.1586E-02    0.1258E-02
# With parameters(rot.):     0.2443E+00   -0.2620E+00    0.1957E-01
# Minimization at step:    29 with Value:     0.0044Tol(Act/Req):0.1204E-01/0.1000E-04
# With parameters(tra.):     0.9438E-03   -0.1649E-02    0.1116E-02
# With parameters(rot.):     0.2253E+00   -0.2367E+00    0.2059E-01
# Minimization at step:    30 with Value:     0.0044Tol(Act/Req):0.1138E-01/0.1000E-04
# With parameters(tra.):     0.1215E-02   -0.8408E-03    0.1286E-02
# With parameters(rot.):     0.2285E+00   -0.2430E+00    0.1860E-01
# Minimization at step:    31 with Value:     0.0044Tol(Act/Req):0.6791E-02/0.1000E-04
# With parameters(tra.):    -0.1294E-03   -0.1200E-02   -0.1970E-03
# With parameters(rot.):     0.2206E+00   -0.2236E+00    0.2408E-01
# Minimization at step:    32 with Value:     0.0044Tol(Act/Req):0.5436E-02/0.1000E-04
# With parameters(tra.):    -0.2009E-02   -0.2494E-02    0.1062E-03
# With parameters(rot.):     0.2123E+00   -0.2106E+00    0.1374E-01
# Minimization at step:    33 with Value:     0.0044Tol(Act/Req):0.4897E-02/0.1000E-04
# With parameters(tra.):    -0.1735E-02   -0.3813E-02   -0.4742E-03
# With parameters(rot.):     0.2098E+00   -0.1965E+00    0.3382E-02
# Minimization at step:    34 with Value:     0.0044Tol(Act/Req):0.6206E-02/0.1000E-04
# With parameters(tra.):    -0.2060E-02   -0.3978E-02   -0.5712E-03
# With parameters(rot.):     0.2133E+00   -0.1994E+00    0.1693E-02
# Minimization at step:    35 with Value:     0.0044Tol(Act/Req):0.5226E-02/0.1000E-04
# With parameters(tra.):    -0.1972E-03   -0.3178E-02   -0.1100E-02
# With parameters(rot.):     0.2219E+00   -0.2087E+00    0.8022E-02
# Minimization at step:    36 with Value:     0.0044Tol(Act/Req):0.7180E-02/0.1000E-04
# With parameters(tra.):    -0.2053E-03   -0.3369E-02   -0.1450E-02
# With parameters(rot.):     0.2170E+00   -0.2029E+00    0.8443E-02
# Minimization at step:    37 with Value:     0.0044Tol(Act/Req):0.6509E-02/0.1000E-04
# With parameters(tra.):     0.1244E-03   -0.3460E-02   -0.1184E-02
# With parameters(rot.):     0.2187E+00   -0.2060E+00    0.5767E-02
# Minimization at step:    38 with Value:     0.0044Tol(Act/Req):0.3604E-02/0.1000E-04
# With parameters(tra.):     0.2109E-03   -0.3100E-02   -0.1098E-02
# With parameters(rot.):     0.2201E+00   -0.2103E+00    0.8555E-02
# Minimization at step:    39 with Value:     0.0044Tol(Act/Req):0.4067E-02/0.1000E-04
# With parameters(tra.):     0.4182E-03   -0.2236E-02   -0.1554E-02
# With parameters(rot.):     0.2236E+00   -0.2119E+00    0.1212E-02
# Minimization at step:    40 with Value:     0.0044Tol(Act/Req):0.3077E-02/0.1000E-04
# With parameters(tra.):     0.9156E-03   -0.2366E-02   -0.1560E-02
# With parameters(rot.):     0.2233E+00   -0.2028E+00    0.1132E-01
# Minimization at step:    41 with Value:     0.0044Tol(Act/Req):0.2680E-02/0.1000E-04
# With parameters(tra.):     0.5428E-03   -0.2498E-02   -0.1466E-02
# With parameters(rot.):     0.2213E+00   -0.2000E+00    0.1001E-01
# Minimization at step:    42 with Value:     0.0044Tol(Act/Req):0.2285E-02/0.1000E-04
# With parameters(tra.):     0.7605E-03   -0.2334E-02   -0.1959E-02
# With parameters(rot.):     0.2309E+00   -0.2061E+00    0.9404E-02
# Minimization at step:    43 with Value:     0.0044Tol(Act/Req):0.2508E-02/0.1000E-04
# With parameters(tra.):     0.6232E-03   -0.2299E-02   -0.1990E-02
# With parameters(rot.):     0.2316E+00   -0.2086E+00    0.6718E-02
# Minimization at step:    44 with Value:     0.0044Tol(Act/Req):0.1659E-02/0.1000E-04
# With parameters(tra.):     0.8297E-03   -0.2248E-02   -0.1924E-02
# With parameters(rot.):     0.2336E+00   -0.2104E+00    0.5460E-02
# Minimization at step:    45 with Value:     0.0044Tol(Act/Req):0.1591E-02/0.1000E-04
# With parameters(tra.):     0.9245E-03   -0.1998E-02   -0.1950E-02
# With parameters(rot.):     0.2354E+00   -0.2126E+00    0.6596E-02
# Minimization at step:    46 with Value:     0.0044Tol(Act/Req):0.1090E-02/0.1000E-04
# With parameters(tra.):     0.1015E-02   -0.1979E-02   -0.2167E-02
# With parameters(rot.):     0.2345E+00   -0.2105E+00    0.6652E-02
# Minimization at step:    47 with Value:     0.0044Tol(Act/Req):0.1161E-02/0.1000E-04
# With parameters(tra.):     0.1012E-02   -0.2173E-02   -0.2104E-02
# With parameters(rot.):     0.2345E+00   -0.2100E+00    0.8942E-02
# Minimization at step:    48 with Value:     0.0044Tol(Act/Req):0.1348E-02/0.1000E-04
# With parameters(tra.):     0.4232E-03   -0.2329E-02   -0.2129E-02
# With parameters(rot.):     0.2348E+00   -0.2077E+00    0.5970E-02
# Minimization at step:    49 with Value:     0.0044Tol(Act/Req):0.1049E-02/0.1000E-04
# With parameters(tra.):     0.3407E-03   -0.2370E-02   -0.2020E-02
# With parameters(rot.):     0.2328E+00   -0.2063E+00    0.5835E-02
# Minimization at step:    50 with Value:     0.0044Tol(Act/Req):0.9228E-03/0.1000E-04
# With parameters(tra.):     0.5906E-03   -0.2308E-02   -0.1920E-02
# With parameters(rot.):     0.2363E+00   -0.2085E+00    0.3443E-02
# Minimization at step:    51 with Value:     0.0044Tol(Act/Req):0.8178E-03/0.1000E-04
# With parameters(tra.):     0.5192E-03   -0.2291E-02   -0.1930E-02
# With parameters(rot.):     0.2371E+00   -0.2098E+00    0.1827E-02
# Minimization at step:    52 with Value:     0.0044Tol(Act/Req):0.6982E-03/0.1000E-04
# With parameters(tra.):     0.5342E-03   -0.2358E-02   -0.2284E-02
# With parameters(rot.):     0.2362E+00   -0.2053E+00    0.3313E-03
# Minimization at step:    53 with Value:     0.0044Tol(Act/Req):0.5146E-03/0.1000E-04
# With parameters(tra.):     0.5937E-03   -0.1976E-02   -0.2447E-02
# With parameters(rot.):     0.2400E+00   -0.2073E+00    0.5149E-03
# Minimization at step:    54 with Value:     0.0044Tol(Act/Req):0.6744E-03/0.1000E-04
# With parameters(tra.):     0.4499E-03   -0.2300E-02   -0.2436E-02
# With parameters(rot.):     0.2419E+00   -0.2053E+00    0.2284E-02
# Minimization at step:    55 with Value:     0.0044Tol(Act/Req):0.7527E-03/0.1000E-04
# With parameters(tra.):     0.3212E-03   -0.2357E-02   -0.2357E-02
# With parameters(rot.):     0.2408E+00   -0.2022E+00    0.8314E-03
# Minimization at step:    56 with Value:     0.0044Tol(Act/Req):0.6525E-03/0.1000E-04
# With parameters(tra.):     0.6644E-04   -0.2416E-02   -0.2542E-02
# With parameters(rot.):     0.2393E+00   -0.1990E+00    0.1972E-02
# Minimization at step:    57 with Value:     0.0044Tol(Act/Req):0.6221E-03/0.1000E-04
# With parameters(tra.):    -0.1045E-03   -0.2369E-02   -0.2273E-02
# With parameters(rot.):     0.2412E+00   -0.2013E+00    0.4015E-02
# Minimization at step:    58 with Value:     0.0044Tol(Act/Req):0.5384E-03/0.1000E-04
# With parameters(tra.):    -0.4552E-03   -0.2362E-02   -0.2407E-02
# With parameters(rot.):     0.2441E+00   -0.2011E+00    0.1513E-02
# Minimization at step:    59 with Value:     0.0044Tol(Act/Req):0.6788E-03/0.1000E-04
# With parameters(tra.):    -0.1588E-03   -0.2216E-02   -0.2475E-02
# With parameters(rot.):     0.2468E+00   -0.2012E+00    0.2999E-02
# Minimization at step:    60 with Value:     0.0044Tol(Act/Req):0.5079E-03/0.1000E-04
# With parameters(tra.):    -0.2364E-03   -0.2332E-02   -0.2437E-02
# With parameters(rot.):     0.2464E+00   -0.2002E+00    0.3160E-02
# Minimization at step:    61 with Value:     0.0044Tol(Act/Req):0.4637E-03/0.1000E-04
# With parameters(tra.):    -0.1305E-03   -0.2331E-02   -0.2405E-02
# With parameters(rot.):     0.2459E+00   -0.2002E+00    0.3923E-02
# Minimization at step:    62 with Value:     0.0044Tol(Act/Req):0.3592E-03/0.1000E-04
# With parameters(tra.):    -0.2630E-04   -0.2263E-02   -0.2237E-02
# With parameters(rot.):     0.2492E+00   -0.2027E+00    0.3812E-02
# Minimization at step:    63 with Value:     0.0044Tol(Act/Req):0.3081E-03/0.1000E-04
# With parameters(tra.):    -0.4120E-04   -0.1928E-02   -0.2182E-02
# With parameters(rot.):     0.2497E+00   -0.2037E+00    0.2552E-02
# Minimization at step:    64 with Value:     0.0044Tol(Act/Req):0.2678E-03/0.1000E-04
# With parameters(tra.):    -0.1504E-03   -0.1884E-02   -0.2332E-02
# With parameters(rot.):     0.2466E+00   -0.2016E+00    0.2242E-02
# Minimization at step:    65 with Value:     0.0044Tol(Act/Req):0.2357E-03/0.1000E-04
# With parameters(tra.):    -0.1114E-03   -0.1855E-02   -0.2404E-02
# With parameters(rot.):     0.2466E+00   -0.2010E+00    0.1584E-02
# Minimization at step:    66 with Value:     0.0044Tol(Act/Req):0.3103E-03/0.1000E-04
# With parameters(tra.):    -0.2817E-03   -0.1963E-02   -0.2272E-02
# With parameters(rot.):     0.2454E+00   -0.1984E+00    0.1279E-02
# Minimization at step:    67 with Value:     0.0044Tol(Act/Req):0.3076E-03/0.1000E-04
# With parameters(tra.):    -0.2163E-03   -0.2033E-02   -0.2102E-02
# With parameters(rot.):     0.2481E+00   -0.1996E+00    0.1268E-02
# Minimization at step:    68 with Value:     0.0044Tol(Act/Req):0.2885E-03/0.1000E-04
# With parameters(tra.):    -0.2668E-03   -0.1868E-02   -0.2097E-02
# With parameters(rot.):     0.2516E+00   -0.2018E+00    0.2866E-02
# Minimization at step:    69 with Value:     0.0044Tol(Act/Req):0.4686E-03/0.1000E-04
# With parameters(tra.):    -0.1728E-04   -0.1634E-02   -0.1849E-02
# With parameters(rot.):     0.2529E+00   -0.2025E+00    0.4626E-02
# Minimization at step:    70 with Value:     0.0044Tol(Act/Req):0.3577E-03/0.1000E-04
# With parameters(tra.):     0.1164E-03   -0.1722E-02   -0.1772E-02
# With parameters(rot.):     0.2498E+00   -0.2006E+00    0.3615E-02
# Minimization at step:    71 with Value:     0.0044Tol(Act/Req):0.6028E-03/0.1000E-04
# With parameters(tra.):     0.3471E-03   -0.1569E-02   -0.1673E-02
# With parameters(rot.):     0.2513E+00   -0.1987E+00    0.2655E-02
# Minimization at step:    72 with Value:     0.0044Tol(Act/Req):0.5936E-03/0.1000E-04
# With parameters(tra.):     0.2193E-03   -0.1499E-02   -0.1337E-02
# With parameters(rot.):     0.2500E+00   -0.1978E+00    0.1054E-02
# Minimization at step:    73 with Value:     0.0044Tol(Act/Req):0.5112E-03/0.1000E-04
# With parameters(tra.):     0.3210E-03   -0.1691E-02   -0.1111E-02
# With parameters(rot.):     0.2496E+00   -0.1947E+00    0.1815E-02
# Minimization at step:    74 with Value:     0.0044Tol(Act/Req):0.5215E-03/0.1000E-04
# With parameters(tra.):     0.4348E-03   -0.1507E-02   -0.9499E-03
# With parameters(rot.):     0.2474E+00   -0.1920E+00    0.2009E-02
# Minimization at step:    75 with Value:     0.0044Tol(Act/Req):0.4133E-03/0.1000E-04
# With parameters(tra.):     0.9006E-03   -0.1211E-02   -0.6848E-03
# With parameters(rot.):     0.2496E+00   -0.1933E+00    0.2659E-02
# Minimization at step:    76 with Value:     0.0044Tol(Act/Req):0.4179E-03/0.1000E-04
# With parameters(tra.):     0.1028E-02   -0.9529E-03   -0.3991E-03
# With parameters(rot.):     0.2527E+00   -0.1928E+00    0.3352E-02
# Minimization at step:    77 with Value:     0.0044Tol(Act/Req):0.2405E-03/0.1000E-04
# With parameters(tra.):     0.1032E-02   -0.9740E-03   -0.3608E-03
# With parameters(rot.):     0.2522E+00   -0.1918E+00    0.2659E-02
# Minimization at step:    78 with Value:     0.0044Tol(Act/Req):0.1913E-03/0.1000E-04
# With parameters(tra.):     0.7159E-03   -0.1136E-02   -0.4787E-03
# With parameters(rot.):     0.2512E+00   -0.1904E+00    0.2172E-02
# Minimization at step:    79 with Value:     0.0044Tol(Act/Req):0.1833E-03/0.1000E-04
# With parameters(tra.):     0.7458E-03   -0.7591E-03   -0.4944E-03
# With parameters(rot.):     0.2522E+00   -0.1920E+00    0.1530E-02
# Minimization at step:    80 with Value:     0.0044Tol(Act/Req):0.1780E-03/0.1000E-04
# With parameters(tra.):     0.1049E-02   -0.5827E-03   -0.5489E-03
# With parameters(rot.):     0.2541E+00   -0.1910E+00    0.3289E-02
# Minimization at step:    81 with Value:     0.0044Tol(Act/Req):0.2567E-03/0.1000E-04
# With parameters(tra.):     0.9754E-03   -0.4575E-03   -0.3071E-03
# With parameters(rot.):     0.2531E+00   -0.1910E+00    0.4780E-02
# Minimization at step:    82 with Value:     0.0044Tol(Act/Req):0.2306E-03/0.1000E-04
# With parameters(tra.):     0.9921E-03   -0.4162E-03   -0.2937E-03
# With parameters(rot.):     0.2541E+00   -0.1916E+00    0.4962E-02
# Minimization at step:    83 with Value:     0.0044Tol(Act/Req):0.2033E-03/0.1000E-04
# With parameters(tra.):     0.6698E-03   -0.5371E-03   -0.1542E-03
# With parameters(rot.):     0.2522E+00   -0.1928E+00    0.3761E-02
# Minimization at step:    84 with Value:     0.0044Tol(Act/Req):0.2059E-03/0.1000E-04
# With parameters(tra.):     0.5569E-03   -0.4336E-03   -0.8766E-05
# With parameters(rot.):     0.2513E+00   -0.1910E+00    0.2742E-02
# Minimization at step:    85 with Value:     0.0044Tol(Act/Req):0.1858E-03/0.1000E-04
# With parameters(tra.):     0.8415E-03   -0.2782E-03   -0.9984E-04
# With parameters(rot.):     0.2530E+00   -0.1892E+00    0.3604E-02
# Minimization at step:    86 with Value:     0.0044Tol(Act/Req):0.1686E-03/0.1000E-04
# With parameters(tra.):     0.8430E-03   -0.4410E-03    0.1058E-04
# With parameters(rot.):     0.2524E+00   -0.1873E+00    0.4604E-02
# Minimization at step:    87 with Value:     0.0044Tol(Act/Req):0.1385E-03/0.1000E-04
# With parameters(tra.):     0.7957E-03   -0.4629E-03   -0.2671E-04
# With parameters(rot.):     0.2517E+00   -0.1869E+00    0.4535E-02
# Minimization at step:    88 with Value:     0.0044Tol(Act/Req):0.1303E-03/0.1000E-04
# With parameters(tra.):     0.7207E-03   -0.5172E-03    0.2151E-05
# With parameters(rot.):     0.2511E+00   -0.1872E+00    0.4398E-02
# Minimization at step:    89 with Value:     0.0044Tol(Act/Req):0.4260E-04/0.1000E-04
# With parameters(tra.):     0.7738E-03   -0.4385E-03    0.6185E-04
# With parameters(rot.):     0.2513E+00   -0.1871E+00    0.4664E-02
# Minimization at step:    90 with Value:     0.0044Tol(Act/Req):0.5897E-04/0.1000E-04
# With parameters(tra.):     0.7343E-03   -0.3633E-03    0.2071E-03
# With parameters(rot.):     0.2524E+00   -0.1868E+00    0.4930E-02
# Minimization at step:    91 with Value:     0.0044Tol(Act/Req):0.5355E-04/0.1000E-04
# With parameters(tra.):     0.6971E-03   -0.2289E-03    0.1990E-03
# With parameters(rot.):     0.2527E+00   -0.1880E+00    0.4371E-02
# Minimization at step:    92 with Value:     0.0044Tol(Act/Req):0.5000E-04/0.1000E-04
# With parameters(tra.):     0.6923E-03   -0.2412E-03    0.1807E-03
# With parameters(rot.):     0.2529E+00   -0.1877E+00    0.3965E-02
# Minimization at step:    93 with Value:     0.0044Tol(Act/Req):0.5149E-04/0.1000E-04
# With parameters(tra.):     0.7318E-03   -0.2510E-03    0.1601E-03
# With parameters(rot.):     0.2533E+00   -0.1879E+00    0.4321E-02
# Minimization at step:    94 with Value:     0.0044Tol(Act/Req):0.5676E-04/0.1000E-04
# With parameters(tra.):     0.6157E-03   -0.2241E-03    0.1478E-03
# With parameters(rot.):     0.2523E+00   -0.1875E+00    0.4112E-02
# Minimization at step:    95 with Value:     0.0044Tol(Act/Req):0.5588E-04/0.1000E-04
# With parameters(tra.):     0.6291E-03   -0.1669E-03    0.1849E-03
# With parameters(rot.):     0.2524E+00   -0.1876E+00    0.4199E-02
# Minimization at step:    96 with Value:     0.0044Tol(Act/Req):0.2967E-04/0.1000E-04
# With parameters(tra.):     0.4937E-03   -0.1607E-03    0.2738E-03
# With parameters(rot.):     0.2520E+00   -0.1880E+00    0.3943E-02
# Minimization at step:    97 with Value:     0.0044Tol(Act/Req):0.1952E-04/0.1000E-04
# With parameters(tra.):     0.4861E-03   -0.1886E-03    0.2821E-03
# With parameters(rot.):     0.2518E+00   -0.1878E+00    0.4047E-02
# Minimization at step:    98 with Value:     0.0044Tol(Act/Req):0.1961E-04/0.1000E-04
# With parameters(tra.):     0.4753E-03   -0.1929E-03    0.2520E-03
# With parameters(rot.):     0.2515E+00   -0.1879E+00    0.3907E-02
# Minimization at step:    99 with Value:     0.0044Tol(Act/Req):0.1664E-04/0.1000E-04
# With parameters(tra.):     0.4548E-03   -0.1950E-03    0.2488E-03
# With parameters(rot.):     0.2515E+00   -0.1878E+00    0.3698E-02
# Minimization at step:   100 with Value:     0.0044Tol(Act/Req):0.1674E-04/0.1000E-04
# With parameters(tra.):     0.4349E-03   -0.1965E-03    0.2315E-03
# With parameters(rot.):     0.2517E+00   -0.1883E+00    0.4457E-02
# Minimization at step:   101 with Value:     0.0044Tol(Act/Req):0.1165E-04/0.1000E-04
# With parameters(tra.):     0.4064E-03   -0.1181E-03    0.2987E-03
# With parameters(rot.):     0.2518E+00   -0.1885E+00    0.4652E-02
# Minimization at step:   102 with Value:     0.0044Tol(Act/Req):0.1225E-04/0.1000E-04
# With parameters(tra.):     0.4180E-03   -0.1160E-03    0.3143E-03
# With parameters(rot.):     0.2520E+00   -0.1887E+00    0.4749E-02
# Minimization at step:   103 with Value:     0.0044Tol(Act/Req):0.1171E-04/0.1000E-04
# With parameters(tra.):     0.4830E-03   -0.1052E-03    0.2685E-03
# With parameters(rot.):     0.2523E+00   -0.1886E+00    0.5189E-02
# Minimization at step:   104 with Value:     0.0044Tol(Act/Req):0.9880E-05/0.1000E-04
# With parameters(tra.):     0.4667E-03   -0.1332E-03    0.2805E-03
# With parameters(rot.):     0.2521E+00   -0.1883E+00    0.5778E-02
# CSM Values after z minimization.
# Final Number of optim. Steps:   104
#      Before min is:      0.00475995804
# Final CSM Simplex Value is:      0.00437653202
# CSM Summary.
#    Inizial CSM Value is:      0.00476048667
#   After optimization is:      0.00437653202
#          Along x axe is:      0.00437653202
#          Along y axe is:      0.00437653202
#          Along z axe is:      0.00437653202
# The Lowest CSM Value is:      0.00437653202
#    Obtained CSM in % is:      0.43765320199
