# [csmmod_rdinput] messages reinitialized.
# MESLOG:[csmmod_rdinput] messages reinitialized.
# Input  file unit is: 5
# Input  file name is:stdin
# Output file unit is: 6
# Output file name is:stdout
# Error  file unit is: 6
# Error  file name is:stderr
# Log    file unit is: 6
# Log    file name is:stdlog
# MESLOG:[csm_rdinput] molecule_init called with debug.
[molecule] Nrec=   6 Format=nscxyz
  c                1    6    0.00000000D+00   0.10000000D+01   0.00000000D+00
  c                2    6    0.00000000D+00   0.00000000D+00   0.10000000D+01
  c                3    6    0.10000000D+01   0.00000000D+00   0.00000000D+00
  c                4    6    0.00000000D+00   0.00000000D+00  -0.10000000D+01
  c                5    6   -0.10000000D+01   0.00000000D+00   0.00000000D+00
  c                6    6    0.00000000D+00  -0.10000000D+01   0.00000000D+00
# Molecule moved to the center of mass
# Shift Vector is:        0.00000000       0.00000000       0.00000000
# Inertia Tensor: (Before Diagonalization)
# Up Diagonal Columnwise
#    0.67206807D+01  -0.00000000D+00   0.67206807D+01  -0.00000000D+00  -0.00000000D+00   0.67206807D+01
# Inertia Tensor: (Full Matrix)
# 1,1 - 1,3           0.67206807D+01  -0.00000000D+00  -0.00000000D+00
# 2,1 - 2,3          -0.00000000D+00   0.67206807D+01  -0.00000000D+00
# 3,1 - 3,3          -0.00000000D+00  -0.00000000D+00   0.67206807D+01
# Inertia Tensor
# Inertia EigenValues:     0.67206807D+01   0.67206807D+01   0.67206807D+01
# Eigen Vectors:
# 1,1 - 1,3           0.10000000D+01   0.00000000D+00   0.00000000D+00
# 2,1 - 2,3           0.00000000D+00   0.10000000D+01   0.00000000D+00
# 3,1 - 3,3           0.00000000D+00   0.00000000D+00   0.10000000D+01
# Molecule Rotated to match inertia axes
[molecule] Nrec=   6 Format=nscxyz
  c                1    6    0.00000000D+00   0.10000000D+01   0.00000000D+00
  c                2    6    0.00000000D+00   0.00000000D+00   0.10000000D+01
  c                3    6    0.10000000D+01   0.00000000D+00   0.00000000D+00
  c                4    6    0.00000000D+00   0.00000000D+00  -0.10000000D+01
  c                5    6   -0.10000000D+01   0.00000000D+00   0.00000000D+00
  c                6    6    0.00000000D+00  -0.10000000D+01   0.00000000D+00
# Initial Integrals follow ...
# INT: Number of electrons from integrated RHO:     35.99999672910
# INT: \int \rho \rho dr:      50.30719304052
# INT: \int \rho \tilde{\rho} dr/ng:      50.30696730635
# INT: \int \rho \tilde{\rho}m dr/ng:      49.54473710877
#  DEBUG     \int rr  =     50.30719304052
#  DEBUG     \int rr~ =     50.30696730635
#  DEBUG     \int rr~ =     50.30696730635
#  DEBUG     CSM value =      0.00000448711
#  DEBUG     CSM value =      0.00000448711
# Number of electrons =     35.99999672910
# Initial rho^2 value =     50.30719304052
#  Initial rrii value =     10.50262212559
#  Initial rrij value =     39.80457091493
#  Initial imj  value =     50.30696730635
#  Initial impj value =     49.54473710877
#  Initial CSM  value =      0.00000448711
#  Initial CSM% value =      0.00044871150
[molecule] Nrec=   6 Format=nscxyz
  c                1    6    0.00000000D+00   0.10000000D+01   0.00000000D+00
  c                2    6    0.00000000D+00   0.00000000D+00   0.10000000D+01
  c                3    6    0.10000000D+01   0.00000000D+00   0.00000000D+00
  c                4    6    0.00000000D+00   0.00000000D+00  -0.10000000D+01
  c                5    6   -0.10000000D+01   0.00000000D+00   0.00000000D+00
  c                6    6    0.00000000D+00  -0.10000000D+01   0.00000000D+00
# Request Simplex: Run it with internal procedure. NOT IMPLEMENTED!
# Request for Simplex: Initial Coordinates.
[molecule] Nrec=   6 Format=nscxyz
  c                1    6    0.00000000D+00   0.10000000D+01   0.00000000D+00
  c                2    6    0.00000000D+00   0.00000000D+00   0.10000000D+01
  c                3    6    0.10000000D+01   0.00000000D+00   0.00000000D+00
  c                4    6    0.00000000D+00   0.00000000D+00  -0.10000000D+01
  c                5    6   -0.10000000D+01   0.00000000D+00   0.00000000D+00
  c                6    6    0.00000000D+00  -0.10000000D+01   0.00000000D+00
# Minimization at step:     0 with Value:     0.0032Tol(Act/Req):0.1998E+01/0.1000E-04
# With parameters(tra.):     0.1429E-01    0.1429E-01    0.1429E-01
# With parameters(rot.):     0.1429E-01    0.1429E-01    0.1429E-01
# Minimization at step:     1 with Value:     0.0025Tol(Act/Req):0.1998E+01/0.1000E-04
# With parameters(tra.):     0.1548E-01    0.1548E-01    0.7143E-02
# With parameters(rot.):     0.1548E-01    0.1548E-01    0.1548E-01
# Minimization at step:     2 with Value:     0.0017Tol(Act/Req):0.1998E+01/0.1000E-04
# With parameters(tra.):     0.1677E-01    0.8433E-02    0.7738E-02
# With parameters(rot.):     0.1677E-01    0.1677E-01    0.1677E-01
# Minimization at step:     3 with Value:     0.0008Tol(Act/Req):0.1991E+01/0.1000E-04
# With parameters(tra.):    -0.4043E-02    0.1054E-01    0.9673E-02
# With parameters(rot.):     0.2096E-01    0.2096E-01    0.2096E-01
# Minimization at step:     4 with Value:     0.0008Tol(Act/Req):0.1991E+01/0.1000E-04
# With parameters(tra.):    -0.8399E-02   -0.2844E-02    0.1151E-01
# With parameters(rot.):     0.2493E-01    0.2493E-01    0.2493E-01
# Minimization at step:     5 with Value:     0.0006Tol(Act/Req):0.1991E+01/0.1000E-04
# With parameters(tra.):    -0.9794E-02   -0.3775E-02    0.8300E-02
# With parameters(rot.):     0.2632E-01    0.2632E-01    0.2632E-01
# Minimization at step:     6 with Value:     0.0006Tol(Act/Req):0.1991E+01/0.1000E-04
# With parameters(tra.):    -0.5902E-02    0.9299E-02    0.5396E-02
# With parameters(rot.):     0.2280E-01    0.2280E-01    0.2280E-01
# Minimization at step:     7 with Value:     0.0006Tol(Act/Req):0.1990E+01/0.1000E-04
# With parameters(tra.):     0.7351E-02    0.7479E-02    0.2680E-02
# With parameters(rot.):     0.2062E-01    0.2062E-01    0.2062E-01
# Minimization at step:     8 with Value:     0.0004Tol(Act/Req):0.1990E+01/0.1000E-04
# With parameters(tra.):     0.7482E-02    0.4059E-02    0.3180E-02
# With parameters(rot.):     0.2132E-01    0.2132E-01    0.2132E-01
# Minimization at step:     9 with Value:     0.0002Tol(Act/Req):0.1970E+01/0.1000E-04
# With parameters(tra.):     0.4180E-02    0.4229E-02    0.3901E-02
# With parameters(rot.):     0.2192E-01    0.2192E-01    0.2192E-01
# Minimization at step:    10 with Value:     0.0002Tol(Act/Req):0.1964E+01/0.1000E-04
# With parameters(tra.):     0.4647E-02    0.4430E-02    0.1930E-02
# With parameters(rot.):     0.2225E-01    0.2225E-01    0.2225E-01
# Minimization at step:    11 with Value:     0.0001Tol(Act/Req):0.1960E+01/0.1000E-04
# With parameters(tra.):     0.3965E-02   -0.2286E-02    0.2513E-02
# With parameters(rot.):     0.2395E-01    0.2395E-01    0.2395E-01
# Minimization at step:    12 with Value:     0.0001Tol(Act/Req):0.1956E+01/0.1000E-04
# With parameters(tra.):     0.2296E-02   -0.2744E-02    0.2758E-02
# With parameters(rot.):     0.2442E-01    0.2442E-01    0.2442E-01
# Minimization at step:    13 with Value:     0.0001Tol(Act/Req):0.1890E+01/0.1000E-04
# With parameters(tra.):     0.2327E-02   -0.1103E-02    0.2633E-02
# With parameters(rot.):     0.2404E-01    0.2404E-01    0.2404E-01
# Minimization at step:    14 with Value:     0.0000Tol(Act/Req):0.1857E+01/0.1000E-04
# With parameters(tra.):     0.2368E-02   -0.1464E-02    0.1706E-02
# With parameters(rot.):     0.2435E-01    0.2435E-01    0.2435E-01
# Minimization at step:    15 with Value:     0.0000Tol(Act/Req):0.1840E+01/0.1000E-04
# With parameters(tra.):    -0.9463E-03   -0.1953E-02    0.1844E-02
# With parameters(rot.):     0.2526E-01    0.2526E-01    0.2526E-01
# Minimization at step:    16 with Value:     0.0000Tol(Act/Req):0.1840E+01/0.1000E-04
# With parameters(tra.):    -0.1975E-02    0.1046E-02    0.1331E-02
# With parameters(rot.):     0.2490E-01    0.2490E-01    0.2490E-01
# Minimization at step:    17 with Value:     0.0000Tol(Act/Req):0.1829E+01/0.1000E-04
# With parameters(tra.):    -0.1232E-02    0.1418E-02    0.1254E-02
# With parameters(rot.):     0.2464E-01    0.2464E-01    0.2464E-01
# Minimization at step:    18 with Value:     0.0000Tol(Act/Req):0.1661E+01/0.1000E-04
# With parameters(tra.):    -0.9128E-03    0.6993E-03    0.1375E-02
# With parameters(rot.):     0.2471E-01    0.2471E-01    0.2471E-01
# Minimization at step:    19 with Value:     0.0000Tol(Act/Req):0.1508E+01/0.1000E-04
# With parameters(tra.):    -0.1166E-02    0.6993E-03    0.8846E-03
# With parameters(rot.):     0.2490E-01    0.2490E-01    0.2490E-01
# Minimization at step:    20 with Value:     0.0000Tol(Act/Req):0.1481E+01/0.1000E-04
# With parameters(tra.):     0.3416E-03    0.1204E-02    0.6067E-03
# With parameters(rot.):     0.2446E-01    0.2446E-01    0.2446E-01
# Minimization at step:    21 with Value:     0.0000Tol(Act/Req):0.1452E+01/0.1000E-04
# With parameters(tra.):     0.6056E-03    0.8869E-03    0.6036E-03
# With parameters(rot.):     0.2448E-01    0.2448E-01    0.2448E-01
# Minimization at step:    22 with Value:     0.0000Tol(Act/Req):0.1134E+01/0.1000E-04
# With parameters(tra.):     0.2507E-03    0.7343E-03    0.6728E-03
# With parameters(rot.):     0.2459E-01    0.2459E-01    0.2459E-01
# Minimization at step:    23 with Value:     0.0000Tol(Act/Req):0.8830E+00/0.1000E-04
# With parameters(tra.):     0.2250E-03    0.7430E-03   -0.1165E-03
# With parameters(rot.):     0.2479E-01    0.2479E-01    0.2479E-01
# Minimization at step:    24 with Value:     0.0000Tol(Act/Req):0.8456E+00/0.1000E-04
# With parameters(tra.):     0.5259E-03    0.2312E-03   -0.3011E-03
# With parameters(rot.):     0.2489E-01    0.2489E-01    0.2489E-01
# Minimization at step:    25 with Value:     0.0000Tol(Act/Req):0.4778E+00/0.1000E-04
# With parameters(tra.):     0.6240E-04   -0.1236E-03   -0.4408E-03
# With parameters(rot.):     0.2513E-01    0.2513E-01    0.2513E-01
# Minimization at step:    26 with Value:     0.0000Tol(Act/Req):0.3579E+00/0.1000E-04
# With parameters(tra.):     0.3457E-04   -0.3446E-03   -0.1273E-03
# With parameters(rot.):     0.2511E-01    0.2511E-01    0.2511E-01
# Minimization at step:    27 with Value:     0.0000Tol(Act/Req):0.3134E+00/0.1000E-04
# With parameters(tra.):    -0.5653E-04   -0.3073E-03   -0.8199E-04
# With parameters(rot.):     0.2511E-01    0.2511E-01    0.2511E-01
# Minimization at step:    28 with Value:     0.0000Tol(Act/Req):0.1786E+00/0.1000E-04
# With parameters(tra.):     0.1455E-03   -0.1758E-03    0.7756E-04
# With parameters(rot.):     0.2499E-01    0.2499E-01    0.2499E-01
# Minimization at step:    29 with Value:     0.0000Tol(Act/Req):0.1786E+00/0.1000E-04
# With parameters(tra.):     0.1576E-03   -0.1905E-03    0.8402E-04
# With parameters(rot.):     0.2707E-01    0.2707E-01    0.1874E-01
# Minimization at step:    30 with Value:     0.0000Tol(Act/Req):0.1786E+00/0.1000E-04
# With parameters(tra.):     0.1708E-03   -0.2064E-03    0.9102E-04
# With parameters(rot.):     0.2933E-01    0.2099E-01    0.2030E-01
# Minimization at step:    31 with Value:     0.0000Tol(Act/Req):0.1697E+00/0.1000E-04
# With parameters(tra.):     0.1850E-03   -0.2236E-03    0.9861E-04
# With parameters(rot.):     0.2344E-01    0.2274E-01    0.2199E-01
# Minimization at step:    32 with Value:     0.0000Tol(Act/Req):0.1378E+00/0.1000E-04
# With parameters(tra.):     0.2537E-03   -0.3586E-04   -0.3514E-04
# With parameters(rot.):     0.2289E-01    0.2196E-01    0.2096E-01
# Minimization at step:    33 with Value:     0.0000Tol(Act/Req):0.1296E+00/0.1000E-04
# With parameters(tra.):     0.1749E-03    0.1293E-03    0.7101E-04
# With parameters(rot.):     0.2215E-01    0.2092E-01    0.1958E-01
# Minimization at step:    34 with Value:     0.0000Tol(Act/Req):0.1100E+00/0.1000E-04
# With parameters(tra.):     0.1512E-03    0.9611E-04    0.1133E-03
# With parameters(rot.):     0.2223E-01    0.2103E-01    0.1972E-01
# Minimization at step:    35 with Value:     0.0000Tol(Act/Req):0.1058E+00/0.1000E-04
# With parameters(tra.):     0.1836E-04    0.9912E-04    0.1884E-04
# With parameters(rot.):     0.2139E-01    0.1979E-01    0.1805E-01
# Minimization at step:    36 with Value:     0.0000Tol(Act/Req):0.7684E-01/0.1000E-04
# With parameters(tra.):     0.2502E-04    0.5533E-04   -0.1204E-04
# With parameters(rot.):     0.2151E-01    0.1996E-01    0.1827E-01
# Minimization at step:    37 with Value:     0.0000Tol(Act/Req):0.7489E-01/0.1000E-04
# With parameters(tra.):     0.1510E-06    0.1139E-03   -0.3375E-04
# With parameters(rot.):     0.9092E-02    0.2253E-01    0.2041E-01
# Minimization at step:    38 with Value:     0.0000Tol(Act/Req):0.7289E-01/0.1000E-04
# With parameters(tra.):    -0.3045E-04    0.1889E-03   -0.6134E-04
# With parameters(rot.):     0.6859E-02    0.1088E-01    0.2357E-01
# Minimization at step:    39 with Value:     0.0000Tol(Act/Req):0.6652E-01/0.1000E-04
# With parameters(tra.):    -0.4006E-04    0.2132E-03   -0.7022E-04
# With parameters(rot.):     0.6216E-02    0.1057E-01    0.2085E-01
# Minimization at step:    40 with Value:     0.0000Tol(Act/Req):0.6328E-01/0.1000E-04
# With parameters(tra.):    -0.3321E-04    0.1965E-03   -0.6407E-04
# With parameters(rot.):     0.6721E-02    0.1346E-01    0.1983E-01
# Minimization at step:    41 with Value:     0.0000Tol(Act/Req):0.5641E-01/0.1000E-04
# With parameters(tra.):    -0.2290E-04    0.1732E-03   -0.5536E-04
# With parameters(rot.):     0.1544E-01    0.9265E-02    0.1808E-01
# Minimization at step:    42 with Value:     0.0000Tol(Act/Req):0.5280E-01/0.1000E-04
# With parameters(tra.):    -0.1284E-03    0.1325E-03   -0.2701E-04
# With parameters(rot.):     0.1333E-01    0.5559E-02    0.1782E-01
# Minimization at step:    43 with Value:     0.0000Tol(Act/Req):0.4328E-01/0.1000E-04
# With parameters(tra.):    -0.4453E-04    0.1407E-03    0.5215E-04
# With parameters(rot.):     0.1148E-01    0.2054E-02    0.1941E-01
# Minimization at step:    44 with Value:     0.0000Tol(Act/Req):0.4072E-01/0.1000E-04
# With parameters(tra.):    -0.5440E-04    0.8152E-04    0.1178E-04
# With parameters(rot.):     0.8380E-02   -0.3579E-02    0.2023E-01
# Minimization at step:    45 with Value:     0.0000Tol(Act/Req):0.3928E-01/0.1000E-04
# With parameters(tra.):    -0.2186E-04    0.8743E-04    0.7922E-05
# With parameters(rot.):     0.8495E-02   -0.3414E-02    0.2050E-01
# Minimization at step:    46 with Value:     0.0000Tol(Act/Req):0.3351E-01/0.1000E-04
# With parameters(tra.):    -0.4094E-04    0.8096E-04   -0.1555E-04
# With parameters(rot.):     0.8709E-02   -0.2993E-02    0.2019E-01
# Minimization at step:    47 with Value:     0.0000Tol(Act/Req):0.3127E-01/0.1000E-04
# With parameters(tra.):    -0.6046E-04    0.8546E-04   -0.1510E-04
# With parameters(rot.):     0.8253E-02   -0.8131E-02    0.1452E-01
# Minimization at step:    48 with Value:     0.0000Tol(Act/Req):0.2875E-01/0.1000E-04
# With parameters(tra.):    -0.5584E-04    0.1501E-04    0.1354E-04
# With parameters(rot.):     0.9774E-02   -0.9558E-02    0.1072E-01
# Minimization at step:    49 with Value:     0.0000Tol(Act/Req):0.2344E-01/0.1000E-04
# With parameters(tra.):    -0.6923E-04   -0.1289E-04    0.2641E-04
# With parameters(rot.):     0.3995E-02   -0.1217E-01    0.9750E-02
# Minimization at step:    50 with Value:     0.0000Tol(Act/Req):0.1741E-01/0.1000E-04
# With parameters(tra.):    -0.6429E-04    0.1478E-04    0.7167E-04
# With parameters(rot.):     0.5636E-02   -0.9396E-02    0.5441E-02
# Minimization at step:    51 with Value:     0.0000Tol(Act/Req):0.1730E-01/0.1000E-04
# With parameters(tra.):    -0.7578E-04    0.6032E-05    0.6720E-04
# With parameters(rot.):     0.5486E-02   -0.9719E-02    0.4058E-02
# Minimization at step:    52 with Value:     0.0000Tol(Act/Req):0.1642E-01/0.1000E-04
# With parameters(tra.):    -0.2867E-04   -0.9285E-05    0.7925E-04
# With parameters(rot.):     0.4713E-02   -0.1149E-01   -0.8873E-03
# Minimization at step:    53 with Value:     0.0000Tol(Act/Req):0.1629E-01/0.1000E-04
# With parameters(tra.):    -0.2423E-04    0.5307E-04    0.7251E-04
# With parameters(rot.):     0.1507E-02   -0.1071E-01   -0.9499E-03
# Minimization at step:    54 with Value:     0.0000Tol(Act/Req):0.1567E-01/0.1000E-04
# With parameters(tra.):     0.7362E-05    0.3777E-04    0.1013E-03
# With parameters(rot.):    -0.2869E-03   -0.6430E-02   -0.4405E-03
# Minimization at step:    55 with Value:     0.0000Tol(Act/Req):0.1294E-01/0.1000E-04
# With parameters(tra.):    -0.1414E-05    0.4553E-04    0.1001E-03
# With parameters(rot.):    -0.5105E-03   -0.5565E-02    0.8331E-03
# Minimization at step:    56 with Value:     0.0000Tol(Act/Req):0.1266E-01/0.1000E-04
# With parameters(tra.):    -0.6225E-06    0.2931E-04    0.1041E-03
# With parameters(rot.):     0.1231E-03   -0.5332E-02    0.9974E-03
# Minimization at step:    57 with Value:     0.0000Tol(Act/Req):0.1131E-01/0.1000E-04
# With parameters(tra.):     0.1567E-04    0.6475E-05    0.6960E-04
# With parameters(rot.):    -0.3355E-02   -0.6748E-02    0.3825E-02
# Minimization at step:    58 with Value:     0.0000Tol(Act/Req):0.1091E-01/0.1000E-04
# With parameters(tra.):     0.5289E-04    0.3153E-04    0.7542E-04
# With parameters(rot.):    -0.1952E-02   -0.3203E-02    0.2493E-02
# Minimization at step:    59 with Value:     0.0000Tol(Act/Req):0.9194E-02/0.1000E-04
# With parameters(tra.):     0.5192E-04    0.3933E-04    0.8452E-04
# With parameters(rot.):    -0.9660E-03   -0.2553E-02    0.1675E-02
# Minimization at step:    60 with Value:     0.0000Tol(Act/Req):0.9189E-02/0.1000E-04
# With parameters(tra.):     0.4253E-04    0.3371E-04    0.8382E-04
# With parameters(rot.):    -0.1234E-02   -0.3386E-02    0.1940E-02
# Minimization at step:    61 with Value:     0.0000Tol(Act/Req):0.7199E-02/0.1000E-04
# With parameters(tra.):     0.2763E-04    0.4417E-04    0.5790E-04
# With parameters(rot.):    -0.1262E-03   -0.5834E-02    0.2153E-02
# Minimization at step:    62 with Value:     0.0000Tol(Act/Req):0.5675E-02/0.1000E-04
# With parameters(tra.):     0.3913E-04    0.3939E-04    0.4587E-04
# With parameters(rot.):    -0.2296E-02   -0.5185E-02   -0.1248E-02
# Minimization at step:    63 with Value:     0.0000Tol(Act/Req):0.5467E-02/0.1000E-04
# With parameters(tra.):     0.3510E-04    0.5284E-04    0.2544E-04
# With parameters(rot.):    -0.3338E-02   -0.3329E-02    0.6059E-03
# Minimization at step:    64 with Value:     0.0000Tol(Act/Req):0.4987E-02/0.1000E-04
# With parameters(tra.):     0.3189E-04    0.5516E-04    0.2675E-04
# With parameters(rot.):    -0.2882E-02   -0.3337E-02    0.1611E-02
# Minimization at step:    65 with Value:     0.0000Tol(Act/Req):0.3782E-02/0.1000E-04
# With parameters(tra.):     0.4431E-04    0.3134E-04    0.8937E-05
# With parameters(rot.):    -0.2617E-02   -0.2205E-02    0.2144E-02
# Minimization at step:    66 with Value:     0.0000Tol(Act/Req):0.3492E-02/0.1000E-04
# With parameters(tra.):     0.3976E-04    0.2834E-04    0.2349E-05
# With parameters(rot.):    -0.2866E-02   -0.2523E-02    0.2293E-02
# Minimization at step:    67 with Value:     0.0000Tol(Act/Req):0.3412E-02/0.1000E-04
# With parameters(tra.):     0.4116E-04    0.2293E-04    0.5532E-05
# With parameters(rot.):    -0.2567E-02   -0.2920E-02    0.1970E-02
# Minimization at step:    68 with Value:     0.0000Tol(Act/Req):0.3279E-02/0.1000E-04
# With parameters(tra.):     0.3563E-04    0.3306E-04   -0.2599E-05
# With parameters(rot.):    -0.1127E-02   -0.1743E-02    0.4327E-03
# Minimization at step:    69 with Value:     0.0000Tol(Act/Req):0.2110E-02/0.1000E-04
# With parameters(tra.):     0.3878E-04    0.3039E-04   -0.3322E-05
# With parameters(rot.):    -0.1395E-02   -0.9942E-03    0.2538E-03
# Minimization at step:    70 with Value:     0.0000Tol(Act/Req):0.2044E-02/0.1000E-04
# With parameters(tra.):     0.3521E-04    0.3626E-04    0.1089E-06
# With parameters(rot.):    -0.1360E-02   -0.1176E-02   -0.3688E-04
# Minimization at step:    71 with Value:     0.0000Tol(Act/Req):0.1505E-02/0.1000E-04
# With parameters(tra.):     0.2990E-04    0.3460E-04   -0.6156E-05
# With parameters(rot.):     0.5862E-04   -0.4708E-03    0.1423E-02
# Minimization at step:    72 with Value:     0.0000Tol(Act/Req):0.1490E-02/0.1000E-04
# With parameters(tra.):     0.1752E-04    0.3068E-04   -0.2217E-04
# With parameters(rot.):     0.5348E-03   -0.4222E-03    0.1432E-02
# Minimization at step:    73 with Value:     0.0000Tol(Act/Req):0.1434E-02/0.1000E-04
# With parameters(tra.):     0.1739E-04    0.2795E-04   -0.2177E-04
# With parameters(rot.):     0.3135E-03   -0.6063E-03    0.1900E-02
# Minimization at step:    74 with Value:     0.0000Tol(Act/Req):0.1404E-02/0.1000E-04
# With parameters(tra.):     0.1227E-04    0.1881E-04   -0.2450E-04
# With parameters(rot.):     0.1873E-02   -0.6288E-03    0.1231E-02
# Minimization at step:    75 with Value:     0.0000Tol(Act/Req):0.1089E-02/0.1000E-04
# With parameters(tra.):     0.1170E-04    0.1521E-04   -0.2435E-04
# With parameters(rot.):     0.1059E-02   -0.1387E-02   -0.2938E-03
# Minimization at step:    76 with Value:     0.0000Tol(Act/Req):0.1082E-02/0.1000E-04
# With parameters(tra.):     0.1294E-04    0.1719E-04   -0.2365E-04
# With parameters(rot.):     0.6017E-03   -0.1444E-02   -0.2536E-03
# Minimization at step:    77 with Value:     0.0000Tol(Act/Req):0.1079E-02/0.1000E-04
# With parameters(tra.):     0.1565E-04    0.1705E-04   -0.1977E-04
# With parameters(rot.):     0.4882E-03   -0.1542E-02   -0.3963E-03
# Minimization at step:    78 with Value:     0.0000Tol(Act/Req):0.9081E-03/0.1000E-04
# With parameters(tra.):     0.1459E-04    0.9709E-05   -0.2497E-04
# With parameters(rot.):     0.5569E-03   -0.5550E-03   -0.8272E-03
# Minimization at step:    79 with Value:     0.0000Tol(Act/Req):0.7224E-03/0.1000E-04
# With parameters(tra.):     0.1498E-04    0.1015E-04   -0.2506E-04
# With parameters(rot.):     0.7185E-03   -0.2962E-03   -0.4905E-03
# Minimization at step:    80 with Value:     0.0000Tol(Act/Req):0.5633E-03/0.1000E-04
# With parameters(tra.):     0.1151E-04    0.1091E-04   -0.2544E-04
# With parameters(rot.):     0.9094E-03   -0.3139E-03   -0.6736E-03
# Minimization at step:    81 with Value:     0.0000Tol(Act/Req):0.4184E-03/0.1000E-04
# With parameters(tra.):     0.9290E-05   -0.2253E-06   -0.2586E-04
# With parameters(rot.):     0.6654E-03   -0.5846E-03   -0.5962E-03
# Minimization at step:    82 with Value:     0.0000Tol(Act/Req):0.3981E-03/0.1000E-04
# With parameters(tra.):     0.1260E-04   -0.6270E-05   -0.2013E-04
# With parameters(rot.):     0.4975E-03   -0.4603E-03   -0.9482E-03
# Minimization at step:    83 with Value:     0.0000Tol(Act/Req):0.3594E-03/0.1000E-04
# With parameters(tra.):     0.1318E-04   -0.7232E-05   -0.1949E-04
# With parameters(rot.):     0.2600E-03   -0.4071E-03   -0.9859E-03
# Minimization at step:    84 with Value:     0.0000Tol(Act/Req):0.3505E-03/0.1000E-04
# With parameters(tra.):     0.1406E-04   -0.5031E-05   -0.1886E-04
# With parameters(rot.):     0.2872E-03   -0.3246E-03   -0.1038E-02
# Minimization at step:    85 with Value:     0.0000Tol(Act/Req):0.3371E-03/0.1000E-04
# With parameters(tra.):     0.1459E-04   -0.5052E-05   -0.1335E-04
# With parameters(rot.):     0.1515E-03   -0.9055E-03   -0.8207E-03
# Minimization at step:    86 with Value:     0.0000Tol(Act/Req):0.2798E-03/0.1000E-04
# With parameters(tra.):     0.1523E-04   -0.9236E-05   -0.9632E-05
# With parameters(rot.):     0.2856E-03   -0.5910E-03   -0.2574E-03
# Minimization at step:    87 with Value:     0.0000Tol(Act/Req):0.2696E-03/0.1000E-04
# With parameters(tra.):     0.9527E-05   -0.1443E-04   -0.5126E-05
# With parameters(rot.):     0.4595E-03   -0.7186E-03   -0.4850E-03
# Minimization at step:    88 with Value:     0.0000Tol(Act/Req):0.2458E-03/0.1000E-04
# With parameters(tra.):     0.5200E-05   -0.1111E-04   -0.5852E-05
# With parameters(rot.):     0.6147E-03   -0.9291E-03    0.2134E-04
# Minimization at step:    89 with Value:     0.0000Tol(Act/Req):0.1947E-03/0.1000E-04
# With parameters(tra.):     0.6264E-05   -0.9530E-05   -0.7039E-05
# With parameters(rot.):     0.5842E-03   -0.9147E-03    0.1204E-03
# Minimization at step:    90 with Value:     0.0000Tol(Act/Req):0.1884E-03/0.1000E-04
# With parameters(tra.):     0.5438E-05   -0.9898E-05   -0.7888E-05
# With parameters(rot.):     0.6542E-03   -0.7702E-03    0.1446E-03
# Minimization at step:    91 with Value:     0.0000Tol(Act/Req):0.1842E-03/0.1000E-04
# With parameters(tra.):     0.4033E-05   -0.1271E-04   -0.2737E-05
# With parameters(rot.):     0.3105E-03   -0.7848E-03    0.4459E-03
# Minimization at step:    92 with Value:     0.0000Tol(Act/Req):0.1809E-03/0.1000E-04
# With parameters(tra.):    -0.3333E-06   -0.9686E-05   -0.4162E-05
# With parameters(rot.):     0.1846E-03   -0.1164E-02    0.1171E-03
# Minimization at step:    93 with Value:     0.0000Tol(Act/Req):0.1663E-03/0.1000E-04
# With parameters(tra.):    -0.1094E-05   -0.8974E-05   -0.2619E-05
# With parameters(rot.):     0.1897E-03   -0.1193E-02    0.1874E-03
# Minimization at step:    94 with Value:     0.0000Tol(Act/Req):0.1646E-03/0.1000E-04
# With parameters(tra.):    -0.6552E-07   -0.9671E-05   -0.2134E-05
# With parameters(rot.):     0.2216E-03   -0.1100E-02    0.2755E-03
# Minimization at step:    95 with Value:     0.0000Tol(Act/Req):0.1427E-03/0.1000E-04
# With parameters(tra.):    -0.5586E-07   -0.8714E-05   -0.3372E-05
# With parameters(rot.):     0.3001E-03   -0.1123E-02    0.1859E-03
# Minimization at step:    96 with Value:     0.0000Tol(Act/Req):0.9784E-04/0.1000E-04
# With parameters(tra.):     0.5881E-06   -0.9346E-05   -0.2984E-05
# With parameters(rot.):     0.2351E-03   -0.1086E-02    0.7307E-04
# Minimization at step:    97 with Value:     0.0000Tol(Act/Req):0.8514E-04/0.1000E-04
# With parameters(tra.):     0.8243E-06   -0.6133E-05   -0.4006E-05
# With parameters(rot.):     0.5763E-04   -0.1115E-02    0.2555E-03
# Minimization at step:    98 with Value:     0.0000Tol(Act/Req):0.7836E-04/0.1000E-04
# With parameters(tra.):    -0.2365E-05   -0.5614E-05   -0.4411E-05
# With parameters(rot.):    -0.1251E-05   -0.9410E-03    0.3408E-03
# Minimization at step:    99 with Value:     0.0000Tol(Act/Req):0.7291E-04/0.1000E-04
# With parameters(tra.):    -0.4310E-05   -0.3070E-05   -0.1922E-05
# With parameters(rot.):    -0.5478E-04   -0.9145E-03    0.5325E-03
# Minimization at step:   100 with Value:     0.0000Tol(Act/Req):0.6914E-04/0.1000E-04
# With parameters(tra.):    -0.3668E-05   -0.2264E-05   -0.8825E-06
# With parameters(rot.):    -0.8315E-04   -0.6678E-03    0.7943E-03
# Minimization at step:   101 with Value:     0.0000Tol(Act/Req):0.6617E-04/0.1000E-04
# With parameters(tra.):    -0.3964E-05   -0.1248E-05   -0.1294E-05
# With parameters(rot.):    -0.7583E-04   -0.6412E-03    0.8003E-03
# Minimization at step:   102 with Value:     0.0000Tol(Act/Req):0.6578E-04/0.1000E-04
# With parameters(tra.):    -0.1905E-05   -0.3185E-05   -0.3572E-05
# With parameters(rot.):    -0.2931E-04   -0.5766E-03    0.6978E-03
# Minimization at step:   103 with Value:     0.0000Tol(Act/Req):0.5789E-04/0.1000E-04
# With parameters(tra.):    -0.1448E-05   -0.2395E-05   -0.2992E-05
# With parameters(rot.):    -0.2475E-03   -0.3337E-03    0.6802E-03
# Minimization at step:   104 with Value:     0.0000Tol(Act/Req):0.5275E-04/0.1000E-04
# With parameters(tra.):    -0.2441E-05   -0.4361E-05   -0.1632E-05
# With parameters(rot.):    -0.1717E-03   -0.4474E-04    0.6394E-03
# Minimization at step:   105 with Value:     0.0000Tol(Act/Req):0.4367E-04/0.1000E-04
# With parameters(tra.):    -0.2674E-05   -0.5866E-05   -0.2922E-05
# With parameters(rot.):    -0.1729E-03   -0.8376E-04    0.3260E-03
# Minimization at step:   106 with Value:     0.0000Tol(Act/Req):0.4301E-04/0.1000E-04
# With parameters(tra.):     0.4129E-06   -0.6469E-05   -0.2021E-05
# With parameters(rot.):    -0.1712E-03    0.2799E-04    0.2358E-03
# Minimization at step:   107 with Value:     0.0000Tol(Act/Req):0.4142E-04/0.1000E-04
# With parameters(tra.):     0.8991E-06   -0.6153E-05   -0.2393E-05
# With parameters(rot.):    -0.1901E-03   -0.3819E-04    0.2123E-03
# Minimization at step:   108 with Value:     0.0000Tol(Act/Req):0.3708E-04/0.1000E-04
# With parameters(tra.):    -0.2260E-06   -0.5205E-05    0.2779E-06
# With parameters(rot.):    -0.2902E-03    0.7665E-04    0.1530E-03
# Minimization at step:   109 with Value:     0.0000Tol(Act/Req):0.3537E-04/0.1000E-04
# With parameters(tra.):     0.3614E-07   -0.4774E-05    0.8670E-06
# With parameters(rot.):    -0.2997E-03    0.9977E-04    0.2170E-03
# Minimization at step:   110 with Value:     0.0000Tol(Act/Req):0.3076E-04/0.1000E-04
# With parameters(tra.):     0.2214E-06   -0.4560E-05    0.8414E-06
# With parameters(rot.):    -0.3147E-03    0.1748E-03    0.1713E-03
# Minimization at step:   111 with Value:     0.0000Tol(Act/Req):0.2796E-04/0.1000E-04
# With parameters(tra.):    -0.5662E-06   -0.4250E-05    0.8548E-06
# With parameters(rot.):    -0.3271E-03    0.1591E-03    0.1885E-03
# Minimization at step:   112 with Value:     0.0000Tol(Act/Req):0.2547E-04/0.1000E-04
# With parameters(tra.):    -0.6886E-06   -0.5306E-05    0.1381E-05
# With parameters(rot.):    -0.1834E-03    0.1002E-03    0.7872E-04
# Minimization at step:   113 with Value:     0.0000Tol(Act/Req):0.1692E-04/0.1000E-04
# With parameters(tra.):    -0.4459E-06   -0.5552E-05    0.8056E-06
# With parameters(rot.):    -0.1494E-03    0.7341E-04    0.8736E-04
# Minimization at step:   114 with Value:     0.0000Tol(Act/Req):0.1268E-04/0.1000E-04
# With parameters(tra.):     0.7823E-07   -0.4720E-05    0.1127E-05
# With parameters(rot.):    -0.1737E-03   -0.2174E-04   -0.1175E-05
# Minimization at step:   115 with Value:     0.0000Tol(Act/Req):0.1257E-04/0.1000E-04
# With parameters(tra.):     0.4011E-06   -0.4345E-05    0.1171E-05
# With parameters(rot.):    -0.1567E-03    0.6284E-04   -0.1500E-03
# Minimization at step:   116 with Value:     0.0000Tol(Act/Req):0.1209E-04/0.1000E-04
# With parameters(tra.):     0.1047E-05   -0.3339E-05    0.2451E-05
# With parameters(rot.):    -0.1280E-03    0.9678E-04   -0.1444E-03
# Minimization at step:   117 with Value:     0.0000Tol(Act/Req):0.1185E-04/0.1000E-04
# With parameters(tra.):     0.9425E-08   -0.2416E-05    0.3009E-05
# With parameters(rot.):    -0.8631E-04    0.4460E-04   -0.2210E-03
# Minimization at step:   118 with Value:     0.0000Tol(Act/Req):0.1109E-04/0.1000E-04
# With parameters(tra.):    -0.4440E-06   -0.2147E-05    0.3578E-05
# With parameters(rot.):    -0.7988E-04   -0.4606E-04   -0.9584E-04
# Minimization at step:   119 with Value:     0.0000Tol(Act/Req):0.1017E-04/0.1000E-04
# With parameters(tra.):    -0.3216E-06   -0.8295E-06    0.3864E-05
# With parameters(rot.):    -0.1259E-03   -0.5314E-04   -0.8459E-04
# Minimization at step:   120 with Value:     0.0000Tol(Act/Req):0.9778E-05/0.1000E-04
# With parameters(tra.):    -0.1899E-06   -0.5587E-06    0.3831E-05
# With parameters(rot.):    -0.1069E-03   -0.7706E-04   -0.9460E-04
# CSM Simplex Values from input minimization.
# Final Number of Simplex optim. Steps:   120
# Final CSM Simplex Value is:      0.00000448714
[molecule] Nrec=   6 Format=nscxyz
  c                1    6   -0.36399399D-04   0.99999585D+00   0.22814529D-03
  c                2    6   -0.68309147D-04  -0.22466294D-03   0.10000076D+01
  c                3    6    0.99999814D+00   0.30403750D-04   0.74077060D-04
  c                4    6    0.64603806D-04   0.21640630D-03  -0.99999236D+00
  c                5    6   -0.10000018D+01  -0.38660393D-04  -0.58851127D-04
  c                6    6    0.32694058D-04  -0.10000041D+01  -0.21291935D-03
# Coordinates rotated along X. New coordinates:
[molecule] Nrec=   6 Format=nscxyz
  c                1    6    0.61232340D-16   0.61232340D-16  -0.10000000D+01
  c                2    6    0.16081226D-15   0.10000000D+01   0.61232340D-16
  c                3    6    0.10000000D+01  -0.16081226D-15   0.61232340D-16
  c                4    6   -0.16081226D-15  -0.10000000D+01  -0.61232340D-16
  c                5    6   -0.10000000D+01   0.16081226D-15  -0.61232340D-16
  c                6    6   -0.61232340D-16  -0.61232340D-16   0.10000000D+01
# Minimization at step:     0 with Value:     0.0032Tol(Act/Req):0.1998E+01/0.1000E-04
# With parameters(tra.):     0.1429E-01    0.1429E-01    0.1429E-01
# With parameters(rot.):     0.1429E-01    0.1429E-01    0.1429E-01
# Minimization at step:     1 with Value:     0.0025Tol(Act/Req):0.1998E+01/0.1000E-04
# With parameters(tra.):     0.1548E-01    0.1548E-01    0.7143E-02
# With parameters(rot.):     0.1548E-01    0.1548E-01    0.1548E-01
# Minimization at step:     2 with Value:     0.0017Tol(Act/Req):0.1998E+01/0.1000E-04
# With parameters(tra.):     0.1677E-01    0.8433E-02    0.7738E-02
# With parameters(rot.):     0.1677E-01    0.1677E-01    0.1677E-01
# Minimization at step:     3 with Value:     0.0008Tol(Act/Req):0.1991E+01/0.1000E-04
# With parameters(tra.):    -0.4043E-02    0.1054E-01    0.9673E-02
# With parameters(rot.):     0.2096E-01    0.2096E-01    0.2096E-01
# Minimization at step:     4 with Value:     0.0008Tol(Act/Req):0.1991E+01/0.1000E-04
# With parameters(tra.):    -0.8399E-02   -0.2844E-02    0.1151E-01
# With parameters(rot.):     0.2493E-01    0.2493E-01    0.2493E-01
# Minimization at step:     5 with Value:     0.0006Tol(Act/Req):0.1991E+01/0.1000E-04
# With parameters(tra.):    -0.9794E-02   -0.3775E-02    0.8300E-02
# With parameters(rot.):     0.2632E-01    0.2632E-01    0.2632E-01
# Minimization at step:     6 with Value:     0.0006Tol(Act/Req):0.1991E+01/0.1000E-04
# With parameters(tra.):    -0.5902E-02    0.9299E-02    0.5396E-02
# With parameters(rot.):     0.2280E-01    0.2280E-01    0.2280E-01
# Minimization at step:     7 with Value:     0.0006Tol(Act/Req):0.1990E+01/0.1000E-04
# With parameters(tra.):     0.7351E-02    0.7479E-02    0.2680E-02
# With parameters(rot.):     0.2062E-01    0.2062E-01    0.2062E-01
# Minimization at step:     8 with Value:     0.0004Tol(Act/Req):0.1990E+01/0.1000E-04
# With parameters(tra.):     0.7482E-02    0.4059E-02    0.3180E-02
# With parameters(rot.):     0.2132E-01    0.2132E-01    0.2132E-01
# Minimization at step:     9 with Value:     0.0002Tol(Act/Req):0.1970E+01/0.1000E-04
# With parameters(tra.):     0.4180E-02    0.4229E-02    0.3901E-02
# With parameters(rot.):     0.2192E-01    0.2192E-01    0.2192E-01
# Minimization at step:    10 with Value:     0.0002Tol(Act/Req):0.1964E+01/0.1000E-04
# With parameters(tra.):     0.4647E-02    0.4430E-02    0.1930E-02
# With parameters(rot.):     0.2225E-01    0.2225E-01    0.2225E-01
# Minimization at step:    11 with Value:     0.0001Tol(Act/Req):0.1960E+01/0.1000E-04
# With parameters(tra.):     0.3965E-02   -0.2286E-02    0.2513E-02
# With parameters(rot.):     0.2395E-01    0.2395E-01    0.2395E-01
# Minimization at step:    12 with Value:     0.0001Tol(Act/Req):0.1956E+01/0.1000E-04
# With parameters(tra.):     0.2296E-02   -0.2744E-02    0.2758E-02
# With parameters(rot.):     0.2442E-01    0.2442E-01    0.2442E-01
# Minimization at step:    13 with Value:     0.0001Tol(Act/Req):0.1890E+01/0.1000E-04
# With parameters(tra.):     0.2327E-02   -0.1103E-02    0.2633E-02
# With parameters(rot.):     0.2404E-01    0.2404E-01    0.2404E-01
# Minimization at step:    14 with Value:     0.0000Tol(Act/Req):0.1857E+01/0.1000E-04
# With parameters(tra.):     0.2368E-02   -0.1464E-02    0.1706E-02
# With parameters(rot.):     0.2435E-01    0.2435E-01    0.2435E-01
# Minimization at step:    15 with Value:     0.0000Tol(Act/Req):0.1840E+01/0.1000E-04
# With parameters(tra.):    -0.9463E-03   -0.1953E-02    0.1844E-02
# With parameters(rot.):     0.2526E-01    0.2526E-01    0.2526E-01
# Minimization at step:    16 with Value:     0.0000Tol(Act/Req):0.1840E+01/0.1000E-04
# With parameters(tra.):    -0.1975E-02    0.1046E-02    0.1331E-02
# With parameters(rot.):     0.2490E-01    0.2490E-01    0.2490E-01
# Minimization at step:    17 with Value:     0.0000Tol(Act/Req):0.1829E+01/0.1000E-04
# With parameters(tra.):    -0.1232E-02    0.1418E-02    0.1254E-02
# With parameters(rot.):     0.2464E-01    0.2464E-01    0.2464E-01
# Minimization at step:    18 with Value:     0.0000Tol(Act/Req):0.1661E+01/0.1000E-04
# With parameters(tra.):    -0.9128E-03    0.6993E-03    0.1375E-02
# With parameters(rot.):     0.2471E-01    0.2471E-01    0.2471E-01
# Minimization at step:    19 with Value:     0.0000Tol(Act/Req):0.1508E+01/0.1000E-04
# With parameters(tra.):    -0.1166E-02    0.6993E-03    0.8846E-03
# With parameters(rot.):     0.2490E-01    0.2490E-01    0.2490E-01
# Minimization at step:    20 with Value:     0.0000Tol(Act/Req):0.1481E+01/0.1000E-04
# With parameters(tra.):     0.3416E-03    0.1204E-02    0.6067E-03
# With parameters(rot.):     0.2446E-01    0.2446E-01    0.2446E-01
# Minimization at step:    21 with Value:     0.0000Tol(Act/Req):0.1452E+01/0.1000E-04
# With parameters(tra.):     0.6056E-03    0.8869E-03    0.6036E-03
# With parameters(rot.):     0.2448E-01    0.2448E-01    0.2448E-01
# Minimization at step:    22 with Value:     0.0000Tol(Act/Req):0.1134E+01/0.1000E-04
# With parameters(tra.):     0.2507E-03    0.7343E-03    0.6728E-03
# With parameters(rot.):     0.2459E-01    0.2459E-01    0.2459E-01
# Minimization at step:    23 with Value:     0.0000Tol(Act/Req):0.8830E+00/0.1000E-04
# With parameters(tra.):     0.2250E-03    0.7430E-03   -0.1165E-03
# With parameters(rot.):     0.2479E-01    0.2479E-01    0.2479E-01
# Minimization at step:    24 with Value:     0.0000Tol(Act/Req):0.8456E+00/0.1000E-04
# With parameters(tra.):     0.5259E-03    0.2312E-03   -0.3011E-03
# With parameters(rot.):     0.2489E-01    0.2489E-01    0.2489E-01
# Minimization at step:    25 with Value:     0.0000Tol(Act/Req):0.4778E+00/0.1000E-04
# With parameters(tra.):     0.6240E-04   -0.1236E-03   -0.4408E-03
# With parameters(rot.):     0.2513E-01    0.2513E-01    0.2513E-01
# Minimization at step:    26 with Value:     0.0000Tol(Act/Req):0.3579E+00/0.1000E-04
# With parameters(tra.):     0.3457E-04   -0.3446E-03   -0.1273E-03
# With parameters(rot.):     0.2511E-01    0.2511E-01    0.2511E-01
# Minimization at step:    27 with Value:     0.0000Tol(Act/Req):0.3134E+00/0.1000E-04
# With parameters(tra.):    -0.5653E-04   -0.3073E-03   -0.8199E-04
# With parameters(rot.):     0.2511E-01    0.2511E-01    0.2511E-01
# Minimization at step:    28 with Value:     0.0000Tol(Act/Req):0.1786E+00/0.1000E-04
# With parameters(tra.):     0.1455E-03   -0.1758E-03    0.7756E-04
# With parameters(rot.):     0.2499E-01    0.2499E-01    0.2499E-01
# Minimization at step:    29 with Value:     0.0000Tol(Act/Req):0.1786E+00/0.1000E-04
# With parameters(tra.):     0.1576E-03   -0.1905E-03    0.8402E-04
# With parameters(rot.):     0.2707E-01    0.2707E-01    0.1874E-01
# Minimization at step:    30 with Value:     0.0000Tol(Act/Req):0.1786E+00/0.1000E-04
# With parameters(tra.):     0.1708E-03   -0.2064E-03    0.9102E-04
# With parameters(rot.):     0.2933E-01    0.2099E-01    0.2030E-01
# Minimization at step:    31 with Value:     0.0000Tol(Act/Req):0.1697E+00/0.1000E-04
# With parameters(tra.):     0.1850E-03   -0.2236E-03    0.9861E-04
# With parameters(rot.):     0.2344E-01    0.2274E-01    0.2199E-01
# Minimization at step:    32 with Value:     0.0000Tol(Act/Req):0.1378E+00/0.1000E-04
# With parameters(tra.):     0.2537E-03   -0.3586E-04   -0.3514E-04
# With parameters(rot.):     0.2289E-01    0.2196E-01    0.2096E-01
# Minimization at step:    33 with Value:     0.0000Tol(Act/Req):0.1296E+00/0.1000E-04
# With parameters(tra.):     0.1749E-03    0.1293E-03    0.7101E-04
# With parameters(rot.):     0.2215E-01    0.2092E-01    0.1958E-01
# Minimization at step:    34 with Value:     0.0000Tol(Act/Req):0.1100E+00/0.1000E-04
# With parameters(tra.):     0.1512E-03    0.9611E-04    0.1133E-03
# With parameters(rot.):     0.2223E-01    0.2103E-01    0.1972E-01
# Minimization at step:    35 with Value:     0.0000Tol(Act/Req):0.1058E+00/0.1000E-04
# With parameters(tra.):     0.1836E-04    0.9912E-04    0.1884E-04
# With parameters(rot.):     0.2139E-01    0.1979E-01    0.1805E-01
# Minimization at step:    36 with Value:     0.0000Tol(Act/Req):0.7684E-01/0.1000E-04
# With parameters(tra.):     0.2502E-04    0.5533E-04   -0.1204E-04
# With parameters(rot.):     0.2151E-01    0.1996E-01    0.1827E-01
# Minimization at step:    37 with Value:     0.0000Tol(Act/Req):0.7489E-01/0.1000E-04
# With parameters(tra.):     0.1510E-06    0.1139E-03   -0.3375E-04
# With parameters(rot.):     0.9092E-02    0.2253E-01    0.2041E-01
# Minimization at step:    38 with Value:     0.0000Tol(Act/Req):0.7289E-01/0.1000E-04
# With parameters(tra.):    -0.3045E-04    0.1889E-03   -0.6134E-04
# With parameters(rot.):     0.6859E-02    0.1088E-01    0.2357E-01
# Minimization at step:    39 with Value:     0.0000Tol(Act/Req):0.6652E-01/0.1000E-04
# With parameters(tra.):    -0.4006E-04    0.2132E-03   -0.7022E-04
# With parameters(rot.):     0.6216E-02    0.1057E-01    0.2085E-01
# Minimization at step:    40 with Value:     0.0000Tol(Act/Req):0.6328E-01/0.1000E-04
# With parameters(tra.):    -0.3321E-04    0.1965E-03   -0.6407E-04
# With parameters(rot.):     0.6721E-02    0.1346E-01    0.1983E-01
# Minimization at step:    41 with Value:     0.0000Tol(Act/Req):0.5641E-01/0.1000E-04
# With parameters(tra.):    -0.2290E-04    0.1732E-03   -0.5536E-04
# With parameters(rot.):     0.1544E-01    0.9265E-02    0.1808E-01
# Minimization at step:    42 with Value:     0.0000Tol(Act/Req):0.5280E-01/0.1000E-04
# With parameters(tra.):    -0.1284E-03    0.1325E-03   -0.2701E-04
# With parameters(rot.):     0.1333E-01    0.5559E-02    0.1782E-01
# Minimization at step:    43 with Value:     0.0000Tol(Act/Req):0.4328E-01/0.1000E-04
# With parameters(tra.):    -0.4453E-04    0.1407E-03    0.5215E-04
# With parameters(rot.):     0.1148E-01    0.2054E-02    0.1941E-01
# Minimization at step:    44 with Value:     0.0000Tol(Act/Req):0.4072E-01/0.1000E-04
# With parameters(tra.):    -0.5440E-04    0.8152E-04    0.1178E-04
# With parameters(rot.):     0.8380E-02   -0.3579E-02    0.2023E-01
# Minimization at step:    45 with Value:     0.0000Tol(Act/Req):0.3928E-01/0.1000E-04
# With parameters(tra.):    -0.2186E-04    0.8743E-04    0.7922E-05
# With parameters(rot.):     0.8495E-02   -0.3414E-02    0.2050E-01
# Minimization at step:    46 with Value:     0.0000Tol(Act/Req):0.3351E-01/0.1000E-04
# With parameters(tra.):    -0.4094E-04    0.8096E-04   -0.1555E-04
# With parameters(rot.):     0.8709E-02   -0.2993E-02    0.2019E-01
# Minimization at step:    47 with Value:     0.0000Tol(Act/Req):0.3127E-01/0.1000E-04
# With parameters(tra.):    -0.6046E-04    0.8546E-04   -0.1510E-04
# With parameters(rot.):     0.8253E-02   -0.8131E-02    0.1452E-01
# Minimization at step:    48 with Value:     0.0000Tol(Act/Req):0.2875E-01/0.1000E-04
# With parameters(tra.):    -0.5584E-04    0.1501E-04    0.1354E-04
# With parameters(rot.):     0.9774E-02   -0.9558E-02    0.1072E-01
# Minimization at step:    49 with Value:     0.0000Tol(Act/Req):0.2344E-01/0.1000E-04
# With parameters(tra.):    -0.6923E-04   -0.1289E-04    0.2641E-04
# With parameters(rot.):     0.3995E-02   -0.1217E-01    0.9750E-02
# Minimization at step:    50 with Value:     0.0000Tol(Act/Req):0.1741E-01/0.1000E-04
# With parameters(tra.):    -0.6429E-04    0.1478E-04    0.7167E-04
# With parameters(rot.):     0.5636E-02   -0.9396E-02    0.5441E-02
# Minimization at step:    51 with Value:     0.0000Tol(Act/Req):0.1730E-01/0.1000E-04
# With parameters(tra.):    -0.7578E-04    0.6032E-05    0.6720E-04
# With parameters(rot.):     0.5486E-02   -0.9719E-02    0.4058E-02
# Minimization at step:    52 with Value:     0.0000Tol(Act/Req):0.1642E-01/0.1000E-04
# With parameters(tra.):    -0.2867E-04   -0.9285E-05    0.7925E-04
# With parameters(rot.):     0.4713E-02   -0.1149E-01   -0.8873E-03
# Minimization at step:    53 with Value:     0.0000Tol(Act/Req):0.1629E-01/0.1000E-04
# With parameters(tra.):    -0.2423E-04    0.5307E-04    0.7251E-04
# With parameters(rot.):     0.1507E-02   -0.1071E-01   -0.9499E-03
# Minimization at step:    54 with Value:     0.0000Tol(Act/Req):0.1567E-01/0.1000E-04
# With parameters(tra.):     0.7362E-05    0.3777E-04    0.1013E-03
# With parameters(rot.):    -0.2869E-03   -0.6430E-02   -0.4405E-03
# Minimization at step:    55 with Value:     0.0000Tol(Act/Req):0.1294E-01/0.1000E-04
# With parameters(tra.):    -0.1414E-05    0.4553E-04    0.1001E-03
# With parameters(rot.):    -0.5105E-03   -0.5565E-02    0.8331E-03
# Minimization at step:    56 with Value:     0.0000Tol(Act/Req):0.1266E-01/0.1000E-04
# With parameters(tra.):    -0.6225E-06    0.2931E-04    0.1041E-03
# With parameters(rot.):     0.1231E-03   -0.5332E-02    0.9974E-03
# Minimization at step:    57 with Value:     0.0000Tol(Act/Req):0.1131E-01/0.1000E-04
# With parameters(tra.):     0.1567E-04    0.6475E-05    0.6960E-04
# With parameters(rot.):    -0.3355E-02   -0.6748E-02    0.3825E-02
# Minimization at step:    58 with Value:     0.0000Tol(Act/Req):0.1091E-01/0.1000E-04
# With parameters(tra.):     0.5289E-04    0.3153E-04    0.7542E-04
# With parameters(rot.):    -0.1952E-02   -0.3203E-02    0.2493E-02
# Minimization at step:    59 with Value:     0.0000Tol(Act/Req):0.9194E-02/0.1000E-04
# With parameters(tra.):     0.5192E-04    0.3933E-04    0.8452E-04
# With parameters(rot.):    -0.9660E-03   -0.2553E-02    0.1675E-02
# Minimization at step:    60 with Value:     0.0000Tol(Act/Req):0.9189E-02/0.1000E-04
# With parameters(tra.):     0.4253E-04    0.3371E-04    0.8382E-04
# With parameters(rot.):    -0.1234E-02   -0.3386E-02    0.1940E-02
# Minimization at step:    61 with Value:     0.0000Tol(Act/Req):0.7199E-02/0.1000E-04
# With parameters(tra.):     0.2763E-04    0.4417E-04    0.5790E-04
# With parameters(rot.):    -0.1262E-03   -0.5834E-02    0.2153E-02
# Minimization at step:    62 with Value:     0.0000Tol(Act/Req):0.5675E-02/0.1000E-04
# With parameters(tra.):     0.3913E-04    0.3939E-04    0.4587E-04
# With parameters(rot.):    -0.2296E-02   -0.5185E-02   -0.1248E-02
# Minimization at step:    63 with Value:     0.0000Tol(Act/Req):0.5467E-02/0.1000E-04
# With parameters(tra.):     0.3510E-04    0.5284E-04    0.2544E-04
# With parameters(rot.):    -0.3338E-02   -0.3329E-02    0.6059E-03
# Minimization at step:    64 with Value:     0.0000Tol(Act/Req):0.4987E-02/0.1000E-04
# With parameters(tra.):     0.3189E-04    0.5516E-04    0.2675E-04
# With parameters(rot.):    -0.2882E-02   -0.3337E-02    0.1611E-02
# Minimization at step:    65 with Value:     0.0000Tol(Act/Req):0.3782E-02/0.1000E-04
# With parameters(tra.):     0.4431E-04    0.3134E-04    0.8937E-05
# With parameters(rot.):    -0.2617E-02   -0.2205E-02    0.2144E-02
# Minimization at step:    66 with Value:     0.0000Tol(Act/Req):0.3492E-02/0.1000E-04
# With parameters(tra.):     0.3976E-04    0.2834E-04    0.2349E-05
# With parameters(rot.):    -0.2866E-02   -0.2523E-02    0.2293E-02
# Minimization at step:    67 with Value:     0.0000Tol(Act/Req):0.3412E-02/0.1000E-04
# With parameters(tra.):     0.4116E-04    0.2293E-04    0.5532E-05
# With parameters(rot.):    -0.2567E-02   -0.2920E-02    0.1970E-02
# Minimization at step:    68 with Value:     0.0000Tol(Act/Req):0.3279E-02/0.1000E-04
# With parameters(tra.):     0.3563E-04    0.3306E-04   -0.2599E-05
# With parameters(rot.):    -0.1127E-02   -0.1743E-02    0.4327E-03
# Minimization at step:    69 with Value:     0.0000Tol(Act/Req):0.2110E-02/0.1000E-04
# With parameters(tra.):     0.3878E-04    0.3039E-04   -0.3322E-05
# With parameters(rot.):    -0.1395E-02   -0.9942E-03    0.2538E-03
# Minimization at step:    70 with Value:     0.0000Tol(Act/Req):0.2044E-02/0.1000E-04
# With parameters(tra.):     0.3521E-04    0.3626E-04    0.1089E-06
# With parameters(rot.):    -0.1360E-02   -0.1176E-02   -0.3688E-04
# Minimization at step:    71 with Value:     0.0000Tol(Act/Req):0.1505E-02/0.1000E-04
# With parameters(tra.):     0.2990E-04    0.3460E-04   -0.6156E-05
# With parameters(rot.):     0.5862E-04   -0.4708E-03    0.1423E-02
# Minimization at step:    72 with Value:     0.0000Tol(Act/Req):0.1490E-02/0.1000E-04
# With parameters(tra.):     0.1752E-04    0.3068E-04   -0.2217E-04
# With parameters(rot.):     0.5348E-03   -0.4222E-03    0.1432E-02
# Minimization at step:    73 with Value:     0.0000Tol(Act/Req):0.1434E-02/0.1000E-04
# With parameters(tra.):     0.1739E-04    0.2795E-04   -0.2177E-04
# With parameters(rot.):     0.3135E-03   -0.6063E-03    0.1900E-02
# Minimization at step:    74 with Value:     0.0000Tol(Act/Req):0.1404E-02/0.1000E-04
# With parameters(tra.):     0.1227E-04    0.1881E-04   -0.2450E-04
# With parameters(rot.):     0.1873E-02   -0.6288E-03    0.1231E-02
# Minimization at step:    75 with Value:     0.0000Tol(Act/Req):0.1089E-02/0.1000E-04
# With parameters(tra.):     0.1170E-04    0.1521E-04   -0.2435E-04
# With parameters(rot.):     0.1059E-02   -0.1387E-02   -0.2938E-03
# Minimization at step:    76 with Value:     0.0000Tol(Act/Req):0.1082E-02/0.1000E-04
# With parameters(tra.):     0.1294E-04    0.1719E-04   -0.2365E-04
# With parameters(rot.):     0.6017E-03   -0.1444E-02   -0.2536E-03
# Minimization at step:    77 with Value:     0.0000Tol(Act/Req):0.1079E-02/0.1000E-04
# With parameters(tra.):     0.1565E-04    0.1705E-04   -0.1977E-04
# With parameters(rot.):     0.4882E-03   -0.1542E-02   -0.3963E-03
# Minimization at step:    78 with Value:     0.0000Tol(Act/Req):0.9081E-03/0.1000E-04
# With parameters(tra.):     0.1459E-04    0.9709E-05   -0.2497E-04
# With parameters(rot.):     0.5569E-03   -0.5550E-03   -0.8272E-03
# Minimization at step:    79 with Value:     0.0000Tol(Act/Req):0.7224E-03/0.1000E-04
# With parameters(tra.):     0.1498E-04    0.1015E-04   -0.2506E-04
# With parameters(rot.):     0.7185E-03   -0.2962E-03   -0.4905E-03
# Minimization at step:    80 with Value:     0.0000Tol(Act/Req):0.5633E-03/0.1000E-04
# With parameters(tra.):     0.1151E-04    0.1091E-04   -0.2544E-04
# With parameters(rot.):     0.9094E-03   -0.3139E-03   -0.6736E-03
# Minimization at step:    81 with Value:     0.0000Tol(Act/Req):0.4184E-03/0.1000E-04
# With parameters(tra.):     0.9290E-05   -0.2253E-06   -0.2586E-04
# With parameters(rot.):     0.6654E-03   -0.5846E-03   -0.5962E-03
# Minimization at step:    82 with Value:     0.0000Tol(Act/Req):0.3981E-03/0.1000E-04
# With parameters(tra.):     0.1260E-04   -0.6270E-05   -0.2013E-04
# With parameters(rot.):     0.4975E-03   -0.4603E-03   -0.9482E-03
# Minimization at step:    83 with Value:     0.0000Tol(Act/Req):0.3594E-03/0.1000E-04
# With parameters(tra.):     0.1318E-04   -0.7232E-05   -0.1949E-04
# With parameters(rot.):     0.2600E-03   -0.4071E-03   -0.9859E-03
# Minimization at step:    84 with Value:     0.0000Tol(Act/Req):0.3505E-03/0.1000E-04
# With parameters(tra.):     0.1406E-04   -0.5031E-05   -0.1886E-04
# With parameters(rot.):     0.2872E-03   -0.3246E-03   -0.1038E-02
# Minimization at step:    85 with Value:     0.0000Tol(Act/Req):0.3371E-03/0.1000E-04
# With parameters(tra.):     0.1459E-04   -0.5052E-05   -0.1335E-04
# With parameters(rot.):     0.1515E-03   -0.9055E-03   -0.8207E-03
# Minimization at step:    86 with Value:     0.0000Tol(Act/Req):0.2798E-03/0.1000E-04
# With parameters(tra.):     0.1523E-04   -0.9236E-05   -0.9632E-05
# With parameters(rot.):     0.2856E-03   -0.5910E-03   -0.2574E-03
# Minimization at step:    87 with Value:     0.0000Tol(Act/Req):0.2696E-03/0.1000E-04
# With parameters(tra.):     0.9527E-05   -0.1443E-04   -0.5126E-05
# With parameters(rot.):     0.4595E-03   -0.7186E-03   -0.4850E-03
# Minimization at step:    88 with Value:     0.0000Tol(Act/Req):0.2458E-03/0.1000E-04
# With parameters(tra.):     0.5200E-05   -0.1111E-04   -0.5852E-05
# With parameters(rot.):     0.6147E-03   -0.9291E-03    0.2134E-04
# Minimization at step:    89 with Value:     0.0000Tol(Act/Req):0.1947E-03/0.1000E-04
# With parameters(tra.):     0.6264E-05   -0.9530E-05   -0.7039E-05
# With parameters(rot.):     0.5842E-03   -0.9147E-03    0.1204E-03
# Minimization at step:    90 with Value:     0.0000Tol(Act/Req):0.1884E-03/0.1000E-04
# With parameters(tra.):     0.5438E-05   -0.9898E-05   -0.7888E-05
# With parameters(rot.):     0.6542E-03   -0.7702E-03    0.1446E-03
# Minimization at step:    91 with Value:     0.0000Tol(Act/Req):0.1842E-03/0.1000E-04
# With parameters(tra.):     0.4033E-05   -0.1271E-04   -0.2737E-05
# With parameters(rot.):     0.3105E-03   -0.7848E-03    0.4459E-03
# Minimization at step:    92 with Value:     0.0000Tol(Act/Req):0.1809E-03/0.1000E-04
# With parameters(tra.):    -0.3333E-06   -0.9686E-05   -0.4162E-05
# With parameters(rot.):     0.1846E-03   -0.1164E-02    0.1171E-03
# Minimization at step:    93 with Value:     0.0000Tol(Act/Req):0.1663E-03/0.1000E-04
# With parameters(tra.):    -0.1094E-05   -0.8974E-05   -0.2619E-05
# With parameters(rot.):     0.1897E-03   -0.1193E-02    0.1874E-03
# Minimization at step:    94 with Value:     0.0000Tol(Act/Req):0.1646E-03/0.1000E-04
# With parameters(tra.):    -0.6552E-07   -0.9671E-05   -0.2134E-05
# With parameters(rot.):     0.2216E-03   -0.1100E-02    0.2755E-03
# Minimization at step:    95 with Value:     0.0000Tol(Act/Req):0.1427E-03/0.1000E-04
# With parameters(tra.):    -0.5586E-07   -0.8714E-05   -0.3372E-05
# With parameters(rot.):     0.3001E-03   -0.1123E-02    0.1859E-03
# Minimization at step:    96 with Value:     0.0000Tol(Act/Req):0.9784E-04/0.1000E-04
# With parameters(tra.):     0.5881E-06   -0.9346E-05   -0.2984E-05
# With parameters(rot.):     0.2351E-03   -0.1086E-02    0.7307E-04
# Minimization at step:    97 with Value:     0.0000Tol(Act/Req):0.8514E-04/0.1000E-04
# With parameters(tra.):     0.8243E-06   -0.6133E-05   -0.4006E-05
# With parameters(rot.):     0.5763E-04   -0.1115E-02    0.2555E-03
# Minimization at step:    98 with Value:     0.0000Tol(Act/Req):0.7836E-04/0.1000E-04
# With parameters(tra.):    -0.2365E-05   -0.5614E-05   -0.4411E-05
# With parameters(rot.):    -0.1251E-05   -0.9410E-03    0.3408E-03
# Minimization at step:    99 with Value:     0.0000Tol(Act/Req):0.7291E-04/0.1000E-04
# With parameters(tra.):    -0.4310E-05   -0.3070E-05   -0.1922E-05
# With parameters(rot.):    -0.5478E-04   -0.9145E-03    0.5325E-03
# Minimization at step:   100 with Value:     0.0000Tol(Act/Req):0.6914E-04/0.1000E-04
# With parameters(tra.):    -0.3668E-05   -0.2264E-05   -0.8825E-06
# With parameters(rot.):    -0.8315E-04   -0.6678E-03    0.7943E-03
# Minimization at step:   101 with Value:     0.0000Tol(Act/Req):0.6617E-04/0.1000E-04
# With parameters(tra.):    -0.3964E-05   -0.1248E-05   -0.1294E-05
# With parameters(rot.):    -0.7583E-04   -0.6412E-03    0.8003E-03
# Minimization at step:   102 with Value:     0.0000Tol(Act/Req):0.6578E-04/0.1000E-04
# With parameters(tra.):    -0.1905E-05   -0.3185E-05   -0.3572E-05
# With parameters(rot.):    -0.2931E-04   -0.5766E-03    0.6978E-03
# Minimization at step:   103 with Value:     0.0000Tol(Act/Req):0.5789E-04/0.1000E-04
# With parameters(tra.):    -0.1448E-05   -0.2395E-05   -0.2992E-05
# With parameters(rot.):    -0.2475E-03   -0.3337E-03    0.6802E-03
# Minimization at step:   104 with Value:     0.0000Tol(Act/Req):0.5275E-04/0.1000E-04
# With parameters(tra.):    -0.2441E-05   -0.4361E-05   -0.1632E-05
# With parameters(rot.):    -0.1717E-03   -0.4474E-04    0.6394E-03
# Minimization at step:   105 with Value:     0.0000Tol(Act/Req):0.4367E-04/0.1000E-04
# With parameters(tra.):    -0.2674E-05   -0.5866E-05   -0.2922E-05
# With parameters(rot.):    -0.1729E-03   -0.8376E-04    0.3260E-03
# Minimization at step:   106 with Value:     0.0000Tol(Act/Req):0.4301E-04/0.1000E-04
# With parameters(tra.):     0.4129E-06   -0.6469E-05   -0.2021E-05
# With parameters(rot.):    -0.1712E-03    0.2799E-04    0.2358E-03
# Minimization at step:   107 with Value:     0.0000Tol(Act/Req):0.4142E-04/0.1000E-04
# With parameters(tra.):     0.8991E-06   -0.6153E-05   -0.2393E-05
# With parameters(rot.):    -0.1901E-03   -0.3819E-04    0.2123E-03
# Minimization at step:   108 with Value:     0.0000Tol(Act/Req):0.3708E-04/0.1000E-04
# With parameters(tra.):    -0.2260E-06   -0.5205E-05    0.2779E-06
# With parameters(rot.):    -0.2902E-03    0.7665E-04    0.1530E-03
# Minimization at step:   109 with Value:     0.0000Tol(Act/Req):0.3537E-04/0.1000E-04
# With parameters(tra.):     0.3614E-07   -0.4774E-05    0.8670E-06
# With parameters(rot.):    -0.2997E-03    0.9977E-04    0.2170E-03
# Minimization at step:   110 with Value:     0.0000Tol(Act/Req):0.3076E-04/0.1000E-04
# With parameters(tra.):     0.2214E-06   -0.4560E-05    0.8414E-06
# With parameters(rot.):    -0.3147E-03    0.1748E-03    0.1713E-03
# Minimization at step:   111 with Value:     0.0000Tol(Act/Req):0.2796E-04/0.1000E-04
# With parameters(tra.):    -0.5662E-06   -0.4250E-05    0.8548E-06
# With parameters(rot.):    -0.3271E-03    0.1591E-03    0.1885E-03
# Minimization at step:   112 with Value:     0.0000Tol(Act/Req):0.2547E-04/0.1000E-04
# With parameters(tra.):    -0.6886E-06   -0.5306E-05    0.1381E-05
# With parameters(rot.):    -0.1834E-03    0.1002E-03    0.7872E-04
# Minimization at step:   113 with Value:     0.0000Tol(Act/Req):0.1692E-04/0.1000E-04
# With parameters(tra.):    -0.4459E-06   -0.5552E-05    0.8056E-06
# With parameters(rot.):    -0.1494E-03    0.7341E-04    0.8736E-04
# Minimization at step:   114 with Value:     0.0000Tol(Act/Req):0.1268E-04/0.1000E-04
# With parameters(tra.):     0.7823E-07   -0.4720E-05    0.1127E-05
# With parameters(rot.):    -0.1737E-03   -0.2174E-04   -0.1175E-05
# Minimization at step:   115 with Value:     0.0000Tol(Act/Req):0.1257E-04/0.1000E-04
# With parameters(tra.):     0.4011E-06   -0.4345E-05    0.1171E-05
# With parameters(rot.):    -0.1567E-03    0.6284E-04   -0.1500E-03
# Minimization at step:   116 with Value:     0.0000Tol(Act/Req):0.1209E-04/0.1000E-04
# With parameters(tra.):     0.1047E-05   -0.3339E-05    0.2451E-05
# With parameters(rot.):    -0.1280E-03    0.9678E-04   -0.1444E-03
# Minimization at step:   117 with Value:     0.0000Tol(Act/Req):0.1185E-04/0.1000E-04
# With parameters(tra.):     0.9425E-08   -0.2416E-05    0.3009E-05
# With parameters(rot.):    -0.8631E-04    0.4460E-04   -0.2210E-03
# Minimization at step:   118 with Value:     0.0000Tol(Act/Req):0.1109E-04/0.1000E-04
# With parameters(tra.):    -0.4440E-06   -0.2147E-05    0.3578E-05
# With parameters(rot.):    -0.7988E-04   -0.4606E-04   -0.9584E-04
# Minimization at step:   119 with Value:     0.0000Tol(Act/Req):0.1017E-04/0.1000E-04
# With parameters(tra.):    -0.3216E-06   -0.8295E-06    0.3864E-05
# With parameters(rot.):    -0.1259E-03   -0.5314E-04   -0.8459E-04
# Minimization at step:   120 with Value:     0.0000Tol(Act/Req):0.9778E-05/0.1000E-04
# With parameters(tra.):    -0.1899E-06   -0.5587E-06    0.3831E-05
# With parameters(rot.):    -0.1069E-03   -0.7706E-04   -0.9460E-04
# CSM Values after x minimization.
# Final Number of optim. Steps:   120
#      Before min is:      0.00000448711
# Final CSM Value is:      0.00000448714
# Coordinates rotated along Y.
[molecule] Nrec=   6 Format=nscxyz
  c                1    6    0.12246468D-15   0.10000000D+01  -0.12325952D-31
  c                2    6   -0.10000000D+01   0.12246468D-15   0.61232340D-16
  c                3    6    0.61232340D-16   0.48271527D-32   0.10000000D+01
  c                4    6    0.10000000D+01  -0.12246468D-15  -0.61232340D-16
  c                5    6   -0.61232340D-16  -0.48271527D-32  -0.10000000D+01
  c                6    6   -0.12246468D-15  -0.10000000D+01   0.12325952D-31
# Minimization at step:     0 with Value:     0.0032Tol(Act/Req):0.1998E+01/0.1000E-04
# With parameters(tra.):     0.1429E-01    0.1429E-01    0.1429E-01
# With parameters(rot.):     0.1429E-01    0.1429E-01    0.1429E-01
# Minimization at step:     1 with Value:     0.0025Tol(Act/Req):0.1998E+01/0.1000E-04
# With parameters(tra.):     0.1548E-01    0.1548E-01    0.7143E-02
# With parameters(rot.):     0.1548E-01    0.1548E-01    0.1548E-01
# Minimization at step:     2 with Value:     0.0017Tol(Act/Req):0.1998E+01/0.1000E-04
# With parameters(tra.):     0.1677E-01    0.8433E-02    0.7738E-02
# With parameters(rot.):     0.1677E-01    0.1677E-01    0.1677E-01
# Minimization at step:     3 with Value:     0.0008Tol(Act/Req):0.1991E+01/0.1000E-04
# With parameters(tra.):    -0.4043E-02    0.1054E-01    0.9673E-02
# With parameters(rot.):     0.2096E-01    0.2096E-01    0.2096E-01
# Minimization at step:     4 with Value:     0.0008Tol(Act/Req):0.1991E+01/0.1000E-04
# With parameters(tra.):    -0.8399E-02   -0.2844E-02    0.1151E-01
# With parameters(rot.):     0.2493E-01    0.2493E-01    0.2493E-01
# Minimization at step:     5 with Value:     0.0006Tol(Act/Req):0.1991E+01/0.1000E-04
# With parameters(tra.):    -0.9794E-02   -0.3775E-02    0.8300E-02
# With parameters(rot.):     0.2632E-01    0.2632E-01    0.2632E-01
# Minimization at step:     6 with Value:     0.0006Tol(Act/Req):0.1991E+01/0.1000E-04
# With parameters(tra.):    -0.5902E-02    0.9299E-02    0.5396E-02
# With parameters(rot.):     0.2280E-01    0.2280E-01    0.2280E-01
# Minimization at step:     7 with Value:     0.0006Tol(Act/Req):0.1990E+01/0.1000E-04
# With parameters(tra.):     0.7351E-02    0.7479E-02    0.2680E-02
# With parameters(rot.):     0.2062E-01    0.2062E-01    0.2062E-01
# Minimization at step:     8 with Value:     0.0004Tol(Act/Req):0.1990E+01/0.1000E-04
# With parameters(tra.):     0.7482E-02    0.4059E-02    0.3180E-02
# With parameters(rot.):     0.2132E-01    0.2132E-01    0.2132E-01
# Minimization at step:     9 with Value:     0.0002Tol(Act/Req):0.1970E+01/0.1000E-04
# With parameters(tra.):     0.4180E-02    0.4229E-02    0.3901E-02
# With parameters(rot.):     0.2192E-01    0.2192E-01    0.2192E-01
# Minimization at step:    10 with Value:     0.0002Tol(Act/Req):0.1964E+01/0.1000E-04
# With parameters(tra.):     0.4647E-02    0.4430E-02    0.1930E-02
# With parameters(rot.):     0.2225E-01    0.2225E-01    0.2225E-01
# Minimization at step:    11 with Value:     0.0001Tol(Act/Req):0.1960E+01/0.1000E-04
# With parameters(tra.):     0.3965E-02   -0.2286E-02    0.2513E-02
# With parameters(rot.):     0.2395E-01    0.2395E-01    0.2395E-01
# Minimization at step:    12 with Value:     0.0001Tol(Act/Req):0.1956E+01/0.1000E-04
# With parameters(tra.):     0.2296E-02   -0.2744E-02    0.2758E-02
# With parameters(rot.):     0.2442E-01    0.2442E-01    0.2442E-01
# Minimization at step:    13 with Value:     0.0001Tol(Act/Req):0.1890E+01/0.1000E-04
# With parameters(tra.):     0.2327E-02   -0.1103E-02    0.2633E-02
# With parameters(rot.):     0.2404E-01    0.2404E-01    0.2404E-01
# Minimization at step:    14 with Value:     0.0000Tol(Act/Req):0.1857E+01/0.1000E-04
# With parameters(tra.):     0.2368E-02   -0.1464E-02    0.1706E-02
# With parameters(rot.):     0.2435E-01    0.2435E-01    0.2435E-01
# Minimization at step:    15 with Value:     0.0000Tol(Act/Req):0.1840E+01/0.1000E-04
# With parameters(tra.):    -0.9463E-03   -0.1953E-02    0.1844E-02
# With parameters(rot.):     0.2526E-01    0.2526E-01    0.2526E-01
# Minimization at step:    16 with Value:     0.0000Tol(Act/Req):0.1840E+01/0.1000E-04
# With parameters(tra.):    -0.1975E-02    0.1046E-02    0.1331E-02
# With parameters(rot.):     0.2490E-01    0.2490E-01    0.2490E-01
# Minimization at step:    17 with Value:     0.0000Tol(Act/Req):0.1829E+01/0.1000E-04
# With parameters(tra.):    -0.1232E-02    0.1418E-02    0.1254E-02
# With parameters(rot.):     0.2464E-01    0.2464E-01    0.2464E-01
# Minimization at step:    18 with Value:     0.0000Tol(Act/Req):0.1661E+01/0.1000E-04
# With parameters(tra.):    -0.9128E-03    0.6993E-03    0.1375E-02
# With parameters(rot.):     0.2471E-01    0.2471E-01    0.2471E-01
# Minimization at step:    19 with Value:     0.0000Tol(Act/Req):0.1508E+01/0.1000E-04
# With parameters(tra.):    -0.1166E-02    0.6993E-03    0.8846E-03
# With parameters(rot.):     0.2490E-01    0.2490E-01    0.2490E-01
# Minimization at step:    20 with Value:     0.0000Tol(Act/Req):0.1481E+01/0.1000E-04
# With parameters(tra.):     0.3416E-03    0.1204E-02    0.6067E-03
# With parameters(rot.):     0.2446E-01    0.2446E-01    0.2446E-01
# Minimization at step:    21 with Value:     0.0000Tol(Act/Req):0.1452E+01/0.1000E-04
# With parameters(tra.):     0.6056E-03    0.8869E-03    0.6036E-03
# With parameters(rot.):     0.2448E-01    0.2448E-01    0.2448E-01
# Minimization at step:    22 with Value:     0.0000Tol(Act/Req):0.1134E+01/0.1000E-04
# With parameters(tra.):     0.2507E-03    0.7343E-03    0.6728E-03
# With parameters(rot.):     0.2459E-01    0.2459E-01    0.2459E-01
# Minimization at step:    23 with Value:     0.0000Tol(Act/Req):0.8830E+00/0.1000E-04
# With parameters(tra.):     0.2250E-03    0.7430E-03   -0.1165E-03
# With parameters(rot.):     0.2479E-01    0.2479E-01    0.2479E-01
# Minimization at step:    24 with Value:     0.0000Tol(Act/Req):0.8456E+00/0.1000E-04
# With parameters(tra.):     0.5259E-03    0.2312E-03   -0.3011E-03
# With parameters(rot.):     0.2489E-01    0.2489E-01    0.2489E-01
# Minimization at step:    25 with Value:     0.0000Tol(Act/Req):0.4778E+00/0.1000E-04
# With parameters(tra.):     0.6240E-04   -0.1236E-03   -0.4408E-03
# With parameters(rot.):     0.2513E-01    0.2513E-01    0.2513E-01
# Minimization at step:    26 with Value:     0.0000Tol(Act/Req):0.3579E+00/0.1000E-04
# With parameters(tra.):     0.3457E-04   -0.3446E-03   -0.1273E-03
# With parameters(rot.):     0.2511E-01    0.2511E-01    0.2511E-01
# Minimization at step:    27 with Value:     0.0000Tol(Act/Req):0.3134E+00/0.1000E-04
# With parameters(tra.):    -0.5653E-04   -0.3073E-03   -0.8199E-04
# With parameters(rot.):     0.2511E-01    0.2511E-01    0.2511E-01
# Minimization at step:    28 with Value:     0.0000Tol(Act/Req):0.1786E+00/0.1000E-04
# With parameters(tra.):     0.1455E-03   -0.1758E-03    0.7756E-04
# With parameters(rot.):     0.2499E-01    0.2499E-01    0.2499E-01
# Minimization at step:    29 with Value:     0.0000Tol(Act/Req):0.1786E+00/0.1000E-04
# With parameters(tra.):     0.1576E-03   -0.1905E-03    0.8402E-04
# With parameters(rot.):     0.2707E-01    0.2707E-01    0.1874E-01
# Minimization at step:    30 with Value:     0.0000Tol(Act/Req):0.1786E+00/0.1000E-04
# With parameters(tra.):     0.1708E-03   -0.2064E-03    0.9102E-04
# With parameters(rot.):     0.2933E-01    0.2099E-01    0.2030E-01
# Minimization at step:    31 with Value:     0.0000Tol(Act/Req):0.1697E+00/0.1000E-04
# With parameters(tra.):     0.1850E-03   -0.2236E-03    0.9861E-04
# With parameters(rot.):     0.2344E-01    0.2274E-01    0.2199E-01
# Minimization at step:    32 with Value:     0.0000Tol(Act/Req):0.1378E+00/0.1000E-04
# With parameters(tra.):     0.2537E-03   -0.3586E-04   -0.3514E-04
# With parameters(rot.):     0.2289E-01    0.2196E-01    0.2096E-01
# Minimization at step:    33 with Value:     0.0000Tol(Act/Req):0.1296E+00/0.1000E-04
# With parameters(tra.):     0.1749E-03    0.1293E-03    0.7101E-04
# With parameters(rot.):     0.2215E-01    0.2092E-01    0.1958E-01
# Minimization at step:    34 with Value:     0.0000Tol(Act/Req):0.1100E+00/0.1000E-04
# With parameters(tra.):     0.1512E-03    0.9611E-04    0.1133E-03
# With parameters(rot.):     0.2223E-01    0.2103E-01    0.1972E-01
# Minimization at step:    35 with Value:     0.0000Tol(Act/Req):0.1058E+00/0.1000E-04
# With parameters(tra.):     0.1836E-04    0.9912E-04    0.1884E-04
# With parameters(rot.):     0.2139E-01    0.1979E-01    0.1805E-01
# Minimization at step:    36 with Value:     0.0000Tol(Act/Req):0.7684E-01/0.1000E-04
# With parameters(tra.):     0.2502E-04    0.5533E-04   -0.1204E-04
# With parameters(rot.):     0.2151E-01    0.1996E-01    0.1827E-01
# Minimization at step:    37 with Value:     0.0000Tol(Act/Req):0.7489E-01/0.1000E-04
# With parameters(tra.):     0.1510E-06    0.1139E-03   -0.3375E-04
# With parameters(rot.):     0.9092E-02    0.2253E-01    0.2041E-01
# Minimization at step:    38 with Value:     0.0000Tol(Act/Req):0.7289E-01/0.1000E-04
# With parameters(tra.):    -0.3045E-04    0.1889E-03   -0.6134E-04
# With parameters(rot.):     0.6859E-02    0.1088E-01    0.2357E-01
# Minimization at step:    39 with Value:     0.0000Tol(Act/Req):0.6652E-01/0.1000E-04
# With parameters(tra.):    -0.4006E-04    0.2132E-03   -0.7022E-04
# With parameters(rot.):     0.6216E-02    0.1057E-01    0.2085E-01
# Minimization at step:    40 with Value:     0.0000Tol(Act/Req):0.6328E-01/0.1000E-04
# With parameters(tra.):    -0.3321E-04    0.1965E-03   -0.6407E-04
# With parameters(rot.):     0.6721E-02    0.1346E-01    0.1983E-01
# Minimization at step:    41 with Value:     0.0000Tol(Act/Req):0.5641E-01/0.1000E-04
# With parameters(tra.):    -0.2290E-04    0.1732E-03   -0.5536E-04
# With parameters(rot.):     0.1544E-01    0.9265E-02    0.1808E-01
# Minimization at step:    42 with Value:     0.0000Tol(Act/Req):0.5280E-01/0.1000E-04
# With parameters(tra.):    -0.1284E-03    0.1325E-03   -0.2701E-04
# With parameters(rot.):     0.1333E-01    0.5559E-02    0.1782E-01
# Minimization at step:    43 with Value:     0.0000Tol(Act/Req):0.4328E-01/0.1000E-04
# With parameters(tra.):    -0.4453E-04    0.1407E-03    0.5215E-04
# With parameters(rot.):     0.1148E-01    0.2054E-02    0.1941E-01
# Minimization at step:    44 with Value:     0.0000Tol(Act/Req):0.4072E-01/0.1000E-04
# With parameters(tra.):    -0.5440E-04    0.8152E-04    0.1178E-04
# With parameters(rot.):     0.8380E-02   -0.3579E-02    0.2023E-01
# Minimization at step:    45 with Value:     0.0000Tol(Act/Req):0.3928E-01/0.1000E-04
# With parameters(tra.):    -0.2186E-04    0.8743E-04    0.7922E-05
# With parameters(rot.):     0.8495E-02   -0.3414E-02    0.2050E-01
# Minimization at step:    46 with Value:     0.0000Tol(Act/Req):0.3351E-01/0.1000E-04
# With parameters(tra.):    -0.4094E-04    0.8096E-04   -0.1555E-04
# With parameters(rot.):     0.8709E-02   -0.2993E-02    0.2019E-01
# Minimization at step:    47 with Value:     0.0000Tol(Act/Req):0.3127E-01/0.1000E-04
# With parameters(tra.):    -0.6046E-04    0.8546E-04   -0.1510E-04
# With parameters(rot.):     0.8253E-02   -0.8131E-02    0.1452E-01
# Minimization at step:    48 with Value:     0.0000Tol(Act/Req):0.2875E-01/0.1000E-04
# With parameters(tra.):    -0.5584E-04    0.1501E-04    0.1354E-04
# With parameters(rot.):     0.9774E-02   -0.9558E-02    0.1072E-01
# Minimization at step:    49 with Value:     0.0000Tol(Act/Req):0.2344E-01/0.1000E-04
# With parameters(tra.):    -0.6923E-04   -0.1289E-04    0.2641E-04
# With parameters(rot.):     0.3995E-02   -0.1217E-01    0.9750E-02
# Minimization at step:    50 with Value:     0.0000Tol(Act/Req):0.1741E-01/0.1000E-04
# With parameters(tra.):    -0.6429E-04    0.1478E-04    0.7167E-04
# With parameters(rot.):     0.5636E-02   -0.9396E-02    0.5441E-02
# Minimization at step:    51 with Value:     0.0000Tol(Act/Req):0.1730E-01/0.1000E-04
# With parameters(tra.):    -0.7578E-04    0.6032E-05    0.6720E-04
# With parameters(rot.):     0.5486E-02   -0.9719E-02    0.4058E-02
# Minimization at step:    52 with Value:     0.0000Tol(Act/Req):0.1642E-01/0.1000E-04
# With parameters(tra.):    -0.2867E-04   -0.9285E-05    0.7925E-04
# With parameters(rot.):     0.4713E-02   -0.1149E-01   -0.8873E-03
# Minimization at step:    53 with Value:     0.0000Tol(Act/Req):0.1629E-01/0.1000E-04
# With parameters(tra.):    -0.2423E-04    0.5307E-04    0.7251E-04
# With parameters(rot.):     0.1507E-02   -0.1071E-01   -0.9499E-03
# Minimization at step:    54 with Value:     0.0000Tol(Act/Req):0.1567E-01/0.1000E-04
# With parameters(tra.):     0.7362E-05    0.3777E-04    0.1013E-03
# With parameters(rot.):    -0.2869E-03   -0.6430E-02   -0.4405E-03
# Minimization at step:    55 with Value:     0.0000Tol(Act/Req):0.1294E-01/0.1000E-04
# With parameters(tra.):    -0.1414E-05    0.4553E-04    0.1001E-03
# With parameters(rot.):    -0.5105E-03   -0.5565E-02    0.8331E-03
# Minimization at step:    56 with Value:     0.0000Tol(Act/Req):0.1266E-01/0.1000E-04
# With parameters(tra.):    -0.6225E-06    0.2931E-04    0.1041E-03
# With parameters(rot.):     0.1231E-03   -0.5332E-02    0.9974E-03
# Minimization at step:    57 with Value:     0.0000Tol(Act/Req):0.1131E-01/0.1000E-04
# With parameters(tra.):     0.1567E-04    0.6475E-05    0.6960E-04
# With parameters(rot.):    -0.3355E-02   -0.6748E-02    0.3825E-02
# Minimization at step:    58 with Value:     0.0000Tol(Act/Req):0.1091E-01/0.1000E-04
# With parameters(tra.):     0.5289E-04    0.3153E-04    0.7542E-04
# With parameters(rot.):    -0.1952E-02   -0.3203E-02    0.2493E-02
# Minimization at step:    59 with Value:     0.0000Tol(Act/Req):0.9194E-02/0.1000E-04
# With parameters(tra.):     0.5192E-04    0.3933E-04    0.8452E-04
# With parameters(rot.):    -0.9660E-03   -0.2553E-02    0.1675E-02
# Minimization at step:    60 with Value:     0.0000Tol(Act/Req):0.9189E-02/0.1000E-04
# With parameters(tra.):     0.4253E-04    0.3371E-04    0.8382E-04
# With parameters(rot.):    -0.1234E-02   -0.3386E-02    0.1940E-02
# Minimization at step:    61 with Value:     0.0000Tol(Act/Req):0.7199E-02/0.1000E-04
# With parameters(tra.):     0.2763E-04    0.4417E-04    0.5790E-04
# With parameters(rot.):    -0.1262E-03   -0.5834E-02    0.2153E-02
# Minimization at step:    62 with Value:     0.0000Tol(Act/Req):0.5675E-02/0.1000E-04
# With parameters(tra.):     0.3913E-04    0.3939E-04    0.4587E-04
# With parameters(rot.):    -0.2296E-02   -0.5185E-02   -0.1248E-02
# Minimization at step:    63 with Value:     0.0000Tol(Act/Req):0.5467E-02/0.1000E-04
# With parameters(tra.):     0.3510E-04    0.5284E-04    0.2544E-04
# With parameters(rot.):    -0.3338E-02   -0.3329E-02    0.6059E-03
# Minimization at step:    64 with Value:     0.0000Tol(Act/Req):0.4987E-02/0.1000E-04
# With parameters(tra.):     0.3189E-04    0.5516E-04    0.2675E-04
# With parameters(rot.):    -0.2882E-02   -0.3337E-02    0.1611E-02
# Minimization at step:    65 with Value:     0.0000Tol(Act/Req):0.3782E-02/0.1000E-04
# With parameters(tra.):     0.4431E-04    0.3134E-04    0.8937E-05
# With parameters(rot.):    -0.2617E-02   -0.2205E-02    0.2144E-02
# Minimization at step:    66 with Value:     0.0000Tol(Act/Req):0.3492E-02/0.1000E-04
# With parameters(tra.):     0.3976E-04    0.2834E-04    0.2349E-05
# With parameters(rot.):    -0.2866E-02   -0.2523E-02    0.2293E-02
# Minimization at step:    67 with Value:     0.0000Tol(Act/Req):0.3412E-02/0.1000E-04
# With parameters(tra.):     0.4116E-04    0.2293E-04    0.5532E-05
# With parameters(rot.):    -0.2567E-02   -0.2920E-02    0.1970E-02
# Minimization at step:    68 with Value:     0.0000Tol(Act/Req):0.3279E-02/0.1000E-04
# With parameters(tra.):     0.3563E-04    0.3306E-04   -0.2599E-05
# With parameters(rot.):    -0.1127E-02   -0.1743E-02    0.4327E-03
# Minimization at step:    69 with Value:     0.0000Tol(Act/Req):0.2110E-02/0.1000E-04
# With parameters(tra.):     0.3878E-04    0.3039E-04   -0.3322E-05
# With parameters(rot.):    -0.1395E-02   -0.9942E-03    0.2538E-03
# Minimization at step:    70 with Value:     0.0000Tol(Act/Req):0.2044E-02/0.1000E-04
# With parameters(tra.):     0.3521E-04    0.3626E-04    0.1089E-06
# With parameters(rot.):    -0.1360E-02   -0.1176E-02   -0.3688E-04
# Minimization at step:    71 with Value:     0.0000Tol(Act/Req):0.1505E-02/0.1000E-04
# With parameters(tra.):     0.2990E-04    0.3460E-04   -0.6156E-05
# With parameters(rot.):     0.5862E-04   -0.4708E-03    0.1423E-02
# Minimization at step:    72 with Value:     0.0000Tol(Act/Req):0.1490E-02/0.1000E-04
# With parameters(tra.):     0.1752E-04    0.3068E-04   -0.2217E-04
# With parameters(rot.):     0.5348E-03   -0.4222E-03    0.1432E-02
# Minimization at step:    73 with Value:     0.0000Tol(Act/Req):0.1434E-02/0.1000E-04
# With parameters(tra.):     0.1739E-04    0.2795E-04   -0.2177E-04
# With parameters(rot.):     0.3135E-03   -0.6063E-03    0.1900E-02
# Minimization at step:    74 with Value:     0.0000Tol(Act/Req):0.1404E-02/0.1000E-04
# With parameters(tra.):     0.1227E-04    0.1881E-04   -0.2450E-04
# With parameters(rot.):     0.1873E-02   -0.6288E-03    0.1231E-02
# Minimization at step:    75 with Value:     0.0000Tol(Act/Req):0.1089E-02/0.1000E-04
# With parameters(tra.):     0.1170E-04    0.1521E-04   -0.2435E-04
# With parameters(rot.):     0.1059E-02   -0.1387E-02   -0.2938E-03
# Minimization at step:    76 with Value:     0.0000Tol(Act/Req):0.1082E-02/0.1000E-04
# With parameters(tra.):     0.1294E-04    0.1719E-04   -0.2365E-04
# With parameters(rot.):     0.6017E-03   -0.1444E-02   -0.2536E-03
# Minimization at step:    77 with Value:     0.0000Tol(Act/Req):0.1079E-02/0.1000E-04
# With parameters(tra.):     0.1565E-04    0.1705E-04   -0.1977E-04
# With parameters(rot.):     0.4882E-03   -0.1542E-02   -0.3963E-03
# Minimization at step:    78 with Value:     0.0000Tol(Act/Req):0.9081E-03/0.1000E-04
# With parameters(tra.):     0.1459E-04    0.9709E-05   -0.2497E-04
# With parameters(rot.):     0.5569E-03   -0.5550E-03   -0.8272E-03
# Minimization at step:    79 with Value:     0.0000Tol(Act/Req):0.7224E-03/0.1000E-04
# With parameters(tra.):     0.1498E-04    0.1015E-04   -0.2506E-04
# With parameters(rot.):     0.7185E-03   -0.2962E-03   -0.4905E-03
# Minimization at step:    80 with Value:     0.0000Tol(Act/Req):0.5633E-03/0.1000E-04
# With parameters(tra.):     0.1151E-04    0.1091E-04   -0.2544E-04
# With parameters(rot.):     0.9094E-03   -0.3139E-03   -0.6736E-03
# Minimization at step:    81 with Value:     0.0000Tol(Act/Req):0.4184E-03/0.1000E-04
# With parameters(tra.):     0.9290E-05   -0.2253E-06   -0.2586E-04
# With parameters(rot.):     0.6654E-03   -0.5846E-03   -0.5962E-03
# Minimization at step:    82 with Value:     0.0000Tol(Act/Req):0.3981E-03/0.1000E-04
# With parameters(tra.):     0.1260E-04   -0.6270E-05   -0.2013E-04
# With parameters(rot.):     0.4975E-03   -0.4603E-03   -0.9482E-03
# Minimization at step:    83 with Value:     0.0000Tol(Act/Req):0.3594E-03/0.1000E-04
# With parameters(tra.):     0.1318E-04   -0.7232E-05   -0.1949E-04
# With parameters(rot.):     0.2600E-03   -0.4071E-03   -0.9859E-03
# Minimization at step:    84 with Value:     0.0000Tol(Act/Req):0.3505E-03/0.1000E-04
# With parameters(tra.):     0.1406E-04   -0.5031E-05   -0.1886E-04
# With parameters(rot.):     0.2872E-03   -0.3246E-03   -0.1038E-02
# Minimization at step:    85 with Value:     0.0000Tol(Act/Req):0.3371E-03/0.1000E-04
# With parameters(tra.):     0.1459E-04   -0.5052E-05   -0.1335E-04
# With parameters(rot.):     0.1515E-03   -0.9055E-03   -0.8207E-03
# Minimization at step:    86 with Value:     0.0000Tol(Act/Req):0.2798E-03/0.1000E-04
# With parameters(tra.):     0.1523E-04   -0.9236E-05   -0.9632E-05
# With parameters(rot.):     0.2856E-03   -0.5910E-03   -0.2574E-03
# Minimization at step:    87 with Value:     0.0000Tol(Act/Req):0.2696E-03/0.1000E-04
# With parameters(tra.):     0.9527E-05   -0.1443E-04   -0.5126E-05
# With parameters(rot.):     0.4595E-03   -0.7186E-03   -0.4850E-03
# Minimization at step:    88 with Value:     0.0000Tol(Act/Req):0.2458E-03/0.1000E-04
# With parameters(tra.):     0.5200E-05   -0.1111E-04   -0.5852E-05
# With parameters(rot.):     0.6147E-03   -0.9291E-03    0.2134E-04
# Minimization at step:    89 with Value:     0.0000Tol(Act/Req):0.1947E-03/0.1000E-04
# With parameters(tra.):     0.6264E-05   -0.9530E-05   -0.7039E-05
# With parameters(rot.):     0.5842E-03   -0.9147E-03    0.1204E-03
# Minimization at step:    90 with Value:     0.0000Tol(Act/Req):0.1884E-03/0.1000E-04
# With parameters(tra.):     0.5438E-05   -0.9898E-05   -0.7888E-05
# With parameters(rot.):     0.6542E-03   -0.7702E-03    0.1446E-03
# Minimization at step:    91 with Value:     0.0000Tol(Act/Req):0.1842E-03/0.1000E-04
# With parameters(tra.):     0.4033E-05   -0.1271E-04   -0.2737E-05
# With parameters(rot.):     0.3105E-03   -0.7848E-03    0.4459E-03
# Minimization at step:    92 with Value:     0.0000Tol(Act/Req):0.1809E-03/0.1000E-04
# With parameters(tra.):    -0.3333E-06   -0.9686E-05   -0.4162E-05
# With parameters(rot.):     0.1846E-03   -0.1164E-02    0.1171E-03
# Minimization at step:    93 with Value:     0.0000Tol(Act/Req):0.1663E-03/0.1000E-04
# With parameters(tra.):    -0.1094E-05   -0.8974E-05   -0.2619E-05
# With parameters(rot.):     0.1897E-03   -0.1193E-02    0.1874E-03
# Minimization at step:    94 with Value:     0.0000Tol(Act/Req):0.1646E-03/0.1000E-04
# With parameters(tra.):    -0.6552E-07   -0.9671E-05   -0.2134E-05
# With parameters(rot.):     0.2216E-03   -0.1100E-02    0.2755E-03
# Minimization at step:    95 with Value:     0.0000Tol(Act/Req):0.1427E-03/0.1000E-04
# With parameters(tra.):    -0.5586E-07   -0.8714E-05   -0.3372E-05
# With parameters(rot.):     0.3001E-03   -0.1123E-02    0.1859E-03
# Minimization at step:    96 with Value:     0.0000Tol(Act/Req):0.9784E-04/0.1000E-04
# With parameters(tra.):     0.5881E-06   -0.9346E-05   -0.2984E-05
# With parameters(rot.):     0.2351E-03   -0.1086E-02    0.7307E-04
# Minimization at step:    97 with Value:     0.0000Tol(Act/Req):0.8514E-04/0.1000E-04
# With parameters(tra.):     0.8243E-06   -0.6133E-05   -0.4006E-05
# With parameters(rot.):     0.5763E-04   -0.1115E-02    0.2555E-03
# Minimization at step:    98 with Value:     0.0000Tol(Act/Req):0.7836E-04/0.1000E-04
# With parameters(tra.):    -0.2365E-05   -0.5614E-05   -0.4411E-05
# With parameters(rot.):    -0.1251E-05   -0.9410E-03    0.3408E-03
# Minimization at step:    99 with Value:     0.0000Tol(Act/Req):0.7291E-04/0.1000E-04
# With parameters(tra.):    -0.4310E-05   -0.3070E-05   -0.1922E-05
# With parameters(rot.):    -0.5478E-04   -0.9145E-03    0.5325E-03
# Minimization at step:   100 with Value:     0.0000Tol(Act/Req):0.6914E-04/0.1000E-04
# With parameters(tra.):    -0.3668E-05   -0.2264E-05   -0.8825E-06
# With parameters(rot.):    -0.8315E-04   -0.6678E-03    0.7943E-03
# Minimization at step:   101 with Value:     0.0000Tol(Act/Req):0.6617E-04/0.1000E-04
# With parameters(tra.):    -0.3964E-05   -0.1248E-05   -0.1294E-05
# With parameters(rot.):    -0.7583E-04   -0.6412E-03    0.8003E-03
# Minimization at step:   102 with Value:     0.0000Tol(Act/Req):0.6578E-04/0.1000E-04
# With parameters(tra.):    -0.1905E-05   -0.3185E-05   -0.3572E-05
# With parameters(rot.):    -0.2931E-04   -0.5766E-03    0.6978E-03
# Minimization at step:   103 with Value:     0.0000Tol(Act/Req):0.5789E-04/0.1000E-04
# With parameters(tra.):    -0.1448E-05   -0.2395E-05   -0.2992E-05
# With parameters(rot.):    -0.2475E-03   -0.3337E-03    0.6802E-03
# Minimization at step:   104 with Value:     0.0000Tol(Act/Req):0.5275E-04/0.1000E-04
# With parameters(tra.):    -0.2441E-05   -0.4361E-05   -0.1632E-05
# With parameters(rot.):    -0.1717E-03   -0.4474E-04    0.6394E-03
# Minimization at step:   105 with Value:     0.0000Tol(Act/Req):0.4367E-04/0.1000E-04
# With parameters(tra.):    -0.2674E-05   -0.5866E-05   -0.2922E-05
# With parameters(rot.):    -0.1729E-03   -0.8376E-04    0.3260E-03
# Minimization at step:   106 with Value:     0.0000Tol(Act/Req):0.4301E-04/0.1000E-04
# With parameters(tra.):     0.4129E-06   -0.6469E-05   -0.2021E-05
# With parameters(rot.):    -0.1712E-03    0.2799E-04    0.2358E-03
# Minimization at step:   107 with Value:     0.0000Tol(Act/Req):0.4142E-04/0.1000E-04
# With parameters(tra.):     0.8991E-06   -0.6153E-05   -0.2393E-05
# With parameters(rot.):    -0.1901E-03   -0.3819E-04    0.2123E-03
# Minimization at step:   108 with Value:     0.0000Tol(Act/Req):0.3708E-04/0.1000E-04
# With parameters(tra.):    -0.2260E-06   -0.5205E-05    0.2779E-06
# With parameters(rot.):    -0.2902E-03    0.7665E-04    0.1530E-03
# Minimization at step:   109 with Value:     0.0000Tol(Act/Req):0.3537E-04/0.1000E-04
# With parameters(tra.):     0.3614E-07   -0.4774E-05    0.8670E-06
# With parameters(rot.):    -0.2997E-03    0.9977E-04    0.2170E-03
# Minimization at step:   110 with Value:     0.0000Tol(Act/Req):0.3076E-04/0.1000E-04
# With parameters(tra.):     0.2214E-06   -0.4560E-05    0.8414E-06
# With parameters(rot.):    -0.3147E-03    0.1748E-03    0.1713E-03
# Minimization at step:   111 with Value:     0.0000Tol(Act/Req):0.2796E-04/0.1000E-04
# With parameters(tra.):    -0.5662E-06   -0.4250E-05    0.8548E-06
# With parameters(rot.):    -0.3271E-03    0.1591E-03    0.1885E-03
# Minimization at step:   112 with Value:     0.0000Tol(Act/Req):0.2547E-04/0.1000E-04
# With parameters(tra.):    -0.6886E-06   -0.5306E-05    0.1381E-05
# With parameters(rot.):    -0.1834E-03    0.1002E-03    0.7872E-04
# Minimization at step:   113 with Value:     0.0000Tol(Act/Req):0.1692E-04/0.1000E-04
# With parameters(tra.):    -0.4459E-06   -0.5552E-05    0.8056E-06
# With parameters(rot.):    -0.1494E-03    0.7341E-04    0.8736E-04
# Minimization at step:   114 with Value:     0.0000Tol(Act/Req):0.1268E-04/0.1000E-04
# With parameters(tra.):     0.7823E-07   -0.4720E-05    0.1127E-05
# With parameters(rot.):    -0.1737E-03   -0.2174E-04   -0.1175E-05
# Minimization at step:   115 with Value:     0.0000Tol(Act/Req):0.1257E-04/0.1000E-04
# With parameters(tra.):     0.4011E-06   -0.4345E-05    0.1171E-05
# With parameters(rot.):    -0.1567E-03    0.6284E-04   -0.1500E-03
# Minimization at step:   116 with Value:     0.0000Tol(Act/Req):0.1209E-04/0.1000E-04
# With parameters(tra.):     0.1047E-05   -0.3339E-05    0.2451E-05
# With parameters(rot.):    -0.1280E-03    0.9678E-04   -0.1444E-03
# Minimization at step:   117 with Value:     0.0000Tol(Act/Req):0.1185E-04/0.1000E-04
# With parameters(tra.):     0.9425E-08   -0.2416E-05    0.3009E-05
# With parameters(rot.):    -0.8631E-04    0.4460E-04   -0.2210E-03
# Minimization at step:   118 with Value:     0.0000Tol(Act/Req):0.1109E-04/0.1000E-04
# With parameters(tra.):    -0.4440E-06   -0.2147E-05    0.3578E-05
# With parameters(rot.):    -0.7988E-04   -0.4606E-04   -0.9584E-04
# Minimization at step:   119 with Value:     0.0000Tol(Act/Req):0.1017E-04/0.1000E-04
# With parameters(tra.):    -0.3216E-06   -0.8295E-06    0.3864E-05
# With parameters(rot.):    -0.1259E-03   -0.5314E-04   -0.8459E-04
# Minimization at step:   120 with Value:     0.0000Tol(Act/Req):0.9778E-05/0.1000E-04
# With parameters(tra.):    -0.1899E-06   -0.5587E-06    0.3831E-05
# With parameters(rot.):    -0.1069E-03   -0.7706E-04   -0.9460E-04
# CSM Values after y minimization.
# Final Number of optim. Steps:   120
#      Before min is:      0.00000448711
# Final CSM Value is:      0.00000448714
# Coordinates rotated along Z.
[molecule] Nrec=   6 Format=nscxyz
  c                1    6    0.10000000D+01   0.61232340D-16   0.00000000D+00
  c                2    6    0.00000000D+00   0.00000000D+00   0.10000000D+01
  c                3    6    0.61232340D-16  -0.10000000D+01   0.00000000D+00
  c                4    6    0.00000000D+00   0.00000000D+00  -0.10000000D+01
  c                5    6   -0.61232340D-16   0.10000000D+01   0.00000000D+00
  c                6    6   -0.10000000D+01  -0.61232340D-16   0.00000000D+00
# Minimization at step:     0 with Value:     0.0032Tol(Act/Req):0.1998E+01/0.1000E-04
# With parameters(tra.):     0.1429E-01    0.1429E-01    0.1429E-01
# With parameters(rot.):     0.1429E-01    0.1429E-01    0.1429E-01
# Minimization at step:     1 with Value:     0.0025Tol(Act/Req):0.1998E+01/0.1000E-04
# With parameters(tra.):     0.1548E-01    0.1548E-01    0.7143E-02
# With parameters(rot.):     0.1548E-01    0.1548E-01    0.1548E-01
# Minimization at step:     2 with Value:     0.0017Tol(Act/Req):0.1998E+01/0.1000E-04
# With parameters(tra.):     0.1677E-01    0.8433E-02    0.7738E-02
# With parameters(rot.):     0.1677E-01    0.1677E-01    0.1677E-01
# Minimization at step:     3 with Value:     0.0008Tol(Act/Req):0.1991E+01/0.1000E-04
# With parameters(tra.):    -0.4043E-02    0.1054E-01    0.9673E-02
# With parameters(rot.):     0.2096E-01    0.2096E-01    0.2096E-01
# Minimization at step:     4 with Value:     0.0008Tol(Act/Req):0.1991E+01/0.1000E-04
# With parameters(tra.):    -0.8399E-02   -0.2844E-02    0.1151E-01
# With parameters(rot.):     0.2493E-01    0.2493E-01    0.2493E-01
# Minimization at step:     5 with Value:     0.0006Tol(Act/Req):0.1991E+01/0.1000E-04
# With parameters(tra.):    -0.9794E-02   -0.3775E-02    0.8300E-02
# With parameters(rot.):     0.2632E-01    0.2632E-01    0.2632E-01
# Minimization at step:     6 with Value:     0.0006Tol(Act/Req):0.1991E+01/0.1000E-04
# With parameters(tra.):    -0.5902E-02    0.9299E-02    0.5396E-02
# With parameters(rot.):     0.2280E-01    0.2280E-01    0.2280E-01
# Minimization at step:     7 with Value:     0.0006Tol(Act/Req):0.1990E+01/0.1000E-04
# With parameters(tra.):     0.7351E-02    0.7479E-02    0.2680E-02
# With parameters(rot.):     0.2062E-01    0.2062E-01    0.2062E-01
# Minimization at step:     8 with Value:     0.0004Tol(Act/Req):0.1990E+01/0.1000E-04
# With parameters(tra.):     0.7482E-02    0.4059E-02    0.3180E-02
# With parameters(rot.):     0.2132E-01    0.2132E-01    0.2132E-01
# Minimization at step:     9 with Value:     0.0002Tol(Act/Req):0.1970E+01/0.1000E-04
# With parameters(tra.):     0.4180E-02    0.4229E-02    0.3901E-02
# With parameters(rot.):     0.2192E-01    0.2192E-01    0.2192E-01
# Minimization at step:    10 with Value:     0.0002Tol(Act/Req):0.1964E+01/0.1000E-04
# With parameters(tra.):     0.4647E-02    0.4430E-02    0.1930E-02
# With parameters(rot.):     0.2225E-01    0.2225E-01    0.2225E-01
# Minimization at step:    11 with Value:     0.0001Tol(Act/Req):0.1960E+01/0.1000E-04
# With parameters(tra.):     0.3965E-02   -0.2286E-02    0.2513E-02
# With parameters(rot.):     0.2395E-01    0.2395E-01    0.2395E-01
# Minimization at step:    12 with Value:     0.0001Tol(Act/Req):0.1956E+01/0.1000E-04
# With parameters(tra.):     0.2296E-02   -0.2744E-02    0.2758E-02
# With parameters(rot.):     0.2442E-01    0.2442E-01    0.2442E-01
# Minimization at step:    13 with Value:     0.0001Tol(Act/Req):0.1890E+01/0.1000E-04
# With parameters(tra.):     0.2327E-02   -0.1103E-02    0.2633E-02
# With parameters(rot.):     0.2404E-01    0.2404E-01    0.2404E-01
# Minimization at step:    14 with Value:     0.0000Tol(Act/Req):0.1857E+01/0.1000E-04
# With parameters(tra.):     0.2368E-02   -0.1464E-02    0.1706E-02
# With parameters(rot.):     0.2435E-01    0.2435E-01    0.2435E-01
# Minimization at step:    15 with Value:     0.0000Tol(Act/Req):0.1840E+01/0.1000E-04
# With parameters(tra.):    -0.9463E-03   -0.1953E-02    0.1844E-02
# With parameters(rot.):     0.2526E-01    0.2526E-01    0.2526E-01
# Minimization at step:    16 with Value:     0.0000Tol(Act/Req):0.1840E+01/0.1000E-04
# With parameters(tra.):    -0.1975E-02    0.1046E-02    0.1331E-02
# With parameters(rot.):     0.2490E-01    0.2490E-01    0.2490E-01
# Minimization at step:    17 with Value:     0.0000Tol(Act/Req):0.1829E+01/0.1000E-04
# With parameters(tra.):    -0.1232E-02    0.1418E-02    0.1254E-02
# With parameters(rot.):     0.2464E-01    0.2464E-01    0.2464E-01
# Minimization at step:    18 with Value:     0.0000Tol(Act/Req):0.1661E+01/0.1000E-04
# With parameters(tra.):    -0.9128E-03    0.6993E-03    0.1375E-02
# With parameters(rot.):     0.2471E-01    0.2471E-01    0.2471E-01
# Minimization at step:    19 with Value:     0.0000Tol(Act/Req):0.1508E+01/0.1000E-04
# With parameters(tra.):    -0.1166E-02    0.6993E-03    0.8846E-03
# With parameters(rot.):     0.2490E-01    0.2490E-01    0.2490E-01
# Minimization at step:    20 with Value:     0.0000Tol(Act/Req):0.1481E+01/0.1000E-04
# With parameters(tra.):     0.3416E-03    0.1204E-02    0.6067E-03
# With parameters(rot.):     0.2446E-01    0.2446E-01    0.2446E-01
# Minimization at step:    21 with Value:     0.0000Tol(Act/Req):0.1452E+01/0.1000E-04
# With parameters(tra.):     0.6056E-03    0.8869E-03    0.6036E-03
# With parameters(rot.):     0.2448E-01    0.2448E-01    0.2448E-01
# Minimization at step:    22 with Value:     0.0000Tol(Act/Req):0.1134E+01/0.1000E-04
# With parameters(tra.):     0.2507E-03    0.7343E-03    0.6728E-03
# With parameters(rot.):     0.2459E-01    0.2459E-01    0.2459E-01
# Minimization at step:    23 with Value:     0.0000Tol(Act/Req):0.8830E+00/0.1000E-04
# With parameters(tra.):     0.2250E-03    0.7430E-03   -0.1165E-03
# With parameters(rot.):     0.2479E-01    0.2479E-01    0.2479E-01
# Minimization at step:    24 with Value:     0.0000Tol(Act/Req):0.8456E+00/0.1000E-04
# With parameters(tra.):     0.5259E-03    0.2312E-03   -0.3011E-03
# With parameters(rot.):     0.2489E-01    0.2489E-01    0.2489E-01
# Minimization at step:    25 with Value:     0.0000Tol(Act/Req):0.4778E+00/0.1000E-04
# With parameters(tra.):     0.6240E-04   -0.1236E-03   -0.4408E-03
# With parameters(rot.):     0.2513E-01    0.2513E-01    0.2513E-01
# Minimization at step:    26 with Value:     0.0000Tol(Act/Req):0.3579E+00/0.1000E-04
# With parameters(tra.):     0.3457E-04   -0.3446E-03   -0.1273E-03
# With parameters(rot.):     0.2511E-01    0.2511E-01    0.2511E-01
# Minimization at step:    27 with Value:     0.0000Tol(Act/Req):0.3134E+00/0.1000E-04
# With parameters(tra.):    -0.5653E-04   -0.3073E-03   -0.8199E-04
# With parameters(rot.):     0.2511E-01    0.2511E-01    0.2511E-01
# Minimization at step:    28 with Value:     0.0000Tol(Act/Req):0.1786E+00/0.1000E-04
# With parameters(tra.):     0.1455E-03   -0.1758E-03    0.7756E-04
# With parameters(rot.):     0.2499E-01    0.2499E-01    0.2499E-01
# Minimization at step:    29 with Value:     0.0000Tol(Act/Req):0.1786E+00/0.1000E-04
# With parameters(tra.):     0.1576E-03   -0.1905E-03    0.8402E-04
# With parameters(rot.):     0.2707E-01    0.2707E-01    0.1874E-01
# Minimization at step:    30 with Value:     0.0000Tol(Act/Req):0.1786E+00/0.1000E-04
# With parameters(tra.):     0.1708E-03   -0.2064E-03    0.9102E-04
# With parameters(rot.):     0.2933E-01    0.2099E-01    0.2030E-01
# Minimization at step:    31 with Value:     0.0000Tol(Act/Req):0.1697E+00/0.1000E-04
# With parameters(tra.):     0.1850E-03   -0.2236E-03    0.9861E-04
# With parameters(rot.):     0.2344E-01    0.2274E-01    0.2199E-01
# Minimization at step:    32 with Value:     0.0000Tol(Act/Req):0.1378E+00/0.1000E-04
# With parameters(tra.):     0.2537E-03   -0.3586E-04   -0.3514E-04
# With parameters(rot.):     0.2289E-01    0.2196E-01    0.2096E-01
# Minimization at step:    33 with Value:     0.0000Tol(Act/Req):0.1296E+00/0.1000E-04
# With parameters(tra.):     0.1749E-03    0.1293E-03    0.7101E-04
# With parameters(rot.):     0.2215E-01    0.2092E-01    0.1958E-01
# Minimization at step:    34 with Value:     0.0000Tol(Act/Req):0.1100E+00/0.1000E-04
# With parameters(tra.):     0.1512E-03    0.9611E-04    0.1133E-03
# With parameters(rot.):     0.2223E-01    0.2103E-01    0.1972E-01
# Minimization at step:    35 with Value:     0.0000Tol(Act/Req):0.1058E+00/0.1000E-04
# With parameters(tra.):     0.1836E-04    0.9912E-04    0.1884E-04
# With parameters(rot.):     0.2139E-01    0.1979E-01    0.1805E-01
# Minimization at step:    36 with Value:     0.0000Tol(Act/Req):0.7684E-01/0.1000E-04
# With parameters(tra.):     0.2502E-04    0.5533E-04   -0.1204E-04
# With parameters(rot.):     0.2151E-01    0.1996E-01    0.1827E-01
# Minimization at step:    37 with Value:     0.0000Tol(Act/Req):0.7489E-01/0.1000E-04
# With parameters(tra.):     0.1510E-06    0.1139E-03   -0.3375E-04
# With parameters(rot.):     0.9092E-02    0.2253E-01    0.2041E-01
# Minimization at step:    38 with Value:     0.0000Tol(Act/Req):0.7289E-01/0.1000E-04
# With parameters(tra.):    -0.3045E-04    0.1889E-03   -0.6134E-04
# With parameters(rot.):     0.6859E-02    0.1088E-01    0.2357E-01
# Minimization at step:    39 with Value:     0.0000Tol(Act/Req):0.6652E-01/0.1000E-04
# With parameters(tra.):    -0.4006E-04    0.2132E-03   -0.7022E-04
# With parameters(rot.):     0.6216E-02    0.1057E-01    0.2085E-01
# Minimization at step:    40 with Value:     0.0000Tol(Act/Req):0.6328E-01/0.1000E-04
# With parameters(tra.):    -0.3321E-04    0.1965E-03   -0.6407E-04
# With parameters(rot.):     0.6721E-02    0.1346E-01    0.1983E-01
# Minimization at step:    41 with Value:     0.0000Tol(Act/Req):0.5641E-01/0.1000E-04
# With parameters(tra.):    -0.2290E-04    0.1732E-03   -0.5536E-04
# With parameters(rot.):     0.1544E-01    0.9265E-02    0.1808E-01
# Minimization at step:    42 with Value:     0.0000Tol(Act/Req):0.5280E-01/0.1000E-04
# With parameters(tra.):    -0.1284E-03    0.1325E-03   -0.2701E-04
# With parameters(rot.):     0.1333E-01    0.5559E-02    0.1782E-01
# Minimization at step:    43 with Value:     0.0000Tol(Act/Req):0.4328E-01/0.1000E-04
# With parameters(tra.):    -0.4453E-04    0.1407E-03    0.5215E-04
# With parameters(rot.):     0.1148E-01    0.2054E-02    0.1941E-01
# Minimization at step:    44 with Value:     0.0000Tol(Act/Req):0.4072E-01/0.1000E-04
# With parameters(tra.):    -0.5440E-04    0.8152E-04    0.1178E-04
# With parameters(rot.):     0.8380E-02   -0.3579E-02    0.2023E-01
# Minimization at step:    45 with Value:     0.0000Tol(Act/Req):0.3928E-01/0.1000E-04
# With parameters(tra.):    -0.2186E-04    0.8743E-04    0.7922E-05
# With parameters(rot.):     0.8495E-02   -0.3414E-02    0.2050E-01
# Minimization at step:    46 with Value:     0.0000Tol(Act/Req):0.3351E-01/0.1000E-04
# With parameters(tra.):    -0.4094E-04    0.8096E-04   -0.1555E-04
# With parameters(rot.):     0.8709E-02   -0.2993E-02    0.2019E-01
# Minimization at step:    47 with Value:     0.0000Tol(Act/Req):0.3127E-01/0.1000E-04
# With parameters(tra.):    -0.6046E-04    0.8546E-04   -0.1510E-04
# With parameters(rot.):     0.8253E-02   -0.8131E-02    0.1452E-01
# Minimization at step:    48 with Value:     0.0000Tol(Act/Req):0.2875E-01/0.1000E-04
# With parameters(tra.):    -0.5584E-04    0.1501E-04    0.1354E-04
# With parameters(rot.):     0.9774E-02   -0.9558E-02    0.1072E-01
# Minimization at step:    49 with Value:     0.0000Tol(Act/Req):0.2344E-01/0.1000E-04
# With parameters(tra.):    -0.6923E-04   -0.1289E-04    0.2641E-04
# With parameters(rot.):     0.3995E-02   -0.1217E-01    0.9750E-02
# Minimization at step:    50 with Value:     0.0000Tol(Act/Req):0.1741E-01/0.1000E-04
# With parameters(tra.):    -0.6429E-04    0.1478E-04    0.7167E-04
# With parameters(rot.):     0.5636E-02   -0.9396E-02    0.5441E-02
# Minimization at step:    51 with Value:     0.0000Tol(Act/Req):0.1730E-01/0.1000E-04
# With parameters(tra.):    -0.7578E-04    0.6032E-05    0.6720E-04
# With parameters(rot.):     0.5486E-02   -0.9719E-02    0.4058E-02
# Minimization at step:    52 with Value:     0.0000Tol(Act/Req):0.1642E-01/0.1000E-04
# With parameters(tra.):    -0.2867E-04   -0.9285E-05    0.7925E-04
# With parameters(rot.):     0.4713E-02   -0.1149E-01   -0.8873E-03
# Minimization at step:    53 with Value:     0.0000Tol(Act/Req):0.1629E-01/0.1000E-04
# With parameters(tra.):    -0.2423E-04    0.5307E-04    0.7251E-04
# With parameters(rot.):     0.1507E-02   -0.1071E-01   -0.9499E-03
# Minimization at step:    54 with Value:     0.0000Tol(Act/Req):0.1567E-01/0.1000E-04
# With parameters(tra.):     0.7362E-05    0.3777E-04    0.1013E-03
# With parameters(rot.):    -0.2869E-03   -0.6430E-02   -0.4405E-03
# Minimization at step:    55 with Value:     0.0000Tol(Act/Req):0.1294E-01/0.1000E-04
# With parameters(tra.):    -0.1414E-05    0.4553E-04    0.1001E-03
# With parameters(rot.):    -0.5105E-03   -0.5565E-02    0.8331E-03
# Minimization at step:    56 with Value:     0.0000Tol(Act/Req):0.1266E-01/0.1000E-04
# With parameters(tra.):    -0.6225E-06    0.2931E-04    0.1041E-03
# With parameters(rot.):     0.1231E-03   -0.5332E-02    0.9974E-03
# Minimization at step:    57 with Value:     0.0000Tol(Act/Req):0.1131E-01/0.1000E-04
# With parameters(tra.):     0.1567E-04    0.6475E-05    0.6960E-04
# With parameters(rot.):    -0.3355E-02   -0.6748E-02    0.3825E-02
# Minimization at step:    58 with Value:     0.0000Tol(Act/Req):0.1091E-01/0.1000E-04
# With parameters(tra.):     0.5289E-04    0.3153E-04    0.7542E-04
# With parameters(rot.):    -0.1952E-02   -0.3203E-02    0.2493E-02
# Minimization at step:    59 with Value:     0.0000Tol(Act/Req):0.9194E-02/0.1000E-04
# With parameters(tra.):     0.5192E-04    0.3933E-04    0.8452E-04
# With parameters(rot.):    -0.9660E-03   -0.2553E-02    0.1675E-02
# Minimization at step:    60 with Value:     0.0000Tol(Act/Req):0.9189E-02/0.1000E-04
# With parameters(tra.):     0.4253E-04    0.3371E-04    0.8382E-04
# With parameters(rot.):    -0.1234E-02   -0.3386E-02    0.1940E-02
# Minimization at step:    61 with Value:     0.0000Tol(Act/Req):0.7199E-02/0.1000E-04
# With parameters(tra.):     0.2763E-04    0.4417E-04    0.5790E-04
# With parameters(rot.):    -0.1262E-03   -0.5834E-02    0.2153E-02
# Minimization at step:    62 with Value:     0.0000Tol(Act/Req):0.5675E-02/0.1000E-04
# With parameters(tra.):     0.3913E-04    0.3939E-04    0.4587E-04
# With parameters(rot.):    -0.2296E-02   -0.5185E-02   -0.1248E-02
# Minimization at step:    63 with Value:     0.0000Tol(Act/Req):0.5467E-02/0.1000E-04
# With parameters(tra.):     0.3510E-04    0.5284E-04    0.2544E-04
# With parameters(rot.):    -0.3338E-02   -0.3329E-02    0.6059E-03
# Minimization at step:    64 with Value:     0.0000Tol(Act/Req):0.4987E-02/0.1000E-04
# With parameters(tra.):     0.3189E-04    0.5516E-04    0.2675E-04
# With parameters(rot.):    -0.2882E-02   -0.3337E-02    0.1611E-02
# Minimization at step:    65 with Value:     0.0000Tol(Act/Req):0.3782E-02/0.1000E-04
# With parameters(tra.):     0.4431E-04    0.3134E-04    0.8937E-05
# With parameters(rot.):    -0.2617E-02   -0.2205E-02    0.2144E-02
# Minimization at step:    66 with Value:     0.0000Tol(Act/Req):0.3492E-02/0.1000E-04
# With parameters(tra.):     0.3976E-04    0.2834E-04    0.2349E-05
# With parameters(rot.):    -0.2866E-02   -0.2523E-02    0.2293E-02
# Minimization at step:    67 with Value:     0.0000Tol(Act/Req):0.3412E-02/0.1000E-04
# With parameters(tra.):     0.4116E-04    0.2293E-04    0.5532E-05
# With parameters(rot.):    -0.2567E-02   -0.2920E-02    0.1970E-02
# Minimization at step:    68 with Value:     0.0000Tol(Act/Req):0.3279E-02/0.1000E-04
# With parameters(tra.):     0.3563E-04    0.3306E-04   -0.2599E-05
# With parameters(rot.):    -0.1127E-02   -0.1743E-02    0.4327E-03
# Minimization at step:    69 with Value:     0.0000Tol(Act/Req):0.2110E-02/0.1000E-04
# With parameters(tra.):     0.3878E-04    0.3039E-04   -0.3322E-05
# With parameters(rot.):    -0.1395E-02   -0.9942E-03    0.2538E-03
# Minimization at step:    70 with Value:     0.0000Tol(Act/Req):0.2044E-02/0.1000E-04
# With parameters(tra.):     0.3521E-04    0.3626E-04    0.1089E-06
# With parameters(rot.):    -0.1360E-02   -0.1176E-02   -0.3688E-04
# Minimization at step:    71 with Value:     0.0000Tol(Act/Req):0.1505E-02/0.1000E-04
# With parameters(tra.):     0.2990E-04    0.3460E-04   -0.6156E-05
# With parameters(rot.):     0.5862E-04   -0.4708E-03    0.1423E-02
# Minimization at step:    72 with Value:     0.0000Tol(Act/Req):0.1490E-02/0.1000E-04
# With parameters(tra.):     0.1752E-04    0.3068E-04   -0.2217E-04
# With parameters(rot.):     0.5348E-03   -0.4222E-03    0.1432E-02
# Minimization at step:    73 with Value:     0.0000Tol(Act/Req):0.1434E-02/0.1000E-04
# With parameters(tra.):     0.1739E-04    0.2795E-04   -0.2177E-04
# With parameters(rot.):     0.3135E-03   -0.6063E-03    0.1900E-02
# Minimization at step:    74 with Value:     0.0000Tol(Act/Req):0.1404E-02/0.1000E-04
# With parameters(tra.):     0.1227E-04    0.1881E-04   -0.2450E-04
# With parameters(rot.):     0.1873E-02   -0.6288E-03    0.1231E-02
# Minimization at step:    75 with Value:     0.0000Tol(Act/Req):0.1089E-02/0.1000E-04
# With parameters(tra.):     0.1170E-04    0.1521E-04   -0.2435E-04
# With parameters(rot.):     0.1059E-02   -0.1387E-02   -0.2938E-03
# Minimization at step:    76 with Value:     0.0000Tol(Act/Req):0.1082E-02/0.1000E-04
# With parameters(tra.):     0.1294E-04    0.1719E-04   -0.2365E-04
# With parameters(rot.):     0.6017E-03   -0.1444E-02   -0.2536E-03
# Minimization at step:    77 with Value:     0.0000Tol(Act/Req):0.1079E-02/0.1000E-04
# With parameters(tra.):     0.1565E-04    0.1705E-04   -0.1977E-04
# With parameters(rot.):     0.4882E-03   -0.1542E-02   -0.3963E-03
# Minimization at step:    78 with Value:     0.0000Tol(Act/Req):0.9081E-03/0.1000E-04
# With parameters(tra.):     0.1459E-04    0.9709E-05   -0.2497E-04
# With parameters(rot.):     0.5569E-03   -0.5550E-03   -0.8272E-03
# Minimization at step:    79 with Value:     0.0000Tol(Act/Req):0.7224E-03/0.1000E-04
# With parameters(tra.):     0.1498E-04    0.1015E-04   -0.2506E-04
# With parameters(rot.):     0.7185E-03   -0.2962E-03   -0.4905E-03
# Minimization at step:    80 with Value:     0.0000Tol(Act/Req):0.5633E-03/0.1000E-04
# With parameters(tra.):     0.1151E-04    0.1091E-04   -0.2544E-04
# With parameters(rot.):     0.9094E-03   -0.3139E-03   -0.6736E-03
# Minimization at step:    81 with Value:     0.0000Tol(Act/Req):0.4184E-03/0.1000E-04
# With parameters(tra.):     0.9290E-05   -0.2253E-06   -0.2586E-04
# With parameters(rot.):     0.6654E-03   -0.5846E-03   -0.5962E-03
# Minimization at step:    82 with Value:     0.0000Tol(Act/Req):0.3981E-03/0.1000E-04
# With parameters(tra.):     0.1260E-04   -0.6270E-05   -0.2013E-04
# With parameters(rot.):     0.4975E-03   -0.4603E-03   -0.9482E-03
# Minimization at step:    83 with Value:     0.0000Tol(Act/Req):0.3594E-03/0.1000E-04
# With parameters(tra.):     0.1318E-04   -0.7232E-05   -0.1949E-04
# With parameters(rot.):     0.2600E-03   -0.4071E-03   -0.9859E-03
# Minimization at step:    84 with Value:     0.0000Tol(Act/Req):0.3505E-03/0.1000E-04
# With parameters(tra.):     0.1406E-04   -0.5031E-05   -0.1886E-04
# With parameters(rot.):     0.2872E-03   -0.3246E-03   -0.1038E-02
# Minimization at step:    85 with Value:     0.0000Tol(Act/Req):0.3371E-03/0.1000E-04
# With parameters(tra.):     0.1459E-04   -0.5052E-05   -0.1335E-04
# With parameters(rot.):     0.1515E-03   -0.9055E-03   -0.8207E-03
# Minimization at step:    86 with Value:     0.0000Tol(Act/Req):0.2798E-03/0.1000E-04
# With parameters(tra.):     0.1523E-04   -0.9236E-05   -0.9632E-05
# With parameters(rot.):     0.2856E-03   -0.5910E-03   -0.2574E-03
# Minimization at step:    87 with Value:     0.0000Tol(Act/Req):0.2696E-03/0.1000E-04
# With parameters(tra.):     0.9527E-05   -0.1443E-04   -0.5126E-05
# With parameters(rot.):     0.4595E-03   -0.7186E-03   -0.4850E-03
# Minimization at step:    88 with Value:     0.0000Tol(Act/Req):0.2458E-03/0.1000E-04
# With parameters(tra.):     0.5200E-05   -0.1111E-04   -0.5852E-05
# With parameters(rot.):     0.6147E-03   -0.9291E-03    0.2134E-04
# Minimization at step:    89 with Value:     0.0000Tol(Act/Req):0.1947E-03/0.1000E-04
# With parameters(tra.):     0.6264E-05   -0.9530E-05   -0.7039E-05
# With parameters(rot.):     0.5842E-03   -0.9147E-03    0.1204E-03
# Minimization at step:    90 with Value:     0.0000Tol(Act/Req):0.1884E-03/0.1000E-04
# With parameters(tra.):     0.5438E-05   -0.9898E-05   -0.7888E-05
# With parameters(rot.):     0.6542E-03   -0.7702E-03    0.1446E-03
# Minimization at step:    91 with Value:     0.0000Tol(Act/Req):0.1842E-03/0.1000E-04
# With parameters(tra.):     0.4033E-05   -0.1271E-04   -0.2737E-05
# With parameters(rot.):     0.3105E-03   -0.7848E-03    0.4459E-03
# Minimization at step:    92 with Value:     0.0000Tol(Act/Req):0.1809E-03/0.1000E-04
# With parameters(tra.):    -0.3333E-06   -0.9686E-05   -0.4162E-05
# With parameters(rot.):     0.1846E-03   -0.1164E-02    0.1171E-03
# Minimization at step:    93 with Value:     0.0000Tol(Act/Req):0.1663E-03/0.1000E-04
# With parameters(tra.):    -0.1094E-05   -0.8974E-05   -0.2619E-05
# With parameters(rot.):     0.1897E-03   -0.1193E-02    0.1874E-03
# Minimization at step:    94 with Value:     0.0000Tol(Act/Req):0.1646E-03/0.1000E-04
# With parameters(tra.):    -0.6552E-07   -0.9671E-05   -0.2134E-05
# With parameters(rot.):     0.2216E-03   -0.1100E-02    0.2755E-03
# Minimization at step:    95 with Value:     0.0000Tol(Act/Req):0.1427E-03/0.1000E-04
# With parameters(tra.):    -0.5586E-07   -0.8714E-05   -0.3372E-05
# With parameters(rot.):     0.3001E-03   -0.1123E-02    0.1859E-03
# Minimization at step:    96 with Value:     0.0000Tol(Act/Req):0.9784E-04/0.1000E-04
# With parameters(tra.):     0.5881E-06   -0.9346E-05   -0.2984E-05
# With parameters(rot.):     0.2351E-03   -0.1086E-02    0.7307E-04
# Minimization at step:    97 with Value:     0.0000Tol(Act/Req):0.8514E-04/0.1000E-04
# With parameters(tra.):     0.8243E-06   -0.6133E-05   -0.4006E-05
# With parameters(rot.):     0.5763E-04   -0.1115E-02    0.2555E-03
# Minimization at step:    98 with Value:     0.0000Tol(Act/Req):0.7836E-04/0.1000E-04
# With parameters(tra.):    -0.2365E-05   -0.5614E-05   -0.4411E-05
# With parameters(rot.):    -0.1251E-05   -0.9410E-03    0.3408E-03
# Minimization at step:    99 with Value:     0.0000Tol(Act/Req):0.7291E-04/0.1000E-04
# With parameters(tra.):    -0.4310E-05   -0.3070E-05   -0.1922E-05
# With parameters(rot.):    -0.5478E-04   -0.9145E-03    0.5325E-03
# Minimization at step:   100 with Value:     0.0000Tol(Act/Req):0.6914E-04/0.1000E-04
# With parameters(tra.):    -0.3668E-05   -0.2264E-05   -0.8825E-06
# With parameters(rot.):    -0.8315E-04   -0.6678E-03    0.7943E-03
# Minimization at step:   101 with Value:     0.0000Tol(Act/Req):0.6617E-04/0.1000E-04
# With parameters(tra.):    -0.3964E-05   -0.1248E-05   -0.1294E-05
# With parameters(rot.):    -0.7583E-04   -0.6412E-03    0.8003E-03
# Minimization at step:   102 with Value:     0.0000Tol(Act/Req):0.6578E-04/0.1000E-04
# With parameters(tra.):    -0.1905E-05   -0.3185E-05   -0.3572E-05
# With parameters(rot.):    -0.2931E-04   -0.5766E-03    0.6978E-03
# Minimization at step:   103 with Value:     0.0000Tol(Act/Req):0.5789E-04/0.1000E-04
# With parameters(tra.):    -0.1448E-05   -0.2395E-05   -0.2992E-05
# With parameters(rot.):    -0.2475E-03   -0.3337E-03    0.6802E-03
# Minimization at step:   104 with Value:     0.0000Tol(Act/Req):0.5275E-04/0.1000E-04
# With parameters(tra.):    -0.2441E-05   -0.4361E-05   -0.1632E-05
# With parameters(rot.):    -0.1717E-03   -0.4474E-04    0.6394E-03
# Minimization at step:   105 with Value:     0.0000Tol(Act/Req):0.4367E-04/0.1000E-04
# With parameters(tra.):    -0.2674E-05   -0.5866E-05   -0.2922E-05
# With parameters(rot.):    -0.1729E-03   -0.8376E-04    0.3260E-03
# Minimization at step:   106 with Value:     0.0000Tol(Act/Req):0.4301E-04/0.1000E-04
# With parameters(tra.):     0.4129E-06   -0.6469E-05   -0.2021E-05
# With parameters(rot.):    -0.1712E-03    0.2799E-04    0.2358E-03
# Minimization at step:   107 with Value:     0.0000Tol(Act/Req):0.4142E-04/0.1000E-04
# With parameters(tra.):     0.8991E-06   -0.6153E-05   -0.2393E-05
# With parameters(rot.):    -0.1901E-03   -0.3819E-04    0.2123E-03
# Minimization at step:   108 with Value:     0.0000Tol(Act/Req):0.3708E-04/0.1000E-04
# With parameters(tra.):    -0.2260E-06   -0.5205E-05    0.2779E-06
# With parameters(rot.):    -0.2902E-03    0.7665E-04    0.1530E-03
# Minimization at step:   109 with Value:     0.0000Tol(Act/Req):0.3537E-04/0.1000E-04
# With parameters(tra.):     0.3614E-07   -0.4774E-05    0.8670E-06
# With parameters(rot.):    -0.2997E-03    0.9977E-04    0.2170E-03
# Minimization at step:   110 with Value:     0.0000Tol(Act/Req):0.3076E-04/0.1000E-04
# With parameters(tra.):     0.2214E-06   -0.4560E-05    0.8414E-06
# With parameters(rot.):    -0.3147E-03    0.1748E-03    0.1713E-03
# Minimization at step:   111 with Value:     0.0000Tol(Act/Req):0.2796E-04/0.1000E-04
# With parameters(tra.):    -0.5662E-06   -0.4250E-05    0.8548E-06
# With parameters(rot.):    -0.3271E-03    0.1591E-03    0.1885E-03
# Minimization at step:   112 with Value:     0.0000Tol(Act/Req):0.2547E-04/0.1000E-04
# With parameters(tra.):    -0.6886E-06   -0.5306E-05    0.1381E-05
# With parameters(rot.):    -0.1834E-03    0.1002E-03    0.7872E-04
# Minimization at step:   113 with Value:     0.0000Tol(Act/Req):0.1692E-04/0.1000E-04
# With parameters(tra.):    -0.4459E-06   -0.5552E-05    0.8056E-06
# With parameters(rot.):    -0.1494E-03    0.7341E-04    0.8736E-04
# Minimization at step:   114 with Value:     0.0000Tol(Act/Req):0.1268E-04/0.1000E-04
# With parameters(tra.):     0.7823E-07   -0.4720E-05    0.1127E-05
# With parameters(rot.):    -0.1737E-03   -0.2174E-04   -0.1175E-05
# Minimization at step:   115 with Value:     0.0000Tol(Act/Req):0.1257E-04/0.1000E-04
# With parameters(tra.):     0.4011E-06   -0.4345E-05    0.1171E-05
# With parameters(rot.):    -0.1567E-03    0.6284E-04   -0.1500E-03
# Minimization at step:   116 with Value:     0.0000Tol(Act/Req):0.1209E-04/0.1000E-04
# With parameters(tra.):     0.1047E-05   -0.3339E-05    0.2451E-05
# With parameters(rot.):    -0.1280E-03    0.9678E-04   -0.1444E-03
# Minimization at step:   117 with Value:     0.0000Tol(Act/Req):0.1185E-04/0.1000E-04
# With parameters(tra.):     0.9425E-08   -0.2416E-05    0.3009E-05
# With parameters(rot.):    -0.8631E-04    0.4460E-04   -0.2210E-03
# Minimization at step:   118 with Value:     0.0000Tol(Act/Req):0.1109E-04/0.1000E-04
# With parameters(tra.):    -0.4440E-06   -0.2147E-05    0.3578E-05
# With parameters(rot.):    -0.7988E-04   -0.4606E-04   -0.9584E-04
# Minimization at step:   119 with Value:     0.0000Tol(Act/Req):0.1017E-04/0.1000E-04
# With parameters(tra.):    -0.3216E-06   -0.8295E-06    0.3864E-05
# With parameters(rot.):    -0.1259E-03   -0.5314E-04   -0.8459E-04
# Minimization at step:   120 with Value:     0.0000Tol(Act/Req):0.9778E-05/0.1000E-04
# With parameters(tra.):    -0.1899E-06   -0.5587E-06    0.3831E-05
# With parameters(rot.):    -0.1069E-03   -0.7706E-04   -0.9460E-04
# CSM Values after z minimization.
# Final Number of optim. Steps:   120
#      Before min is:      0.00000448711
# Final CSM Simplex Value is:      0.00000448714
# CSM Summary.
#    Inizial CSM Value is:      0.00000448711
#   After optimization is:      0.00000448714
#          Along x axe is:      0.00000448714
#          Along y axe is:      0.00000448714
#          Along z axe is:      0.00000448714
# The Lowest CSM Value is:      0.00000448711
#    Obtained CSM in % is:      0.00044871150
