# [csmmod_rdinput] messages reinitialized.
# MESLOG:[csmmod_rdinput] messages reinitialized.
# Input  file unit is: 5
# Input  file name is:stdin
# Output file unit is: 6
# Output file name is:stdout
# Error  file unit is: 6
# Error  file name is:stderr
# Log    file unit is: 6
# Log    file name is:stdlog
# MESLOG:[csm_rdinput] molecule_init called with debug.
[molecule] Nrec=  12 Format=nscxyz
  h                1    1    0.00000000D+00   0.10000000D+01   0.10000000D+01
  he               2    2    0.99500000D-01   0.99500000D+00   0.11000000D+01
  h                3    1    0.86600000D+00   0.50000000D+00   0.10000000D+01
  he               4    2    0.91150000D+00   0.41130000D+00   0.90000000D+00
  h                5    1    0.86600000D+00  -0.50000000D+00   0.10000000D+01
  he               6    2    0.81200000D+00  -0.58370000D+00   0.11000000D+01
  h                7    1    0.00000000D+00  -0.10000000D+01   0.10000000D+01
  he               8    2   -0.99500000D-01  -0.99500000D+00   0.90000000D+00
  h                9    1   -0.86600000D+00  -0.50000000D+00   0.10000000D+01
  he              10    2   -0.91150000D+00  -0.41130000D+00   0.11000000D+01
  h               11    1   -0.86600000D+00   0.50000000D+00   0.10000000D+01
  he              12    2   -0.81200000D+00   0.58370000D+00   0.90000000D+00
# Molecule moved to the center of mass
# Shift Vector is:        0.00000000       0.00000000       0.52917706
# Inertia Tensor: (Before Diagonalization)
# Up Diagonal Columnwise
#    0.25537448D+01   0.69391028D-04   0.25538951D+01  -0.27755576D-16  -0.13877788D-16   0.50404331D+01
# Inertia Tensor: (Full Matrix)
# 1,1 - 1,3           0.25537448D+01   0.69391028D-04  -0.27755576D-16
# 2,1 - 2,3           0.69391028D-04   0.25538951D+01  -0.13877788D-16
# 3,1 - 3,3          -0.27755576D-16  -0.13877788D-16   0.50404331D+01
# Inertia Tensor
# Inertia EigenValues:     0.25537177D+01   0.25539222D+01   0.50404331D+01
# Eigen Vectors:
# 1,1 - 1,3          -0.93127301D+00  -0.36432209D+00   0.00000000D+00
# 2,1 - 2,3           0.36432209D+00  -0.93127301D+00   0.00000000D+00
# 3,1 - 3,3           0.00000000D+00   0.00000000D+00   0.10000000D+01
# Molecule Rotated to match inertia axes
[molecule] Nrec=  12 Format=nscxyz
  h                1    1    0.36432209D+00  -0.93127301D+00   0.00000000D+00
  he               2    2    0.26983882D+00  -0.96286669D+00   0.10000000D+00
  h                3    1   -0.62432138D+00  -0.78113944D+00   0.00000000D+00
  he               4    2   -0.69900967D+00  -0.71511217D+00  -0.10000000D+00
  h                5    1   -0.98864347D+00   0.15013357D+00   0.00000000D+00
  he               6    2   -0.96884849D+00   0.24775451D+00   0.10000000D+00
  h                7    1   -0.36432209D+00   0.93127301D+00   0.00000000D+00
  he               8    2   -0.26983882D+00   0.96286669D+00  -0.10000000D+00
  h                9    1    0.62432138D+00   0.78113944D+00   0.00000000D+00
  he              10    2    0.69900967D+00   0.71511217D+00   0.10000000D+00
  h               11    1    0.98864347D+00  -0.15013357D+00   0.00000000D+00
  he              12    2    0.96884849D+00  -0.24775451D+00  -0.10000000D+00
# Initial Integrals follow ...
# INT: Number of electrons from integrated RHO:     17.99998878598
# INT: \int \rho \rho dr:      30.80052620131
# INT: \int \rho \tilde{\rho} dr/ng:      30.80052250136
# INT: \int \rho \tilde{\rho}m dr/ng:      27.37824181233
#  DEBUG     \int rr  =     30.80052620131
#  DEBUG     \int rr~ =     30.80052250136
#  DEBUG     \int rr~ =     30.80052250136
#  DEBUG     CSM value =      0.00000012013
#  DEBUG     CSM value =      0.00000012013
# Number of electrons =     17.99998878598
# Initial rho^2 value =     30.80052620131
#  Initial rrii value =      9.23574328802
#  Initial rrij value =     21.56478291329
#  Initial imj  value =     30.80052250136
#  Initial impj value =     27.37824181233
#  Initial CSM  value =      0.00000012013
#  Initial CSM% value =      0.00001201260
[molecule] Nrec=  12 Format=nscxyz
  h                1    1    0.36432209D+00  -0.93127301D+00   0.00000000D+00
  he               2    2    0.26983882D+00  -0.96286669D+00   0.10000000D+00
  h                3    1   -0.62432138D+00  -0.78113944D+00   0.00000000D+00
  he               4    2   -0.69900967D+00  -0.71511217D+00  -0.10000000D+00
  h                5    1   -0.98864347D+00   0.15013357D+00   0.00000000D+00
  he               6    2   -0.96884849D+00   0.24775451D+00   0.10000000D+00
  h                7    1   -0.36432209D+00   0.93127301D+00   0.00000000D+00
  he               8    2   -0.26983882D+00   0.96286669D+00  -0.10000000D+00
  h                9    1    0.62432138D+00   0.78113944D+00   0.00000000D+00
  he              10    2    0.69900967D+00   0.71511217D+00   0.10000000D+00
  h               11    1    0.98864347D+00  -0.15013357D+00   0.00000000D+00
  he              12    2    0.96884849D+00  -0.24775451D+00  -0.10000000D+00
# Request Simplex: Run it with internal procedure. NOT IMPLEMENTED!
# Request for Simplex: Initial Coordinates.
[molecule] Nrec=  12 Format=nscxyz
  h                1    1    0.36432209D+00  -0.93127301D+00   0.00000000D+00
  he               2    2    0.26983882D+00  -0.96286669D+00   0.10000000D+00
  h                3    1   -0.62432138D+00  -0.78113944D+00   0.00000000D+00
  he               4    2   -0.69900967D+00  -0.71511217D+00  -0.10000000D+00
  h                5    1   -0.98864347D+00   0.15013357D+00   0.00000000D+00
  he               6    2   -0.96884849D+00   0.24775451D+00   0.10000000D+00
  h                7    1   -0.36432209D+00   0.93127301D+00   0.00000000D+00
  he               8    2   -0.26983882D+00   0.96286669D+00  -0.10000000D+00
  h                9    1    0.62432138D+00   0.78113944D+00   0.00000000D+00
  he              10    2    0.69900967D+00   0.71511217D+00   0.10000000D+00
  h               11    1    0.98864347D+00  -0.15013357D+00   0.00000000D+00
  he              12    2    0.96884849D+00  -0.24775451D+00  -0.10000000D+00
# Minimization at step:     0 with Value:     0.0140Tol(Act/Req):0.2000E+01/0.1000E-04
# With parameters(tra.):     0.1429E-01    0.1429E-01    0.1429E-01
# With parameters(rot.):     0.1429E-01    0.1429E-01    0.1429E-01
# Minimization at step:     1 with Value:     0.0085Tol(Act/Req):0.2000E+01/0.1000E-04
# With parameters(tra.):     0.1548E-01    0.1548E-01    0.7143E-02
# With parameters(rot.):     0.1548E-01    0.1548E-01    0.1548E-01
# Minimization at step:     2 with Value:     0.0065Tol(Act/Req):0.2000E+01/0.1000E-04
# With parameters(tra.):     0.1677E-01    0.8433E-02    0.7738E-02
# With parameters(rot.):     0.1677E-01    0.1677E-01    0.1677E-01
# Minimization at step:     3 with Value:     0.0046Tol(Act/Req):0.2000E+01/0.1000E-04
# With parameters(tra.):     0.9830E-02    0.9135E-02    0.8383E-02
# With parameters(rot.):     0.1816E-01    0.1816E-01    0.1816E-01
# Minimization at step:     4 with Value:     0.0031Tol(Act/Req):0.2000E+01/0.1000E-04
# With parameters(tra.):     0.1020E-01    0.9336E-02   -0.2021E-02
# With parameters(rot.):     0.2062E-01    0.2062E-01    0.2062E-01
# Minimization at step:     5 with Value:     0.0026Tol(Act/Req):0.2000E+01/0.1000E-04
# With parameters(tra.):     0.6767E-02    0.9704E-02   -0.2566E-02
# With parameters(rot.):     0.2152E-01    0.2152E-01    0.2152E-01
# Minimization at step:     6 with Value:     0.0021Tol(Act/Req):0.2000E+01/0.1000E-04
# With parameters(tra.):     0.6578E-02    0.6288E-02   -0.3127E-02
# With parameters(rot.):     0.2257E-01    0.2257E-01    0.2257E-01
# Minimization at step:     7 with Value:     0.0020Tol(Act/Req):0.2000E+01/0.1000E-04
# With parameters(tra.):     0.5121E-02    0.5138E-02    0.3441E-02
# With parameters(rot.):     0.2158E-01    0.2158E-01    0.2158E-01
# Minimization at step:     8 with Value:     0.0017Tol(Act/Req):0.2000E+01/0.1000E-04
# With parameters(tra.):     0.5547E-02    0.5567E-02    0.3727E-02
# With parameters(rot.):     0.1504E-01    0.2337E-01    0.2337E-01
# Minimization at step:     9 with Value:     0.0013Tol(Act/Req):0.2000E+01/0.1000E-04
# With parameters(tra.):     0.6010E-02    0.6030E-02    0.4038E-02
# With parameters(rot.):     0.1629E-01    0.1699E-01    0.2532E-01
# Minimization at step:    10 with Value:     0.0010Tol(Act/Req):0.2000E+01/0.1000E-04
# With parameters(tra.):     0.6448E-02    0.6392E-02    0.2446E-02
# With parameters(rot.):     0.1610E-01    0.1685E-01    0.2588E-01
# Minimization at step:    11 with Value:     0.0009Tol(Act/Req):0.2000E+01/0.1000E-04
# With parameters(tra.):    -0.5319E-03    0.6024E-02    0.3027E-02
# With parameters(rot.):     0.1610E-01    0.1710E-01    0.2914E-01
# Minimization at step:    12 with Value:     0.0008Tol(Act/Req):0.2000E+01/0.1000E-04
# With parameters(tra.):    -0.2592E-02    0.8346E-03    0.3724E-02
# With parameters(rot.):     0.1604E-01    0.1730E-01    0.3234E-01
# Minimization at step:    13 with Value:     0.0007Tol(Act/Req):0.2000E+01/0.1000E-04
# With parameters(tra.):     0.2128E-02   -0.1870E-03    0.3462E-02
# With parameters(rot.):     0.1603E-01    0.1716E-01    0.3070E-01
# Minimization at step:    14 with Value:     0.0006Tol(Act/Req):0.2000E+01/0.1000E-04
# With parameters(tra.):     0.1759E-02   -0.1332E-02    0.3892E-02
# With parameters(rot.):     0.1845E-01    0.4447E-02    0.3639E-01
# Minimization at step:    15 with Value:     0.0005Tol(Act/Req):0.2000E+01/0.1000E-04
# With parameters(tra.):     0.1349E-02   -0.2775E-02    0.4520E-02
# With parameters(rot.):     0.6518E-02    0.1734E-02    0.4433E-01
# Minimization at step:    16 with Value:     0.0005Tol(Act/Req):0.1999E+01/0.1000E-04
# With parameters(tra.):     0.5264E-03   -0.5107E-02    0.2027E-02
# With parameters(rot.):     0.2939E-02   -0.3575E-02    0.5159E-01
# Minimization at step:    17 with Value:     0.0004Tol(Act/Req):0.1999E+01/0.1000E-04
# With parameters(tra.):     0.5161E-03   -0.5135E-02    0.1764E-02
# With parameters(rot.):     0.1041E-02   -0.1065E-02    0.5144E-01
# Minimization at step:    18 with Value:     0.0003Tol(Act/Req):0.1999E+01/0.1000E-04
# With parameters(tra.):     0.5491E-03   -0.4971E-02    0.1378E-02
# With parameters(rot.):     0.3568E-02   -0.6202E-03    0.5005E-01
# Minimization at step:    19 with Value:     0.0003Tol(Act/Req):0.1999E+01/0.1000E-04
# With parameters(tra.):     0.2970E-02   -0.3447E-02    0.1310E-03
# With parameters(rot.):    -0.5547E-03   -0.6724E-02    0.5381E-01
# Minimization at step:    20 with Value:     0.0003Tol(Act/Req):0.1999E+01/0.1000E-04
# With parameters(tra.):     0.3379E-02   -0.2725E-02    0.5962E-03
# With parameters(rot.):     0.4908E-04   -0.5659E-02    0.5218E-01
# Minimization at step:    21 with Value:     0.0002Tol(Act/Req):0.1999E+01/0.1000E-04
# With parameters(tra.):     0.2808E-02   -0.3046E-02    0.9466E-03
# With parameters(rot.):     0.1130E-02   -0.4044E-02    0.5110E-01
# Minimization at step:    22 with Value:     0.0001Tol(Act/Req):0.1998E+01/0.1000E-04
# With parameters(tra.):     0.2078E-02   -0.3114E-02    0.7806E-03
# With parameters(rot.):    -0.1097E-03   -0.5788E-02    0.5308E-01
# Minimization at step:    23 with Value:     0.0001Tol(Act/Req):0.1998E+01/0.1000E-04
# With parameters(tra.):     0.2453E-02   -0.2652E-02    0.1406E-03
# With parameters(rot.):    -0.3244E-02   -0.3204E-02    0.5325E-01
# Minimization at step:    24 with Value:     0.0001Tol(Act/Req):0.1997E+01/0.1000E-04
# With parameters(tra.):     0.2628E-02   -0.2376E-02   -0.1559E-03
# With parameters(rot.):    -0.2548E-02   -0.3197E-02    0.5282E-01
# Minimization at step:    25 with Value:     0.0001Tol(Act/Req):0.1997E+01/0.1000E-04
# With parameters(tra.):     0.3196E-02   -0.8173E-03    0.5238E-03
# With parameters(rot.):    -0.2206E-02   -0.2471E-03    0.4978E-01
# Minimization at step:    26 with Value:     0.0001Tol(Act/Req):0.1996E+01/0.1000E-04
# With parameters(tra.):     0.2437E-02   -0.7416E-03    0.9438E-03
# With parameters(rot.):    -0.1419E-02    0.3124E-02    0.4783E-01
# Minimization at step:    27 with Value:     0.0001Tol(Act/Req):0.1996E+01/0.1000E-04
# With parameters(tra.):     0.1096E-02   -0.8675E-04    0.6662E-03
# With parameters(rot.):    -0.4334E-02    0.2607E-02    0.5003E-01
# Minimization at step:    28 with Value:     0.0000Tol(Act/Req):0.1994E+01/0.1000E-04
# With parameters(tra.):     0.7790E-03   -0.4156E-03    0.5081E-03
# With parameters(rot.):    -0.4597E-02    0.2107E-02    0.5081E-01
# Minimization at step:    29 with Value:     0.0000Tol(Act/Req):0.1993E+01/0.1000E-04
# With parameters(tra.):     0.1088E-02   -0.6068E-03    0.5644E-03
# With parameters(rot.):    -0.3890E-02    0.2195E-02    0.5032E-01
# Minimization at step:    30 with Value:     0.0000Tol(Act/Req):0.1993E+01/0.1000E-04
# With parameters(tra.):     0.9246E-03    0.5337E-03    0.2115E-03
# With parameters(rot.):    -0.2946E-02    0.4007E-02    0.4863E-01
# Minimization at step:    31 with Value:     0.0000Tol(Act/Req):0.1993E+01/0.1000E-04
# With parameters(tra.):     0.7347E-03    0.7221E-03    0.3241E-03
# With parameters(rot.):    -0.2399E-02    0.4177E-02    0.4822E-01
# Minimization at step:    32 with Value:     0.0000Tol(Act/Req):0.1991E+01/0.1000E-04
# With parameters(tra.):     0.8096E-03   -0.8619E-04    0.6169E-03
# With parameters(rot.):    -0.2970E-02    0.2861E-02    0.4938E-01
# Minimization at step:    33 with Value:     0.0000Tol(Act/Req):0.1989E+01/0.1000E-04
# With parameters(tra.):     0.7737E-03    0.8181E-04    0.2279E-03
# With parameters(rot.):    -0.4012E-02    0.5254E-03    0.5120E-01
# Minimization at step:    34 with Value:     0.0000Tol(Act/Req):0.1988E+01/0.1000E-04
# With parameters(tra.):     0.6147E-03   -0.4117E-04    0.1255E-03
# With parameters(rot.):    -0.4095E-02    0.1437E-03    0.5163E-01
# Minimization at step:    35 with Value:     0.0000Tol(Act/Req):0.1983E+01/0.1000E-04
# With parameters(tra.):     0.6105E-03   -0.9342E-04    0.2143E-03
# With parameters(rot.):    -0.3841E-02    0.6958E-03    0.5121E-01
# Minimization at step:    36 with Value:     0.0000Tol(Act/Req):0.1979E+01/0.1000E-04
# With parameters(tra.):     0.1069E-02   -0.3046E-03    0.2100E-03
# With parameters(rot.):    -0.2411E-02    0.3713E-03    0.5053E-01
# Minimization at step:    37 with Value:     0.0000Tol(Act/Req):0.1978E+01/0.1000E-04
# With parameters(tra.):     0.8004E-03   -0.2701E-03    0.3972E-03
# With parameters(rot.):    -0.1321E-02   -0.5567E-03    0.5047E-01
# Minimization at step:    38 with Value:     0.0000Tol(Act/Req):0.1969E+01/0.1000E-04
# With parameters(tra.):     0.7474E-03    0.2075E-03    0.1287E-03
# With parameters(rot.):    -0.3899E-03   -0.8184E-03    0.5006E-01
# Minimization at step:    39 with Value:     0.0000Tol(Act/Req):0.1967E+01/0.1000E-04
# With parameters(tra.):     0.6790E-03    0.1667E-03    0.7782E-04
# With parameters(rot.):    -0.1225E-03   -0.1089E-02    0.5014E-01
# Minimization at step:    40 with Value:     0.0000Tol(Act/Req):0.1967E+01/0.1000E-04
# With parameters(tra.):     0.6826E-03    0.1623E-03    0.1108E-03
# With parameters(rot.):     0.3142E-03   -0.9622E-03    0.4985E-01
# Minimization at step:    41 with Value:     0.0000Tol(Act/Req):0.1958E+01/0.1000E-04
# With parameters(tra.):     0.2423E-03    0.4373E-03    0.8918E-04
# With parameters(rot.):    -0.7728E-04   -0.1052E-02    0.5018E-01
# Minimization at step:    42 with Value:     0.0000Tol(Act/Req):0.1956E+01/0.1000E-04
# With parameters(tra.):     0.2135E-03    0.3371E-03    0.1530E-03
# With parameters(rot.):    -0.2839E-03   -0.1006E-02    0.5029E-01
# Minimization at step:    43 with Value:     0.0000Tol(Act/Req):0.1899E+01/0.1000E-04
# With parameters(tra.):     0.2317E-03    0.3791E-03    0.8585E-04
# With parameters(rot.):    -0.4701E-03   -0.8118E-03    0.5029E-01
# Minimization at step:    44 with Value:     0.0000Tol(Act/Req):0.1886E+01/0.1000E-04
# With parameters(tra.):     0.1602E-03    0.3764E-03    0.6106E-04
# With parameters(rot.):    -0.3653E-03   -0.9241E-03    0.5035E-01
# Minimization at step:    45 with Value:     0.0000Tol(Act/Req):0.1869E+01/0.1000E-04
# With parameters(tra.):    -0.6800E-05    0.4389E-03    0.1105E-03
# With parameters(rot.):     0.2816E-03   -0.6569E-03    0.4992E-01
# Minimization at step:    46 with Value:     0.0000Tol(Act/Req):0.1868E+01/0.1000E-04
# With parameters(tra.):     0.2037E-03    0.2560E-03    0.1320E-03
# With parameters(rot.):     0.6622E-03   -0.4651E-03    0.4961E-01
# Minimization at step:    47 with Value:     0.0000Tol(Act/Req):0.1858E+01/0.1000E-04
# With parameters(tra.):     0.2629E-03    0.2251E-03    0.1214E-03
# With parameters(rot.):     0.5322E-03   -0.5160E-03    0.4969E-01
# Minimization at step:    48 with Value:     0.0000Tol(Act/Req):0.1850E+01/0.1000E-04
# With parameters(tra.):     0.2320E-03    0.4678E-04    0.2092E-03
# With parameters(rot.):     0.4263E-03   -0.3245E-03    0.4971E-01
# Minimization at step:    49 with Value:     0.0000Tol(Act/Req):0.1846E+01/0.1000E-04
# With parameters(tra.):     0.2685E-03    0.1997E-04    0.1161E-03
# With parameters(rot.):     0.3527E-03    0.2271E-03    0.4951E-01
# Minimization at step:    50 with Value:     0.0000Tol(Act/Req):0.1756E+01/0.1000E-04
# With parameters(tra.):     0.1269E-03    0.9812E-04    0.9597E-04
# With parameters(rot.):    -0.1013E-04    0.2563E-03    0.4972E-01
# Minimization at step:    51 with Value:     0.0000Tol(Act/Req):0.1733E+01/0.1000E-04
# With parameters(tra.):     0.1060E-03    0.1113E-03    0.1176E-03
# With parameters(rot.):    -0.2197E-04    0.1208E-03    0.4978E-01
# Minimization at step:    52 with Value:     0.0000Tol(Act/Req):0.1658E+01/0.1000E-04
# With parameters(tra.):    -0.1483E-04    0.4104E-04    0.9453E-04
# With parameters(rot.):     0.2210E-03    0.2135E-03    0.4972E-01
# Minimization at step:    53 with Value:     0.0000Tol(Act/Req):0.1630E+01/0.1000E-04
# With parameters(tra.):    -0.8342E-05    0.1027E-04    0.8701E-04
# With parameters(rot.):     0.1300E-03    0.2489E-03    0.4977E-01
# Minimization at step:    54 with Value:     0.0000Tol(Act/Req):0.1277E+01/0.1000E-04
# With parameters(tra.):    -0.2322E-04    0.3695E-04    0.6219E-04
# With parameters(rot.):     0.1230E-03    0.2647E-03    0.4977E-01
# Minimization at step:    55 with Value:     0.0000Tol(Act/Req):0.1271E+01/0.1000E-04
# With parameters(tra.):    -0.4445E-04    0.3736E-04    0.6838E-04
# With parameters(rot.):     0.1292E-03    0.2090E-03    0.4980E-01
# Minimization at step:    56 with Value:     0.0000Tol(Act/Req):0.1245E+01/0.1000E-04
# With parameters(tra.):    -0.3512E-04    0.1927E-04    0.6943E-04
# With parameters(rot.):     0.2013E-03    0.2002E-03    0.4977E-01
# Minimization at step:    57 with Value:     0.0000Tol(Act/Req):0.1170E+01/0.1000E-04
# With parameters(tra.):     0.3865E-04    0.5888E-04    0.7644E-04
# With parameters(rot.):     0.3271E-04    0.1340E-03    0.4983E-01
# Minimization at step:    58 with Value:     0.0000Tol(Act/Req):0.1143E+01/0.1000E-04
# With parameters(tra.):     0.4581E-04    0.4755E-04    0.7180E-04
# With parameters(rot.):    -0.2088E-04    0.1421E-03    0.4986E-01
# Minimization at step:    59 with Value:     0.0000Tol(Act/Req):0.1111E+01/0.1000E-04
# With parameters(tra.):     0.2796E-04    0.3670E-04    0.6966E-04
# With parameters(rot.):     0.1680E-04    0.1593E-03    0.4984E-01
# Minimization at step:    60 with Value:     0.0000Tol(Act/Req):0.7099E+00/0.1000E-04
# With parameters(tra.):     0.1844E-04    0.7666E-04    0.3429E-04
# With parameters(rot.):    -0.2031E-04    0.1568E-03    0.4987E-01
# Minimization at step:    61 with Value:     0.0000Tol(Act/Req):0.6496E+00/0.1000E-04
# With parameters(tra.):    -0.3052E-05    0.9058E-04    0.3531E-04
# With parameters(rot.):    -0.5781E-04    0.2791E-04    0.4995E-01
# Minimization at step:    62 with Value:     0.0000Tol(Act/Req):0.6316E+00/0.1000E-04
# With parameters(tra.):    -0.3542E-05    0.8849E-04    0.2995E-04
# With parameters(rot.):    -0.8768E-04    0.2245E-04    0.4998E-01
# Minimization at step:    63 with Value:     0.0000Tol(Act/Req):0.6191E+00/0.1000E-04
# With parameters(tra.):     0.2564E-04    0.7539E-04    0.1889E-04
# With parameters(rot.):    -0.3984E-04   -0.5441E-04    0.4999E-01
# Minimization at step:    64 with Value:     0.0000Tol(Act/Req):0.6170E+00/0.1000E-04
# With parameters(tra.):    -0.1082E-04    0.6660E-04   -0.2306E-05
# With parameters(rot.):     0.1663E-04   -0.9120E-04    0.5001E-01
# Minimization at step:    65 with Value:     0.0000Tol(Act/Req):0.5059E+00/0.1000E-04
# With parameters(tra.):     0.8077E-05    0.4469E-04   -0.1586E-04
# With parameters(rot.):     0.7896E-04   -0.2034E-05    0.4994E-01
# Minimization at step:    66 with Value:     0.0000Tol(Act/Req):0.4904E+00/0.1000E-04
# With parameters(tra.):     0.1877E-04    0.4506E-04   -0.1169E-04
# With parameters(rot.):     0.7003E-04    0.1459E-04    0.4993E-01
# Minimization at step:    67 with Value:     0.0000Tol(Act/Req):0.4243E+00/0.1000E-04
# With parameters(tra.):     0.1493E-04    0.5057E-04   -0.7955E-05
# With parameters(rot.):     0.5371E-04   -0.6313E-05    0.4995E-01
# Minimization at step:    68 with Value:     0.0000Tol(Act/Req):0.4064E+00/0.1000E-04
# With parameters(tra.):     0.1882E-04    0.2407E-04   -0.8358E-06
# With parameters(rot.):     0.9076E-04   -0.4581E-04    0.4996E-01
# Minimization at step:    69 with Value:     0.0000Tol(Act/Req):0.3112E+00/0.1000E-04
# With parameters(tra.):    -0.4771E-05    0.2106E-04    0.2526E-05
# With parameters(rot.):     0.8753E-04    0.1399E-04    0.4994E-01
# Minimization at step:    70 with Value:     0.0000Tol(Act/Req):0.1741E+00/0.1000E-04
# With parameters(tra.):    -0.5119E-05    0.1440E-04   -0.2440E-05
# With parameters(rot.):     0.8719E-04    0.1056E-04    0.4995E-01
# Minimization at step:    71 with Value:     0.0000Tol(Act/Req):0.1677E+00/0.1000E-04
# With parameters(tra.):    -0.1764E-05    0.1204E-04    0.4160E-06
# With parameters(rot.):     0.8416E-04    0.1854E-04    0.4994E-01
# Minimization at step:    72 with Value:     0.0000Tol(Act/Req):0.1508E+00/0.1000E-04
# With parameters(tra.):    -0.1169E-04    0.1066E-04    0.8113E-05
# With parameters(rot.):     0.6729E-04   -0.6610E-05    0.4997E-01
# Minimization at step:    73 with Value:     0.0000Tol(Act/Req):0.1169E+00/0.1000E-04
# With parameters(tra.):    -0.1488E-04    0.1396E-04    0.7673E-05
# With parameters(rot.):     0.5916E-04    0.3239E-05    0.4997E-01
# Minimization at step:    74 with Value:     0.0000Tol(Act/Req):0.1019E+00/0.1000E-04
# With parameters(tra.):    -0.5610E-05    0.1369E-04    0.7279E-05
# With parameters(rot.):     0.5368E-04   -0.2935E-04    0.4998E-01
# Minimization at step:    75 with Value:     0.0000Tol(Act/Req):0.6349E-01/0.1000E-04
# With parameters(tra.):    -0.6255E-05    0.3524E-05    0.2260E-05
# With parameters(rot.):     0.4480E-04   -0.4448E-04    0.5000E-01
# Minimization at step:    76 with Value:     0.0000Tol(Act/Req):0.5342E-01/0.1000E-04
# With parameters(tra.):    -0.2345E-05   -0.2157E-05    0.7005E-05
# With parameters(rot.):     0.3042E-04   -0.4827E-04    0.5001E-01
# Minimization at step:    77 with Value:     0.0000Tol(Act/Req):0.4965E-01/0.1000E-04
# With parameters(tra.):     0.7386E-05   -0.5516E-05    0.1504E-05
# With parameters(rot.):     0.2937E-04   -0.4539E-04    0.5001E-01
# Minimization at step:    78 with Value:     0.0000Tol(Act/Req):0.4018E-01/0.1000E-04
# With parameters(tra.):     0.8427E-05   -0.5409E-05   -0.1434E-05
# With parameters(rot.):     0.3182E-05   -0.4190E-04    0.5002E-01
# Minimization at step:    79 with Value:     0.0000Tol(Act/Req):0.3936E-01/0.1000E-04
# With parameters(tra.):    -0.9576E-06   -0.2015E-05    0.3087E-05
# With parameters(rot.):    -0.4507E-05   -0.4361E-04    0.5002E-01
# Minimization at step:    80 with Value:     0.0000Tol(Act/Req):0.3574E-01/0.1000E-04
# With parameters(tra.):    -0.5586E-05   -0.7068E-05    0.1953E-05
# With parameters(rot.):    -0.2025E-04   -0.2664E-04    0.5003E-01
# Minimization at step:    81 with Value:     0.0000Tol(Act/Req):0.2897E-01/0.1000E-04
# With parameters(tra.):    -0.3626E-05   -0.8338E-05    0.7281E-06
# With parameters(rot.):    -0.1964E-04   -0.2480E-04    0.5003E-01
# Minimization at step:    82 with Value:     0.0000Tol(Act/Req):0.2729E-01/0.1000E-04
# With parameters(tra.):    -0.2305E-05   -0.7181E-05    0.9096E-06
# With parameters(rot.):    -0.1566E-04   -0.2889E-04    0.5003E-01
# Minimization at step:    83 with Value:     0.0000Tol(Act/Req):0.2699E-01/0.1000E-04
# With parameters(tra.):    -0.3460E-05   -0.7355E-05    0.1839E-05
# With parameters(rot.):    -0.1068E-04   -0.2868E-04    0.5002E-01
# Minimization at step:    84 with Value:     0.0000Tol(Act/Req):0.2491E-01/0.1000E-04
# With parameters(tra.):    -0.2099E-05   -0.4203E-05    0.5045E-05
# With parameters(rot.):    -0.2325E-04   -0.1332E-04    0.5002E-01
# Minimization at step:    85 with Value:     0.0000Tol(Act/Req):0.2462E-01/0.1000E-04
# With parameters(tra.):    -0.4623E-05   -0.1098E-05    0.1229E-05
# With parameters(rot.):    -0.3155E-04    0.8488E-06    0.5002E-01
# Minimization at step:    86 with Value:     0.0000Tol(Act/Req):0.2335E-01/0.1000E-04
# With parameters(tra.):    -0.6825E-05   -0.3215E-05   -0.3249E-05
# With parameters(rot.):    -0.2174E-04   -0.9780E-05    0.5002E-01
# Minimization at step:    87 with Value:     0.0000Tol(Act/Req):0.2212E-01/0.1000E-04
# With parameters(tra.):    -0.6378E-05   -0.4168E-05   -0.2668E-05
# With parameters(rot.):    -0.1885E-04   -0.1421E-04    0.5002E-01
# Minimization at step:    88 with Value:     0.0000Tol(Act/Req):0.1217E-01/0.1000E-04
# With parameters(tra.):    -0.5790E-05   -0.3718E-05   -0.1500E-05
# With parameters(rot.):    -0.2106E-04   -0.1192E-04    0.5002E-01
# Minimization at step:    89 with Value:     0.0000Tol(Act/Req):0.9527E-02/0.1000E-04
# With parameters(tra.):    -0.4990E-05   -0.3968E-05   -0.2299E-05
# With parameters(rot.):    -0.2087E-04   -0.9926E-05    0.5002E-01
# Minimization at step:    90 with Value:     0.0000Tol(Act/Req):0.9173E-02/0.1000E-04
# With parameters(tra.):    -0.3244E-05   -0.5813E-06   -0.3005E-05
# With parameters(rot.):    -0.1464E-04   -0.1178E-04    0.5002E-01
# Minimization at step:    91 with Value:     0.0000Tol(Act/Req):0.7484E-02/0.1000E-04
# With parameters(tra.):    -0.5481E-05    0.1328E-05   -0.2760E-05
# With parameters(rot.):    -0.6002E-05   -0.5729E-05    0.5001E-01
# Minimization at step:    92 with Value:     0.0000Tol(Act/Req):0.7445E-02/0.1000E-04
# With parameters(tra.):    -0.4287E-05    0.1255E-05   -0.1629E-05
# With parameters(rot.):     0.4064E-05   -0.1176E-04    0.5001E-01
# Minimization at step:    93 with Value:     0.0000Tol(Act/Req):0.6472E-02/0.1000E-04
# With parameters(tra.):    -0.2610E-05    0.3812E-05    0.6642E-06
# With parameters(rot.):     0.8017E-05   -0.7130E-05    0.5000E-01
# Minimization at step:    94 with Value:     0.0000Tol(Act/Req):0.6058E-02/0.1000E-04
# With parameters(tra.):    -0.3245E-05    0.4738E-05    0.2972E-06
# With parameters(rot.):    -0.7317E-06    0.4445E-06    0.5000E-01
# Minimization at step:    95 with Value:     0.0000Tol(Act/Req):0.5176E-02/0.1000E-04
# With parameters(tra.):    -0.3717E-05    0.4176E-05   -0.3066E-06
# With parameters(rot.):    -0.2449E-05   -0.8186E-07    0.5000E-01
# Minimization at step:    96 with Value:     0.0000Tol(Act/Req):0.4945E-02/0.1000E-04
# With parameters(tra.):    -0.3598E-05    0.3897E-05   -0.2652E-06
# With parameters(rot.):    -0.4049E-06   -0.2019E-05    0.5000E-01
# Minimization at step:    97 with Value:     0.0000Tol(Act/Req):0.4797E-02/0.1000E-04
# With parameters(tra.):    -0.1449E-05    0.3108E-05    0.1749E-06
# With parameters(rot.):    -0.5483E-05   -0.5633E-05    0.5000E-01
# Minimization at step:    98 with Value:     0.0000Tol(Act/Req):0.3644E-02/0.1000E-04
# With parameters(tra.):    -0.7544E-06    0.3572E-05   -0.1811E-07
# With parameters(rot.):    -0.4107E-05   -0.4278E-05    0.5000E-01
# Minimization at step:    99 with Value:     0.0000Tol(Act/Req):0.1614E-02/0.1000E-04
# With parameters(tra.):    -0.9835E-06    0.3072E-05    0.4074E-06
# With parameters(rot.):    -0.4788E-05   -0.3188E-05    0.5000E-01
# Minimization at step:   100 with Value:     0.0000Tol(Act/Req):0.1554E-02/0.1000E-04
# With parameters(tra.):    -0.9918E-06    0.2699E-05    0.1650E-06
# With parameters(rot.):    -0.5842E-05   -0.3710E-05    0.5000E-01
# Minimization at step:   101 with Value:     0.0000Tol(Act/Req):0.1464E-02/0.1000E-04
# With parameters(tra.):    -0.7149E-06    0.2460E-05    0.2215E-06
# With parameters(rot.):    -0.5273E-05   -0.4819E-05    0.5000E-01
# Minimization at step:   102 with Value:     0.0000Tol(Act/Req):0.1381E-02/0.1000E-04
# With parameters(tra.):    -0.1902E-05    0.2770E-05   -0.5628E-07
# With parameters(rot.):    -0.1817E-05   -0.2139E-05    0.5000E-01
# Minimization at step:   103 with Value:     0.0000Tol(Act/Req):0.1074E-02/0.1000E-04
# With parameters(tra.):    -0.1651E-05    0.2936E-05   -0.1560E-06
# With parameters(rot.):    -0.9386E-06   -0.1283E-05    0.5000E-01
# Minimization at step:   104 with Value:     0.0000Tol(Act/Req):0.1044E-02/0.1000E-04
# With parameters(tra.):    -0.2331E-05    0.1890E-05    0.5072E-06
# With parameters(rot.):    -0.1018E-05    0.1531E-05    0.5000E-01
# Minimization at step:   105 with Value:     0.0000Tol(Act/Req):0.9144E-03/0.1000E-04
# With parameters(tra.):    -0.1548E-05    0.1436E-05    0.8565E-06
# With parameters(rot.):    -0.3410E-05    0.4387E-06    0.5000E-01
# Minimization at step:   106 with Value:     0.0000Tol(Act/Req):0.5637E-03/0.1000E-04
# With parameters(tra.):    -0.1312E-05    0.1660E-05    0.7198E-06
# With parameters(rot.):    -0.3589E-05   -0.3560E-06    0.5000E-01
# Minimization at step:   107 with Value:     0.0000Tol(Act/Req):0.5128E-03/0.1000E-04
# With parameters(tra.):    -0.9576E-06    0.9157E-06    0.9990E-06
# With parameters(rot.):    -0.1890E-05   -0.1087E-05    0.5000E-01
# Minimization at step:   108 with Value:     0.0000Tol(Act/Req):0.4652E-03/0.1000E-04
# With parameters(tra.):    -0.9626E-06   -0.4249E-06    0.7922E-06
# With parameters(rot.):    -0.2680E-05   -0.1257E-05    0.5000E-01
# Minimization at step:   109 with Value:     0.0000Tol(Act/Req):0.4096E-03/0.1000E-04
# With parameters(tra.):    -0.4129E-06   -0.1017E-05    0.8798E-06
# With parameters(rot.):    -0.1797E-05    0.3294E-07    0.5000E-01
# Minimization at step:   110 with Value:     0.0000Tol(Act/Req):0.3279E-03/0.1000E-04
# With parameters(tra.):    -0.2717E-06   -0.1594E-06    0.1057E-05
# With parameters(rot.):    -0.9838E-06    0.4829E-06    0.5000E-01
# Minimization at step:   111 with Value:     0.0000Tol(Act/Req):0.3036E-03/0.1000E-04
# With parameters(tra.):    -0.3687E-06   -0.3892E-06    0.8907E-06
# With parameters(rot.):     0.1419E-05    0.1226E-05    0.5000E-01
# Minimization at step:   112 with Value:     0.0000Tol(Act/Req):0.2980E-03/0.1000E-04
# With parameters(tra.):    -0.1723E-06   -0.4481E-06    0.8365E-06
# With parameters(rot.):     0.1747E-05    0.9605E-06    0.5000E-01
# Minimization at step:   113 with Value:     0.0000Tol(Act/Req):0.2449E-03/0.1000E-04
# With parameters(tra.):    -0.5049E-07   -0.2904E-06    0.9476E-06
# With parameters(rot.):     0.2648E-07    0.3368E-06    0.5000E-01
# Minimization at step:   114 with Value:     0.0000Tol(Act/Req):0.1542E-03/0.1000E-04
# With parameters(tra.):    -0.8971E-07   -0.3353E-07    0.7253E-06
# With parameters(rot.):    -0.7687E-06    0.1241E-05    0.5000E-01
# Minimization at step:   115 with Value:     0.0000Tol(Act/Req):0.1354E-03/0.1000E-04
# With parameters(tra.):    -0.1544E-06    0.1471E-06    0.6979E-06
# With parameters(rot.):    -0.8302E-06    0.1127E-05    0.5000E-01
# Minimization at step:   116 with Value:     0.0000Tol(Act/Req):0.1101E-03/0.1000E-04
# With parameters(tra.):    -0.2095E-06   -0.3224E-06    0.4602E-06
# With parameters(rot.):    -0.1321E-05    0.1042E-05    0.5000E-01
# Minimization at step:   117 with Value:     0.0000Tol(Act/Req):0.1003E-03/0.1000E-04
# With parameters(tra.):     0.1708E-06   -0.3983E-06    0.2266E-06
# With parameters(rot.):    -0.1688E-05    0.5379E-06    0.5000E-01
# Minimization at step:   118 with Value:     0.0000Tol(Act/Req):0.7694E-04/0.1000E-04
# With parameters(tra.):     0.1652E-06   -0.5041E-06   -0.9200E-08
# With parameters(rot.):    -0.1257E-05    0.9000E-06    0.5000E-01
# Minimization at step:   119 with Value:     0.0000Tol(Act/Req):0.6916E-04/0.1000E-04
# With parameters(tra.):     0.3452E-06   -0.9517E-07    0.7194E-07
# With parameters(rot.):    -0.7447E-06    0.9380E-06    0.5000E-01
# Minimization at step:   120 with Value:     0.0000Tol(Act/Req):0.5913E-04/0.1000E-04
# With parameters(tra.):     0.2647E-06   -0.5095E-07    0.1175E-06
# With parameters(rot.):    -0.5743E-06    0.1097E-05    0.5000E-01
# Minimization at step:   121 with Value:     0.0000Tol(Act/Req):0.5312E-04/0.1000E-04
# With parameters(tra.):     0.2724E-06    0.1704E-06   -0.6881E-07
# With parameters(rot.):    -0.6025E-06    0.9184E-06    0.5000E-01
# Minimization at step:   122 with Value:     0.0000Tol(Act/Req):0.4186E-04/0.1000E-04
# With parameters(tra.):     0.3825E-06    0.9297E-07   -0.1562E-06
# With parameters(rot.):    -0.1633E-06    0.3853E-06    0.5000E-01
# Minimization at step:   123 with Value:     0.0000Tol(Act/Req):0.2734E-04/0.1000E-04
# With parameters(tra.):     0.3407E-06    0.6423E-08   -0.1955E-06
# With parameters(rot.):    -0.2429E-06    0.3298E-06    0.5000E-01
# Minimization at step:   124 with Value:     0.0000Tol(Act/Req):0.1897E-04/0.1000E-04
# With parameters(tra.):     0.3873E-06    0.1870E-06   -0.1242E-06
# With parameters(rot.):    -0.2051E-06    0.6166E-08    0.5000E-01
# Minimization at step:   125 with Value:     0.0000Tol(Act/Req):0.1818E-04/0.1000E-04
# With parameters(tra.):     0.3573E-06    0.2289E-06   -0.1216E-06
# With parameters(rot.):    -0.8913E-07   -0.5102E-08    0.5000E-01
# Minimization at step:   126 with Value:     0.0000Tol(Act/Req):0.1365E-04/0.1000E-04
# With parameters(tra.):     0.3804E-06    0.1008E-06   -0.1497E-07
# With parameters(rot.):     0.1008E-06   -0.1936E-06    0.5000E-01
# Minimization at step:   127 with Value:     0.0000Tol(Act/Req):0.1158E-04/0.1000E-04
# With parameters(tra.):     0.3062E-06    0.1550E-06    0.9038E-07
# With parameters(rot.):    -0.1039E-06   -0.3127E-07    0.5000E-01
# Minimization at step:   128 with Value:     0.0000Tol(Act/Req):0.1131E-04/0.1000E-04
# With parameters(tra.):     0.2943E-06    0.1916E-06    0.7250E-07
# With parameters(rot.):    -0.1685E-06    0.2939E-07    0.5000E-01
# Minimization at step:   129 with Value:     0.0000Tol(Act/Req):0.1117E-04/0.1000E-04
# With parameters(tra.):     0.3118E-06    0.1811E-06    0.4468E-07
# With parameters(rot.):    -0.1227E-06   -0.6143E-08    0.5000E-01
# Minimization at step:   130 with Value:     0.0000Tol(Act/Req):0.9271E-05/0.1000E-04
# With parameters(tra.):     0.2184E-06    0.6618E-07    0.4614E-07
# With parameters(rot.):    -0.2418E-06   -0.2292E-06    0.5000E-01
# CSM Simplex Values from input minimization.
# Final Number of Simplex optim. Steps:   130
# Final CSM Simplex Value is:      0.00000012013
[molecule] Nrec=  12 Format=nscxyz
  h                1    1    0.31732154D+00  -0.94831848D+00  -0.78982979D-06
  he               2    2    0.22137738D+00  -0.97515046D+00   0.99999276D-01
  h                3    1   -0.66258265D+00  -0.74896008D+00   0.18833350D-06
  he               4    2   -0.73387764D+00  -0.67928235D+00  -0.99999705D-01
  h                5    1   -0.97990434D+00   0.19935788D+00   0.10736655D-05
  he               6    2   -0.95525491D+00   0.29586740D+00   0.10000111D+00
  h                7    1   -0.31732183D+00   0.94831744D+00   0.98083413D-06
  he               8    2   -0.22137767D+00   0.97514942D+00  -0.99999085D-01
  h                9    1    0.66258237D+00   0.74895904D+00   0.26708419D-08
  he              10    2    0.73387735D+00   0.67928131D+00   0.99999896D-01
  h               11    1    0.97990405D+00  -0.19935892D+00  -0.88266112D-06
  he              12    2    0.95525462D+00  -0.29586844D+00  -0.10000092D+00
# Coordinates rotated along X. New coordinates:
[molecule] Nrec=  12 Format=nscxyz
  h                1    1    0.36432209D+00  -0.11561149D-15   0.93127301D+00
  he               2    2    0.26983882D+00   0.10000000D+00   0.96286669D+00
  h                3    1   -0.62432138D+00   0.52567539D-16   0.78113944D+00
  he               4    2   -0.69900967D+00  -0.10000000D+00   0.71511217D+00
  h                5    1   -0.98864347D+00   0.16817903D-15  -0.15013357D+00
  he               6    2   -0.96884849D+00   0.10000000D+00  -0.24775451D+00
  h                7    1   -0.36432209D+00   0.11561149D-15  -0.93127301D+00
  he               8    2   -0.26983882D+00  -0.10000000D+00  -0.96286669D+00
  h                9    1    0.62432138D+00  -0.52567539D-16  -0.78113944D+00
  he              10    2    0.69900967D+00   0.10000000D+00  -0.71511217D+00
  h               11    1    0.98864347D+00  -0.16817903D-15   0.15013357D+00
  he              12    2    0.96884849D+00  -0.10000000D+00   0.24775451D+00
# Minimization at step:     0 with Value:     0.0140Tol(Act/Req):0.2000E+01/0.1000E-04
# With parameters(tra.):     0.1429E-01    0.1429E-01    0.1429E-01
# With parameters(rot.):     0.1429E-01    0.1429E-01    0.1429E-01
# Minimization at step:     1 with Value:     0.0085Tol(Act/Req):0.2000E+01/0.1000E-04
# With parameters(tra.):     0.1548E-01    0.1548E-01    0.7143E-02
# With parameters(rot.):     0.1548E-01    0.1548E-01    0.1548E-01
# Minimization at step:     2 with Value:     0.0065Tol(Act/Req):0.2000E+01/0.1000E-04
# With parameters(tra.):     0.1677E-01    0.8433E-02    0.7738E-02
# With parameters(rot.):     0.1677E-01    0.1677E-01    0.1677E-01
# Minimization at step:     3 with Value:     0.0046Tol(Act/Req):0.2000E+01/0.1000E-04
# With parameters(tra.):     0.9830E-02    0.9135E-02    0.8383E-02
# With parameters(rot.):     0.1816E-01    0.1816E-01    0.1816E-01
# Minimization at step:     4 with Value:     0.0031Tol(Act/Req):0.2000E+01/0.1000E-04
# With parameters(tra.):     0.1020E-01    0.9336E-02   -0.2021E-02
# With parameters(rot.):     0.2062E-01    0.2062E-01    0.2062E-01
# Minimization at step:     5 with Value:     0.0026Tol(Act/Req):0.2000E+01/0.1000E-04
# With parameters(tra.):     0.6767E-02    0.9704E-02   -0.2566E-02
# With parameters(rot.):     0.2152E-01    0.2152E-01    0.2152E-01
# Minimization at step:     6 with Value:     0.0021Tol(Act/Req):0.2000E+01/0.1000E-04
# With parameters(tra.):     0.6578E-02    0.6288E-02   -0.3127E-02
# With parameters(rot.):     0.2257E-01    0.2257E-01    0.2257E-01
# Minimization at step:     7 with Value:     0.0020Tol(Act/Req):0.2000E+01/0.1000E-04
# With parameters(tra.):     0.5121E-02    0.5138E-02    0.3441E-02
# With parameters(rot.):     0.2158E-01    0.2158E-01    0.2158E-01
# Minimization at step:     8 with Value:     0.0017Tol(Act/Req):0.2000E+01/0.1000E-04
# With parameters(tra.):     0.5547E-02    0.5567E-02    0.3727E-02
# With parameters(rot.):     0.1504E-01    0.2337E-01    0.2337E-01
# Minimization at step:     9 with Value:     0.0013Tol(Act/Req):0.2000E+01/0.1000E-04
# With parameters(tra.):     0.6010E-02    0.6030E-02    0.4038E-02
# With parameters(rot.):     0.1629E-01    0.1699E-01    0.2532E-01
# Minimization at step:    10 with Value:     0.0010Tol(Act/Req):0.2000E+01/0.1000E-04
# With parameters(tra.):     0.6448E-02    0.6392E-02    0.2446E-02
# With parameters(rot.):     0.1610E-01    0.1685E-01    0.2588E-01
# Minimization at step:    11 with Value:     0.0009Tol(Act/Req):0.2000E+01/0.1000E-04
# With parameters(tra.):    -0.5319E-03    0.6024E-02    0.3027E-02
# With parameters(rot.):     0.1610E-01    0.1710E-01    0.2914E-01
# Minimization at step:    12 with Value:     0.0008Tol(Act/Req):0.2000E+01/0.1000E-04
# With parameters(tra.):    -0.2592E-02    0.8346E-03    0.3724E-02
# With parameters(rot.):     0.1604E-01    0.1730E-01    0.3234E-01
# Minimization at step:    13 with Value:     0.0007Tol(Act/Req):0.2000E+01/0.1000E-04
# With parameters(tra.):     0.2128E-02   -0.1870E-03    0.3462E-02
# With parameters(rot.):     0.1603E-01    0.1716E-01    0.3070E-01
# Minimization at step:    14 with Value:     0.0006Tol(Act/Req):0.2000E+01/0.1000E-04
# With parameters(tra.):     0.1759E-02   -0.1332E-02    0.3892E-02
# With parameters(rot.):     0.1845E-01    0.4447E-02    0.3639E-01
# Minimization at step:    15 with Value:     0.0005Tol(Act/Req):0.2000E+01/0.1000E-04
# With parameters(tra.):     0.1349E-02   -0.2775E-02    0.4520E-02
# With parameters(rot.):     0.6518E-02    0.1734E-02    0.4433E-01
# Minimization at step:    16 with Value:     0.0005Tol(Act/Req):0.1999E+01/0.1000E-04
# With parameters(tra.):     0.5264E-03   -0.5107E-02    0.2027E-02
# With parameters(rot.):     0.2939E-02   -0.3575E-02    0.5159E-01
# Minimization at step:    17 with Value:     0.0004Tol(Act/Req):0.1999E+01/0.1000E-04
# With parameters(tra.):     0.5161E-03   -0.5135E-02    0.1764E-02
# With parameters(rot.):     0.1041E-02   -0.1065E-02    0.5144E-01
# Minimization at step:    18 with Value:     0.0003Tol(Act/Req):0.1999E+01/0.1000E-04
# With parameters(tra.):     0.5491E-03   -0.4971E-02    0.1378E-02
# With parameters(rot.):     0.3568E-02   -0.6202E-03    0.5005E-01
# Minimization at step:    19 with Value:     0.0003Tol(Act/Req):0.1999E+01/0.1000E-04
# With parameters(tra.):     0.2970E-02   -0.3447E-02    0.1310E-03
# With parameters(rot.):    -0.5547E-03   -0.6724E-02    0.5381E-01
# Minimization at step:    20 with Value:     0.0003Tol(Act/Req):0.1999E+01/0.1000E-04
# With parameters(tra.):     0.3379E-02   -0.2725E-02    0.5962E-03
# With parameters(rot.):     0.4908E-04   -0.5659E-02    0.5218E-01
# Minimization at step:    21 with Value:     0.0002Tol(Act/Req):0.1999E+01/0.1000E-04
# With parameters(tra.):     0.2808E-02   -0.3046E-02    0.9466E-03
# With parameters(rot.):     0.1130E-02   -0.4044E-02    0.5110E-01
# Minimization at step:    22 with Value:     0.0001Tol(Act/Req):0.1998E+01/0.1000E-04
# With parameters(tra.):     0.2078E-02   -0.3114E-02    0.7806E-03
# With parameters(rot.):    -0.1097E-03   -0.5788E-02    0.5308E-01
# Minimization at step:    23 with Value:     0.0001Tol(Act/Req):0.1998E+01/0.1000E-04
# With parameters(tra.):     0.2453E-02   -0.2652E-02    0.1406E-03
# With parameters(rot.):    -0.3244E-02   -0.3204E-02    0.5325E-01
# Minimization at step:    24 with Value:     0.0001Tol(Act/Req):0.1997E+01/0.1000E-04
# With parameters(tra.):     0.2628E-02   -0.2376E-02   -0.1559E-03
# With parameters(rot.):    -0.2548E-02   -0.3197E-02    0.5282E-01
# Minimization at step:    25 with Value:     0.0001Tol(Act/Req):0.1997E+01/0.1000E-04
# With parameters(tra.):     0.3196E-02   -0.8173E-03    0.5238E-03
# With parameters(rot.):    -0.2206E-02   -0.2471E-03    0.4978E-01
# Minimization at step:    26 with Value:     0.0001Tol(Act/Req):0.1996E+01/0.1000E-04
# With parameters(tra.):     0.2437E-02   -0.7416E-03    0.9438E-03
# With parameters(rot.):    -0.1419E-02    0.3124E-02    0.4783E-01
# Minimization at step:    27 with Value:     0.0001Tol(Act/Req):0.1996E+01/0.1000E-04
# With parameters(tra.):     0.1096E-02   -0.8675E-04    0.6662E-03
# With parameters(rot.):    -0.4334E-02    0.2607E-02    0.5003E-01
# Minimization at step:    28 with Value:     0.0000Tol(Act/Req):0.1994E+01/0.1000E-04
# With parameters(tra.):     0.7790E-03   -0.4156E-03    0.5081E-03
# With parameters(rot.):    -0.4597E-02    0.2107E-02    0.5081E-01
# Minimization at step:    29 with Value:     0.0000Tol(Act/Req):0.1993E+01/0.1000E-04
# With parameters(tra.):     0.1088E-02   -0.6068E-03    0.5644E-03
# With parameters(rot.):    -0.3890E-02    0.2195E-02    0.5032E-01
# Minimization at step:    30 with Value:     0.0000Tol(Act/Req):0.1993E+01/0.1000E-04
# With parameters(tra.):     0.9246E-03    0.5337E-03    0.2115E-03
# With parameters(rot.):    -0.2946E-02    0.4007E-02    0.4863E-01
# Minimization at step:    31 with Value:     0.0000Tol(Act/Req):0.1993E+01/0.1000E-04
# With parameters(tra.):     0.7347E-03    0.7221E-03    0.3241E-03
# With parameters(rot.):    -0.2399E-02    0.4177E-02    0.4822E-01
# Minimization at step:    32 with Value:     0.0000Tol(Act/Req):0.1991E+01/0.1000E-04
# With parameters(tra.):     0.8096E-03   -0.8619E-04    0.6169E-03
# With parameters(rot.):    -0.2970E-02    0.2861E-02    0.4938E-01
# Minimization at step:    33 with Value:     0.0000Tol(Act/Req):0.1989E+01/0.1000E-04
# With parameters(tra.):     0.7737E-03    0.8181E-04    0.2279E-03
# With parameters(rot.):    -0.4012E-02    0.5254E-03    0.5120E-01
# Minimization at step:    34 with Value:     0.0000Tol(Act/Req):0.1988E+01/0.1000E-04
# With parameters(tra.):     0.6147E-03   -0.4117E-04    0.1255E-03
# With parameters(rot.):    -0.4095E-02    0.1437E-03    0.5163E-01
# Minimization at step:    35 with Value:     0.0000Tol(Act/Req):0.1983E+01/0.1000E-04
# With parameters(tra.):     0.6105E-03   -0.9342E-04    0.2143E-03
# With parameters(rot.):    -0.3841E-02    0.6958E-03    0.5121E-01
# Minimization at step:    36 with Value:     0.0000Tol(Act/Req):0.1979E+01/0.1000E-04
# With parameters(tra.):     0.1069E-02   -0.3046E-03    0.2100E-03
# With parameters(rot.):    -0.2411E-02    0.3713E-03    0.5053E-01
# Minimization at step:    37 with Value:     0.0000Tol(Act/Req):0.1978E+01/0.1000E-04
# With parameters(tra.):     0.8004E-03   -0.2701E-03    0.3972E-03
# With parameters(rot.):    -0.1321E-02   -0.5567E-03    0.5047E-01
# Minimization at step:    38 with Value:     0.0000Tol(Act/Req):0.1969E+01/0.1000E-04
# With parameters(tra.):     0.7474E-03    0.2075E-03    0.1287E-03
# With parameters(rot.):    -0.3899E-03   -0.8184E-03    0.5006E-01
# Minimization at step:    39 with Value:     0.0000Tol(Act/Req):0.1967E+01/0.1000E-04
# With parameters(tra.):     0.6790E-03    0.1667E-03    0.7782E-04
# With parameters(rot.):    -0.1225E-03   -0.1089E-02    0.5014E-01
# Minimization at step:    40 with Value:     0.0000Tol(Act/Req):0.1967E+01/0.1000E-04
# With parameters(tra.):     0.6826E-03    0.1623E-03    0.1108E-03
# With parameters(rot.):     0.3142E-03   -0.9622E-03    0.4985E-01
# Minimization at step:    41 with Value:     0.0000Tol(Act/Req):0.1958E+01/0.1000E-04
# With parameters(tra.):     0.2423E-03    0.4373E-03    0.8918E-04
# With parameters(rot.):    -0.7728E-04   -0.1052E-02    0.5018E-01
# Minimization at step:    42 with Value:     0.0000Tol(Act/Req):0.1956E+01/0.1000E-04
# With parameters(tra.):     0.2135E-03    0.3371E-03    0.1530E-03
# With parameters(rot.):    -0.2839E-03   -0.1006E-02    0.5029E-01
# Minimization at step:    43 with Value:     0.0000Tol(Act/Req):0.1899E+01/0.1000E-04
# With parameters(tra.):     0.2317E-03    0.3791E-03    0.8585E-04
# With parameters(rot.):    -0.4701E-03   -0.8118E-03    0.5029E-01
# Minimization at step:    44 with Value:     0.0000Tol(Act/Req):0.1886E+01/0.1000E-04
# With parameters(tra.):     0.1602E-03    0.3764E-03    0.6106E-04
# With parameters(rot.):    -0.3653E-03   -0.9241E-03    0.5035E-01
# Minimization at step:    45 with Value:     0.0000Tol(Act/Req):0.1869E+01/0.1000E-04
# With parameters(tra.):    -0.6800E-05    0.4389E-03    0.1105E-03
# With parameters(rot.):     0.2816E-03   -0.6569E-03    0.4992E-01
# Minimization at step:    46 with Value:     0.0000Tol(Act/Req):0.1868E+01/0.1000E-04
# With parameters(tra.):     0.2037E-03    0.2560E-03    0.1320E-03
# With parameters(rot.):     0.6622E-03   -0.4651E-03    0.4961E-01
# Minimization at step:    47 with Value:     0.0000Tol(Act/Req):0.1858E+01/0.1000E-04
# With parameters(tra.):     0.2629E-03    0.2251E-03    0.1214E-03
# With parameters(rot.):     0.5322E-03   -0.5160E-03    0.4969E-01
# Minimization at step:    48 with Value:     0.0000Tol(Act/Req):0.1850E+01/0.1000E-04
# With parameters(tra.):     0.2320E-03    0.4678E-04    0.2092E-03
# With parameters(rot.):     0.4263E-03   -0.3245E-03    0.4971E-01
# Minimization at step:    49 with Value:     0.0000Tol(Act/Req):0.1846E+01/0.1000E-04
# With parameters(tra.):     0.2685E-03    0.1997E-04    0.1161E-03
# With parameters(rot.):     0.3527E-03    0.2271E-03    0.4951E-01
# Minimization at step:    50 with Value:     0.0000Tol(Act/Req):0.1756E+01/0.1000E-04
# With parameters(tra.):     0.1269E-03    0.9812E-04    0.9597E-04
# With parameters(rot.):    -0.1013E-04    0.2563E-03    0.4972E-01
# Minimization at step:    51 with Value:     0.0000Tol(Act/Req):0.1733E+01/0.1000E-04
# With parameters(tra.):     0.1060E-03    0.1113E-03    0.1176E-03
# With parameters(rot.):    -0.2197E-04    0.1208E-03    0.4978E-01
# Minimization at step:    52 with Value:     0.0000Tol(Act/Req):0.1658E+01/0.1000E-04
# With parameters(tra.):    -0.1483E-04    0.4104E-04    0.9453E-04
# With parameters(rot.):     0.2210E-03    0.2135E-03    0.4972E-01
# Minimization at step:    53 with Value:     0.0000Tol(Act/Req):0.1630E+01/0.1000E-04
# With parameters(tra.):    -0.8342E-05    0.1027E-04    0.8701E-04
# With parameters(rot.):     0.1300E-03    0.2489E-03    0.4977E-01
# Minimization at step:    54 with Value:     0.0000Tol(Act/Req):0.1277E+01/0.1000E-04
# With parameters(tra.):    -0.2322E-04    0.3695E-04    0.6219E-04
# With parameters(rot.):     0.1230E-03    0.2647E-03    0.4977E-01
# Minimization at step:    55 with Value:     0.0000Tol(Act/Req):0.1271E+01/0.1000E-04
# With parameters(tra.):    -0.4445E-04    0.3736E-04    0.6838E-04
# With parameters(rot.):     0.1292E-03    0.2090E-03    0.4980E-01
# Minimization at step:    56 with Value:     0.0000Tol(Act/Req):0.1245E+01/0.1000E-04
# With parameters(tra.):    -0.3512E-04    0.1927E-04    0.6943E-04
# With parameters(rot.):     0.2013E-03    0.2002E-03    0.4977E-01
# Minimization at step:    57 with Value:     0.0000Tol(Act/Req):0.1170E+01/0.1000E-04
# With parameters(tra.):     0.3865E-04    0.5888E-04    0.7644E-04
# With parameters(rot.):     0.3271E-04    0.1340E-03    0.4983E-01
# Minimization at step:    58 with Value:     0.0000Tol(Act/Req):0.1143E+01/0.1000E-04
# With parameters(tra.):     0.4581E-04    0.4755E-04    0.7180E-04
# With parameters(rot.):    -0.2088E-04    0.1421E-03    0.4986E-01
# Minimization at step:    59 with Value:     0.0000Tol(Act/Req):0.1111E+01/0.1000E-04
# With parameters(tra.):     0.2796E-04    0.3670E-04    0.6966E-04
# With parameters(rot.):     0.1680E-04    0.1593E-03    0.4984E-01
# Minimization at step:    60 with Value:     0.0000Tol(Act/Req):0.7099E+00/0.1000E-04
# With parameters(tra.):     0.1844E-04    0.7666E-04    0.3429E-04
# With parameters(rot.):    -0.2031E-04    0.1568E-03    0.4987E-01
# Minimization at step:    61 with Value:     0.0000Tol(Act/Req):0.6496E+00/0.1000E-04
# With parameters(tra.):    -0.3052E-05    0.9058E-04    0.3531E-04
# With parameters(rot.):    -0.5781E-04    0.2791E-04    0.4995E-01
# Minimization at step:    62 with Value:     0.0000Tol(Act/Req):0.6316E+00/0.1000E-04
# With parameters(tra.):    -0.3542E-05    0.8849E-04    0.2995E-04
# With parameters(rot.):    -0.8768E-04    0.2245E-04    0.4998E-01
# Minimization at step:    63 with Value:     0.0000Tol(Act/Req):0.6191E+00/0.1000E-04
# With parameters(tra.):     0.2564E-04    0.7539E-04    0.1889E-04
# With parameters(rot.):    -0.3984E-04   -0.5441E-04    0.4999E-01
# Minimization at step:    64 with Value:     0.0000Tol(Act/Req):0.6170E+00/0.1000E-04
# With parameters(tra.):    -0.1082E-04    0.6660E-04   -0.2306E-05
# With parameters(rot.):     0.1663E-04   -0.9120E-04    0.5001E-01
# Minimization at step:    65 with Value:     0.0000Tol(Act/Req):0.5059E+00/0.1000E-04
# With parameters(tra.):     0.8077E-05    0.4469E-04   -0.1586E-04
# With parameters(rot.):     0.7896E-04   -0.2034E-05    0.4994E-01
# Minimization at step:    66 with Value:     0.0000Tol(Act/Req):0.4904E+00/0.1000E-04
# With parameters(tra.):     0.1877E-04    0.4506E-04   -0.1169E-04
# With parameters(rot.):     0.7003E-04    0.1459E-04    0.4993E-01
# Minimization at step:    67 with Value:     0.0000Tol(Act/Req):0.4243E+00/0.1000E-04
# With parameters(tra.):     0.1493E-04    0.5057E-04   -0.7955E-05
# With parameters(rot.):     0.5371E-04   -0.6313E-05    0.4995E-01
# Minimization at step:    68 with Value:     0.0000Tol(Act/Req):0.4064E+00/0.1000E-04
# With parameters(tra.):     0.1882E-04    0.2407E-04   -0.8358E-06
# With parameters(rot.):     0.9076E-04   -0.4581E-04    0.4996E-01
# Minimization at step:    69 with Value:     0.0000Tol(Act/Req):0.3112E+00/0.1000E-04
# With parameters(tra.):    -0.4771E-05    0.2106E-04    0.2526E-05
# With parameters(rot.):     0.8753E-04    0.1399E-04    0.4994E-01
# Minimization at step:    70 with Value:     0.0000Tol(Act/Req):0.1741E+00/0.1000E-04
# With parameters(tra.):    -0.5119E-05    0.1440E-04   -0.2440E-05
# With parameters(rot.):     0.8719E-04    0.1056E-04    0.4995E-01
# Minimization at step:    71 with Value:     0.0000Tol(Act/Req):0.1677E+00/0.1000E-04
# With parameters(tra.):    -0.1764E-05    0.1204E-04    0.4160E-06
# With parameters(rot.):     0.8416E-04    0.1854E-04    0.4994E-01
# Minimization at step:    72 with Value:     0.0000Tol(Act/Req):0.1508E+00/0.1000E-04
# With parameters(tra.):    -0.1169E-04    0.1066E-04    0.8113E-05
# With parameters(rot.):     0.6729E-04   -0.6610E-05    0.4997E-01
# Minimization at step:    73 with Value:     0.0000Tol(Act/Req):0.1169E+00/0.1000E-04
# With parameters(tra.):    -0.1488E-04    0.1396E-04    0.7673E-05
# With parameters(rot.):     0.5916E-04    0.3239E-05    0.4997E-01
# Minimization at step:    74 with Value:     0.0000Tol(Act/Req):0.1019E+00/0.1000E-04
# With parameters(tra.):    -0.5610E-05    0.1369E-04    0.7279E-05
# With parameters(rot.):     0.5368E-04   -0.2935E-04    0.4998E-01
# Minimization at step:    75 with Value:     0.0000Tol(Act/Req):0.6349E-01/0.1000E-04
# With parameters(tra.):    -0.6255E-05    0.3524E-05    0.2260E-05
# With parameters(rot.):     0.4480E-04   -0.4448E-04    0.5000E-01
# Minimization at step:    76 with Value:     0.0000Tol(Act/Req):0.5342E-01/0.1000E-04
# With parameters(tra.):    -0.2345E-05   -0.2157E-05    0.7005E-05
# With parameters(rot.):     0.3042E-04   -0.4827E-04    0.5001E-01
# Minimization at step:    77 with Value:     0.0000Tol(Act/Req):0.4965E-01/0.1000E-04
# With parameters(tra.):     0.7386E-05   -0.5516E-05    0.1504E-05
# With parameters(rot.):     0.2937E-04   -0.4539E-04    0.5001E-01
# Minimization at step:    78 with Value:     0.0000Tol(Act/Req):0.4018E-01/0.1000E-04
# With parameters(tra.):     0.8427E-05   -0.5409E-05   -0.1434E-05
# With parameters(rot.):     0.3182E-05   -0.4190E-04    0.5002E-01
# Minimization at step:    79 with Value:     0.0000Tol(Act/Req):0.3936E-01/0.1000E-04
# With parameters(tra.):    -0.9576E-06   -0.2015E-05    0.3087E-05
# With parameters(rot.):    -0.4507E-05   -0.4361E-04    0.5002E-01
# Minimization at step:    80 with Value:     0.0000Tol(Act/Req):0.3574E-01/0.1000E-04
# With parameters(tra.):    -0.5586E-05   -0.7068E-05    0.1953E-05
# With parameters(rot.):    -0.2025E-04   -0.2664E-04    0.5003E-01
# Minimization at step:    81 with Value:     0.0000Tol(Act/Req):0.2897E-01/0.1000E-04
# With parameters(tra.):    -0.3626E-05   -0.8338E-05    0.7281E-06
# With parameters(rot.):    -0.1964E-04   -0.2480E-04    0.5003E-01
# Minimization at step:    82 with Value:     0.0000Tol(Act/Req):0.2729E-01/0.1000E-04
# With parameters(tra.):    -0.2305E-05   -0.7181E-05    0.9096E-06
# With parameters(rot.):    -0.1566E-04   -0.2889E-04    0.5003E-01
# Minimization at step:    83 with Value:     0.0000Tol(Act/Req):0.2699E-01/0.1000E-04
# With parameters(tra.):    -0.3460E-05   -0.7355E-05    0.1839E-05
# With parameters(rot.):    -0.1068E-04   -0.2868E-04    0.5002E-01
# Minimization at step:    84 with Value:     0.0000Tol(Act/Req):0.2491E-01/0.1000E-04
# With parameters(tra.):    -0.2099E-05   -0.4203E-05    0.5045E-05
# With parameters(rot.):    -0.2325E-04   -0.1332E-04    0.5002E-01
# Minimization at step:    85 with Value:     0.0000Tol(Act/Req):0.2462E-01/0.1000E-04
# With parameters(tra.):    -0.4623E-05   -0.1098E-05    0.1229E-05
# With parameters(rot.):    -0.3155E-04    0.8488E-06    0.5002E-01
# Minimization at step:    86 with Value:     0.0000Tol(Act/Req):0.2335E-01/0.1000E-04
# With parameters(tra.):    -0.6825E-05   -0.3215E-05   -0.3249E-05
# With parameters(rot.):    -0.2174E-04   -0.9780E-05    0.5002E-01
# Minimization at step:    87 with Value:     0.0000Tol(Act/Req):0.2212E-01/0.1000E-04
# With parameters(tra.):    -0.6378E-05   -0.4168E-05   -0.2668E-05
# With parameters(rot.):    -0.1885E-04   -0.1421E-04    0.5002E-01
# Minimization at step:    88 with Value:     0.0000Tol(Act/Req):0.1217E-01/0.1000E-04
# With parameters(tra.):    -0.5790E-05   -0.3718E-05   -0.1500E-05
# With parameters(rot.):    -0.2106E-04   -0.1192E-04    0.5002E-01
# Minimization at step:    89 with Value:     0.0000Tol(Act/Req):0.9527E-02/0.1000E-04
# With parameters(tra.):    -0.4990E-05   -0.3968E-05   -0.2299E-05
# With parameters(rot.):    -0.2087E-04   -0.9926E-05    0.5002E-01
# Minimization at step:    90 with Value:     0.0000Tol(Act/Req):0.9173E-02/0.1000E-04
# With parameters(tra.):    -0.3244E-05   -0.5813E-06   -0.3005E-05
# With parameters(rot.):    -0.1464E-04   -0.1178E-04    0.5002E-01
# Minimization at step:    91 with Value:     0.0000Tol(Act/Req):0.7484E-02/0.1000E-04
# With parameters(tra.):    -0.5481E-05    0.1328E-05   -0.2760E-05
# With parameters(rot.):    -0.6002E-05   -0.5729E-05    0.5001E-01
# Minimization at step:    92 with Value:     0.0000Tol(Act/Req):0.7445E-02/0.1000E-04
# With parameters(tra.):    -0.4287E-05    0.1255E-05   -0.1629E-05
# With parameters(rot.):     0.4064E-05   -0.1176E-04    0.5001E-01
# Minimization at step:    93 with Value:     0.0000Tol(Act/Req):0.6472E-02/0.1000E-04
# With parameters(tra.):    -0.2610E-05    0.3812E-05    0.6642E-06
# With parameters(rot.):     0.8017E-05   -0.7130E-05    0.5000E-01
# Minimization at step:    94 with Value:     0.0000Tol(Act/Req):0.6058E-02/0.1000E-04
# With parameters(tra.):    -0.3245E-05    0.4738E-05    0.2972E-06
# With parameters(rot.):    -0.7317E-06    0.4445E-06    0.5000E-01
# Minimization at step:    95 with Value:     0.0000Tol(Act/Req):0.5176E-02/0.1000E-04
# With parameters(tra.):    -0.3717E-05    0.4176E-05   -0.3066E-06
# With parameters(rot.):    -0.2449E-05   -0.8186E-07    0.5000E-01
# Minimization at step:    96 with Value:     0.0000Tol(Act/Req):0.4945E-02/0.1000E-04
# With parameters(tra.):    -0.3598E-05    0.3897E-05   -0.2652E-06
# With parameters(rot.):    -0.4049E-06   -0.2019E-05    0.5000E-01
# Minimization at step:    97 with Value:     0.0000Tol(Act/Req):0.4797E-02/0.1000E-04
# With parameters(tra.):    -0.1449E-05    0.3108E-05    0.1749E-06
# With parameters(rot.):    -0.5483E-05   -0.5633E-05    0.5000E-01
# Minimization at step:    98 with Value:     0.0000Tol(Act/Req):0.3644E-02/0.1000E-04
# With parameters(tra.):    -0.7544E-06    0.3572E-05   -0.1811E-07
# With parameters(rot.):    -0.4107E-05   -0.4278E-05    0.5000E-01
# Minimization at step:    99 with Value:     0.0000Tol(Act/Req):0.1614E-02/0.1000E-04
# With parameters(tra.):    -0.9835E-06    0.3072E-05    0.4074E-06
# With parameters(rot.):    -0.4788E-05   -0.3188E-05    0.5000E-01
# Minimization at step:   100 with Value:     0.0000Tol(Act/Req):0.1554E-02/0.1000E-04
# With parameters(tra.):    -0.9918E-06    0.2699E-05    0.1650E-06
# With parameters(rot.):    -0.5842E-05   -0.3710E-05    0.5000E-01
# Minimization at step:   101 with Value:     0.0000Tol(Act/Req):0.1464E-02/0.1000E-04
# With parameters(tra.):    -0.7149E-06    0.2460E-05    0.2215E-06
# With parameters(rot.):    -0.5273E-05   -0.4819E-05    0.5000E-01
# Minimization at step:   102 with Value:     0.0000Tol(Act/Req):0.1381E-02/0.1000E-04
# With parameters(tra.):    -0.1902E-05    0.2770E-05   -0.5628E-07
# With parameters(rot.):    -0.1817E-05   -0.2139E-05    0.5000E-01
# Minimization at step:   103 with Value:     0.0000Tol(Act/Req):0.1074E-02/0.1000E-04
# With parameters(tra.):    -0.1651E-05    0.2936E-05   -0.1560E-06
# With parameters(rot.):    -0.9386E-06   -0.1283E-05    0.5000E-01
# Minimization at step:   104 with Value:     0.0000Tol(Act/Req):0.1044E-02/0.1000E-04
# With parameters(tra.):    -0.2331E-05    0.1890E-05    0.5072E-06
# With parameters(rot.):    -0.1018E-05    0.1531E-05    0.5000E-01
# Minimization at step:   105 with Value:     0.0000Tol(Act/Req):0.9144E-03/0.1000E-04
# With parameters(tra.):    -0.1548E-05    0.1436E-05    0.8565E-06
# With parameters(rot.):    -0.3410E-05    0.4387E-06    0.5000E-01
# Minimization at step:   106 with Value:     0.0000Tol(Act/Req):0.5637E-03/0.1000E-04
# With parameters(tra.):    -0.1312E-05    0.1660E-05    0.7198E-06
# With parameters(rot.):    -0.3589E-05   -0.3560E-06    0.5000E-01
# Minimization at step:   107 with Value:     0.0000Tol(Act/Req):0.5128E-03/0.1000E-04
# With parameters(tra.):    -0.9576E-06    0.9157E-06    0.9990E-06
# With parameters(rot.):    -0.1890E-05   -0.1087E-05    0.5000E-01
# Minimization at step:   108 with Value:     0.0000Tol(Act/Req):0.4652E-03/0.1000E-04
# With parameters(tra.):    -0.9626E-06   -0.4249E-06    0.7922E-06
# With parameters(rot.):    -0.2680E-05   -0.1257E-05    0.5000E-01
# Minimization at step:   109 with Value:     0.0000Tol(Act/Req):0.4096E-03/0.1000E-04
# With parameters(tra.):    -0.4129E-06   -0.1017E-05    0.8798E-06
# With parameters(rot.):    -0.1797E-05    0.3294E-07    0.5000E-01
# Minimization at step:   110 with Value:     0.0000Tol(Act/Req):0.3279E-03/0.1000E-04
# With parameters(tra.):    -0.2717E-06   -0.1594E-06    0.1057E-05
# With parameters(rot.):    -0.9838E-06    0.4829E-06    0.5000E-01
# Minimization at step:   111 with Value:     0.0000Tol(Act/Req):0.3036E-03/0.1000E-04
# With parameters(tra.):    -0.3687E-06   -0.3892E-06    0.8907E-06
# With parameters(rot.):     0.1419E-05    0.1226E-05    0.5000E-01
# Minimization at step:   112 with Value:     0.0000Tol(Act/Req):0.2980E-03/0.1000E-04
# With parameters(tra.):    -0.1723E-06   -0.4481E-06    0.8365E-06
# With parameters(rot.):     0.1747E-05    0.9605E-06    0.5000E-01
# Minimization at step:   113 with Value:     0.0000Tol(Act/Req):0.2449E-03/0.1000E-04
# With parameters(tra.):    -0.5049E-07   -0.2904E-06    0.9476E-06
# With parameters(rot.):     0.2648E-07    0.3368E-06    0.5000E-01
# Minimization at step:   114 with Value:     0.0000Tol(Act/Req):0.1542E-03/0.1000E-04
# With parameters(tra.):    -0.8971E-07   -0.3353E-07    0.7253E-06
# With parameters(rot.):    -0.7687E-06    0.1241E-05    0.5000E-01
# Minimization at step:   115 with Value:     0.0000Tol(Act/Req):0.1354E-03/0.1000E-04
# With parameters(tra.):    -0.1544E-06    0.1471E-06    0.6979E-06
# With parameters(rot.):    -0.8302E-06    0.1127E-05    0.5000E-01
# Minimization at step:   116 with Value:     0.0000Tol(Act/Req):0.1101E-03/0.1000E-04
# With parameters(tra.):    -0.2095E-06   -0.3224E-06    0.4602E-06
# With parameters(rot.):    -0.1321E-05    0.1042E-05    0.5000E-01
# Minimization at step:   117 with Value:     0.0000Tol(Act/Req):0.1003E-03/0.1000E-04
# With parameters(tra.):     0.1708E-06   -0.3983E-06    0.2266E-06
# With parameters(rot.):    -0.1688E-05    0.5379E-06    0.5000E-01
# Minimization at step:   118 with Value:     0.0000Tol(Act/Req):0.7694E-04/0.1000E-04
# With parameters(tra.):     0.1652E-06   -0.5041E-06   -0.9200E-08
# With parameters(rot.):    -0.1257E-05    0.9000E-06    0.5000E-01
# Minimization at step:   119 with Value:     0.0000Tol(Act/Req):0.6916E-04/0.1000E-04
# With parameters(tra.):     0.3452E-06   -0.9517E-07    0.7194E-07
# With parameters(rot.):    -0.7447E-06    0.9380E-06    0.5000E-01
# Minimization at step:   120 with Value:     0.0000Tol(Act/Req):0.5913E-04/0.1000E-04
# With parameters(tra.):     0.2647E-06   -0.5095E-07    0.1175E-06
# With parameters(rot.):    -0.5743E-06    0.1097E-05    0.5000E-01
# Minimization at step:   121 with Value:     0.0000Tol(Act/Req):0.5312E-04/0.1000E-04
# With parameters(tra.):     0.2724E-06    0.1704E-06   -0.6881E-07
# With parameters(rot.):    -0.6025E-06    0.9184E-06    0.5000E-01
# Minimization at step:   122 with Value:     0.0000Tol(Act/Req):0.4186E-04/0.1000E-04
# With parameters(tra.):     0.3825E-06    0.9297E-07   -0.1562E-06
# With parameters(rot.):    -0.1633E-06    0.3853E-06    0.5000E-01
# Minimization at step:   123 with Value:     0.0000Tol(Act/Req):0.2734E-04/0.1000E-04
# With parameters(tra.):     0.3407E-06    0.6423E-08   -0.1955E-06
# With parameters(rot.):    -0.2429E-06    0.3298E-06    0.5000E-01
# Minimization at step:   124 with Value:     0.0000Tol(Act/Req):0.1897E-04/0.1000E-04
# With parameters(tra.):     0.3873E-06    0.1870E-06   -0.1242E-06
# With parameters(rot.):    -0.2051E-06    0.6166E-08    0.5000E-01
# Minimization at step:   125 with Value:     0.0000Tol(Act/Req):0.1818E-04/0.1000E-04
# With parameters(tra.):     0.3573E-06    0.2289E-06   -0.1216E-06
# With parameters(rot.):    -0.8913E-07   -0.5102E-08    0.5000E-01
# Minimization at step:   126 with Value:     0.0000Tol(Act/Req):0.1365E-04/0.1000E-04
# With parameters(tra.):     0.3804E-06    0.1008E-06   -0.1497E-07
# With parameters(rot.):     0.1008E-06   -0.1936E-06    0.5000E-01
# Minimization at step:   127 with Value:     0.0000Tol(Act/Req):0.1158E-04/0.1000E-04
# With parameters(tra.):     0.3062E-06    0.1550E-06    0.9038E-07
# With parameters(rot.):    -0.1039E-06   -0.3127E-07    0.5000E-01
# Minimization at step:   128 with Value:     0.0000Tol(Act/Req):0.1131E-04/0.1000E-04
# With parameters(tra.):     0.2943E-06    0.1916E-06    0.7250E-07
# With parameters(rot.):    -0.1685E-06    0.2939E-07    0.5000E-01
# Minimization at step:   129 with Value:     0.0000Tol(Act/Req):0.1117E-04/0.1000E-04
# With parameters(tra.):     0.3118E-06    0.1811E-06    0.4468E-07
# With parameters(rot.):    -0.1227E-06   -0.6143E-08    0.5000E-01
# Minimization at step:   130 with Value:     0.0000Tol(Act/Req):0.9271E-05/0.1000E-04
# With parameters(tra.):     0.2184E-06    0.6618E-07    0.4614E-07
# With parameters(rot.):    -0.2418E-06   -0.2292E-06    0.5000E-01
# CSM Values after x minimization.
# Final Number of optim. Steps:   130
#      Before min is:      0.08416152280
# Final CSM Value is:      0.00000012013
# Coordinates rotated along Y.
[molecule] Nrec=  12 Format=nscxyz
  h                1    1   -0.91739756D-16  -0.93127301D+00   0.36432209D+00
  he               2    2   -0.10000000D+00  -0.96286669D+00   0.26983882D+00
  h                3    1   -0.13389065D-15  -0.78113944D+00  -0.62432138D+00
  he               4    2    0.10000000D+00  -0.71511217D+00  -0.69900967D+00
  h                5    1   -0.42150893D-16   0.15013357D+00  -0.98864347D+00
  he               6    2   -0.10000000D+00   0.24775451D+00  -0.96884849D+00
  h                7    1    0.91739756D-16   0.93127301D+00  -0.36432209D+00
  he               8    2    0.10000000D+00   0.96286669D+00  -0.26983882D+00
  h                9    1    0.13389065D-15   0.78113944D+00   0.62432138D+00
  he              10    2   -0.10000000D+00   0.71511217D+00   0.69900967D+00
  h               11    1    0.42150893D-16  -0.15013357D+00   0.98864347D+00
  he              12    2    0.10000000D+00  -0.24775451D+00   0.96884849D+00
# Minimization at step:     0 with Value:     0.0140Tol(Act/Req):0.2000E+01/0.1000E-04
# With parameters(tra.):     0.1429E-01    0.1429E-01    0.1429E-01
# With parameters(rot.):     0.1429E-01    0.1429E-01    0.1429E-01
# Minimization at step:     1 with Value:     0.0085Tol(Act/Req):0.2000E+01/0.1000E-04
# With parameters(tra.):     0.1548E-01    0.1548E-01    0.7143E-02
# With parameters(rot.):     0.1548E-01    0.1548E-01    0.1548E-01
# Minimization at step:     2 with Value:     0.0065Tol(Act/Req):0.2000E+01/0.1000E-04
# With parameters(tra.):     0.1677E-01    0.8433E-02    0.7738E-02
# With parameters(rot.):     0.1677E-01    0.1677E-01    0.1677E-01
# Minimization at step:     3 with Value:     0.0046Tol(Act/Req):0.2000E+01/0.1000E-04
# With parameters(tra.):     0.9830E-02    0.9135E-02    0.8383E-02
# With parameters(rot.):     0.1816E-01    0.1816E-01    0.1816E-01
# Minimization at step:     4 with Value:     0.0031Tol(Act/Req):0.2000E+01/0.1000E-04
# With parameters(tra.):     0.1020E-01    0.9336E-02   -0.2021E-02
# With parameters(rot.):     0.2062E-01    0.2062E-01    0.2062E-01
# Minimization at step:     5 with Value:     0.0026Tol(Act/Req):0.2000E+01/0.1000E-04
# With parameters(tra.):     0.6767E-02    0.9704E-02   -0.2566E-02
# With parameters(rot.):     0.2152E-01    0.2152E-01    0.2152E-01
# Minimization at step:     6 with Value:     0.0021Tol(Act/Req):0.2000E+01/0.1000E-04
# With parameters(tra.):     0.6578E-02    0.6288E-02   -0.3127E-02
# With parameters(rot.):     0.2257E-01    0.2257E-01    0.2257E-01
# Minimization at step:     7 with Value:     0.0020Tol(Act/Req):0.2000E+01/0.1000E-04
# With parameters(tra.):     0.5121E-02    0.5138E-02    0.3441E-02
# With parameters(rot.):     0.2158E-01    0.2158E-01    0.2158E-01
# Minimization at step:     8 with Value:     0.0017Tol(Act/Req):0.2000E+01/0.1000E-04
# With parameters(tra.):     0.5547E-02    0.5567E-02    0.3727E-02
# With parameters(rot.):     0.1504E-01    0.2337E-01    0.2337E-01
# Minimization at step:     9 with Value:     0.0013Tol(Act/Req):0.2000E+01/0.1000E-04
# With parameters(tra.):     0.6010E-02    0.6030E-02    0.4038E-02
# With parameters(rot.):     0.1629E-01    0.1699E-01    0.2532E-01
# Minimization at step:    10 with Value:     0.0010Tol(Act/Req):0.2000E+01/0.1000E-04
# With parameters(tra.):     0.6448E-02    0.6392E-02    0.2446E-02
# With parameters(rot.):     0.1610E-01    0.1685E-01    0.2588E-01
# Minimization at step:    11 with Value:     0.0009Tol(Act/Req):0.2000E+01/0.1000E-04
# With parameters(tra.):    -0.5319E-03    0.6024E-02    0.3027E-02
# With parameters(rot.):     0.1610E-01    0.1710E-01    0.2914E-01
# Minimization at step:    12 with Value:     0.0008Tol(Act/Req):0.2000E+01/0.1000E-04
# With parameters(tra.):    -0.2592E-02    0.8346E-03    0.3724E-02
# With parameters(rot.):     0.1604E-01    0.1730E-01    0.3234E-01
# Minimization at step:    13 with Value:     0.0007Tol(Act/Req):0.2000E+01/0.1000E-04
# With parameters(tra.):     0.2128E-02   -0.1870E-03    0.3462E-02
# With parameters(rot.):     0.1603E-01    0.1716E-01    0.3070E-01
# Minimization at step:    14 with Value:     0.0006Tol(Act/Req):0.2000E+01/0.1000E-04
# With parameters(tra.):     0.1759E-02   -0.1332E-02    0.3892E-02
# With parameters(rot.):     0.1845E-01    0.4447E-02    0.3639E-01
# Minimization at step:    15 with Value:     0.0005Tol(Act/Req):0.2000E+01/0.1000E-04
# With parameters(tra.):     0.1349E-02   -0.2775E-02    0.4520E-02
# With parameters(rot.):     0.6518E-02    0.1734E-02    0.4433E-01
# Minimization at step:    16 with Value:     0.0005Tol(Act/Req):0.1999E+01/0.1000E-04
# With parameters(tra.):     0.5264E-03   -0.5107E-02    0.2027E-02
# With parameters(rot.):     0.2939E-02   -0.3575E-02    0.5159E-01
# Minimization at step:    17 with Value:     0.0004Tol(Act/Req):0.1999E+01/0.1000E-04
# With parameters(tra.):     0.5161E-03   -0.5135E-02    0.1764E-02
# With parameters(rot.):     0.1041E-02   -0.1065E-02    0.5144E-01
# Minimization at step:    18 with Value:     0.0003Tol(Act/Req):0.1999E+01/0.1000E-04
# With parameters(tra.):     0.5491E-03   -0.4971E-02    0.1378E-02
# With parameters(rot.):     0.3568E-02   -0.6202E-03    0.5005E-01
# Minimization at step:    19 with Value:     0.0003Tol(Act/Req):0.1999E+01/0.1000E-04
# With parameters(tra.):     0.2970E-02   -0.3447E-02    0.1310E-03
# With parameters(rot.):    -0.5547E-03   -0.6724E-02    0.5381E-01
# Minimization at step:    20 with Value:     0.0003Tol(Act/Req):0.1999E+01/0.1000E-04
# With parameters(tra.):     0.3379E-02   -0.2725E-02    0.5962E-03
# With parameters(rot.):     0.4908E-04   -0.5659E-02    0.5218E-01
# Minimization at step:    21 with Value:     0.0002Tol(Act/Req):0.1999E+01/0.1000E-04
# With parameters(tra.):     0.2808E-02   -0.3046E-02    0.9466E-03
# With parameters(rot.):     0.1130E-02   -0.4044E-02    0.5110E-01
# Minimization at step:    22 with Value:     0.0001Tol(Act/Req):0.1998E+01/0.1000E-04
# With parameters(tra.):     0.2078E-02   -0.3114E-02    0.7806E-03
# With parameters(rot.):    -0.1097E-03   -0.5788E-02    0.5308E-01
# Minimization at step:    23 with Value:     0.0001Tol(Act/Req):0.1998E+01/0.1000E-04
# With parameters(tra.):     0.2453E-02   -0.2652E-02    0.1406E-03
# With parameters(rot.):    -0.3244E-02   -0.3204E-02    0.5325E-01
# Minimization at step:    24 with Value:     0.0001Tol(Act/Req):0.1997E+01/0.1000E-04
# With parameters(tra.):     0.2628E-02   -0.2376E-02   -0.1559E-03
# With parameters(rot.):    -0.2548E-02   -0.3197E-02    0.5282E-01
# Minimization at step:    25 with Value:     0.0001Tol(Act/Req):0.1997E+01/0.1000E-04
# With parameters(tra.):     0.3196E-02   -0.8173E-03    0.5238E-03
# With parameters(rot.):    -0.2206E-02   -0.2471E-03    0.4978E-01
# Minimization at step:    26 with Value:     0.0001Tol(Act/Req):0.1996E+01/0.1000E-04
# With parameters(tra.):     0.2437E-02   -0.7416E-03    0.9438E-03
# With parameters(rot.):    -0.1419E-02    0.3124E-02    0.4783E-01
# Minimization at step:    27 with Value:     0.0001Tol(Act/Req):0.1996E+01/0.1000E-04
# With parameters(tra.):     0.1096E-02   -0.8675E-04    0.6662E-03
# With parameters(rot.):    -0.4334E-02    0.2607E-02    0.5003E-01
# Minimization at step:    28 with Value:     0.0000Tol(Act/Req):0.1994E+01/0.1000E-04
# With parameters(tra.):     0.7790E-03   -0.4156E-03    0.5081E-03
# With parameters(rot.):    -0.4597E-02    0.2107E-02    0.5081E-01
# Minimization at step:    29 with Value:     0.0000Tol(Act/Req):0.1993E+01/0.1000E-04
# With parameters(tra.):     0.1088E-02   -0.6068E-03    0.5644E-03
# With parameters(rot.):    -0.3890E-02    0.2195E-02    0.5032E-01
# Minimization at step:    30 with Value:     0.0000Tol(Act/Req):0.1993E+01/0.1000E-04
# With parameters(tra.):     0.9246E-03    0.5337E-03    0.2115E-03
# With parameters(rot.):    -0.2946E-02    0.4007E-02    0.4863E-01
# Minimization at step:    31 with Value:     0.0000Tol(Act/Req):0.1993E+01/0.1000E-04
# With parameters(tra.):     0.7347E-03    0.7221E-03    0.3241E-03
# With parameters(rot.):    -0.2399E-02    0.4177E-02    0.4822E-01
# Minimization at step:    32 with Value:     0.0000Tol(Act/Req):0.1991E+01/0.1000E-04
# With parameters(tra.):     0.8096E-03   -0.8619E-04    0.6169E-03
# With parameters(rot.):    -0.2970E-02    0.2861E-02    0.4938E-01
# Minimization at step:    33 with Value:     0.0000Tol(Act/Req):0.1989E+01/0.1000E-04
# With parameters(tra.):     0.7737E-03    0.8181E-04    0.2279E-03
# With parameters(rot.):    -0.4012E-02    0.5254E-03    0.5120E-01
# Minimization at step:    34 with Value:     0.0000Tol(Act/Req):0.1988E+01/0.1000E-04
# With parameters(tra.):     0.6147E-03   -0.4117E-04    0.1255E-03
# With parameters(rot.):    -0.4095E-02    0.1437E-03    0.5163E-01
# Minimization at step:    35 with Value:     0.0000Tol(Act/Req):0.1983E+01/0.1000E-04
# With parameters(tra.):     0.6105E-03   -0.9342E-04    0.2143E-03
# With parameters(rot.):    -0.3841E-02    0.6958E-03    0.5121E-01
# Minimization at step:    36 with Value:     0.0000Tol(Act/Req):0.1979E+01/0.1000E-04
# With parameters(tra.):     0.1069E-02   -0.3046E-03    0.2100E-03
# With parameters(rot.):    -0.2411E-02    0.3713E-03    0.5053E-01
# Minimization at step:    37 with Value:     0.0000Tol(Act/Req):0.1978E+01/0.1000E-04
# With parameters(tra.):     0.8004E-03   -0.2701E-03    0.3972E-03
# With parameters(rot.):    -0.1321E-02   -0.5567E-03    0.5047E-01
# Minimization at step:    38 with Value:     0.0000Tol(Act/Req):0.1969E+01/0.1000E-04
# With parameters(tra.):     0.7474E-03    0.2075E-03    0.1287E-03
# With parameters(rot.):    -0.3899E-03   -0.8184E-03    0.5006E-01
# Minimization at step:    39 with Value:     0.0000Tol(Act/Req):0.1967E+01/0.1000E-04
# With parameters(tra.):     0.6790E-03    0.1667E-03    0.7782E-04
# With parameters(rot.):    -0.1225E-03   -0.1089E-02    0.5014E-01
# Minimization at step:    40 with Value:     0.0000Tol(Act/Req):0.1967E+01/0.1000E-04
# With parameters(tra.):     0.6826E-03    0.1623E-03    0.1108E-03
# With parameters(rot.):     0.3142E-03   -0.9622E-03    0.4985E-01
# Minimization at step:    41 with Value:     0.0000Tol(Act/Req):0.1958E+01/0.1000E-04
# With parameters(tra.):     0.2423E-03    0.4373E-03    0.8918E-04
# With parameters(rot.):    -0.7728E-04   -0.1052E-02    0.5018E-01
# Minimization at step:    42 with Value:     0.0000Tol(Act/Req):0.1956E+01/0.1000E-04
# With parameters(tra.):     0.2135E-03    0.3371E-03    0.1530E-03
# With parameters(rot.):    -0.2839E-03   -0.1006E-02    0.5029E-01
# Minimization at step:    43 with Value:     0.0000Tol(Act/Req):0.1899E+01/0.1000E-04
# With parameters(tra.):     0.2317E-03    0.3791E-03    0.8585E-04
# With parameters(rot.):    -0.4701E-03   -0.8118E-03    0.5029E-01
# Minimization at step:    44 with Value:     0.0000Tol(Act/Req):0.1886E+01/0.1000E-04
# With parameters(tra.):     0.1602E-03    0.3764E-03    0.6106E-04
# With parameters(rot.):    -0.3653E-03   -0.9241E-03    0.5035E-01
# Minimization at step:    45 with Value:     0.0000Tol(Act/Req):0.1869E+01/0.1000E-04
# With parameters(tra.):    -0.6800E-05    0.4389E-03    0.1105E-03
# With parameters(rot.):     0.2816E-03   -0.6569E-03    0.4992E-01
# Minimization at step:    46 with Value:     0.0000Tol(Act/Req):0.1868E+01/0.1000E-04
# With parameters(tra.):     0.2037E-03    0.2560E-03    0.1320E-03
# With parameters(rot.):     0.6622E-03   -0.4651E-03    0.4961E-01
# Minimization at step:    47 with Value:     0.0000Tol(Act/Req):0.1858E+01/0.1000E-04
# With parameters(tra.):     0.2629E-03    0.2251E-03    0.1214E-03
# With parameters(rot.):     0.5322E-03   -0.5160E-03    0.4969E-01
# Minimization at step:    48 with Value:     0.0000Tol(Act/Req):0.1850E+01/0.1000E-04
# With parameters(tra.):     0.2320E-03    0.4678E-04    0.2092E-03
# With parameters(rot.):     0.4263E-03   -0.3245E-03    0.4971E-01
# Minimization at step:    49 with Value:     0.0000Tol(Act/Req):0.1846E+01/0.1000E-04
# With parameters(tra.):     0.2685E-03    0.1997E-04    0.1161E-03
# With parameters(rot.):     0.3527E-03    0.2271E-03    0.4951E-01
# Minimization at step:    50 with Value:     0.0000Tol(Act/Req):0.1756E+01/0.1000E-04
# With parameters(tra.):     0.1269E-03    0.9812E-04    0.9597E-04
# With parameters(rot.):    -0.1013E-04    0.2563E-03    0.4972E-01
# Minimization at step:    51 with Value:     0.0000Tol(Act/Req):0.1733E+01/0.1000E-04
# With parameters(tra.):     0.1060E-03    0.1113E-03    0.1176E-03
# With parameters(rot.):    -0.2197E-04    0.1208E-03    0.4978E-01
# Minimization at step:    52 with Value:     0.0000Tol(Act/Req):0.1658E+01/0.1000E-04
# With parameters(tra.):    -0.1483E-04    0.4104E-04    0.9453E-04
# With parameters(rot.):     0.2210E-03    0.2135E-03    0.4972E-01
# Minimization at step:    53 with Value:     0.0000Tol(Act/Req):0.1630E+01/0.1000E-04
# With parameters(tra.):    -0.8342E-05    0.1027E-04    0.8701E-04
# With parameters(rot.):     0.1300E-03    0.2489E-03    0.4977E-01
# Minimization at step:    54 with Value:     0.0000Tol(Act/Req):0.1277E+01/0.1000E-04
# With parameters(tra.):    -0.2322E-04    0.3695E-04    0.6219E-04
# With parameters(rot.):     0.1230E-03    0.2647E-03    0.4977E-01
# Minimization at step:    55 with Value:     0.0000Tol(Act/Req):0.1271E+01/0.1000E-04
# With parameters(tra.):    -0.4445E-04    0.3736E-04    0.6838E-04
# With parameters(rot.):     0.1292E-03    0.2090E-03    0.4980E-01
# Minimization at step:    56 with Value:     0.0000Tol(Act/Req):0.1245E+01/0.1000E-04
# With parameters(tra.):    -0.3512E-04    0.1927E-04    0.6943E-04
# With parameters(rot.):     0.2013E-03    0.2002E-03    0.4977E-01
# Minimization at step:    57 with Value:     0.0000Tol(Act/Req):0.1170E+01/0.1000E-04
# With parameters(tra.):     0.3865E-04    0.5888E-04    0.7644E-04
# With parameters(rot.):     0.3271E-04    0.1340E-03    0.4983E-01
# Minimization at step:    58 with Value:     0.0000Tol(Act/Req):0.1143E+01/0.1000E-04
# With parameters(tra.):     0.4581E-04    0.4755E-04    0.7180E-04
# With parameters(rot.):    -0.2088E-04    0.1421E-03    0.4986E-01
# Minimization at step:    59 with Value:     0.0000Tol(Act/Req):0.1111E+01/0.1000E-04
# With parameters(tra.):     0.2796E-04    0.3670E-04    0.6966E-04
# With parameters(rot.):     0.1680E-04    0.1593E-03    0.4984E-01
# Minimization at step:    60 with Value:     0.0000Tol(Act/Req):0.7099E+00/0.1000E-04
# With parameters(tra.):     0.1844E-04    0.7666E-04    0.3429E-04
# With parameters(rot.):    -0.2031E-04    0.1568E-03    0.4987E-01
# Minimization at step:    61 with Value:     0.0000Tol(Act/Req):0.6496E+00/0.1000E-04
# With parameters(tra.):    -0.3052E-05    0.9058E-04    0.3531E-04
# With parameters(rot.):    -0.5781E-04    0.2791E-04    0.4995E-01
# Minimization at step:    62 with Value:     0.0000Tol(Act/Req):0.6316E+00/0.1000E-04
# With parameters(tra.):    -0.3542E-05    0.8849E-04    0.2995E-04
# With parameters(rot.):    -0.8768E-04    0.2245E-04    0.4998E-01
# Minimization at step:    63 with Value:     0.0000Tol(Act/Req):0.6191E+00/0.1000E-04
# With parameters(tra.):     0.2564E-04    0.7539E-04    0.1889E-04
# With parameters(rot.):    -0.3984E-04   -0.5441E-04    0.4999E-01
# Minimization at step:    64 with Value:     0.0000Tol(Act/Req):0.6170E+00/0.1000E-04
# With parameters(tra.):    -0.1082E-04    0.6660E-04   -0.2306E-05
# With parameters(rot.):     0.1663E-04   -0.9120E-04    0.5001E-01
# Minimization at step:    65 with Value:     0.0000Tol(Act/Req):0.5059E+00/0.1000E-04
# With parameters(tra.):     0.8077E-05    0.4469E-04   -0.1586E-04
# With parameters(rot.):     0.7896E-04   -0.2034E-05    0.4994E-01
# Minimization at step:    66 with Value:     0.0000Tol(Act/Req):0.4904E+00/0.1000E-04
# With parameters(tra.):     0.1877E-04    0.4506E-04   -0.1169E-04
# With parameters(rot.):     0.7003E-04    0.1459E-04    0.4993E-01
# Minimization at step:    67 with Value:     0.0000Tol(Act/Req):0.4243E+00/0.1000E-04
# With parameters(tra.):     0.1493E-04    0.5057E-04   -0.7955E-05
# With parameters(rot.):     0.5371E-04   -0.6313E-05    0.4995E-01
# Minimization at step:    68 with Value:     0.0000Tol(Act/Req):0.4064E+00/0.1000E-04
# With parameters(tra.):     0.1882E-04    0.2407E-04   -0.8358E-06
# With parameters(rot.):     0.9076E-04   -0.4581E-04    0.4996E-01
# Minimization at step:    69 with Value:     0.0000Tol(Act/Req):0.3112E+00/0.1000E-04
# With parameters(tra.):    -0.4771E-05    0.2106E-04    0.2526E-05
# With parameters(rot.):     0.8753E-04    0.1399E-04    0.4994E-01
# Minimization at step:    70 with Value:     0.0000Tol(Act/Req):0.1741E+00/0.1000E-04
# With parameters(tra.):    -0.5119E-05    0.1440E-04   -0.2440E-05
# With parameters(rot.):     0.8719E-04    0.1056E-04    0.4995E-01
# Minimization at step:    71 with Value:     0.0000Tol(Act/Req):0.1677E+00/0.1000E-04
# With parameters(tra.):    -0.1764E-05    0.1204E-04    0.4160E-06
# With parameters(rot.):     0.8416E-04    0.1854E-04    0.4994E-01
# Minimization at step:    72 with Value:     0.0000Tol(Act/Req):0.1508E+00/0.1000E-04
# With parameters(tra.):    -0.1169E-04    0.1066E-04    0.8113E-05
# With parameters(rot.):     0.6729E-04   -0.6610E-05    0.4997E-01
# Minimization at step:    73 with Value:     0.0000Tol(Act/Req):0.1169E+00/0.1000E-04
# With parameters(tra.):    -0.1488E-04    0.1396E-04    0.7673E-05
# With parameters(rot.):     0.5916E-04    0.3239E-05    0.4997E-01
# Minimization at step:    74 with Value:     0.0000Tol(Act/Req):0.1019E+00/0.1000E-04
# With parameters(tra.):    -0.5610E-05    0.1369E-04    0.7279E-05
# With parameters(rot.):     0.5368E-04   -0.2935E-04    0.4998E-01
# Minimization at step:    75 with Value:     0.0000Tol(Act/Req):0.6349E-01/0.1000E-04
# With parameters(tra.):    -0.6255E-05    0.3524E-05    0.2260E-05
# With parameters(rot.):     0.4480E-04   -0.4448E-04    0.5000E-01
# Minimization at step:    76 with Value:     0.0000Tol(Act/Req):0.5342E-01/0.1000E-04
# With parameters(tra.):    -0.2345E-05   -0.2157E-05    0.7005E-05
# With parameters(rot.):     0.3042E-04   -0.4827E-04    0.5001E-01
# Minimization at step:    77 with Value:     0.0000Tol(Act/Req):0.4965E-01/0.1000E-04
# With parameters(tra.):     0.7386E-05   -0.5516E-05    0.1504E-05
# With parameters(rot.):     0.2937E-04   -0.4539E-04    0.5001E-01
# Minimization at step:    78 with Value:     0.0000Tol(Act/Req):0.4018E-01/0.1000E-04
# With parameters(tra.):     0.8427E-05   -0.5409E-05   -0.1434E-05
# With parameters(rot.):     0.3182E-05   -0.4190E-04    0.5002E-01
# Minimization at step:    79 with Value:     0.0000Tol(Act/Req):0.3936E-01/0.1000E-04
# With parameters(tra.):    -0.9576E-06   -0.2015E-05    0.3087E-05
# With parameters(rot.):    -0.4507E-05   -0.4361E-04    0.5002E-01
# Minimization at step:    80 with Value:     0.0000Tol(Act/Req):0.3574E-01/0.1000E-04
# With parameters(tra.):    -0.5586E-05   -0.7068E-05    0.1953E-05
# With parameters(rot.):    -0.2025E-04   -0.2664E-04    0.5003E-01
# Minimization at step:    81 with Value:     0.0000Tol(Act/Req):0.2897E-01/0.1000E-04
# With parameters(tra.):    -0.3626E-05   -0.8338E-05    0.7281E-06
# With parameters(rot.):    -0.1964E-04   -0.2480E-04    0.5003E-01
# Minimization at step:    82 with Value:     0.0000Tol(Act/Req):0.2729E-01/0.1000E-04
# With parameters(tra.):    -0.2305E-05   -0.7181E-05    0.9096E-06
# With parameters(rot.):    -0.1566E-04   -0.2889E-04    0.5003E-01
# Minimization at step:    83 with Value:     0.0000Tol(Act/Req):0.2699E-01/0.1000E-04
# With parameters(tra.):    -0.3460E-05   -0.7355E-05    0.1839E-05
# With parameters(rot.):    -0.1068E-04   -0.2868E-04    0.5002E-01
# Minimization at step:    84 with Value:     0.0000Tol(Act/Req):0.2491E-01/0.1000E-04
# With parameters(tra.):    -0.2099E-05   -0.4203E-05    0.5045E-05
# With parameters(rot.):    -0.2325E-04   -0.1332E-04    0.5002E-01
# Minimization at step:    85 with Value:     0.0000Tol(Act/Req):0.2462E-01/0.1000E-04
# With parameters(tra.):    -0.4623E-05   -0.1098E-05    0.1229E-05
# With parameters(rot.):    -0.3155E-04    0.8488E-06    0.5002E-01
# Minimization at step:    86 with Value:     0.0000Tol(Act/Req):0.2335E-01/0.1000E-04
# With parameters(tra.):    -0.6825E-05   -0.3215E-05   -0.3249E-05
# With parameters(rot.):    -0.2174E-04   -0.9780E-05    0.5002E-01
# Minimization at step:    87 with Value:     0.0000Tol(Act/Req):0.2212E-01/0.1000E-04
# With parameters(tra.):    -0.6378E-05   -0.4168E-05   -0.2668E-05
# With parameters(rot.):    -0.1885E-04   -0.1421E-04    0.5002E-01
# Minimization at step:    88 with Value:     0.0000Tol(Act/Req):0.1217E-01/0.1000E-04
# With parameters(tra.):    -0.5790E-05   -0.3718E-05   -0.1500E-05
# With parameters(rot.):    -0.2106E-04   -0.1192E-04    0.5002E-01
# Minimization at step:    89 with Value:     0.0000Tol(Act/Req):0.9527E-02/0.1000E-04
# With parameters(tra.):    -0.4990E-05   -0.3968E-05   -0.2299E-05
# With parameters(rot.):    -0.2087E-04   -0.9926E-05    0.5002E-01
# Minimization at step:    90 with Value:     0.0000Tol(Act/Req):0.9173E-02/0.1000E-04
# With parameters(tra.):    -0.3244E-05   -0.5813E-06   -0.3005E-05
# With parameters(rot.):    -0.1464E-04   -0.1178E-04    0.5002E-01
# Minimization at step:    91 with Value:     0.0000Tol(Act/Req):0.7484E-02/0.1000E-04
# With parameters(tra.):    -0.5481E-05    0.1328E-05   -0.2760E-05
# With parameters(rot.):    -0.6002E-05   -0.5729E-05    0.5001E-01
# Minimization at step:    92 with Value:     0.0000Tol(Act/Req):0.7445E-02/0.1000E-04
# With parameters(tra.):    -0.4287E-05    0.1255E-05   -0.1629E-05
# With parameters(rot.):     0.4064E-05   -0.1176E-04    0.5001E-01
# Minimization at step:    93 with Value:     0.0000Tol(Act/Req):0.6472E-02/0.1000E-04
# With parameters(tra.):    -0.2610E-05    0.3812E-05    0.6642E-06
# With parameters(rot.):     0.8017E-05   -0.7130E-05    0.5000E-01
# Minimization at step:    94 with Value:     0.0000Tol(Act/Req):0.6058E-02/0.1000E-04
# With parameters(tra.):    -0.3245E-05    0.4738E-05    0.2972E-06
# With parameters(rot.):    -0.7317E-06    0.4445E-06    0.5000E-01
# Minimization at step:    95 with Value:     0.0000Tol(Act/Req):0.5176E-02/0.1000E-04
# With parameters(tra.):    -0.3717E-05    0.4176E-05   -0.3066E-06
# With parameters(rot.):    -0.2449E-05   -0.8186E-07    0.5000E-01
# Minimization at step:    96 with Value:     0.0000Tol(Act/Req):0.4945E-02/0.1000E-04
# With parameters(tra.):    -0.3598E-05    0.3897E-05   -0.2652E-06
# With parameters(rot.):    -0.4049E-06   -0.2019E-05    0.5000E-01
# Minimization at step:    97 with Value:     0.0000Tol(Act/Req):0.4797E-02/0.1000E-04
# With parameters(tra.):    -0.1449E-05    0.3108E-05    0.1749E-06
# With parameters(rot.):    -0.5483E-05   -0.5633E-05    0.5000E-01
# Minimization at step:    98 with Value:     0.0000Tol(Act/Req):0.3644E-02/0.1000E-04
# With parameters(tra.):    -0.7544E-06    0.3572E-05   -0.1811E-07
# With parameters(rot.):    -0.4107E-05   -0.4278E-05    0.5000E-01
# Minimization at step:    99 with Value:     0.0000Tol(Act/Req):0.1614E-02/0.1000E-04
# With parameters(tra.):    -0.9835E-06    0.3072E-05    0.4074E-06
# With parameters(rot.):    -0.4788E-05   -0.3188E-05    0.5000E-01
# Minimization at step:   100 with Value:     0.0000Tol(Act/Req):0.1554E-02/0.1000E-04
# With parameters(tra.):    -0.9918E-06    0.2699E-05    0.1650E-06
# With parameters(rot.):    -0.5842E-05   -0.3710E-05    0.5000E-01
# Minimization at step:   101 with Value:     0.0000Tol(Act/Req):0.1464E-02/0.1000E-04
# With parameters(tra.):    -0.7149E-06    0.2460E-05    0.2215E-06
# With parameters(rot.):    -0.5273E-05   -0.4819E-05    0.5000E-01
# Minimization at step:   102 with Value:     0.0000Tol(Act/Req):0.1381E-02/0.1000E-04
# With parameters(tra.):    -0.1902E-05    0.2770E-05   -0.5628E-07
# With parameters(rot.):    -0.1817E-05   -0.2139E-05    0.5000E-01
# Minimization at step:   103 with Value:     0.0000Tol(Act/Req):0.1074E-02/0.1000E-04
# With parameters(tra.):    -0.1651E-05    0.2936E-05   -0.1560E-06
# With parameters(rot.):    -0.9386E-06   -0.1283E-05    0.5000E-01
# Minimization at step:   104 with Value:     0.0000Tol(Act/Req):0.1044E-02/0.1000E-04
# With parameters(tra.):    -0.2331E-05    0.1890E-05    0.5072E-06
# With parameters(rot.):    -0.1018E-05    0.1531E-05    0.5000E-01
# Minimization at step:   105 with Value:     0.0000Tol(Act/Req):0.9144E-03/0.1000E-04
# With parameters(tra.):    -0.1548E-05    0.1436E-05    0.8565E-06
# With parameters(rot.):    -0.3410E-05    0.4387E-06    0.5000E-01
# Minimization at step:   106 with Value:     0.0000Tol(Act/Req):0.5637E-03/0.1000E-04
# With parameters(tra.):    -0.1312E-05    0.1660E-05    0.7198E-06
# With parameters(rot.):    -0.3589E-05   -0.3560E-06    0.5000E-01
# Minimization at step:   107 with Value:     0.0000Tol(Act/Req):0.5128E-03/0.1000E-04
# With parameters(tra.):    -0.9576E-06    0.9157E-06    0.9990E-06
# With parameters(rot.):    -0.1890E-05   -0.1087E-05    0.5000E-01
# Minimization at step:   108 with Value:     0.0000Tol(Act/Req):0.4652E-03/0.1000E-04
# With parameters(tra.):    -0.9626E-06   -0.4249E-06    0.7922E-06
# With parameters(rot.):    -0.2680E-05   -0.1257E-05    0.5000E-01
# Minimization at step:   109 with Value:     0.0000Tol(Act/Req):0.4096E-03/0.1000E-04
# With parameters(tra.):    -0.4129E-06   -0.1017E-05    0.8798E-06
# With parameters(rot.):    -0.1797E-05    0.3294E-07    0.5000E-01
# Minimization at step:   110 with Value:     0.0000Tol(Act/Req):0.3279E-03/0.1000E-04
# With parameters(tra.):    -0.2717E-06   -0.1594E-06    0.1057E-05
# With parameters(rot.):    -0.9838E-06    0.4829E-06    0.5000E-01
# Minimization at step:   111 with Value:     0.0000Tol(Act/Req):0.3036E-03/0.1000E-04
# With parameters(tra.):    -0.3687E-06   -0.3892E-06    0.8907E-06
# With parameters(rot.):     0.1419E-05    0.1226E-05    0.5000E-01
# Minimization at step:   112 with Value:     0.0000Tol(Act/Req):0.2980E-03/0.1000E-04
# With parameters(tra.):    -0.1723E-06   -0.4481E-06    0.8365E-06
# With parameters(rot.):     0.1747E-05    0.9605E-06    0.5000E-01
# Minimization at step:   113 with Value:     0.0000Tol(Act/Req):0.2449E-03/0.1000E-04
# With parameters(tra.):    -0.5049E-07   -0.2904E-06    0.9476E-06
# With parameters(rot.):     0.2648E-07    0.3368E-06    0.5000E-01
# Minimization at step:   114 with Value:     0.0000Tol(Act/Req):0.1542E-03/0.1000E-04
# With parameters(tra.):    -0.8971E-07   -0.3353E-07    0.7253E-06
# With parameters(rot.):    -0.7687E-06    0.1241E-05    0.5000E-01
# Minimization at step:   115 with Value:     0.0000Tol(Act/Req):0.1354E-03/0.1000E-04
# With parameters(tra.):    -0.1544E-06    0.1471E-06    0.6979E-06
# With parameters(rot.):    -0.8302E-06    0.1127E-05    0.5000E-01
# Minimization at step:   116 with Value:     0.0000Tol(Act/Req):0.1101E-03/0.1000E-04
# With parameters(tra.):    -0.2095E-06   -0.3224E-06    0.4602E-06
# With parameters(rot.):    -0.1321E-05    0.1042E-05    0.5000E-01
# Minimization at step:   117 with Value:     0.0000Tol(Act/Req):0.1003E-03/0.1000E-04
# With parameters(tra.):     0.1708E-06   -0.3983E-06    0.2266E-06
# With parameters(rot.):    -0.1688E-05    0.5379E-06    0.5000E-01
# Minimization at step:   118 with Value:     0.0000Tol(Act/Req):0.7694E-04/0.1000E-04
# With parameters(tra.):     0.1652E-06   -0.5041E-06   -0.9200E-08
# With parameters(rot.):    -0.1257E-05    0.9000E-06    0.5000E-01
# Minimization at step:   119 with Value:     0.0000Tol(Act/Req):0.6916E-04/0.1000E-04
# With parameters(tra.):     0.3452E-06   -0.9517E-07    0.7194E-07
# With parameters(rot.):    -0.7447E-06    0.9380E-06    0.5000E-01
# Minimization at step:   120 with Value:     0.0000Tol(Act/Req):0.5913E-04/0.1000E-04
# With parameters(tra.):     0.2647E-06   -0.5095E-07    0.1175E-06
# With parameters(rot.):    -0.5743E-06    0.1097E-05    0.5000E-01
# Minimization at step:   121 with Value:     0.0000Tol(Act/Req):0.5312E-04/0.1000E-04
# With parameters(tra.):     0.2724E-06    0.1704E-06   -0.6881E-07
# With parameters(rot.):    -0.6025E-06    0.9184E-06    0.5000E-01
# Minimization at step:   122 with Value:     0.0000Tol(Act/Req):0.4186E-04/0.1000E-04
# With parameters(tra.):     0.3825E-06    0.9297E-07   -0.1562E-06
# With parameters(rot.):    -0.1633E-06    0.3853E-06    0.5000E-01
# Minimization at step:   123 with Value:     0.0000Tol(Act/Req):0.2734E-04/0.1000E-04
# With parameters(tra.):     0.3407E-06    0.6423E-08   -0.1955E-06
# With parameters(rot.):    -0.2429E-06    0.3298E-06    0.5000E-01
# Minimization at step:   124 with Value:     0.0000Tol(Act/Req):0.1897E-04/0.1000E-04
# With parameters(tra.):     0.3873E-06    0.1870E-06   -0.1242E-06
# With parameters(rot.):    -0.2051E-06    0.6166E-08    0.5000E-01
# Minimization at step:   125 with Value:     0.0000Tol(Act/Req):0.1818E-04/0.1000E-04
# With parameters(tra.):     0.3573E-06    0.2289E-06   -0.1216E-06
# With parameters(rot.):    -0.8913E-07   -0.5102E-08    0.5000E-01
# Minimization at step:   126 with Value:     0.0000Tol(Act/Req):0.1365E-04/0.1000E-04
# With parameters(tra.):     0.3804E-06    0.1008E-06   -0.1497E-07
# With parameters(rot.):     0.1008E-06   -0.1936E-06    0.5000E-01
# Minimization at step:   127 with Value:     0.0000Tol(Act/Req):0.1158E-04/0.1000E-04
# With parameters(tra.):     0.3062E-06    0.1550E-06    0.9038E-07
# With parameters(rot.):    -0.1039E-06   -0.3127E-07    0.5000E-01
# Minimization at step:   128 with Value:     0.0000Tol(Act/Req):0.1131E-04/0.1000E-04
# With parameters(tra.):     0.2943E-06    0.1916E-06    0.7250E-07
# With parameters(rot.):    -0.1685E-06    0.2939E-07    0.5000E-01
# Minimization at step:   129 with Value:     0.0000Tol(Act/Req):0.1117E-04/0.1000E-04
# With parameters(tra.):     0.3118E-06    0.1811E-06    0.4468E-07
# With parameters(rot.):    -0.1227E-06   -0.6143E-08    0.5000E-01
# Minimization at step:   130 with Value:     0.0000Tol(Act/Req):0.9271E-05/0.1000E-04
# With parameters(tra.):     0.2184E-06    0.6618E-07    0.4614E-07
# With parameters(rot.):    -0.2418E-06   -0.2292E-06    0.5000E-01
# CSM Values after y minimization.
# Final Number of optim. Steps:   130
#      Before min is:      0.08395672321
# Final CSM Value is:      0.00000012013
# Coordinates rotated along Z.
[molecule] Nrec=  12 Format=nscxyz
  h                1    1   -0.93127301D+00  -0.36432209D+00   0.00000000D+00
  he               2    2   -0.96286669D+00  -0.26983882D+00   0.10000000D+00
  h                3    1   -0.78113944D+00   0.62432138D+00   0.00000000D+00
  he               4    2   -0.71511217D+00   0.69900967D+00  -0.10000000D+00
  h                5    1    0.15013357D+00   0.98864347D+00   0.00000000D+00
  he               6    2    0.24775451D+00   0.96884849D+00   0.10000000D+00
  h                7    1    0.93127301D+00   0.36432209D+00   0.00000000D+00
  he               8    2    0.96286669D+00   0.26983882D+00  -0.10000000D+00
  h                9    1    0.78113944D+00  -0.62432138D+00   0.00000000D+00
  he              10    2    0.71511217D+00  -0.69900967D+00   0.10000000D+00
  h               11    1   -0.15013357D+00  -0.98864347D+00   0.00000000D+00
  he              12    2   -0.24775451D+00  -0.96884849D+00  -0.10000000D+00
# Minimization at step:     0 with Value:     0.0140Tol(Act/Req):0.2000E+01/0.1000E-04
# With parameters(tra.):     0.1429E-01    0.1429E-01    0.1429E-01
# With parameters(rot.):     0.1429E-01    0.1429E-01    0.1429E-01
# Minimization at step:     1 with Value:     0.0085Tol(Act/Req):0.2000E+01/0.1000E-04
# With parameters(tra.):     0.1548E-01    0.1548E-01    0.7143E-02
# With parameters(rot.):     0.1548E-01    0.1548E-01    0.1548E-01
# Minimization at step:     2 with Value:     0.0065Tol(Act/Req):0.2000E+01/0.1000E-04
# With parameters(tra.):     0.1677E-01    0.8433E-02    0.7738E-02
# With parameters(rot.):     0.1677E-01    0.1677E-01    0.1677E-01
# Minimization at step:     3 with Value:     0.0046Tol(Act/Req):0.2000E+01/0.1000E-04
# With parameters(tra.):     0.9830E-02    0.9135E-02    0.8383E-02
# With parameters(rot.):     0.1816E-01    0.1816E-01    0.1816E-01
# Minimization at step:     4 with Value:     0.0031Tol(Act/Req):0.2000E+01/0.1000E-04
# With parameters(tra.):     0.1020E-01    0.9336E-02   -0.2021E-02
# With parameters(rot.):     0.2062E-01    0.2062E-01    0.2062E-01
# Minimization at step:     5 with Value:     0.0026Tol(Act/Req):0.2000E+01/0.1000E-04
# With parameters(tra.):     0.6767E-02    0.9704E-02   -0.2566E-02
# With parameters(rot.):     0.2152E-01    0.2152E-01    0.2152E-01
# Minimization at step:     6 with Value:     0.0021Tol(Act/Req):0.2000E+01/0.1000E-04
# With parameters(tra.):     0.6578E-02    0.6288E-02   -0.3127E-02
# With parameters(rot.):     0.2257E-01    0.2257E-01    0.2257E-01
# Minimization at step:     7 with Value:     0.0020Tol(Act/Req):0.2000E+01/0.1000E-04
# With parameters(tra.):     0.5121E-02    0.5138E-02    0.3441E-02
# With parameters(rot.):     0.2158E-01    0.2158E-01    0.2158E-01
# Minimization at step:     8 with Value:     0.0017Tol(Act/Req):0.2000E+01/0.1000E-04
# With parameters(tra.):     0.5547E-02    0.5567E-02    0.3727E-02
# With parameters(rot.):     0.1504E-01    0.2337E-01    0.2337E-01
# Minimization at step:     9 with Value:     0.0013Tol(Act/Req):0.2000E+01/0.1000E-04
# With parameters(tra.):     0.6010E-02    0.6030E-02    0.4038E-02
# With parameters(rot.):     0.1629E-01    0.1699E-01    0.2532E-01
# Minimization at step:    10 with Value:     0.0010Tol(Act/Req):0.2000E+01/0.1000E-04
# With parameters(tra.):     0.6448E-02    0.6392E-02    0.2446E-02
# With parameters(rot.):     0.1610E-01    0.1685E-01    0.2588E-01
# Minimization at step:    11 with Value:     0.0009Tol(Act/Req):0.2000E+01/0.1000E-04
# With parameters(tra.):    -0.5319E-03    0.6024E-02    0.3027E-02
# With parameters(rot.):     0.1610E-01    0.1710E-01    0.2914E-01
# Minimization at step:    12 with Value:     0.0008Tol(Act/Req):0.2000E+01/0.1000E-04
# With parameters(tra.):    -0.2592E-02    0.8346E-03    0.3724E-02
# With parameters(rot.):     0.1604E-01    0.1730E-01    0.3234E-01
# Minimization at step:    13 with Value:     0.0007Tol(Act/Req):0.2000E+01/0.1000E-04
# With parameters(tra.):     0.2128E-02   -0.1870E-03    0.3462E-02
# With parameters(rot.):     0.1603E-01    0.1716E-01    0.3070E-01
# Minimization at step:    14 with Value:     0.0006Tol(Act/Req):0.2000E+01/0.1000E-04
# With parameters(tra.):     0.1759E-02   -0.1332E-02    0.3892E-02
# With parameters(rot.):     0.1845E-01    0.4447E-02    0.3639E-01
# Minimization at step:    15 with Value:     0.0005Tol(Act/Req):0.2000E+01/0.1000E-04
# With parameters(tra.):     0.1349E-02   -0.2775E-02    0.4520E-02
# With parameters(rot.):     0.6518E-02    0.1734E-02    0.4433E-01
# Minimization at step:    16 with Value:     0.0005Tol(Act/Req):0.1999E+01/0.1000E-04
# With parameters(tra.):     0.5264E-03   -0.5107E-02    0.2027E-02
# With parameters(rot.):     0.2939E-02   -0.3575E-02    0.5159E-01
# Minimization at step:    17 with Value:     0.0004Tol(Act/Req):0.1999E+01/0.1000E-04
# With parameters(tra.):     0.5161E-03   -0.5135E-02    0.1764E-02
# With parameters(rot.):     0.1041E-02   -0.1065E-02    0.5144E-01
# Minimization at step:    18 with Value:     0.0003Tol(Act/Req):0.1999E+01/0.1000E-04
# With parameters(tra.):     0.5491E-03   -0.4971E-02    0.1378E-02
# With parameters(rot.):     0.3568E-02   -0.6202E-03    0.5005E-01
# Minimization at step:    19 with Value:     0.0003Tol(Act/Req):0.1999E+01/0.1000E-04
# With parameters(tra.):     0.2970E-02   -0.3447E-02    0.1310E-03
# With parameters(rot.):    -0.5547E-03   -0.6724E-02    0.5381E-01
# Minimization at step:    20 with Value:     0.0003Tol(Act/Req):0.1999E+01/0.1000E-04
# With parameters(tra.):     0.3379E-02   -0.2725E-02    0.5962E-03
# With parameters(rot.):     0.4908E-04   -0.5659E-02    0.5218E-01
# Minimization at step:    21 with Value:     0.0002Tol(Act/Req):0.1999E+01/0.1000E-04
# With parameters(tra.):     0.2808E-02   -0.3046E-02    0.9466E-03
# With parameters(rot.):     0.1130E-02   -0.4044E-02    0.5110E-01
# Minimization at step:    22 with Value:     0.0001Tol(Act/Req):0.1998E+01/0.1000E-04
# With parameters(tra.):     0.2078E-02   -0.3114E-02    0.7806E-03
# With parameters(rot.):    -0.1097E-03   -0.5788E-02    0.5308E-01
# Minimization at step:    23 with Value:     0.0001Tol(Act/Req):0.1998E+01/0.1000E-04
# With parameters(tra.):     0.2453E-02   -0.2652E-02    0.1406E-03
# With parameters(rot.):    -0.3244E-02   -0.3204E-02    0.5325E-01
# Minimization at step:    24 with Value:     0.0001Tol(Act/Req):0.1997E+01/0.1000E-04
# With parameters(tra.):     0.2628E-02   -0.2376E-02   -0.1559E-03
# With parameters(rot.):    -0.2548E-02   -0.3197E-02    0.5282E-01
# Minimization at step:    25 with Value:     0.0001Tol(Act/Req):0.1997E+01/0.1000E-04
# With parameters(tra.):     0.3196E-02   -0.8173E-03    0.5238E-03
# With parameters(rot.):    -0.2206E-02   -0.2471E-03    0.4978E-01
# Minimization at step:    26 with Value:     0.0001Tol(Act/Req):0.1996E+01/0.1000E-04
# With parameters(tra.):     0.2437E-02   -0.7416E-03    0.9438E-03
# With parameters(rot.):    -0.1419E-02    0.3124E-02    0.4783E-01
# Minimization at step:    27 with Value:     0.0001Tol(Act/Req):0.1996E+01/0.1000E-04
# With parameters(tra.):     0.1096E-02   -0.8675E-04    0.6662E-03
# With parameters(rot.):    -0.4334E-02    0.2607E-02    0.5003E-01
# Minimization at step:    28 with Value:     0.0000Tol(Act/Req):0.1994E+01/0.1000E-04
# With parameters(tra.):     0.7790E-03   -0.4156E-03    0.5081E-03
# With parameters(rot.):    -0.4597E-02    0.2107E-02    0.5081E-01
# Minimization at step:    29 with Value:     0.0000Tol(Act/Req):0.1993E+01/0.1000E-04
# With parameters(tra.):     0.1088E-02   -0.6068E-03    0.5644E-03
# With parameters(rot.):    -0.3890E-02    0.2195E-02    0.5032E-01
# Minimization at step:    30 with Value:     0.0000Tol(Act/Req):0.1993E+01/0.1000E-04
# With parameters(tra.):     0.9246E-03    0.5337E-03    0.2115E-03
# With parameters(rot.):    -0.2946E-02    0.4007E-02    0.4863E-01
# Minimization at step:    31 with Value:     0.0000Tol(Act/Req):0.1993E+01/0.1000E-04
# With parameters(tra.):     0.7347E-03    0.7221E-03    0.3241E-03
# With parameters(rot.):    -0.2399E-02    0.4177E-02    0.4822E-01
# Minimization at step:    32 with Value:     0.0000Tol(Act/Req):0.1991E+01/0.1000E-04
# With parameters(tra.):     0.8096E-03   -0.8619E-04    0.6169E-03
# With parameters(rot.):    -0.2970E-02    0.2861E-02    0.4938E-01
# Minimization at step:    33 with Value:     0.0000Tol(Act/Req):0.1989E+01/0.1000E-04
# With parameters(tra.):     0.7737E-03    0.8181E-04    0.2279E-03
# With parameters(rot.):    -0.4012E-02    0.5254E-03    0.5120E-01
# Minimization at step:    34 with Value:     0.0000Tol(Act/Req):0.1988E+01/0.1000E-04
# With parameters(tra.):     0.6147E-03   -0.4117E-04    0.1255E-03
# With parameters(rot.):    -0.4095E-02    0.1437E-03    0.5163E-01
# Minimization at step:    35 with Value:     0.0000Tol(Act/Req):0.1983E+01/0.1000E-04
# With parameters(tra.):     0.6105E-03   -0.9342E-04    0.2143E-03
# With parameters(rot.):    -0.3841E-02    0.6958E-03    0.5121E-01
# Minimization at step:    36 with Value:     0.0000Tol(Act/Req):0.1979E+01/0.1000E-04
# With parameters(tra.):     0.1069E-02   -0.3046E-03    0.2100E-03
# With parameters(rot.):    -0.2411E-02    0.3713E-03    0.5053E-01
# Minimization at step:    37 with Value:     0.0000Tol(Act/Req):0.1978E+01/0.1000E-04
# With parameters(tra.):     0.8004E-03   -0.2701E-03    0.3972E-03
# With parameters(rot.):    -0.1321E-02   -0.5567E-03    0.5047E-01
# Minimization at step:    38 with Value:     0.0000Tol(Act/Req):0.1969E+01/0.1000E-04
# With parameters(tra.):     0.7474E-03    0.2075E-03    0.1287E-03
# With parameters(rot.):    -0.3899E-03   -0.8184E-03    0.5006E-01
# Minimization at step:    39 with Value:     0.0000Tol(Act/Req):0.1967E+01/0.1000E-04
# With parameters(tra.):     0.6790E-03    0.1667E-03    0.7782E-04
# With parameters(rot.):    -0.1225E-03   -0.1089E-02    0.5014E-01
# Minimization at step:    40 with Value:     0.0000Tol(Act/Req):0.1967E+01/0.1000E-04
# With parameters(tra.):     0.6826E-03    0.1623E-03    0.1108E-03
# With parameters(rot.):     0.3142E-03   -0.9622E-03    0.4985E-01
# Minimization at step:    41 with Value:     0.0000Tol(Act/Req):0.1958E+01/0.1000E-04
# With parameters(tra.):     0.2423E-03    0.4373E-03    0.8918E-04
# With parameters(rot.):    -0.7728E-04   -0.1052E-02    0.5018E-01
# Minimization at step:    42 with Value:     0.0000Tol(Act/Req):0.1956E+01/0.1000E-04
# With parameters(tra.):     0.2135E-03    0.3371E-03    0.1530E-03
# With parameters(rot.):    -0.2839E-03   -0.1006E-02    0.5029E-01
# Minimization at step:    43 with Value:     0.0000Tol(Act/Req):0.1899E+01/0.1000E-04
# With parameters(tra.):     0.2317E-03    0.3791E-03    0.8585E-04
# With parameters(rot.):    -0.4701E-03   -0.8118E-03    0.5029E-01
# Minimization at step:    44 with Value:     0.0000Tol(Act/Req):0.1886E+01/0.1000E-04
# With parameters(tra.):     0.1602E-03    0.3764E-03    0.6106E-04
# With parameters(rot.):    -0.3653E-03   -0.9241E-03    0.5035E-01
# Minimization at step:    45 with Value:     0.0000Tol(Act/Req):0.1869E+01/0.1000E-04
# With parameters(tra.):    -0.6800E-05    0.4389E-03    0.1105E-03
# With parameters(rot.):     0.2816E-03   -0.6569E-03    0.4992E-01
# Minimization at step:    46 with Value:     0.0000Tol(Act/Req):0.1868E+01/0.1000E-04
# With parameters(tra.):     0.2037E-03    0.2560E-03    0.1320E-03
# With parameters(rot.):     0.6622E-03   -0.4651E-03    0.4961E-01
# Minimization at step:    47 with Value:     0.0000Tol(Act/Req):0.1858E+01/0.1000E-04
# With parameters(tra.):     0.2629E-03    0.2251E-03    0.1214E-03
# With parameters(rot.):     0.5322E-03   -0.5160E-03    0.4969E-01
# Minimization at step:    48 with Value:     0.0000Tol(Act/Req):0.1850E+01/0.1000E-04
# With parameters(tra.):     0.2320E-03    0.4678E-04    0.2092E-03
# With parameters(rot.):     0.4263E-03   -0.3245E-03    0.4971E-01
# Minimization at step:    49 with Value:     0.0000Tol(Act/Req):0.1846E+01/0.1000E-04
# With parameters(tra.):     0.2685E-03    0.1997E-04    0.1161E-03
# With parameters(rot.):     0.3527E-03    0.2271E-03    0.4951E-01
# Minimization at step:    50 with Value:     0.0000Tol(Act/Req):0.1756E+01/0.1000E-04
# With parameters(tra.):     0.1269E-03    0.9812E-04    0.9597E-04
# With parameters(rot.):    -0.1013E-04    0.2563E-03    0.4972E-01
# Minimization at step:    51 with Value:     0.0000Tol(Act/Req):0.1733E+01/0.1000E-04
# With parameters(tra.):     0.1060E-03    0.1113E-03    0.1176E-03
# With parameters(rot.):    -0.2197E-04    0.1208E-03    0.4978E-01
# Minimization at step:    52 with Value:     0.0000Tol(Act/Req):0.1658E+01/0.1000E-04
# With parameters(tra.):    -0.1483E-04    0.4104E-04    0.9453E-04
# With parameters(rot.):     0.2210E-03    0.2135E-03    0.4972E-01
# Minimization at step:    53 with Value:     0.0000Tol(Act/Req):0.1630E+01/0.1000E-04
# With parameters(tra.):    -0.8342E-05    0.1027E-04    0.8701E-04
# With parameters(rot.):     0.1300E-03    0.2489E-03    0.4977E-01
# Minimization at step:    54 with Value:     0.0000Tol(Act/Req):0.1277E+01/0.1000E-04
# With parameters(tra.):    -0.2322E-04    0.3695E-04    0.6219E-04
# With parameters(rot.):     0.1230E-03    0.2647E-03    0.4977E-01
# Minimization at step:    55 with Value:     0.0000Tol(Act/Req):0.1271E+01/0.1000E-04
# With parameters(tra.):    -0.4445E-04    0.3736E-04    0.6838E-04
# With parameters(rot.):     0.1292E-03    0.2090E-03    0.4980E-01
# Minimization at step:    56 with Value:     0.0000Tol(Act/Req):0.1245E+01/0.1000E-04
# With parameters(tra.):    -0.3512E-04    0.1927E-04    0.6943E-04
# With parameters(rot.):     0.2013E-03    0.2002E-03    0.4977E-01
# Minimization at step:    57 with Value:     0.0000Tol(Act/Req):0.1170E+01/0.1000E-04
# With parameters(tra.):     0.3865E-04    0.5888E-04    0.7644E-04
# With parameters(rot.):     0.3271E-04    0.1340E-03    0.4983E-01
# Minimization at step:    58 with Value:     0.0000Tol(Act/Req):0.1143E+01/0.1000E-04
# With parameters(tra.):     0.4581E-04    0.4755E-04    0.7180E-04
# With parameters(rot.):    -0.2088E-04    0.1421E-03    0.4986E-01
# Minimization at step:    59 with Value:     0.0000Tol(Act/Req):0.1111E+01/0.1000E-04
# With parameters(tra.):     0.2796E-04    0.3670E-04    0.6966E-04
# With parameters(rot.):     0.1680E-04    0.1593E-03    0.4984E-01
# Minimization at step:    60 with Value:     0.0000Tol(Act/Req):0.7099E+00/0.1000E-04
# With parameters(tra.):     0.1844E-04    0.7666E-04    0.3429E-04
# With parameters(rot.):    -0.2031E-04    0.1568E-03    0.4987E-01
# Minimization at step:    61 with Value:     0.0000Tol(Act/Req):0.6496E+00/0.1000E-04
# With parameters(tra.):    -0.3052E-05    0.9058E-04    0.3531E-04
# With parameters(rot.):    -0.5781E-04    0.2791E-04    0.4995E-01
# Minimization at step:    62 with Value:     0.0000Tol(Act/Req):0.6316E+00/0.1000E-04
# With parameters(tra.):    -0.3542E-05    0.8849E-04    0.2995E-04
# With parameters(rot.):    -0.8768E-04    0.2245E-04    0.4998E-01
# Minimization at step:    63 with Value:     0.0000Tol(Act/Req):0.6191E+00/0.1000E-04
# With parameters(tra.):     0.2564E-04    0.7539E-04    0.1889E-04
# With parameters(rot.):    -0.3984E-04   -0.5441E-04    0.4999E-01
# Minimization at step:    64 with Value:     0.0000Tol(Act/Req):0.6170E+00/0.1000E-04
# With parameters(tra.):    -0.1082E-04    0.6660E-04   -0.2306E-05
# With parameters(rot.):     0.1663E-04   -0.9120E-04    0.5001E-01
# Minimization at step:    65 with Value:     0.0000Tol(Act/Req):0.5059E+00/0.1000E-04
# With parameters(tra.):     0.8077E-05    0.4469E-04   -0.1586E-04
# With parameters(rot.):     0.7896E-04   -0.2034E-05    0.4994E-01
# Minimization at step:    66 with Value:     0.0000Tol(Act/Req):0.4904E+00/0.1000E-04
# With parameters(tra.):     0.1877E-04    0.4506E-04   -0.1169E-04
# With parameters(rot.):     0.7003E-04    0.1459E-04    0.4993E-01
# Minimization at step:    67 with Value:     0.0000Tol(Act/Req):0.4243E+00/0.1000E-04
# With parameters(tra.):     0.1493E-04    0.5057E-04   -0.7955E-05
# With parameters(rot.):     0.5371E-04   -0.6313E-05    0.4995E-01
# Minimization at step:    68 with Value:     0.0000Tol(Act/Req):0.4064E+00/0.1000E-04
# With parameters(tra.):     0.1882E-04    0.2407E-04   -0.8358E-06
# With parameters(rot.):     0.9076E-04   -0.4581E-04    0.4996E-01
# Minimization at step:    69 with Value:     0.0000Tol(Act/Req):0.3112E+00/0.1000E-04
# With parameters(tra.):    -0.4771E-05    0.2106E-04    0.2526E-05
# With parameters(rot.):     0.8753E-04    0.1399E-04    0.4994E-01
# Minimization at step:    70 with Value:     0.0000Tol(Act/Req):0.1741E+00/0.1000E-04
# With parameters(tra.):    -0.5119E-05    0.1440E-04   -0.2440E-05
# With parameters(rot.):     0.8719E-04    0.1056E-04    0.4995E-01
# Minimization at step:    71 with Value:     0.0000Tol(Act/Req):0.1677E+00/0.1000E-04
# With parameters(tra.):    -0.1764E-05    0.1204E-04    0.4160E-06
# With parameters(rot.):     0.8416E-04    0.1854E-04    0.4994E-01
# Minimization at step:    72 with Value:     0.0000Tol(Act/Req):0.1508E+00/0.1000E-04
# With parameters(tra.):    -0.1169E-04    0.1066E-04    0.8113E-05
# With parameters(rot.):     0.6729E-04   -0.6610E-05    0.4997E-01
# Minimization at step:    73 with Value:     0.0000Tol(Act/Req):0.1169E+00/0.1000E-04
# With parameters(tra.):    -0.1488E-04    0.1396E-04    0.7673E-05
# With parameters(rot.):     0.5916E-04    0.3239E-05    0.4997E-01
# Minimization at step:    74 with Value:     0.0000Tol(Act/Req):0.1019E+00/0.1000E-04
# With parameters(tra.):    -0.5610E-05    0.1369E-04    0.7279E-05
# With parameters(rot.):     0.5368E-04   -0.2935E-04    0.4998E-01
# Minimization at step:    75 with Value:     0.0000Tol(Act/Req):0.6349E-01/0.1000E-04
# With parameters(tra.):    -0.6255E-05    0.3524E-05    0.2260E-05
# With parameters(rot.):     0.4480E-04   -0.4448E-04    0.5000E-01
# Minimization at step:    76 with Value:     0.0000Tol(Act/Req):0.5342E-01/0.1000E-04
# With parameters(tra.):    -0.2345E-05   -0.2157E-05    0.7005E-05
# With parameters(rot.):     0.3042E-04   -0.4827E-04    0.5001E-01
# Minimization at step:    77 with Value:     0.0000Tol(Act/Req):0.4965E-01/0.1000E-04
# With parameters(tra.):     0.7386E-05   -0.5516E-05    0.1504E-05
# With parameters(rot.):     0.2937E-04   -0.4539E-04    0.5001E-01
# Minimization at step:    78 with Value:     0.0000Tol(Act/Req):0.4018E-01/0.1000E-04
# With parameters(tra.):     0.8427E-05   -0.5409E-05   -0.1434E-05
# With parameters(rot.):     0.3182E-05   -0.4190E-04    0.5002E-01
# Minimization at step:    79 with Value:     0.0000Tol(Act/Req):0.3936E-01/0.1000E-04
# With parameters(tra.):    -0.9576E-06   -0.2015E-05    0.3087E-05
# With parameters(rot.):    -0.4507E-05   -0.4361E-04    0.5002E-01
# Minimization at step:    80 with Value:     0.0000Tol(Act/Req):0.3574E-01/0.1000E-04
# With parameters(tra.):    -0.5586E-05   -0.7068E-05    0.1953E-05
# With parameters(rot.):    -0.2025E-04   -0.2664E-04    0.5003E-01
# Minimization at step:    81 with Value:     0.0000Tol(Act/Req):0.2897E-01/0.1000E-04
# With parameters(tra.):    -0.3626E-05   -0.8338E-05    0.7281E-06
# With parameters(rot.):    -0.1964E-04   -0.2480E-04    0.5003E-01
# Minimization at step:    82 with Value:     0.0000Tol(Act/Req):0.2729E-01/0.1000E-04
# With parameters(tra.):    -0.2305E-05   -0.7181E-05    0.9096E-06
# With parameters(rot.):    -0.1566E-04   -0.2889E-04    0.5003E-01
# Minimization at step:    83 with Value:     0.0000Tol(Act/Req):0.2699E-01/0.1000E-04
# With parameters(tra.):    -0.3460E-05   -0.7355E-05    0.1839E-05
# With parameters(rot.):    -0.1068E-04   -0.2868E-04    0.5002E-01
# Minimization at step:    84 with Value:     0.0000Tol(Act/Req):0.2491E-01/0.1000E-04
# With parameters(tra.):    -0.2099E-05   -0.4203E-05    0.5045E-05
# With parameters(rot.):    -0.2325E-04   -0.1332E-04    0.5002E-01
# Minimization at step:    85 with Value:     0.0000Tol(Act/Req):0.2462E-01/0.1000E-04
# With parameters(tra.):    -0.4623E-05   -0.1098E-05    0.1229E-05
# With parameters(rot.):    -0.3155E-04    0.8488E-06    0.5002E-01
# Minimization at step:    86 with Value:     0.0000Tol(Act/Req):0.2335E-01/0.1000E-04
# With parameters(tra.):    -0.6825E-05   -0.3215E-05   -0.3249E-05
# With parameters(rot.):    -0.2174E-04   -0.9780E-05    0.5002E-01
# Minimization at step:    87 with Value:     0.0000Tol(Act/Req):0.2212E-01/0.1000E-04
# With parameters(tra.):    -0.6378E-05   -0.4168E-05   -0.2668E-05
# With parameters(rot.):    -0.1885E-04   -0.1421E-04    0.5002E-01
# Minimization at step:    88 with Value:     0.0000Tol(Act/Req):0.1217E-01/0.1000E-04
# With parameters(tra.):    -0.5790E-05   -0.3718E-05   -0.1500E-05
# With parameters(rot.):    -0.2106E-04   -0.1192E-04    0.5002E-01
# Minimization at step:    89 with Value:     0.0000Tol(Act/Req):0.9527E-02/0.1000E-04
# With parameters(tra.):    -0.4990E-05   -0.3968E-05   -0.2299E-05
# With parameters(rot.):    -0.2087E-04   -0.9926E-05    0.5002E-01
# Minimization at step:    90 with Value:     0.0000Tol(Act/Req):0.9173E-02/0.1000E-04
# With parameters(tra.):    -0.3244E-05   -0.5813E-06   -0.3005E-05
# With parameters(rot.):    -0.1464E-04   -0.1178E-04    0.5002E-01
# Minimization at step:    91 with Value:     0.0000Tol(Act/Req):0.7484E-02/0.1000E-04
# With parameters(tra.):    -0.5481E-05    0.1328E-05   -0.2760E-05
# With parameters(rot.):    -0.6002E-05   -0.5729E-05    0.5001E-01
# Minimization at step:    92 with Value:     0.0000Tol(Act/Req):0.7445E-02/0.1000E-04
# With parameters(tra.):    -0.4287E-05    0.1255E-05   -0.1629E-05
# With parameters(rot.):     0.4064E-05   -0.1176E-04    0.5001E-01
# Minimization at step:    93 with Value:     0.0000Tol(Act/Req):0.6472E-02/0.1000E-04
# With parameters(tra.):    -0.2610E-05    0.3812E-05    0.6642E-06
# With parameters(rot.):     0.8017E-05   -0.7130E-05    0.5000E-01
# Minimization at step:    94 with Value:     0.0000Tol(Act/Req):0.6058E-02/0.1000E-04
# With parameters(tra.):    -0.3245E-05    0.4738E-05    0.2972E-06
# With parameters(rot.):    -0.7317E-06    0.4445E-06    0.5000E-01
# Minimization at step:    95 with Value:     0.0000Tol(Act/Req):0.5176E-02/0.1000E-04
# With parameters(tra.):    -0.3717E-05    0.4176E-05   -0.3066E-06
# With parameters(rot.):    -0.2449E-05   -0.8186E-07    0.5000E-01
# Minimization at step:    96 with Value:     0.0000Tol(Act/Req):0.4945E-02/0.1000E-04
# With parameters(tra.):    -0.3598E-05    0.3897E-05   -0.2652E-06
# With parameters(rot.):    -0.4049E-06   -0.2019E-05    0.5000E-01
# Minimization at step:    97 with Value:     0.0000Tol(Act/Req):0.4797E-02/0.1000E-04
# With parameters(tra.):    -0.1449E-05    0.3108E-05    0.1749E-06
# With parameters(rot.):    -0.5483E-05   -0.5633E-05    0.5000E-01
# Minimization at step:    98 with Value:     0.0000Tol(Act/Req):0.3644E-02/0.1000E-04
# With parameters(tra.):    -0.7544E-06    0.3572E-05   -0.1811E-07
# With parameters(rot.):    -0.4107E-05   -0.4278E-05    0.5000E-01
# Minimization at step:    99 with Value:     0.0000Tol(Act/Req):0.1614E-02/0.1000E-04
# With parameters(tra.):    -0.9835E-06    0.3072E-05    0.4074E-06
# With parameters(rot.):    -0.4788E-05   -0.3188E-05    0.5000E-01
# Minimization at step:   100 with Value:     0.0000Tol(Act/Req):0.1554E-02/0.1000E-04
# With parameters(tra.):    -0.9918E-06    0.2699E-05    0.1650E-06
# With parameters(rot.):    -0.5842E-05   -0.3710E-05    0.5000E-01
# Minimization at step:   101 with Value:     0.0000Tol(Act/Req):0.1464E-02/0.1000E-04
# With parameters(tra.):    -0.7149E-06    0.2460E-05    0.2215E-06
# With parameters(rot.):    -0.5273E-05   -0.4819E-05    0.5000E-01
# Minimization at step:   102 with Value:     0.0000Tol(Act/Req):0.1381E-02/0.1000E-04
# With parameters(tra.):    -0.1902E-05    0.2770E-05   -0.5628E-07
# With parameters(rot.):    -0.1817E-05   -0.2139E-05    0.5000E-01
# Minimization at step:   103 with Value:     0.0000Tol(Act/Req):0.1074E-02/0.1000E-04
# With parameters(tra.):    -0.1651E-05    0.2936E-05   -0.1560E-06
# With parameters(rot.):    -0.9386E-06   -0.1283E-05    0.5000E-01
# Minimization at step:   104 with Value:     0.0000Tol(Act/Req):0.1044E-02/0.1000E-04
# With parameters(tra.):    -0.2331E-05    0.1890E-05    0.5072E-06
# With parameters(rot.):    -0.1018E-05    0.1531E-05    0.5000E-01
# Minimization at step:   105 with Value:     0.0000Tol(Act/Req):0.9144E-03/0.1000E-04
# With parameters(tra.):    -0.1548E-05    0.1436E-05    0.8565E-06
# With parameters(rot.):    -0.3410E-05    0.4387E-06    0.5000E-01
# Minimization at step:   106 with Value:     0.0000Tol(Act/Req):0.5637E-03/0.1000E-04
# With parameters(tra.):    -0.1312E-05    0.1660E-05    0.7198E-06
# With parameters(rot.):    -0.3589E-05   -0.3560E-06    0.5000E-01
# Minimization at step:   107 with Value:     0.0000Tol(Act/Req):0.5128E-03/0.1000E-04
# With parameters(tra.):    -0.9576E-06    0.9157E-06    0.9990E-06
# With parameters(rot.):    -0.1890E-05   -0.1087E-05    0.5000E-01
# Minimization at step:   108 with Value:     0.0000Tol(Act/Req):0.4652E-03/0.1000E-04
# With parameters(tra.):    -0.9626E-06   -0.4249E-06    0.7922E-06
# With parameters(rot.):    -0.2680E-05   -0.1257E-05    0.5000E-01
# Minimization at step:   109 with Value:     0.0000Tol(Act/Req):0.4096E-03/0.1000E-04
# With parameters(tra.):    -0.4129E-06   -0.1017E-05    0.8798E-06
# With parameters(rot.):    -0.1797E-05    0.3294E-07    0.5000E-01
# Minimization at step:   110 with Value:     0.0000Tol(Act/Req):0.3279E-03/0.1000E-04
# With parameters(tra.):    -0.2717E-06   -0.1594E-06    0.1057E-05
# With parameters(rot.):    -0.9838E-06    0.4829E-06    0.5000E-01
# Minimization at step:   111 with Value:     0.0000Tol(Act/Req):0.3036E-03/0.1000E-04
# With parameters(tra.):    -0.3687E-06   -0.3892E-06    0.8907E-06
# With parameters(rot.):     0.1419E-05    0.1226E-05    0.5000E-01
# Minimization at step:   112 with Value:     0.0000Tol(Act/Req):0.2980E-03/0.1000E-04
# With parameters(tra.):    -0.1723E-06   -0.4481E-06    0.8365E-06
# With parameters(rot.):     0.1747E-05    0.9605E-06    0.5000E-01
# Minimization at step:   113 with Value:     0.0000Tol(Act/Req):0.2449E-03/0.1000E-04
# With parameters(tra.):    -0.5049E-07   -0.2904E-06    0.9476E-06
# With parameters(rot.):     0.2648E-07    0.3368E-06    0.5000E-01
# Minimization at step:   114 with Value:     0.0000Tol(Act/Req):0.1542E-03/0.1000E-04
# With parameters(tra.):    -0.8971E-07   -0.3353E-07    0.7253E-06
# With parameters(rot.):    -0.7687E-06    0.1241E-05    0.5000E-01
# Minimization at step:   115 with Value:     0.0000Tol(Act/Req):0.1354E-03/0.1000E-04
# With parameters(tra.):    -0.1544E-06    0.1471E-06    0.6979E-06
# With parameters(rot.):    -0.8302E-06    0.1127E-05    0.5000E-01
# Minimization at step:   116 with Value:     0.0000Tol(Act/Req):0.1101E-03/0.1000E-04
# With parameters(tra.):    -0.2095E-06   -0.3224E-06    0.4602E-06
# With parameters(rot.):    -0.1321E-05    0.1042E-05    0.5000E-01
# Minimization at step:   117 with Value:     0.0000Tol(Act/Req):0.1003E-03/0.1000E-04
# With parameters(tra.):     0.1708E-06   -0.3983E-06    0.2266E-06
# With parameters(rot.):    -0.1688E-05    0.5379E-06    0.5000E-01
# Minimization at step:   118 with Value:     0.0000Tol(Act/Req):0.7694E-04/0.1000E-04
# With parameters(tra.):     0.1652E-06   -0.5041E-06   -0.9200E-08
# With parameters(rot.):    -0.1257E-05    0.9000E-06    0.5000E-01
# Minimization at step:   119 with Value:     0.0000Tol(Act/Req):0.6916E-04/0.1000E-04
# With parameters(tra.):     0.3452E-06   -0.9517E-07    0.7194E-07
# With parameters(rot.):    -0.7447E-06    0.9380E-06    0.5000E-01
# Minimization at step:   120 with Value:     0.0000Tol(Act/Req):0.5913E-04/0.1000E-04
# With parameters(tra.):     0.2647E-06   -0.5095E-07    0.1175E-06
# With parameters(rot.):    -0.5743E-06    0.1097E-05    0.5000E-01
# Minimization at step:   121 with Value:     0.0000Tol(Act/Req):0.5312E-04/0.1000E-04
# With parameters(tra.):     0.2724E-06    0.1704E-06   -0.6881E-07
# With parameters(rot.):    -0.6025E-06    0.9184E-06    0.5000E-01
# Minimization at step:   122 with Value:     0.0000Tol(Act/Req):0.4186E-04/0.1000E-04
# With parameters(tra.):     0.3825E-06    0.9297E-07   -0.1562E-06
# With parameters(rot.):    -0.1633E-06    0.3853E-06    0.5000E-01
# Minimization at step:   123 with Value:     0.0000Tol(Act/Req):0.2734E-04/0.1000E-04
# With parameters(tra.):     0.3407E-06    0.6423E-08   -0.1955E-06
# With parameters(rot.):    -0.2429E-06    0.3298E-06    0.5000E-01
# Minimization at step:   124 with Value:     0.0000Tol(Act/Req):0.1897E-04/0.1000E-04
# With parameters(tra.):     0.3873E-06    0.1870E-06   -0.1242E-06
# With parameters(rot.):    -0.2051E-06    0.6166E-08    0.5000E-01
# Minimization at step:   125 with Value:     0.0000Tol(Act/Req):0.1818E-04/0.1000E-04
# With parameters(tra.):     0.3573E-06    0.2289E-06   -0.1216E-06
# With parameters(rot.):    -0.8913E-07   -0.5102E-08    0.5000E-01
# Minimization at step:   126 with Value:     0.0000Tol(Act/Req):0.1365E-04/0.1000E-04
# With parameters(tra.):     0.3804E-06    0.1008E-06   -0.1497E-07
# With parameters(rot.):     0.1008E-06   -0.1936E-06    0.5000E-01
# Minimization at step:   127 with Value:     0.0000Tol(Act/Req):0.1158E-04/0.1000E-04
# With parameters(tra.):     0.3062E-06    0.1550E-06    0.9038E-07
# With parameters(rot.):    -0.1039E-06   -0.3127E-07    0.5000E-01
# Minimization at step:   128 with Value:     0.0000Tol(Act/Req):0.1131E-04/0.1000E-04
# With parameters(tra.):     0.2943E-06    0.1916E-06    0.7250E-07
# With parameters(rot.):    -0.1685E-06    0.2939E-07    0.5000E-01
# Minimization at step:   129 with Value:     0.0000Tol(Act/Req):0.1117E-04/0.1000E-04
# With parameters(tra.):     0.3118E-06    0.1811E-06    0.4468E-07
# With parameters(rot.):    -0.1227E-06   -0.6143E-08    0.5000E-01
# Minimization at step:   130 with Value:     0.0000Tol(Act/Req):0.9271E-05/0.1000E-04
# With parameters(tra.):     0.2184E-06    0.6618E-07    0.4614E-07
# With parameters(rot.):    -0.2418E-06   -0.2292E-06    0.5000E-01
# CSM Values after z minimization.
# Final Number of optim. Steps:   130
#      Before min is:      0.00000012013
# Final CSM Simplex Value is:      0.00000012013
# CSM Summary.
#    Inizial CSM Value is:      0.00000012013
#   After optimization is:      0.00000012013
#          Along x axe is:      0.00000012013
#          Along y axe is:      0.00000012013
#          Along z axe is:      0.00000012013
# The Lowest CSM Value is:      0.00000012013
#    Obtained CSM in % is:      0.00001201260
